<?xml version="1.0" encoding="utf-8"?>
<document>
  <HEADLINE>
    <s id="1">Un ambicioso pacto con el Irán</s>
  </HEADLINE>
  <p id="1">
    <s id="2">El espectro de un Irán nuclear obsesiona a árabes y a israelíes por igual, pero los Estados Unidos e Israel son la fuerza impulsora de las medidas encaminadas a poner coto a las ambiciones nucleares del Irán.</s>
    <s id="3">En el triángulo Estados Unidos-Irán-Israel es en el que radica la clave para el problema y su posible solución.</s>
  </p>
  <p id="2">
    <s id="4">Aunque en 1979 la revolución islámica del ayatolá Jomeini desbarató la antigua alianza de Israel con el Irán, los dos países siguieron manteniendo relaciones con la aprobación de los Estados Unidos.</s>
    <s id="5">El caso Irán-Contra del decenio de 1980, en el que Israel proporcionó armas a la República Islámica en su guerra contra el Iraq es un buen ejemplo de ello.</s>
    <s id="6">Israel y el Irán, dos potencias no árabes en un medio árabe hostil, compartían intereses fundamentales que la revolución islámica no podía cambiar.</s>
  </p>
  <p id="3">
    <s id="7">Durante el gobierno de Yitzhak Rabin, a comienzos del decenio de 1990, fue cuando Israel y el Irán entraron en un conflicto a las claras, debido al cambio del marco estratégico después de la victoria de los Estados Unidos en la primera guerra del Golfo y del hundimiento de la Unión Soviética.</s>
    <s id="8">El proceso de paz árabo-israelí, patrocinado por los EE.UU, que produjo una serie de logros impresionantes –la conferencia de paz de Madrid, los acuerdos de Oslo, el acuerdo de paz de Israel con Jordania, casi un acercamiento a Siria y mejoras de la opinión sobre Israel en Estados árabes desde Marruecos hasta Qatar– fue la peor pesadilla de un Irán cada vez más aislado.</s>
  </p>
  <p id="4">
    <s id="9">En aquella encrucijada fue en la que Israel y el Irán, dos potencias que rivalizaban por la hegemonía en un Oriente Medio en rápida transformación, optaron por materializar su competencia estratégica en términos ideológicos.</s>
    <s id="10">Entonces el conflicto había pasado a enfrentar a Israel, faro de democracia que luchaba contra la expansión de un imperio obscurantista chií, con un Irán que optó por proteger su revolución movilizando a las masas árabes en el nombre de valores islámicos y contra unos gobernantes que habían traicionado a los desposeídos palestinos.</s>
  </p>
  <p id="5">
    <s id="11">El recurso de los mullahs, más enemigos de la reconciliación israelo-árabe que de Israel en sí, a una incendiaria retórica panislámica y antijudía va encaminado a poner fin al aislamiento del Irán y a presentar sus ambiciones regionales a una luz aceptable para las masas suníes.</s>
    <s id="12">En un Oriente Medio árabe, el Irán es el enemigo natural; en un mundo islámico, el Irán es un dirigente en potencia.</s>
    <s id="13">Irónicamente, el Irán ha sido el principal partidario de la democracia árabe, porque la forma mejor de socavar los regímenes vigentes es fomentar movimientos islamistas con base popular, como, por ejemplo, Hizbolá en el Líbano, los Hermanos Musulmanes en Egipto, Hamas en Palestina y la mayoría chií en el Iraq.</s>
  </p>
  <p id="6">
    <s id="14">Yitzhak Rabin pensaba que una paz israelo-árabe podía prevenir la aparición de un Irán nuclear, pero ahora su pesadilla parece acercarse rápidamente.</s>
    <s id="15">El Irán, como potencia enemiga del status quo , no persigue capacidades nucleares para destruir a Israel, sino para obtener prestigio e influencia en un marco hostil y como escudo para su desafío al orden regional.</s>
  </p>
  <p id="7">
    <s id="16">Pero Israel tiene toda clase de motivos para estar preocupado, pues un Irán nuclear socavaría la promesa del sionismo de lograr un refugio judío –la razón fundamental para la propia estrategia de "ambigüedad nuclear" por parte de Israel– y envalentonaría a sus enemigos en toda la región.</s>
    <s id="17">También desencadenaría una proliferación nuclear incontrolada en esa región, encabezada por Arabia Saudí y Egipto.</s>
  </p>
  <p id="8">
    <s id="18">Un ataque militar contra las instalaciones nucleares del Irán es demasiado peligroso y sus resultados inciertos y, por severas que fueran las sanciones económicas, podrían no poner de rodillas al Irán.</s>
    <s id="19">Tampoco está claro que la división en la capa dirigente iraní entre los puristas revolucionarios y los que tienen una mentalidad de clase mercantil vaya a propiciar un cambio de régimen en un futuro próximo.</s>
    <s id="20">Sin embargo, ser radical no necesariamente significa ser irracional y el Irán revolucionario ha dado pruebas frecuentes de su pragmatismo.</s>
  </p>
  <p id="9">
    <s id="21">En la ecuación Estados Unidos-Irán, fueron aquéllos y no éste los que aplicaron una rígida diplomacia ideológica.</s>
    <s id="22">El Irán respaldó a los EE.UU. durante la primera guerra del Golfo, pero quedó fuera de la conferencia de paz de Madrid.</s>
    <s id="23">El Irán apoyó también a los Estados Unidos en su guerra para deponer a los talibanes en el Afganistán y, cuando las fuerzas estadounidenses derrotaron al ejército de Sadam Husein en la primavera de 2003, los cercados iraníes propusieron un ambicioso pacto que colocara todos los asuntos polémicos sobre la mesa, desde la cuestión nuclear hasta Israel, desde Hizbolá hasta Hamas.</s>
    <s id="24">Además, los iraníes prometieron dejar de obstruir el proceso de paz israelo-árabe.</s>
  </p>
  <p id="10">
    <s id="25">Pero la altanería neoconservadora –"No hablamos con el Mal"– descartó una respuesta pragmática a la iniciativa del Irán.</s>
  </p>
  <p id="11">
    <s id="26">El estado de ánimo del Irán cambió cuando toda la estrategia de los Estados Unidos en el Oriente Medio se había ido a pique, pero el ambicioso pacto sigue siendo la única vía viable para salir del atolladero.</s>
    <s id="27">Sin embargo, no se lograría mediante un régimen de sanciones, inevitablemente imperfecto, o el recurso de los EE.UU. a la lógica de guerra fría con vistas a doblar el espinazo del Irán arrastrándolo a una ruinosa carrera de armamentos.</s>
    <s id="28">La cada vez mayor influencia regional del Irán no se debe a su gasto militar, que es muy inferior al de sus enemigos, sino a su desafío a los Estados Unidos y a Israel mediante una astuta utilización del poder blando.</s>
  </p>
  <p id="12">
    <s id="29">No hay forma mejor de socavar la estrategia regional de desestabilización por parte del Irán que una paz árabo-israelí completa, acompañada de inversiones en gran escala en desarrollo humano y seguida de un sistema de paz y seguridad con patrocinio internacional en un Oriente Medio libre –de forma verificable– de armamento nuclear, incluido Israel.</s>
  </p>
</document>
