<?xml version="1.0" encoding="utf-8"?>
<document>
  <HEADLINE>
    <s id="1">Un camino para Europa a través de un campo minado</s>
  </HEADLINE>
  <p id="1">
    <s id="2">LONDRES – A principios de esta semana, un grupo de casi 100 destacadas personalidades europeas publicó una carta abierta a los líderes de los 17 países de la eurozona, donde pusieron negro sobre blanco lo que los líderes de Europa finalmente parecen comprender: que ya no se puede seguir “pateando la piedra para adelante”.</s>
    <s id="3">Como también han comprendido algo que no es menos importante: que no alcanza con garantizar que los países puedan financiar sus deudas a tasas razonables, sino que también hay que resolver la debilidad del sistema bancario europeo.</s>
  </p>
  <p id="2">
    <s id="4">De hecho, los problemas bancarios de Europa y los de deuda soberana se refuerzan mutuamente.</s>
    <s id="5">La desvalorización de los bonos públicos expuso la falta de capitalización de los bancos, mientras que la perspectiva de que los Estados deban financiar la recapitalización de los bancos impulsó un aumento de las primas de riesgo que pagan los bonos públicos.</s>
    <s id="6">Enfrentados a la posibilidad de tener que tomar más capital en un momento en que sus acciones se venden por una fracción de su valor contable, los bancos tienen un fuerte incentivo a reducir sus balances retirando líneas de crédito y achicando sus carteras de préstamos.</s>
  </p>
  <p id="3">
    <s id="7">En este momento, los líderes europeos están decidiendo qué hacer, y su próxima jugada tendrá consecuencias determinantes: o logran tranquilizar a los mercados o los empujarán a nuevos extremos.</s>
    <s id="8">Hay consenso respecto de que Grecia necesita una reestructuración ordenada, porque una quiebra desordenada podría ocasionar una debacle en toda la eurozona.</s>
    <s id="9">Pero en lo relativo a los bancos, me temo que algunas de las medidas que los líderes de la eurozona contemplan implementar son desacertadas.</s>
  </p>
  <p id="4">
    <s id="10">En concreto, hablan de recapitalizar el sistema bancario, en vez de garantizarlo, y pretenden hacerlo país por país, en vez de hacerlo en forma conjunta para toda la eurozona.</s>
    <s id="11">Tienen para ello buenas razones: Alemania no quiere pagar por una recapitalización de bancos franceses.</s>
    <s id="12">Pero aunque es comprensible que la canciller Angela Merkel insista en esta cuestión, la está llevando en una dirección equivocada.</s>
  </p>
  <p id="5">
    <s id="13">Permítanme trazar con más precisión el estrecho camino que puede recorrer Europa para atravesar este campo minado.</s>
    <s id="14">Lo primero que hay que hacer es garantizar el sistema bancario, y solo después recapitalizarlo.</s>
    <s id="15">Los Estados no pueden financiar ahora una recapitalización de los bancos, porque eso los dejaría sin fondos suficientes para hacer frente al problema de la deuda soberana.</s>
    <s id="16">Pero cuando la crisis haya amainado y tanto los bonos públicos como las acciones de los bancos regresen a niveles más normales, recapitalizar los bancos costará mucho menos que ahora.</s>
  </p>
  <p id="6">
    <s id="17">Lo que sí pueden hacer los Estados ahora es ofrecer una garantía creíble, porque disponen del poder de recaudar impuestos.</s>
    <s id="18">Para que la eurozona movilice ese poder se necesita un nuevo pacto vinculante: no una modificación del Tratado de Lisboa (ya que eso tropezaría con demasiados obstáculos), sino la firma de un pacto nuevo, cuya negociación y ratificación llevará su tiempo.</s>
    <s id="19">Mientras tanto, los gobiernos pueden recurrir al Banco Central Europeo, al que los Estados miembros de la eurozona ya garantizan plenamente en forma proporcional.</s>
  </p>
  <p id="7">
    <s id="20">A cambio de la garantía, es preciso que los principales bancos de la eurozona acepten someterse a la autoridad del BCE.</s>
    <s id="21">Es una medida radical, pero es necesaria dadas las circunstancias.</s>
    <s id="22">Actuando según directivas de los Estados miembros, el BCE tiene suficiente poder de persuasión, ya que puede cortar el acceso al mecanismo de redescuento, mientras que los gobiernos pueden tomar el control de las instituciones que se nieguen a cooperar.</s>
  </p>
  <p id="8">
    <s id="23">A continuación, el BCE ordenará a los bancos mantener sus líneas de crédito y sus carteras de préstamos; al mismo tiempo, vigilará de cerca los riesgos que corran por cuenta propia.</s>
    <s id="24">Esto eliminará una de las dos fuerzas principales que impulsan la inquietud actual de los mercados.</s>
  </p>
  <p id="9">
    <s id="25">Para enfrentar la otra fuerza impulsora (la falta de financiamiento para las deudas soberanas), el BCE puede reducir la tasa de descuento y alentar a los gobiernos afectados a emitir letras de tesorería y a los bancos a suscribirlas (idea que le debo a Tommaso Padoa‑Schioppa).</s>
    <s id="26">Las letras de tesorería se podrían vender al BCE en cualquier momento y serían por ello equivalentes al efectivo; pero mientras rindan más que los depósitos en el BCE, a los bancos les convendrá más conservarlas.</s>
    <s id="27">Durante este período de emergencia, los gobiernos podrán satisfacer a muy bajo costo sus necesidades financieras, dentro de límites acordados, sin que el BCE infrinja el artículo 123 del Tratado de Lisboa.</s>
  </p>
  <p id="10">
    <s id="28">Estas medidas bastarían para calmar a los mercados y poner fin a la fase aguda de la crisis.</s>
    <s id="29">Mientras tanto, la recapitalización de los bancos deberá esperar; solamente se cubrirán de inmediato los agujeros que cree la reestructuración de la deuda de Grecia.</s>
    <s id="30">En conformidad con lo que pide Alemania, el capital adicional deberían aportarlo en primer lugar el mercado y en segundo término los países en forma individual (para que el Fondo Europeo de Estabilidad Financiera no pierda poder de fuego, se debería recurrir a él solamente como último recurso).</s>
  </p>
  <p id="11">
    <s id="31">En cuanto el clima esté más tranquilo, se podrá negociar un nuevo pacto para la eurozona que no solo codifique las prácticas puestas en práctica durante la emergencia, sino que siente las bases para una estrategia de crecimiento económico.</s>
    <s id="32">Durante el período de emergencia será inevitable aplicar recortes fiscales y medidas de austeridad; pero a más largo plazo, sin crecimiento la carga de la deuda se volverá insostenible, y lo mismo sucederá con la Unión Europea.</s>
  </p>
</document>
