<?xml version="1.0" encoding="utf-8"?>
<document>
  <HEADLINE>
    <s id="1">¿Un auge de la productividad en ciernes?</s>
  </HEADLINE>
  <p id="1">
    <s id="2">BERKELEY – Una recesión de caída doble es una cosa, pero una década perdida es algo mucho más siniestro.</s>
    <s id="3">En Estados Unidos, existe una creciente preocupación de que la peor recesión desde la Gran Depresión haya dañado la capacidad de la economía para crecer.</s>
  </p>
  <p id="2">
    <s id="4">En rigor de verdad, existen buenos motivos para preocuparse de que Estados Unidos y otros países avanzados ahora se vean condenados a un período prolongado de crecimiento por debajo de lo esperado.</s>
    <s id="5">Tras verse afectados por la crisis, los bancos han ajustado sus estándares de préstamo, y ahora serán objeto de requerimientos de capital y liquidez más estrictos.</s>
    <s id="6">En consecuencia, el crédito bancario será más difícil de obtener.</s>
  </p>
  <p id="3">
    <s id="7">Una oferta más limitada de crédito bancario implicará costos de capital más elevados.</s>
    <s id="8">Las pequeñas y medianas empresas –las fuentes más importantes de innovación y crecimiento del empleo- sentirán los efectos con mayor dureza.</s>
  </p>
  <p id="4">
    <s id="9">Los gobiernos, por su parte, saldrán de la crisis mucho más endeudados, lo cual implica mayores impuestos futuros, menos inversión y, por ende, menores tasas de crecimiento.</s>
  </p>
  <p id="5">
    <s id="10">Otra preocupación es que la crisis cree un núcleo duro de desempleados a largo plazo cuyas capacidades se atrofien y que se vuelvan estigmatizados a los ojos de los potenciales empleadores.</s>
    <s id="11">Un creciente desempleo estructural reducirá el insumo de mano de obra y la eficiencia.</s>
    <s id="12">Es más difícil crecer cuando los trabajadores de la construcción y los gestores de fondos de cobertura tienen que ser capacitados para trabajar como soldadores y enfermeros.</s>
    <s id="13">Esta incompatibilidad entre las capacidades ofrecidas y aquellas solicitadas representa un serio obstáculo para el crecimiento del empleo.</s>
  </p>
  <p id="6">
    <s id="14">Todos estos efectos también se volvieron evidentes al cabo de la Gran Depresión.</s>
    <s id="15">En Estados Unidos, hubo crecimiento cero en los préstamos bancarios entre 1933, el punto más bajo de la Depresión, y 1937, el subsiguiente pico del ciclo comercial.</s>
    <s id="16">La inversión se vio afectada.</s>
    <s id="17">Los inventarios tanto de equipos como de estructuras, en realidad, eran inferiores en 1941 que en 1929.</s>
  </p>
  <p id="7">
    <s id="18">De la misma manera, los problemas de incompatibilidad obstaculizaron la transferencia de recursos humanos de sectores en baja a sectores en expansión.</s>
    <s id="19">En Gran Bretaña, donde existía un elevado nivel de desempleo entre los mineros de carbón, la expansión de las industrias de vehículos motorizados y de ingeniería se vio perjudicada por una escasez de mecánicos calificados.</s>
    <s id="20">En todas partes, el desempleo de largo plazo se volvió agudo.</s>
  </p>
  <p id="8">
    <s id="21">Las capacidades se fueron perdiendo y el núcleo duro de desempleados terminó estigmatizado y desmoralizado.</s>
    <s id="22">Un influyente estudio de 1933 de la ciudad austríaca de Marienthal realizado por el sociólogo Paul Lazarsfeld pintaba este panorama sombrío en detalle.</s>
    <s id="23">George Orwell lo describió gráficamente en El camino a Wigan Pier.</s>
  </p>
  <p id="9">
    <s id="24">El resultado fue una recuperación decepcionante llena de gente sin trabajo.</s>
    <s id="25">En Estados Unidos, el desempleo seguía siendo del 14% en 1937, después de cuatro años enteros de recuperación, y en 1940, en la víspera de que el país entrara en la Segunda Guerra Mundial.</s>
  </p>
  <p id="10">
    <s id="26">Pero la moneda tenía dos caras.</s>
    <s id="27">La producción se expandió de manera robusta después de 1933.</s>
    <s id="28">Entre 1933 y 1937, la economía estadounidense creció el 8% anual.</s>
    <s id="29">Entre 1938 y 1941, el crecimiento promedió más del 10%.</s>
  </p>
  <p id="11">
    <s id="30">El rápido crecimiento de la producción sin un crecimiento igualmente rápido del capital accionario o del empleo debe de haber reflejado un rápido crecimiento de la producción.</s>
    <s id="31">Esta es la paradoja de los años 1930.</s>
    <s id="32">A pesar de ser un período de alto desempleo crónico, quiebras de empresas y continuas dificultades financieras, los años 1930 registraron el más rápido crecimiento de la productividad de cualquier década en la historia estadounidense.</s>
  </p>
  <p id="12">
    <s id="33">¿Cómo pudo ser?</s>
    <s id="34">Tal como demostró el historiador económico Alexander Field, muchas empresas aprovecharon el “período de paralización del trabajo” creado por una demanda débil de sus productos para reorganizar sus operaciones.</s>
    <s id="35">Las fábricas que anteriormente habían utilizado una única fuente de poder centralizada instalaron motores eléctricos más flexibles y pequeños en la planta.</s>
    <s id="36">Los trenes reorganizaron sus operaciones para hacer un uso más eficiente del material móvil ferroviario y de los trabajadores.</s>
    <s id="37">Cada vez más compañías establecieron departamentos modernos de gestión de personal y laboratorios de investigación internos.</s>
  </p>
  <p id="13">
    <s id="38">Hoy existen indicios de empresas que responden de manera similar.</s>
    <s id="39">General Motors, enfrentada a una crisis existencial, ha intentado transformar su modelo de negocios.</s>
    <s id="40">Las aerolíneas estadounidenses han aprovechado el cese temporal de la demanda de sus servicios para reorganizar tanto sus equipos como su personal, al igual que los trenes en los años 1930.</s>
    <s id="41">Las empresas dedicadas tanto a la fabricación como a los servicios están adoptando nuevas tecnologías de la información –de las análogas de hoy a pequeños motores eléctricos- para optimizar las cadenas de suministro y los sistemas de gestión de calidad.</s>
  </p>
  <p id="14">
    <s id="42">De modo que, aún si existen buenos motivos para esperar un período de inversión y crecimiento del empleo por debajo de lo pronosticado, esto no tiene por qué traducirse en una productividad o crecimiento del PBI lentos.</s>
  </p>
  <p id="15">
    <s id="43">Pero esta respuesta positiva de la productividad no está garantizada.</s>
    <s id="44">Los estrategas políticos deben fomentarla.</s>
    <s id="45">Las firmas pequeñas e innovadoras necesitan tener mejor acceso al crédito.</s>
    <s id="46">Las empresas precisan mayores incentivos fiscales para investigación y desarrollo.</s>
    <s id="47">El crecimiento de la productividad se puede alentar mediante la inversión pública en infraestructura, según quedó ilustrado en los ejemplos de los años 1930 de la Represa Hoover y la Autoridad del Valle del Tennessee.</s>
  </p>
  <p id="16">
    <s id="48">El crecimiento de la productividad hace muchas cosas posibles.</s>
    <s id="49">Hace que resulte más fácil eliminar los déficits presupuestarios, a la vez que permite aumentar el gasto en educación y financiar programas de capacitación para los desempleados de larga data.</s>
    <s id="50">Pero, aún si es posible un rápido crecimiento de la productividad bajo las actuales circunstancias, no se puede dar por sentado.</s>
    <s id="51">Quienes diseñan las políticas deben entrar en acción.</s>
  </p>
</document>
