<?xml version="1.0" encoding="utf-8"?>
<document>
  <HEADLINE>
    <s id="1">Historia de dos dictaduras</s>
  </HEADLINE>
  <p id="1">
    <s id="2">Tanto Myanmar como Pakistán son países asiáticos cuyos gobernantes militares están en problemas.</s>
    <s id="3">Pero están tomando direcciones opuestas porque, mientras Pakistán entiende por qué Asia está creciendo, Myanmar no.</s>
  </p>
  <p id="2">
    <s id="4">Asia está creciendo porque los países asiáticos están abriendo cada vez más sus puertas a la modernidad.</s>
    <s id="5">Empezando con Japón, esta ola de modernización se ha extendido a través de los cuatro “tigres asiáticos” (Corea del Sur, Taiwán, Hong Kong y Singapur), algunos países de la ASEAN (Malasia, Indonesia, Tailandia y Vietnam) y después hasta China y la India.</s>
    <s id="6">Ahora se dirige hacia Pakistán y el occidente asiático.</s>
  </p>
  <p id="3">
    <s id="7">Yo estuve en Pakistán durante una de sus semanas más emocionantes.</s>
    <s id="8">El ex Primer Ministro exilado Nawaz Sharif quiso regresar, pero fue enviado inmediatamente de vuelta al exilio.</s>
    <s id="9">El mundo esperaba una erupción política.</s>
    <s id="10">En cambio, el país permaneció en calma.</s>
  </p>
  <p id="4">
    <s id="11">Pakistán no explotó porque su élite está concentrada en la modernización.</s>
    <s id="12">Bajo el liderazgo del Primer Ministro Shaukat Aziz, quien trabajó anteriormente en Citibank, el país ha llevado a cabo reformas estructurales espectaculares y ha igualado las mejores prácticas de las economías de mercado emergentes de vanguardia.</s>
    <s id="13">Esto explica las altas tasas de crecimiento económico.</s>
  </p>
  <p id="5">
    <s id="14">Pakistán ha abierto los brazos al comercio exterior y la inversión extranjera.</s>
    <s id="15">Y así como los éxitos de los ciudadanos de la India en Estados Unidos han servido de inspiración a sus compatriotas, Pakistán puede beneficiarse de manera similar de su propia diáspora exitosa.</s>
  </p>
  <p id="6">
    <s id="16">Pero esta apertura a la modernidad va más allá de la economía y las finanzas.</s>
    <s id="17">Es cierto que miles de madrasas siguen abiertas y que el fundamentalismo islámico es fuerte.</s>
    <s id="18">Pero eso no ha cambiado totalmente la textura fundamental de la sociedad pakistaní.</s>
  </p>
  <p id="7">
    <s id="19">Un vistazo a la LUMS, una de las universidades privadas más importantes de Lahore, me dio esperanzas: la forma en que las mujeres estaban vestidas.</s>
    <s id="20">Cuando visité universidades malasias en mi juventud, en la década de los 1960, pocas mujeres malasias musulmanas usaban la hijab.</s>
    <s id="21">Ahora, en esas mismas universidades, casi todas la llevan.</s>
    <s id="22">En contraste, en la LUMS (que se ve y se siente como la Escuela de Negocios de Harvard), sólo alrededor del 5% de las alumnas usaban la hijab, lo que es una notable expresión de libertad social.</s>
  </p>
  <p id="8">
    <s id="23">También ha habido una explosión de medios libres en Pakistán.</s>
    <s id="24">Un número asombroso de estaciones de televisión pakistaníes discuten abiertamente las actividades de Sharif y de la otra ex Primer Ministro exilada, Benazir Bhutto.</s>
    <s id="25">En efecto, muchos de los elementos de una sociedad abierta ya están establecidos incluyendo, como el mundo lo supo en marzo, un poder judicial independiente.</s>
  </p>
  <p id="9">
    <s id="26">En contraste, en Myanmar no se difunde información sobre la disidente Aung San Suu Kyi y nunca se permitiría que se reinstalara a un Presidente de la Suprema Corte despedido por los generales, como hizo el Presidente pakistaní Pervez Musharraf en marzo, ya no se diga las manifestaciones callejeras en favor del Presidente de la Suprema Corte.</s>
  </p>
  <p id="10">
    <s id="27">Por supuesto, hay mucho resentimiento silencioso por el enorme espacio político y económico que ocupan los militares pakistaníes y existe el peligro de una reacción si éstos no aprenden a compartir más espacios con la sociedad civil.</s>
    <s id="28">Me reuní con varios generales retirados que ocupan puestos clave.</s>
    <s id="29">Afortunadamente, parecen tener un temperamento más similar al de Colin Powell que al de Than Shwe o Maung Aye, las dos mentes militares cerradas que han aislado a Myanmar del mundo.</s>
  </p>
  <p id="11">
    <s id="30">La decisión de Estados Unidos de interactuar con Pakistán en lugar de aislarlo también ha ayudado.</s>
    <s id="31">No me cabe duda de que el acercamiento de Estados Unidos contribuyó a que Pakistán emprendiera la senda adecuada.</s>
    <s id="32">Muchos miembros de la élite pakistaní han estudiado en universidades estadounidenses –otro importante indicador de la orientación de un país.</s>
    <s id="33">Imaginemos qué distintas serían las relaciones internacionales si los líderes estadounidenses pudieran visitar Myanmar (o incluso Irán) con la misma facilidad y sostener discusiones amistosas sobre sus acuerdos y desacuerdos.</s>
  </p>
  <p id="12">
    <s id="34">Los generales de Myanmar merecen que se les condene por la brutal represión contra los manifestantes civiles y los monjes budistas.</s>
    <s id="35">El mundo occidental se apresurará a exigir más sanciones y más aislamiento.</s>
    <s id="36">Pero, ¿para qué?</s>
    <s id="37">Myanmar efectivamente se ha aislado a sí mismo durante más de 50 años.</s>
    <s id="38">¿Qué se puede lograr con un aislamiento aún mayor?</s>
  </p>
  <p id="13">
    <s id="39">Algún líder occidental audaz podría confrontar a los líderes de Myanmar con una amenaza que en realidad los alarmara: una mayor interacción.</s>
    <s id="40">Los generales de Myanmar verdaderamente creen que están protegiendo la “pureza” birmana al aislarse del mundo.</s>
    <s id="41">Imaginemos el impacto si el número de generales de Myanmar que visitaran Estados Unidos fuera igual al de los generales pakistaníes que lo hacen.</s>
    <s id="42">Un valiente joven intelectual de Myanmar, Thant Myint-U (nieto del ex Secretario General de Naciones Unidas U Thant) pregunta, ¿qué presiones externas pueden conseguir un cambio democrático?</s>
    <s id="43">¿Y por qué después de casi dos décadas de boicots, suspensión de ayuda, bloqueos comerciales y condena diplomática aparentemente los generales de Myanmar tienen más control que nunca?</s>
  </p>
  <p id="14">
    <s id="44">Yo estuve en Pakistán invitado por el gobierno.</s>
    <s id="45">Pero mi verdadera misión era reconectarme con mis raíces étnicas sindhis, ya que nunca había visitado el país donde nacieron mis padres.</s>
    <s id="46">Sólo quienes entiendan el dolor de la partición de la India británica en 1947 comprenderán el poderoso simbolismo de que a un hijo de padres hindúes se le de un caluroso recibimiento en el Pakistán musulmán.</s>
    <s id="47">Esos lazos culturales me ayudaron a comprender el urdu y el sindhi que se hablaban y también a sentir el profundo deseo de modernización que hay en el alma pakistaní –un deseo que coexiste con el de reconectarse con el rico pasado cultural de Pakistán.</s>
  </p>
  <p id="15">
    <s id="48">Salí de Pakistán esperanzado porque vi el profundo anhelo de unirse al Asia en crecimiento de hoy.</s>
    <s id="49">Si se pudiera implantar un impulso semejante en Myanmar, tanto su pueblo como el mundo se beneficiarían.</s>
  </p>
</document>
