<?xml version="1.0" encoding="utf-8"?>
<document>
  <HEADLINE>
    <s id="1">Una alianza decisiva y duradera</s>
  </HEADLINE>
  <p id="1">
    <s id="2">En los últimos años, muchos expertos y comentaristas han dicho que la Alianza Atlántica se desplomaría o llegaría a ser irrelevante.</s>
    <s id="3">Como ex embajador ante la Organización del Tratado del Atlántico Norte (OTAN), puedo decir por experiencia que esas predicciones no son nada nuevo.</s>
    <s id="4">Como actual Secretario de Defensa de los Estados Unidos, no me cabe duda de que la cooperación transatlántica es tan relevante y esencial como siempre.</s>
  </p>
  <p id="2">
    <s id="5">Pensemos en los acontecimientos históricos que se han producido el año pasado y el papel desempeñado por los Estados Unidos y Europa.</s>
    <s id="6">La OTAN añadió siete nueve miembros... naciones deseosas de hacer contribuciones sólidas a la Alianza.</s>
    <s id="7">En el Afganistán, ocho millones de votantes, el cuarenta por ciento de ellos mujeres, escogieron a su primer Presidente democráticamente elegido en 5.000 años.</s>
    <s id="8">En la Autoridad Palestina, un presidente democráticamente elegido ofrece la esperanza de una nueva posibilidad de paz.</s>
    <s id="9">En Ucrania, los ciudadanos comunes y corrientes demostraron la profundidad de su compromiso con unas elecciones libres y justas.</s>
  </p>
  <p id="3">
    <s id="10">En el Iraq, los antiguos súbditos de Sadam Husein afrontaron amenazas y votaron en unos comicios que ofrecían la posibilidad de elegir entre 70 partidos políticos, en lugar de uno solo.</s>
    <s id="11">En todo el país llegaron a los colegios electorales votantes con muletas y en carros tirados por burros, tras pasar por delante de carteles que los amenazaban así: “Como votes, morirás”.</s>
    <s id="12">¡Qué golpe más demoledor para los extremistas, cuya ideología rechazaron tan claramente los votantes.</s>
  </p>
  <p id="4">
    <s id="13">Si bien ha habido diferencias sobre el Iraq, esas cuestiones entre amigos tan antiguos no son nuevas.</s>
    <s id="14">Piénsese en algunas de las divisiones que han surgido entre los aliados de la OTAN en los últimos decenios.</s>
    <s id="15">En el decenio de 1960, Francia decidió retirarse del mando integrado de la OTAN y pidió que las fuerzas de ésta abandonaran su territorio.</s>
    <s id="16">En el decenio de 1980 hubo un desacuerdo y una controversia profundos sobre la decisión del Presidente Ronald Reagan de desplegar cohetes de medio alcance en Europa.</s>
    <s id="17">De hecho, como embajador de la OTAN en el decenio de 1970, tuve que volver a mi país para prestar testimonio contra un proyecto de ley presentado en el Congreso de los Estados Unidos y encaminado a retirar las fuerzas americanas de Europa en plena guerra fría.</s>
  </p>
  <p id="5">
    <s id="18">Nuestra Alianza Atlántica ha navegado por entre mares turbulentos a lo largo de los años, pero siempre hemos podido resolver los problemas más difíciles.</s>
    <s id="19">Se debe a que hay tantas cosas que nos unen: valores comunes, historias compartidas y una fe inquebrantable en la democracia.</s>
  </p>
  <p id="6">
    <s id="20">En la actualidad, también tenemos un enemigo común.</s>
    <s id="21">Los extremistas han puesto la mira en todas las sociedades civilizadas de todo el mundo: en Nueva York y Washington, Estambul, Madrid, Beslan, Bali y otras más.</s>
    <s id="22">No aspiran a conseguir un armisticio con el mundo civilizado.</s>
    <s id="23">No negociarán una paz por separado.</s>
    <s id="24">Nada les gustaría más que ver enfrentados a los Estados Unidos y a Europa, en lugar de unidos en la cooperación..</s>
  </p>
  <p id="7">
    <s id="25">Las detenciones, en el mes pasado, de numerosos terroristas sospechosos por las autoridades francesas y alemanas revelaron claramente que ninguna nación puede llevar a cabo por sí sola la decisiva labor necesaria para vencer en la lucha contra los extremistas.</s>
    <s id="26">Los Estados Unidos y las naciones europeas comparten, con frecuencia discretamente, informaciones secretas, capturan a terroristas y desbaratan sus finanzas.</s>
    <s id="27">Gracias a ello, las tres cuartas partes, aproximadamente, de los dirigentes conocidos de Al Qaida han sido muertos o capturados y otros están fugitivos.</s>
  </p>
  <p id="8">
    <s id="28">Tampoco puede nación alguna detener por sí sola la proliferación de armas peligrosas.</s>
    <s id="29">Ésa es la razón por la que unas 60 naciones se han sumado a la Iniciativa de Seguridad contra la Proliferación con vistas a impedir que los regímenes peligrosos cuenten con armas mortíferas.</s>
    <s id="30">En 2003, las autoridades alemanas, italianas, británicas y americanas confiscaron el equipo nuclear destinado a Trípoli, lo que propició la decisión por parte de Libia de mostrar sus inventarios de armas a los inspectores.</s>
  </p>
  <p id="9">
    <s id="31">Todas las naciones de la OTAN tienen personal que presta servicios en la Fuerza Internacional de Asistencia para la Seguridad en el Afganistán, en cuyo mando un general turco acaba de substituir a uno francés.</s>
    <s id="32">Uno de los miembros más recientes de la OTAN, Lituania, va a dirigir un equipo de reconstrucción provincial... con lo que se sumará a otras naciones europeas en la contribución a la estabilidad y al progreso del Afganistán.</s>
  </p>
  <p id="10">
    <s id="33">De hecho, más de la mitad de todas las naciones de la OTAN han tenido fuerzas en el Afganistán y en el Iraq.</s>
    <s id="34">A medida que el pueblo iraquí sigue avanzando por la vía de la democracia, más países de la OTAN han aceptado ayudar a capacitar al personal iraquí de seguridad aportando fondos o equipo y creando una escuela de guerra y academias militares.</s>
  </p>
  <p id="11">
    <s id="35">Los miembros de la OTAN compartimos mucho más que una alianza; estamos unidos por vínculos de sangre y de propósito, un patrimonio de libertad y la voluntad de afrontar la violencia de los extremistas... y derrotarla.</s>
  </p>
  <p id="12">
    <s id="36">En los 60 años transcurridos desde que terminó la segunda guerra mundial, hemos contado unos con otros en momentos de peligro y desafío.</s>
    <s id="37">Yo tengo edad suficiente para recordar la erección y la caída del muro de Berlín y el ascenso y el hundimiento del nazismo, del fascismo y del comunismo soviético.</s>
    <s id="38">Los miembros de la OTAN han contribuido juntos a proteger a Kosovo y recientemente han prestado ayuda a las víctimas del devastador tsunami.</s>
    <s id="39">Cuando la comunidad atlántica está unida, son posibles grandes logros.</s>
  </p>
  <p id="13">
    <s id="40">Esa unidad no tiene por qué ser una uniformidad de tácticas u opiniones, sino una unión de propósito.</s>
    <s id="41">Quienes aprecian los sistemas políticos y económicos libres comparten esperanzas similares.</s>
    <s id="42">Con nuestra cooperación dichas esperanzas pueden hacerse realidad para muchos otros pueblos.</s>
  </p>
</document>
