<?xml version="1.0" encoding="utf-8"?>
<document>
  <HEADLINE>
    <s id="1">Aconsejar y transigir</s>
  </HEADLINE>
  <p id="1">
    <s id="2">WASHINGTON, DC – Arrojar bombas como una solución para los lugares del mundo en problemas tal vez se esté tornando una práctica anticuada (con la notable excepción de Libia), pero apuntar con el dedo decididamente está otra vez de moda.</s>
    <s id="3">Casi no pasa un día sin que un diario importante en Occidente ofrezca un consejo sabio y específico, pero muchas veces no tan amigable, a las distantes democracias en problemas sobre lo que “deben” hacer para ganarse la aprobación de la “comunidad internacional”.</s>
  </p>
  <p id="2">
    <s id="4">Por supuesto, esos consejos, como muchos de los propios periódicos hoy en día, son sin costo.</s>
    <s id="5">Pero también son consejos sin responsabilidad y, como alguna vez dijo Stanley Baldwin, el poder sin responsabilidad es la prerrogativa de la prostituta.</s>
  </p>
  <p id="3">
    <s id="6">Existe una brecha considerable entre los ofrecimientos de consejo que uno no puede rechazar y la responsabilidad para lidiar con las consecuencias cuando ese consejo resulta equivocado o extremadamente difícil de implementar.</s>
    <s id="7">Quienes dan consejo en el mundo podrían intentar tener esto en mente cuando se ofrecen a ayudar a líderes de países distantes que enfrentan problemas en los que el consejero tiene poca o ninguna experiencia de primera mano.</s>
  </p>
  <p id="4">
    <s id="8">Cada tanto, una profesión (muy frecuentemente, la economía) determina que ha alcanzado un consenso sobre cómo resolver un problema.</s>
    <s id="9">El llamado “Consenso de Washington” que prevalecía antes de la reciente crisis financiera era un buen ejemplo.</s>
  </p>
  <p id="5">
    <s id="10">En el caso de las democracias nacientes, la fórmula que hoy muchas veces se vuelve imperativa es la siguiente: levantar todas las prohibiciones a las actividades políticas, liberalizar a los medios, llevar a cabo elecciones (cuanto antes, mejor), resolver todas las cuestiones de las minorías a favor de las minorías, abandonar las barreras comerciales y librar al país de la corrupción, preferentemente de la noche a la mañana.</s>
    <s id="11">Se insta a los nuevos gobiernos a abordar todos estos problemas de manera inmediata y simultánea, no sea cosa que pierdan el “impulso” y empiecen a retroceder.</s>
    <s id="12">El subtexto es claro: sean como nosotros ahora.</s>
  </p>
  <p id="6">
    <s id="13">Ahora bien, la manera de lograrlo se deja a criterio de los nuevos líderes, a los que muchas veces se les adjudica una bondad y poderes de persuasión que nunca tuvieron y nunca tendrán.</s>
    <s id="14">En muchos casos, la cohesión de los movimientos opositores que llegan al poder luego de un alzamiento político tal vez no sea como los medios internacionales suponen que es.</s>
  </p>
  <p id="7">
    <s id="15">De hecho, algunos componentes de estas llamadas “coaliciones democráticas” quizá no sean para nada democráticos.</s>
    <s id="16">Algunos líderes, como Nelson Mandela, están a la altura de las circunstancias históricas, contra todos los pronósticos.</s>
    <s id="17">Otros, como Nursultan Nazarbayev de Kazajstán (popular en los medios occidentales cuando apareció en escena por primera vez), claramente no.</s>
    <s id="18">¿Cómo podemos ayudar a asegurar la sustentabilidad de estos movimientos en momentos tan inciertos?</s>
  </p>
  <p id="8">
    <s id="19">La modestia es una virtud en la vida privada.</s>
    <s id="20">También debería ser una guía a la hora de dispensar consejos políticos.</s>
    <s id="21">Yo empezaría por recordar que la capacidad de algunos países para asimilar consejos es limitada, de modo que el consejo debería venir en porciones más pequeñas.</s>
    <s id="22">¿Por dónde empezar?</s>
  </p>
  <p id="9">
    <s id="23">La característica más importante y potencialmente nutritiva de una nueva democracia reside en su esfuerzo por comprometerse a observar los patrones de derechos humanos internacionales.</s>
    <s id="24">Por cierto, existe un voluminoso cuerpo de literatura que indica que hasta los países en el período subsiguiente a un conflicto interno pueden alcanzar un nivel más elevado de complimiento de estos patrones.</s>
  </p>
  <p id="10">
    <s id="25">Pero no deberían mezclarse derechos humanos y democracia.</s>
    <s id="26">Mientras que la democracia es, sin duda, la forma de gobernancia que mejor preserva los derechos humanos, ambas no son la misma cosa.</s>
  </p>
  <p id="11">
    <s id="27">Los derechos humanos no convivirán con la dictadura, o con alguna otra no democracia, durante mucho tiempo.</s>
    <s id="28">Establecer patrones y objetivos de derechos humanos es una fuerte señal de que un país está apuntando a la dirección correcta.</s>
    <s id="29">El país, en efecto, está anunciando que avanza hacia acuerdos institucionales democráticos.</s>
    <s id="30">Prohibir la tortura, cumplir con las normas internacionales sobre los derechos de los prisioneros y consagrar los derechos de asociación y asamblea pública es lo primero que viene a la mente.</s>
  </p>
  <p id="12">
    <s id="31">La adopción de normas esenciales sobre derechos humanos como una piedra angular del desarrollo de un país es una de las innovaciones seminales de nuestra era.</s>
    <s id="32">La noción de que un dictador puede reclamar el derecho soberano de abusar de su pueblo se ha vuelto inaceptable.</s>
    <s id="33">Un país que hace progresos en materia de derechos humanos y se compromete al cambio de comportamiento necesario para cumplir con estas normas internacionales también puede hacer un giro decisivo hacia un futuro mejor.</s>
  </p>
  <p id="13">
    <s id="34">Deberíamos concentrarnos, entonces, en cumplir con los patrones internacionales sobre derechos humanos como un objetivo que una nueva democracia “debe” (para usar la palabra preferida de los editorialistas occidentales) implementar rápidamente.</s>
    <s id="35">Pero no deberíamos confundir estos valores con otros elementos esenciales del progreso, como establecer regímenes comerciales liberalizados, crear estructuras institucionales con una separación de poderes y erradicar la corrupción.</s>
    <s id="36">Estas son necesidades absolutas para el éxito democrático, pero requieren un desarrollo a más largo plazo de la capacidad institucional.</s>
    <s id="37">La corrupción, por ejemplo, puede tener antecedentes culturales y es parte de una debilidad institucional.</s>
    <s id="38">En la mayoría delos casos, ninguna se puede remediar de la noche a la mañana.</s>
  </p>
  <p id="14">
    <s id="39">Por sobre todo, necesitamos mostrar paciencia con los nuevos gobiernos de los países a los que queremos ver evolucionar hacia la democracia, y evitar la tendencia a esperar una gratificación instantánea.</s>
    <s id="40">Unos meses de política nunca superarán siglos de sociología.</s>
    <s id="41">De modo que, mientras observamos y aguardamos, necesitamos ser lo más comprensivos –y lo menos autoritarios- posibles.</s>
  </p>
</document>
