<?xml version="1.0" encoding="utf-8"?>
<document>
  <HEADLINE>
    <s id="1">¿El populismo de los pensionados llegó para quedarse?</s>
  </HEADLINE>
  <p id="1">
    <s id="2">MILÁN – El populismo de derecha que ha surgido en muchas democracias occidentales en los últimos años podría terminar siendo mucho más que un incidente en el paisaje político.</s>
    <s id="3">Más allá de la Gran Recesión y de la crisis migratoria, que crearon un campo fértil para los partidos populistas, el envejecimiento de la población de Occidente seguirá alterando la dinámica del poder político en favor de los populistas.</s>
  </p>
  <p id="2">
    <s id="4">Resulta ser que los votantes de más edad son bastante simpatizantes de los movimientos nacionalistas.</s>
    <s id="5">Los británicos de más edad votaron desproporcionadamente a favor de abandonar la Unión Europea, mientras que los norteamericanos de más edad le entregaron la presidencia de Estados Unidos a Donald Trump.</s>
    <s id="6">Ni el partido Ley y Justicia (PiS) en Polonia ni Fidesz en Hungría estarían en el poder sin el respaldo entusiasta de la gente mayor.</s>
    <s id="7">Y, en Italia, la Liga ha triunfado en gran medida al explotar el descontento de la gente de edad avanzada en el norte de Italia.</s>
    <s id="8">Entre los populistas de hoy, sólo Marine Le Pen de Reagrupación Nacional de Francia (anteriormente el Frente Nacional) –y posiblemente Jair Bolsonaro en Brasil- tiene una base de votantes más jóvenes.</s>
  </p>
  <p id="3">
    <s id="9">La próxima primavera, este patrón de votación relacionado a la edad podría decidir el resultado de la elección del Parlamento Europeo.</s>
    <s id="10">Según estudios recientes, los europeos de más edad –especialmente los que tienen un menor nivel de educación- sospechan más del proyecto europeo y confían menos en el Parlamento Europeo que los europeos más jóvenes.</s>
    <s id="11">Esto es sorprendente, porque las generaciones de más edad deberían tener más frescos los recuerdos de la Segunda Guerra Mundial y su legado.</s>
    <s id="12">Sin embargo, su escepticismo frente a las instituciones democráticas de la UE puede explicar su inclinación por líderes autoritarios.</s>
  </p>
  <p id="4">
    <s id="13">Muy probablemente una creciente sensación de inseguridad esté empujando a los adultos mayores a los brazos de los populistas.</s>
    <s id="14">Dejando de lado las peculiaridades específicas de cada país, todos los partidos nacionalistas prometen contener las fuerzas globales que afectarán desproporcionadamente a la gente mayor.</s>
  </p>
  <p id="5">
    <s id="15">Por ejemplo, la inmigración tiende a generar más miedo entre los votantes de más edad, porque estos suelen estar más vinculados a valores tradicionales y comunidades autónomas.</s>
    <s id="16">De la misma manera, la globalización y el progreso tecnológico suelen alterar las industrias tradicionales o heredadas, donde es más probable que haya empleados trabajadores de más edad.</s>
    <s id="17">El ascenso de la economía digital, dominada por gente de veintitantos y treinta y tantos años, también está empujando a los trabajadores de más edad a los márgenes.</s>
    <s id="18">Pero, a diferencia de lo que sucedía en el pasado, los sistemas de pensiones que se desmoronan ya no pueden absorber estas sacudidas del mercado laboral.</s>
    <s id="19">La consecuencia es que los trabajadores de más edad que pierden su empleo están condenados a un desempleo de largo plazo.</s>
  </p>
  <p id="6">
    <s id="20">Es más, los pensionados ahora tienen motivos para preocuparse sobre las amenazas a sus beneficios de retiro de parte de sus propios hijos.</s>
    <s id="21">La gente joven, frustrada por los sistemas socioeconómicos que claramente están inclinados a favor de los jubilados, cada vez más reclaman una redistribución intergeneracional más justa de los recursos escasos.</s>
    <s id="22">Por ejemplo, el Movimiento Cinco Estrellas de Italia, que gobierna en una coalición con la Liga, recientemente reclamó una “renta ciudadana” disponible para todos los desempleados sin importar su edad.</s>
    <s id="23">De manera que, mientras que los populistas de derecha han atraído a votantes de más edad, los populistas de izquierda han ganado seguidores entre las generaciones más jóvenes.</s>
  </p>
  <p id="7">
    <s id="24">Al respaldar a los populistas de derecha, los votantes de más edad esperan regresar a una época en la que los asuntos domésticos estaban aislados de las fuerzas globales y las fronteras nacionales eran menos porosas.</s>
    <s id="25">En el centro de la política nacionalista de hoy existe una promesa de preservar el status quo –o inclusive restablecer un pasado mítico.</s>
  </p>
  <p id="8">
    <s id="26">De ahí que los políticos nacionalistas recurran con frecuencia a una retórica nostálgica para movilizar a sus seguidores de más edad.</s>
    <s id="27">Por su parte, Trump ha prometido recuperar los empleos en el Cinturón de Óxido norteamericano, alguna vez el centro de la industria de Estados Unidos.</s>
    <s id="28">De la misma manera, no podría existir un símbolo más claro de la resistencia al cambio que el muro que Trump propuso construir en la frontera entre Estados Unidos y México.</s>
    <s id="29">Y las medidas enérgicas contra la inmigración ilegal y la prohibición a los viajeros de países predominantemente musulmanes marca su compromiso con una nación norteamericana “pura”.</s>
  </p>
  <p id="9">
    <s id="30">De la misma manera, en Europa continental, los populistas de derecha quieren regresar a una época anterior a la adopción del euro y del sistema Schengen de viajes sin pasaporte dentro de gran parte de la UE.</s>
    <s id="31">Y suelen apelar directamente a los votantes de mayor edad prometiendo bajar la edad de jubilación y expandir los beneficios de pensiones (dos políticas emblemáticas de la Liga).</s>
  </p>
  <p id="10">
    <s id="32">En el Reino Unido, la campaña a favor de “Irse” prometió una reivindicación para aquellos que han quedado rezagados en la era de la globalización.</s>
    <s id="33">No importa que también pregonara la idea de una “Gran Bretaña Global” libre e independiente.</s>
    <s id="34">Los defensores del Brexit no son conocidos por su consistencia.</s>
  </p>
  <p id="11">
    <s id="35">En cualquier caso, en la medida que la ola populista de hoy esté impulsada por la demografía, es poco probable que llegue a su punto más alto en lo inmediato.</s>
    <s id="36">En las sociedades que envejecen, el peso político de los adultos mayores crecerá de manera sostenida; y en las economías de rápido cambio, su capacidad de adaptación decaerá.</s>
    <s id="37">Como consecuencia de ello, los votantes mayores exigirán más y más seguridad socioeconómica, y los populistas irresponsables estarán esperando entre bastidores para complacerlos.</s>
  </p>
  <p id="12">
    <s id="38">¿Se puede hacer algo?</s>
    <s id="39">Para frenar la ola nacionalista, los partidos tradicionales necesitan con urgencia diseñar un nuevo compacto social que aborde la creciente sensación de inseguridad entre los votantes de más edad.</s>
    <s id="40">Necesitarán encontrar un mejor equilibrio entre la apertura y la protección, entre la innovación y la regulación; y tendrán que hacerlo sin caer en una trampa populista regresiva.</s>
  </p>
  <p id="13">
    <s id="41">La respuesta no es sofocar a las fuerzas globales, sino hacerlas más tolerables.</s>
    <s id="42">Los ciudadanos de todas las edades necesitan estar equipados para enfrentar las disrupciones actuales y futuras.</s>
    <s id="43">En este sentido, es mejor empoderar a la gente mayor que simplemente protegerla.</s>
    <s id="44">La mayoría de las economías avanzadas no pueden afrontar el enorme volumen de nuevos beneficios para un grupo de interés sobredimensionado.</s>
    <s id="45">Y, además, una política que haga que la gente dependa de alguna forma de respaldo externo es, cuando menos, moralmente cuestionable.</s>
  </p>
  <p id="14">
    <s id="46">En cambio, los gobiernos deberían centrarse en mejorar las habilidades de los trabajadores de más edad, creando más oportunidades para que las generaciones mayores y más jóvenes trabajen juntas, y responsabilizando a los agitadores por las consecuencias socioeconómicas que generan.</s>
    <s id="47">Los subsidios a los más vulnerables deberían seguir siendo un último recurso.</s>
  </p>
  <p id="15">
    <s id="48">En muchos sentidos, el encaprichamiento de los votantes de más edad con los populistas es un grito de ayuda.</s>
    <s id="49">Corresponde a los políticos esclarecidos encontrar una respuesta constructiva.</s>
  </p>
</document>
