<?xml version="1.0" encoding="utf-8"?>
<document>
  <HEADLINE>
    <s id="1">Alimentos para el mundo</s>
  </HEADLINE>
  <p id="1">
    <s id="2">PRAGA – El hambre es un azote de la humanidad desde tiempos inmemoriales.</s>
    <s id="3">Casi ninguna sociedad importante se salvó; se calcula que entre 108 a.</s>
    <s id="4">C. y 1911, China sufrió una hambruna por sequía o inundación en al menos una provincia casi todos los años.</s>
    <s id="5">Pero la lucha contra el hambre es una guerra que la humanidad puede vencer al fin.</s>
  </p>
  <p id="2">
    <s id="6">En el último cuarto del siglo XX se produjeron más cereales cada año que en cualquier período precedente, y este año se cosecharán más granos que en cualquier otro momento de la historia.</s>
    <s id="7">Desde 1992, la cantidad de personas con hambre en todo el mundo se redujo más de 200 millones, pese a que al mismo tiempo la población humana creció casi dos mil millones de personas.</s>
  </p>
  <p id="3">
    <s id="8">Pero aún restan enormes desafíos.</s>
    <s id="9">El acceso a alimentos baratos y nutritivos es una de las principales prioridades de la gente en todo el mundo; una de cada nueve personas todavía no consigue alimento suficiente para estar sana.</s>
    <s id="10">Se prevé que la población actual de 7300 millones de personas llegue a 8500 millones en 2030 y a 9700 millones en 2050, y la demanda de alimentos crecerá a la par.</s>
    <s id="11">Amén de más bocas que alimentar, habrá otras presiones sobre los suministros de comida, por ejemplo: conflictos bélicos, volatilidad económica, fenómenos meteorológicos extremos y el cambio climático.</s>
  </p>
  <p id="4">
    <s id="12">El aumento de la productividad agrícola (derivado de mejoras a las semillas, nuevos fertilizantes y pesticidas, mayor acceso al crédito y grandes avances tecnológicos) ha sido un factor clave de la reducción del hambre.</s>
    <s id="13">Entre 1930 y 2000, la producción agrícola en Estados Unidos se cuadruplicó; el crecimiento de la productividad en este sector superó al de las manufacturas.</s>
    <s id="14">Los países en desarrollo han comenzado a participar en estas mejoras: mientras en 1960 su consumo de fertilizantes era casi nulo en comparación con el resto del mundo, en 2000 ya usaban más que los países industrializados.</s>
  </p>
  <p id="5">
    <s id="15">El Banco Mundial descubrió que el crecimiento de la productividad agrícola puede ser hasta cuatro veces más eficaz para reducir la pobreza que el crecimiento en otros sectores.</s>
    <s id="16">¿Cómo mantener en alto este progreso?</s>
  </p>
  <p id="6">
    <s id="17">Es esencial la inversión en investigación y desarrollo.</s>
    <s id="18">Según un estudio realizado para el Consenso de Copenhague (del que soy director), invertir 88 000 millones de dólares más en I+D agrícola en los próximos quince años aumentaría los rendimientos 0,4 puntos porcentuales más cada año, lo que puede salvar del hambre a 79 millones de personas y prevenir cinco millones de casos de malnutrición infantil.</s>
    <s id="19">El logro de estas metas produciría casi tres billones de dólares en bienes sociales, lo que implica una enorme rentabilidad: 34 dólares por cada dólar invertido.</s>
  </p>
  <p id="7">
    <s id="20">Los avances científicos también son fundamentales en la lucha contra problemas de nutrición concretos como la deficiencia de vitamina A, principal causa de ceguera infantil evitable.</s>
    <s id="21">Este año, Robert Mwanga ganó el Premio Mundial de la Alimentación por su labor en la promoción de investigaciones que dieron lugar al reemplazo masivo de la batata blanca (cuyo contenido de vitamina A es escaso) por una alternativa rica en vitamina A en la dieta de la población rural pobre de Uganda.</s>
  </p>
  <p id="8">
    <s id="22">Otro factor cuya productividad se puede aumentar es el trabajo.</s>
    <s id="23">Cuando los investigadores del Consenso de Copenhague examinaron las respuestas al calentamiento global en Bangladesh, hallaron que incrementar la productividad de la mano de obra agrícola “es la única forma de aumentar la resiliencia de Bangladesh al cambio climático y cumplir los objetivos de desarrollo a largo plazo”.</s>
    <s id="24">Una inversión de unos 9000 dólares por trabajador a lo largo de dos décadas puede aumentar un 10% la productividad agrícola.</s>
  </p>
  <p id="9">
    <s id="25">Bangladesh es un ejemplo instructivo, ya que es un país susceptible a inundaciones y a los efectos del cambio climático, y su productividad agrícola va rezagada respecto de otros países en desarrollo y de ingresos medios.</s>
    <s id="26">No sorprende que la oficina de la primera ministra bangladesí se haya propuesto liderar en innovación global, para lo que estableció un laboratorio de innovación agrícola que es usina de prácticas recomendadas e ideas.</s>
  </p>
  <p id="10">
    <s id="27">El Consenso de Copenhague hizo un trabajo conjunto con la ONG más grande del mundo, BRAC, para determinar qué políticas desearían ver implementadas los residentes de áreas rurales de Bangladesh, entre ellos, “ultrapobres” con los que BRAC trabaja en estrecho contacto.</s>
    <s id="28">Son trabajadores, amas de casa y otras personas (que en algunos casos viven con el equivalente de sesenta a setenta centavos de dólar por día, o menos) a los que rara vez se invita a participar en la discusión de políticas.</s>
  </p>
  <p id="11">
    <s id="29">Entre los participantes, repartidos en nueve foros rurales en zonas del país muy alejadas, se produjo un consenso impresionante, ya que coincidieron en una misma prioridad política: aumentar la productividad agrícola.</s>
    <s id="30">Como dijo un residente de Chandpara, en la división de Rangpur: “Todos saben que en Rangpur tenemos el problema del monga” (nombre bengalí de un fenómeno cíclico anual de hambre estacional).</s>
    <s id="31">“No podemos alimentar a nuestra gente dos veces al día; necesitamos aumentar nuestra productividad agrícola”.</s>
  </p>
  <p id="12">
    <s id="32">Un residente de la aldea de Mukimabad expresó la misma visión para Bangladesh: “Necesitamos cultivos y semillas resistentes a la salinidad y la inundación, para no tener que morirnos por falta de alimentos”.</s>
  </p>
  <p id="13">
    <s id="33">La humanidad puede ganar la guerra contra el hambre.</s>
    <s id="34">Ya hubo grandes avances, pero el mundo necesita aumentar la I+D y la productividad en el área agrícola.</s>
    <s id="35">Otro residente rural de Deukhola, cerca del río Brahmaputra en el confín norte de Bangladesh, lo dijo sin pelos en la lengua: “Nuestra supervivencia depende de eso”.</s>
    <s id="36">No hagamos oídos sordos.</s>
  </p>
  <SOURCE TRANSLATOR="Esteban Flamini" />
</document>
