<?xml version="1.0" encoding="utf-8"?>
<document>
  <HEADLINE>
    <s id="1">Cómo comer para salvar al mundo</s>
  </HEADLINE>
  <p id="1">
    <s id="2">LONDRES – No existe país en el mundo que no esté lidiando con las consecuencias graves para la salud y el medio ambiente de las dietas de su pueblo.</s>
    <s id="3">Tiene que haber una mejor manera de alimentar a todos bien y de manera sustentable.</s>
  </p>
  <p id="2">
    <s id="4">Tal como están las cosas, aproximadamente 820 millones de personas en todo el mundo carecen de alimentos suficientes y muchos más –por lo general en los mismos países- consumen alimentos poco saludables que provocan obesidad, enfermedades cardíacas, diabetes y otras afecciones que limitan la vida.</s>
    <s id="5">Los riesgos para la salud que implica la mala alimentación hoy superan el impacto combinado del alcohol, del cigarrillo, del sexo no seguro y del consumo de drogas.</s>
  </p>
  <p id="3">
    <s id="6">En el frente ambiental, la producción global de alimentos es la mayor presión que ejerce el ser humano sobre los recursos del planeta: utiliza el 40% de la tierra del mundo y el 70% de su agua dulce.</s>
    <s id="7">También contribuye sustancialmente a aumentar las emisiones de gases de tipo invernadero, la pérdida de biodiversidad, el surgimiento de zonas muertas en los océanos y la deforestación.</s>
  </p>
  <p id="4">
    <s id="8">Frente a las estimaciones de que la población global alcanzará los 10.000 millones de habitantes en 2050, el reto de alimentar al mundo de una manera saludable y sustentable no hará más que agudizarse.</s>
    <s id="9">Hacer frente a este desafío exigirá cambios sistémicos importantes y de largo plazo.</s>
    <s id="10">Un buen lugar para empezar es el conjunto de lineamientos basados en la ciencia que acaba de difundir la Comisión EAT-Lancet sobre Dietas Saludables a partir de Sistemas Alimentarios Sostenibles, financiada por Wellcome (con quienes nosotros dos estamos asociados).</s>
  </p>
  <p id="5">
    <s id="11">En la dieta propuesta “ventajosa para todos”, aproximadamente un tercio de las calorías se obtendrían a partir de granos enteros y tubérculos; la proteína provendría principalmente de plantas, aunque también se incluiría alrededor de 15 gramos de carne roja por día; y se consumiría diariamente alrededor de medio kilo de frutas y verduras.</s>
    <s id="12">En promedio, la dieta reduciría a la mitad el consumo global de carne roja y azúcar, y cuando menos duplicaría la cantidad de frutas, verduras, frutas secas y legumbres que se consume hoy a nivel mundial.</s>
  </p>
  <p id="6">
    <s id="13">Por supuesto, dada la diversidad de los sistemas alimentarios en todo el mundo, para no mencionar el papel de la cultura y la tradición en la formulación de las dietas, sería necesario adaptar componentes específicos a las necesidades y gustos locales.</s>
    <s id="14">Pero, si todo el mundo adoptara una versión de esta dieta, hasta 11,6 millones de muertes prematuras vinculadas con la alimentación podrían prevenirse cada año.</s>
  </p>
  <p id="7">
    <s id="15">El informe de la Comisión establece estrategias claras para que esto suceda, según las cuales organizaciones internacionales y gobiernos nacionales tomarían la delantera a la hora de garantizar que existan dietas saludables y sostenibles y que resulten atractivas y asequibles para todos.</s>
    <s id="16">Su implementación requerirá, primero y principal, una revisión de los sectores agrícolas de los países, para asegurar que estén ofreciendo los componentes necesarios de la dieta.</s>
    <s id="17">En lugar de basar sus decisiones exclusivamente en los niveles de producción, los agricultores tienen que producir productos suficientemente diversos y adoptar prácticas sustentables.</s>
    <s id="18">Con ese fin, será necesario crear incentivos efectivos.</s>
  </p>
  <p id="8">
    <s id="19">Es más, en los países de bajos ingresos, fortalecer la infraestructura que vincula a las comunidades agrícolas rurales con los centros urbanos favorecerá un mayor acceso a productos frescos y saludables, reduciendo al mismo tiempo los desechos asociados con el transporte.</s>
    <s id="20">En verdad, si tenemos en cuenta toda la cadena de suministro, casi una tercera parte de todos los alimentos producidos a nivel mundial se está desechando.</s>
    <s id="21">En este escenario, los programas nacionales de reducción de desechos tendrán que complementarse con una mayor inversión en infraestructura.</s>
  </p>
  <p id="9">
    <s id="22">De la misma manera, para garantizar una seguridad alimentaria global de largo plazo, deben destinarse más recursos al desarrollo de cultivos más nutritivos, de mayor rendimiento y más resilientes que puedan tolerar fluctuaciones de temperatura, tiempo extremo y pestes.</s>
    <s id="23">No importa qué semillas nuevas se desarrollen, deben estar a disposición y resultar asequibles para los agricultores en todo el mundo.</s>
    <s id="24">Mientras tanto, los agricultores en regiones áridas necesitan un mejor acceso a los cultivos existentes tolerantes a las sequías, como la legumbre caupí alta en proteínas, para poder proteger el suelo y preservar la humedad.</s>
  </p>
  <p id="10">
    <s id="25">En términos más generales, una dieta sostenible exige que el mundo mejore su gestión del planeta.</s>
    <s id="26">Esto implica tomar medidas no sólo para desacelerar la deforestación, sino también reforestar la tierra degradada, así como proteger la biodiversidad marina e impedir la expansión de tierra agrícola.</s>
  </p>
  <p id="11">
    <s id="27">El informe de la Comisión EAT-Lancet no tiene todas las respuestas.</s>
    <s id="28">Es necesario seguir trabajando, por ejemplo, para determinar la mejor manera de transformar la producción de alimentos en ambientes de bajos recursos.</s>
    <s id="29">Pero la estrategia basada en evidencia que defiende el informe ofrece un marco útil para todos los involucrados –incluidos gobiernos, productores y ciudadanos- para cooperar en la transformación de los sistemas alimentarios no sostenibles y garantizar una dieta saludable para todos.</s>
  </p>
</document>
