<?xml version="1.0" encoding="utf-8"?>
<document>
  <HEADLINE>
    <s id="1">La deficiente política exterior de Obama</s>
  </HEADLINE>
  <p id="1">
    <s id="2">PARÍS – La de evaluar los resultados de la política exterior de un Presidente americano después de un mandato no es una tarea fácil, dadas la compleja situación estratégica y diplomática y las importantes limitaciones interiores que afronta todo Presidente de los EEE.UU. No obstante, antes de que se celebren las elecciones presidenciales de noviembre, es importante distinguir las fuerzas que han modelado la política exterior de Obama y evaluar su gestión de ellas.</s>
  </p>
  <p id="2">
    <s id="3">Obama cumplió su promesa de retirar las fuerzas americanas del Iraq durante su primer mandato, pero esa iniciativa resultó ser una derrota estratégica, dada la en gran medida disminuida influencia política de los Estados Unidos en el Iraq.</s>
    <s id="4">De hecho, el gobierno del Primer Ministro Nouri Al Maliki está volviéndose cada vez más un aliado del Irán.</s>
    <s id="5">No se debe reprochar a Obama, que se opuso a la guerra del Iraq, las circunstancias actuales, pero no fue capaz de mejorar la situación ni ayudar a los chiíes y suníes del Iraq a lograr una avenencia política.</s>
  </p>
  <p id="3">
    <s id="6">En cambio, Obama amplió la guerra del Afganistán, que consideró una guerra necesaria, y puso a los talibanes a la defensiva, pero los EE.UU. empezarán a retirar tropas a partir de 2014 sin haber determinado una solución política en consonancia con sus intereses.</s>
  </p>
  <p id="4">
    <s id="7">Entretanto, la asociación estratégica de los Estados Unidos con el Pakistán, donde Obama obtuvo una importante victoria simbólica al eliminar a Osama Ben Laden, está hecha jirones.</s>
    <s id="8">Las relaciones EE.UU.-Pakistán han vuelto a su nivel anterior al 11 de septiembre de 2001, en el que la desconfianza mutua reduce al mínimo la cooperación.</s>
    <s id="9">De hecho, en todas las amenazas estratégicas a la seguridad de los EE.UU que Obama heredó –el Irán, Corea del Norte, el Iraq, el Afganistán, el Pakistán y el conflicto palestino-israelí– no ha conseguido prácticamente resultado político importante alguno.</s>
  </p>
  <p id="5">
    <s id="10">Pese a la hábil reacción de Obama ante la “primavera árabe”, la única sorpresa estratégica que ha afrontado como Presidente, su crédito en el mundo musulmán ha disminuido continuamente.</s>
    <s id="11">No ha cumplido la promesa fundamental del discursó que pronunció en El Cairo en 2009: “conseguir un nuevo comienzo entre los Estados Unidos y los musulmanes de todo el mundo”.</s>
  </p>
  <p id="6">
    <s id="12">Además, las gestiones de Obama para mejorar las relaciones con Rusia, representadas en el Tratado sobre la reducción de las armas estratégicas (START), no propició un auténtico replanteamiento de las vínculos bilaterales, en gran medida porque unos dirigentes rusos cada vez más de estilo soviético desconfían de una clase dirigente de los EE.UU. que sigue considerando un enemigo a Rusia.</s>
    <s id="13">Y la relación EE.UU.-China se ha deteriorado, pues los Estados Unidos están intentando afrontar estratégicamente el ascenso de China: por ejemplo, mediante acuerdos comerciales regionales y una mayor presencia militar en Asia.</s>
  </p>
  <p id="7">
    <s id="14">Respecto de las cuestiones multilaterales, la actuación de Obama es igualmente mediocre.</s>
    <s id="15">Después de comprometerse a aplicar una reducción del 17 por ciento de las emisiones de gases que provocan el efecto de invernadero hasta 2020 y pese a su declaración de que no toleraría la inacción en ese sector, dejó, sencillamente, de plantear esa cuestión después de la aplastante victoria de los republicanos en las elecciones de mitad de período de 2010.</s>
  </p>
  <p id="8">
    <s id="16">Asimismo, la presión interior ha hecho que Obama desatendiera las cuestiones comerciales.</s>
    <s id="17">Los EE.UU. son responsables en gran medida del fracaso de la Ronda de Doha de negociaciones comerciales municipales.</s>
  </p>
  <p id="9">
    <s id="18">El único avance importante de Obama en materia de política exterior ha sido el de liberar a los EE.UU. de la sujeción a la “guerra mundial contra el terror”.</s>
    <s id="19">Deshacerse de la maniquea retórica de esa “guerra” permitió a los EE.UU. recuperar la legitimidad política que el ex Presidente George W. Bush había perdido, sin perder su crédito estratégico.</s>
  </p>
  <p id="10">
    <s id="20">Después de la guerra de Vietnam, Jimmy Carter abrigó la esperanza de cambiar la política establecida de los EE.UU., pero las medidas adoptadas por su gobierno, incluidos graves errores en el Irán y el Afganistán, hicieron parecer a los EE.UU. débiles e indecisos.</s>
    <s id="21">Si bien las políticas de Obama no han debilitado la reputación internacional de los Estados Unidos, tampoco han propiciado logros como el acercamiento a China de Richard Nixon, a causa de lo que podemos denominar un pragmatismo dogmático subyacente: la insistencia en evitar lo peor, en lugar de esforzarse por conseguir lo mejor.</s>
  </p>
  <p id="11">
    <s id="22">Además, Obama ha afrontado importantes limitaciones, incluida la crisis económica mundial, la polarización política interior, un Congreso hostil y el ascenso de potencias que necesitan a los EE.UU., pero no están dispuestas a aceptar su dominio.</s>
    <s id="23">A consecuencia de ello, no ha conseguido cambiar realidades estratégicas mediante, por ejemplo, la conciliación de los intereses en sentido amplio de los Estados Unidos y los del Irán (enemigo declarado), del Pakistán (“amiguenemigo”) e Israel (aliado decisivo).</s>
  </p>
  <p id="12">
    <s id="24">Desde luego, Obama afronta una situación diplomática y estratégica más compleja que la que correspondió a Nixon en el decenio de 1970.</s>
    <s id="25">Las inestables coaliciones en el Irán impiden unas negociaciones en serio entre los dos países, mientras que la fragmentación política en el Pakistán obstaculiza en gran medida la política de los EE.UU. en ese país.</s>
    <s id="26">Y la fragilidad de la coalición gobernante en Israel, combinada con un fuerte apoyo del Congreso al Primer Ministro, Benyamin Netanyahu, hace difícil influir en las políticas del país, pese a las importantes repercusiones de Ísrael en la estrategia de los EE.UU. en el mundo árabe.</s>
  </p>
  <p id="13">
    <s id="27">Pero Obama se ha esforzado también por formular los términos de un posible gran pacto.</s>
    <s id="28">Cualquier acuerdo con el Irán requeriría el consentimiento de Israel y de los países del Golfo, que no comparten los mismos objetivos.</s>
    <s id="29">Y los EE.UU. no pueden alcanzar un acuerdo con el Pakistán sin el consentimiento de la India, que los Estados Unidos no podrían forzar, sobre todo porque depende de la India para contrapesar la influencia en aumento de China en Asia.</s>
  </p>
  <p id="14">
    <s id="30">Con Israel, los términos son aparentemente más simples: a cambio de una mayor garantía de seguridad por parte de los EE.UU, Israel aceptaría la creación de un Estado palestino basado en las fronteras de 1967, pero Israel es también un asunto político interior decisivo en los EE.UU.; de hecho cualquier distanciamiento de Israel es inaceptable para la mayoría de los americanos.</s>
  </p>
  <p id="15">
    <s id="31">Si bien no se puede calificar de decepcionante el primer mandato de Obama, sus logros, pese a no ser triviales, han sido limitados.</s>
    <s id="32">Si consigue un segundo mandato, es probable que le resulte cada vez más difícil ganar jugando a no perder.</s>
  </p>
  <SOURCE LANG="inglés" TRANSLATOR="Carlos Manzano." />
</document>
