<?xml version="1.0" encoding="utf-8"?>
<document>
  <HEADLINE>
    <s id="1">La apuesta de dinero oscuro de Estados Unidos para el alma de Europa</s>
  </HEADLINE>
  <p id="1">
    <s id="2">LONDRES – Los esfuerzos rusos por influir en las elecciones europeas han recibido mucha atención de los medios.</s>
    <s id="3">No puede decirse lo mismo de la interferencia por parte de grupos cristianos conservadores en Estados Unidos, algunos con vínculos con la administración del presidente Donald Trump y su ex asesor, Stephen Bannon.</s>
  </p>
  <p id="2">
    <s id="4">Como ha revelado un informe reciente de openDemocracy, la derecha religiosa de Estados Unidos ha gastado por lo menos 50 millones de dólares en campañas de “dinero oscuro” y activismo en Europa en los últimos diez años.</s>
    <s id="5">Sin embargo, a pesar de los motivos obvios de preocupación por la integridad de las elecciones del Parlamento Europeo del mes próximo, casi toda la atención ha estado depositada en el Kremlin.</s>
  </p>
  <p id="3">
    <s id="6">El apoyo de la derecha religiosa de Estados Unidos a las campañas contra el aborto legal, los derechos LGBT, la educación sexual y otras causas en África y América Latina ha estado bien documentado a lo largo de los años.</s>
    <s id="7">Pero la magnitud de su activismo en Europa es algo nuevo.</s>
    <s id="8">En el primer análisis de su tipo, openDemocracy examinó los registros financieros de las principales organizaciones cristianas norteamericanas y descubrió que varias han venido incrementando su gasto en Europa de manera significativa.</s>
  </p>
  <p id="4">
    <s id="9">Entre los mayores aportantes, el Centro Estadounidense por el Derecho y la Justicia, que repartió 12,4 millones de dólares entre 2008 y 2017, menciona como su principal asesor a Jay Sekulow, uno de los abogados personales de Trump.</s>
    <s id="10">De la misma manera, el Instituto Acton para el Estudio de la Religión y la Libertad, que gastó 1,7 millones de dólares en este período, ha trabajado con el polémico Instituto Dignitatis Humanae respaldado por Bannon fuera de Roma.</s>
  </p>
  <p id="5">
    <s id="11">El mayor aportante de todos parece ser la Asociación Evangelista Billy Graham, que gastó 20 millones de dólares de 2008 a 2014 (el último año del que se tienen registros sobre esta organización).</s>
    <s id="12">El líder del grupo, Franklin Graham, recientemente viajó a Rusia para reunirse con funcionarios del Kremlin que actualmente son objeto de sanciones de Estados Unidos.</s>
    <s id="13">Según Graham, su viaje contó con la plena aprobación del vicepresidente de Estados Unidos, Mike Pence.</s>
  </p>
  <p id="6">
    <s id="14">Ninguno de estos grupos radicados en Estados Unidos revela la identidad de sus donantes.</s>
    <s id="15">Pero se sabe que por lo menos dos tienen vínculos con multimillonarios conservadores famosos, entre ellos los hermanos Koch y la familia de la secretaria de Educación de Trump, Betsy DeVos.</s>
    <s id="16">Y, al igual que Bannon, todos guardan diferentes grados de sospecha, cuando no una hostilidad manifiesta, por los valores fundamentales de la Unión Europea, incluido el respeto por los derechos humanos universales.</s>
  </p>
  <p id="7">
    <s id="17">Hace unas semanas, representantes y seguidores de muchos de estos grupos se reunieron con políticos de extrema derecha de Europa en el Congreso Mundial de Familias (WCF) en Verona, Italia.</s>
    <s id="18">La lista de oradores de este año incluía a Matteo Salvini, el viceprimer ministro de Italia y líder del partido de extrema derecha Liga, que elogió al WCF por mostrar “la Europa que nos gusta”.</s>
    <s id="19">Entre los “organizadores” del evento este año estaba un grupo antiabortista italiano vinculado con el partido neofascista Forza Nuova.</s>
  </p>
  <p id="8">
    <s id="20">En los últimos diez años, el WCF –fundado por la Organización Internacional para la Familia (anteriormente el Centro Howard para la Familia, la Religión y la Sociedad), con sede en Rockford, Illinois- ha organizado por lo menos siete reuniones importantes en Europa.</s>
    <s id="21">A sus encuentros han asistido cientos de activistas religiosos conservadores y una creciente lista de estrellas de extrema derecha, entre ellas el primer ministro húngaro, Viktor Orbán, que inauguró la reunión del WCF de 2017 en Budapest.</s>
  </p>
  <p id="9">
    <s id="22">La ofensiva del WCF en Europa no es accidental.</s>
    <s id="23">Según las últimas declaraciones de impuestos de la Organización Internacional para la Familia, sus directores incluyen a un activista español ultraconservador vinculado al partido Vox de extrema derecha, a un socio cercano de un oligarca ruso que ha patrocinado otras reuniones de líderes de extrema derecha europeos y a un político italiano que enfrenta cargos de corrupción en su país.</s>
  </p>
  <p id="10">
    <s id="24">Por supuesto, los temores en torno a la “interferencia externa” de potencias hostiles (concretamente, Rusia) no son nada nuevo en Europa (aunque se han agudizado ahora que el CEO de Facebook, Mark Zuckerberg, prácticamente admitió que no puede controlar cómo se utiliza su plataforma).</s>
    <s id="25">Pero hoy los europeos también tienen que preocuparse por grupos activistas en Estados Unidos que ocultan sus fuentes de financiamiento.</s>
  </p>
  <p id="11">
    <s id="26">Luego de divulgarse el informe de openDemocracy, un grupo multipartidario de 40 europarlamentarios envió una carta al Consejo Europeo, a la Comisión Europea y al Parlamento Europeo exigiendo que se tomaran más medidas para proteger las inminentes elecciones “contra influencias externas nefastas”.</s>
    <s id="27">De particular preocupación, escriben, es “la cuestión específica de los fundamentalistas cristianos de Estados Unidos”, cuya participación cada vez mayor en Europa “debe tratarse como una cuestión de urgencia”.</s>
  </p>
  <p id="12">
    <s id="28">Sin embargo, se trata de una cuestión difícil de abordar, porque los diferentes estados miembro de la UE tienen diferentes reglas para garantizar la transparencia financiera en las elecciones, y por parte de las campañas políticas y las ONG.</s>
    <s id="29">Aun así, exigir que todas las organizaciones que hacen lobby en Bruselas declaren sus fuentes de financiamiento en el registro de transparencia de la UE sería un buen comienzo, siempre que haya medidas en vigor para impedir que organizaciones políticas se oculten detrás de grupos de fachada.</s>
    <s id="30">Europa también necesita reglas más estrictas a nivel de la UE para las plataformas sociales, que deberían respetar los mismos estándares de transparencia que los grupos de lobby.</s>
    <s id="31">Cualquier anuncio político que se publique online debería estar acompañado de un mensaje claro y preciso referido a su origen y financiamiento.</s>
  </p>
  <p id="13">
    <s id="32">En respuesta a las conclusiones de openDemocracy, Neil Datta del Foro del Parlamento Europeo sobre Población y Desarrollo destaca que “a estos grupos fundamentalistas les llevó 30 años llegar adonde están hoy en la Casa Blanca”.</s>
    <s id="33">Ahora, teme que una campaña similar en Europa “esté sucediendo inclusive más rápido y en una escala mayor de lo que muchos expertos podrían haber imaginado alguna vez”.</s>
  </p>
  <p id="14">
    <s id="34">La UE enfrentará desafíos internos y externos sin precedentes en los años por delante y el resultado de la inminente elección del Parlamento Europeo bien podría determinar el destino del bloque.</s>
    <s id="35">Es por ello que los líderes europeos se concentran en impedir o neutralizar las maquinaciones rusas.</s>
    <s id="36">Desafortunadamente, están haciendo la vista gorda a otro actor externo que no tiene buenas intenciones para el futuro de Europa.</s>
  </p>
</document>
