<?xml version="1.0" encoding="utf-8"?>
<document>
  <HEADLINE>
    <s id="1">Europa insegura</s>
  </HEADLINE>
  <p id="1">
    <s id="2">MADRID – Durante los últimos cinco años, Europa se ha visto sacudida por convulsiones financieras y económicas que han causado estragos en la vida y hacienda de muchos de sus ciudadanos.</s>
    <s id="3">La buena noticia es que, por fin, se constatan avances en el desarrollo de la arquitectura económica y monetaria de la UE que deberían contribuir a un retorno al crecimiento.</s>
    <s id="4">Pero esta concentración de esfuerzos por parte de los líderes de la UE en los problemas internos ha derivado en desatención al ámbito de la política exterior, en particular a la seguridad.</s>
    <s id="5">Así, a las puertas del 2014, la preocupación por la economía cede el paso a la motivada por la inseguridad estratégica de la Unión.</s>
  </p>
  <p id="2">
    <s id="6">Se esperaba que el Consejo Europeo de Diciembre pasado se centrase en cuestiones internacionales, especialmente de seguridad.</s>
    <s id="7">Pero esta orientación no se materializó; y el conjunto de iniciativas heterogéneas que se acordaron en la reunión, en general carentes de amplitud y alcance aunque interesantes, deberán integrarse en un marco estratégico débil y anticuado.</s>
  </p>
  <p id="3">
    <s id="8">La vigente Estrategia Europea de Seguridad (EES), redactada en 2003 y sólo retocada en 2008, refleja las circunstancias de su concepción.</s>
    <s id="9">La EES se desarrolló con la guerra de Irak como telón de fondo y en medio de un acalorado debate sobre la Constitución Europea, en un proceso apresurado y reactivo, secuestrado por quienes buscaban posicionar a Europa como contrapeso -o incluso poder rival- de EEUU.</s>
  </p>
  <p id="4">
    <s id="10">En la década posterior a la ratificación de la EES, el entorno geopolítico ha experimentado un cambio fundamental, con el reequilibrio económico hacia Asia, las revueltas en el mundo árabe y el retorno de la asertividad de Rusia, mientras que el auge de las pulsiones aislacionistas en EEUU no ha hecho sino complicar el panorama.</s>
    <s id="11">Así, la EES no refleja la realidad del mundo de hoy -hecho que evidencia simbólicamente su frase introductoria “Europa nunca ha sido tan próspera”-.</s>
  </p>
  <p id="5">
    <s id="12">Los tres ejes de la EES -asistencia al desarrollo, poder blando, y multilateralismo eficaz- siguen siendo importantes.</s>
    <s id="13">Pero los líderes deben redefinir estos conceptos a la luz de los desafíos a que hoy nos enfrentamos.</s>
  </p>
  <p id="6">
    <s id="14">En términos de desarrollo, Europa tiene que alejarse de la idea de que la ayuda debe ser utilizada para reforzar los vínculos comerciales y reconocer la importancia de la inversión extranjera.</s>
    <s id="15">De hecho, los flujos netos de capital privado hacia los países en desarrollo superan hoy en casi 10 a 1 a la ayuda oficial al desarrollo en el mundo.</s>
  </p>
  <p id="7">
    <s id="16">En tanto que segunda fuente mundial de inversión extranjera directa, la UE ejerce una influencia considerable.</s>
    <s id="17">Y más importante aún, los inversores europeos dan credibilidad a los proyectos y territorios, sirviendo así para atraer nuevas inversiones.</s>
    <s id="18">Un buen ejemplo es la central solar eléctrica de Ouarzazate (Marruecos) y su programa de Eficiencia Energética de Agua Potable: la inversión inicial de € 37 millones ($ 50,6 millones) del Banco Europeo de Inversiones (BEI) atrajo más de € 600 millones de financiación de distintas fuentes.</s>
  </p>
  <p id="8">
    <s id="19">El énfasis de la EES en el poder blando requiere también una urgente reevaluación.</s>
    <s id="20">El reciente auge de protestas en el mundo árabe despertó expectativas entre los europeos de que estos países aspirarían a emular las instituciones, valores y normas occidentales.</s>
    <s id="21">Y, si bien esto no ocurrió, los principios europeos ciertamente no han perdido su atractivo, como evidencian las recientes protestas en Ucrania, desencadenadas por la decisión del presidente Viktor Yanukovich de rehusar el establecimiento de vínculos más estrechos con Europa.</s>
  </p>
  <p id="9">
    <s id="22">No obstante, la visión del poder blando de la EES no debe hacernos olvidar los problemas con que Europa se enfrenta.</s>
    <s id="23">Con el aumento de las amenazas no tradicionales, los europeos tienden a pasar por alto los riesgos clásicos de seguridad, en particular los conflictos entre Estados, por considerar que carecen de relevancia hoy -una noción que se refleja en la EES-.</s>
    <s id="24">Frente a ello, la postura cada vez más firme de Beijin en el mar de China Meridional y Oriental, demuestra que esta concepción no sólo es errónea, sino que puede resultar muy peligrosa.</s>
  </p>
  <p id="10">
    <s id="25">Esto nos lleva al tercer principio de la EES: avanzar en “el desarrollo de una sociedad internacional más fuerte, en el buen funcionamiento de las instituciones internacionales, y en un orden internacional basado en normas".</s>
    <s id="26">En este caso, nos enfrentamos a una falta de coherencia en el compromiso, al dar preferencia la UE a grupos informales y ad hoc frente al reto que plantea la reforma de las instituciones clave, como las Naciones Unidad (NNUU), el Fondo Monetario Internacional (FMI) y el Banco Mundial (BM), esenciales para un multilateralismo eficaz.</s>
  </p>
  <p id="11">
    <s id="27">Así, la UE es uno de los principales impulsores de la moda actual de los "G’s", que precede a la creación del G- 20.</s>
    <s id="28">Y, pese a ser la encarnación del derecho internacional, la UE se acomoda de actos no vinculantes, ya sea en la reciente reunión COP-19 en Varsovia relativa al cambio climático, o apoyando el “Acuerdo de Ginebra" sobre el programa nuclear de Irán que, ahora está claro, en definitiva consiste en dos declaraciones de intenciones vinculadas por un comunicado de prensa.</s>
  </p>
  <p id="12">
    <s id="29">Por último, en el desarrollo de su nueva estrategia de seguridad, Europa debe incorporar el papel de América como componente esencial del entorno geopolítico, un socio con matices pero nunca un adversario.</s>
    <s id="30">Más allá de la OTAN que pese a atravesar momentos complicados sigue jugando un papel importante, la propuesta Asociación Transatlántica de Comercio e Inversión (TTIP) ofrece una oportunidad única para dar forma a un orden internacional basado en normas.</s>
  </p>
  <p id="13">
    <s id="31">La UE puede haber perdido su halo, pero las emocionantes escenas en la Plaza de Maidan -Independencia- de Kiev son un poderoso recordatorio de la vigencia del atractivo de los valores fundamentales que la sustentan.</s>
    <s id="32">Lo que necesita ahora la UE es una estrategia exterior actualizada que capitalice este espíritu para reforzar su influencia, seguridad y prosperidad, y detener así su deriva hacia la irrelevancia.</s>
  </p>
</document>
