<?xml version="1.0" encoding="utf-8"?>
<document>
  <HEADLINE>
    <s id="1">Anatomía de un colapso financiero</s>
  </HEADLINE>
  <p id="1">
    <s id="2">Nueva York – Actualmente existe un círculo vicioso en Estados Unidos y su alcance se podría ampliar a la economía global.</s>
    <s id="3">La crisis financiera de ese país ha desatado una severa contracción del crédito que está empeorando la recesión estadounidense, lo que a su vez está generando mayores pérdidas en los mercados financieros – y socava así la economía en general.</s>
    <s id="4">Ahora hay un riesgo grave de un colapso sistémico en los mercados financieros estadounidenses a medida que estallan las enormes burbujas del crédito y los activos.</s>
  </p>
  <p id="2">
    <s id="5">El problema ya no son solamente las hipotecas de alto riesgo, sino un sistema financiero “de alto riesgo”.</s>
    <s id="6">En la recesión inmobiliaria –la peor en la historia de Estados Unidos y que empeora cada día—los precios de las casas caerán con el tiempo en más del 20% y millones de estadounidenses perderán sus hogares.</s>
    <s id="7">Las liquidaciones y los impagos se están extendiendo de las hipotecas de alto riesgo a las de riesgo medio y bajo.</s>
    <s id="8">De esa manera, las pérdidas totales de los instrumentos relacionados con las hipotecas –incluyendo derivados crediticios exóticos como las obligaciones de deuda avalada (CDO por sus siglas en inglés)—se elevarán a más de 400 mil millones de dólares.</s>
  </p>
  <p id="3">
    <s id="9">Además, los bienes raíces comerciales están empezando a seguir la tendencia a la baja de las propiedades residenciales.</s>
    <s id="10">Después de todo, ¿quién quiere construir oficinas, tiendas y centros comerciales en los pueblos fantasma del oeste estadounidense?</s>
  </p>
  <p id="4">
    <s id="11">Además de la desaceleración en los bienes raíces, ahora se está colapsando la burbuja más amplia del crédito al consumo: a medida que la economía estadounidense se acerca a la recesión, los impagos de las tarjetas de crédito, los préstamos para comprar automóviles y los créditos estudiantiles aumentarán bruscamente.</s>
    <s id="12">Los consumidores estadounidenses han comprado en exceso, no tienen ahorros y están abrumados por las deudas.</s>
    <s id="13">Dado que el consumo privado representa más del 70% de la demanda agregada de Estados Unidos, la disminución en el gasto doméstico agravará la recesión.</s>
  </p>
  <p id="5">
    <s id="14">También podemos añadir a estos riesgos financieros los enormes problemas de los aseguradores de bonos, quienes garantizaron muchos de los riesgosos productos de titulización como las CDO.</s>
    <s id="15">Una muy probable reducción de la calificación crediticia de estos aseguradores obligará a los bancos e instituciones financieras que tienen estos activos de riesgo a cancelarlos, lo que añadirá otros 150 mil millones de dólares a las crecientes pérdidas del sistema financiero.</s>
  </p>
  <p id="6">
    <s id="16">Además, está la exposición de los bancos y otras instituciones financieras a las pérdidas crecientes relacionadas con los préstamos utilizados para financiar adquisiciones apalancadas (LBO pos sus siglas en inglés) imprudentes.</s>
    <s id="17">Con una recesión que empeora, muchas LBO que tenían demasiada deuda y no suficiente capital fracasarán en la medida en que las empresas con ganancias menores o pérdidas mayores no puedan cubrir sus préstamos.</s>
  </p>
  <p id="7">
    <s id="18">Ante todo esto, la recesión conducirá a un brusco aumento de los impagos corporativos, que habían sido muy bajos en los últimos dos años, con un promedio de 0.6% anual, en comparación con el promedio histórico de 3.8%.</s>
    <s id="19">Durante una recesión típica, la tasa de impagos entre las corporaciones puede aumentar al 10-15%, lo que constituye una amenaza de grandes pérdidas para quienes tienen bonos corporativos de riesgo.</s>
  </p>
  <p id="8">
    <s id="20">Como resultado, el mercado de swaps de impago de crédito (CDS por sus siglas en inglés) –en el que se compra y vende protección contra los impagos corporativos—también puede experimentar pérdidas importantes.</s>
    <s id="21">En ese caso, también habrá un grave riesgo de que quiebren algunas de las empresas que vendieron protección, lo que desencadenará pérdidas adicionales para los compradores de protección cuando sus contrapartes no puedan pagar.</s>
  </p>
  <p id="9">
    <s id="22">Encima de todo esto, existe un sistema secundario de instituciones financieras no bancarias que, al igual que los bancos, piden préstamos líquidos a corto plazo y prestan o invierten a plazo más largo en activos no líquidos.</s>
    <s id="23">Este sistema secundario incluye los vehículos de inversión estructurada, los conductos, los fondos del mercado monetario, los fondos de cobertura y los bancos de inversión.</s>
  </p>
  <p id="10">
    <s id="24">Al igual que los bancos, todas estas instituciones financieras están sujetas al riesgo de liquidez o de refinanciamiento –el riesgo de quebrar si los prestamistas no refinancian sus líneas de crédito a corto plazo.</s>
    <s id="25">Pero, a diferencia de los bancos, no tienen la red de seguridad que implica el papel del banco central como prestamista de última instancia.</s>
  </p>
  <p id="11">
    <s id="26">Ahora que la recesión está en marcha, los mercados de valores de Estados Unidos y del mundo están empezando a caer: en una recesión típica estadounidense, el índice S&amp;P 500 cae un promedio de 28% a medida que los ingresos corporativos y las ganancias se hunden.</s>
    <s id="27">Las pérdidas en los mercados de valores tienen un efecto doble: reducen la riqueza de los hogares y los conducen a gastar menos; y provocan enormes pérdidas a los inversionistas que pidieron préstamos para invertir en acciones y desencadenan así llamadas de margen y ventas forzadas de activos.</s>
  </p>
  <p id="12">
    <s id="28">Hay por lo tanto un riesgo mayor de que muchos inversionistas apalancados tanto en los mercados de capital como en los de crédito se vean obligados a vender activos no líquidos en mercados no líquidos, lo que conducirá a una caída en cascada de los precios de los activos por debajo de sus valores fundamentales.</s>
    <s id="29">Las pérdidas que de ahí se derivarán agravarán el desorden financiero y la contracción económica.</s>
  </p>
  <p id="13">
    <s id="30">En efecto, al sumar todas estas pérdidas en los mercados financieros, se llega a una abrumadora cifra de un billón de dólares.</s>
    <s id="31">Un racionamiento más estricto del crédito afectará aún más la capacidad de los hogares y las empresas para pedir préstamos, gastar, invertir y apoyar el crecimiento económico.</s>
    <s id="32">El riesgo de que una crisis financiera sistémica impulse una recesión más pronunciada en Estados Unidos y a nivel mundial rápidamente ha pasado de ser una posibilidad teórica a un escenario cada vez más posible.</s>
  </p>
</document>
