<?xml version="1.0" encoding="utf-8"?>
<document>
  <HEADLINE>
    <s id="1">Antibióticos que funcionen</s>
  </HEADLINE>
  <p id="1">
    <s id="2">CIUDAD DE MÉXICO – Desde el descubrimiento de la penicilina en 1928 hasta la introducción del último de los grandes grupos de antibióticos en los sesenta, la capacidad de la humanidad para combatir las bacterias patógenas fue un motor de transformación.</s>
    <s id="3">Pero con el tiempo, la cantidad de antibióticos con efecto sobre las bacterias ha ido mermando, y algunos patógenos se han vuelto resistentes a todos o casi todos los fármacos conocidos: enfermedades infecciosas que eran tratables se están volviendo mortales otra vez.</s>
  </p>
  <p id="2">
    <s id="4">Se calcula que la resistencia a antibióticos ya produce unas 700 000 muertes al año, con un costo económico sideral.</s>
    <s id="5">Conforme esto siga menoscabando nuestra capacidad para tratar el cáncer, hacer transplantes de órganos y colocar prótesis, la cifra no dejará de aumentar.</s>
  </p>
  <p id="3">
    <s id="6">Muchos factores han contribuido al aumento de la resistencia a antibióticos.</s>
    <s id="7">Las bacterias pueden reproducirse y mutar con gran rapidez, y son capaces de establecer una especie de “Internet genética” que permite a ciertos microorganismos patógenos “descargar” genes de resistencia.</s>
    <s id="8">Además, la mayoría de los antibióticos son productos naturales de bacterias del suelo, donde puede producirse resistencia en forma natural: por la introducción de antibióticos artificiales a gran escala, las bacterias resistentes se han vuelto las más prevalentes.</s>
  </p>
  <p id="4">
    <s id="9">Hoy los humanos liberan al ambiente unas cien mil toneladas de antibióticos al año.</s>
    <s id="10">Si se usaran correctamente para salvar vidas, se podría hacer un análisis de costo‑beneficio razonable.</s>
    <s id="11">Pero alrededor del 70% se usa para que los animales de granja crezcan un poco más rápido.</s>
    <s id="12">El otro 30% se usa para tratamiento de enfermedades en seres humanos, pero a menudo incorrectamente o sin necesidad.</s>
    <s id="13">Y como una parte sustancial de los fármacos usados pasa al medioambiente con las aguas servidas y el estiércol, las comunidades bacterianas presentes en el suelo, el agua y la vida silvestre también quedan expuestas.</s>
  </p>
  <p id="5">
    <s id="14">Si no se pone fin a este abuso de antibióticos, pronto nos quedaremos sin medicinas para tratar eficazmente las infecciones bacterianas.</s>
    <s id="15">Y si bien se están dando algunos pasos (el pasado septiembre, desde una reunión de alto nivel de las Naciones Unidas se hicieron propuestas de medidas internacionales), distan de ser los adecuados.</s>
  </p>
  <p id="6">
    <s id="16">Lo que realmente se necesita es la prohibición internacional inmediata del uso agrícola de antibióticos.</s>
    <s id="17">Además, hay que revisar y hacer cumplir a rajatabla las normas de uso clínico (a las que hoy la comunidad médica presta muy poca atención).</s>
    <s id="18">Bastarían estas dos medidas (que pueden sancionar organismos regulatorios oficiales) para reducir el uso de antibióticos casi un 80%, lo que frenaría considerablemente el aumento de la resistencia.</s>
  </p>
  <p id="7">
    <s id="19">Pero conseguir que los gobiernos implementen esas medidas no será fácil, ya que van en contra de poderosos intereses económicos; el más obvio es la industria farmacéutica, que cada año vende 40 000 millones de dólares en antibióticos.</s>
    <s id="20">Y aunque las megafarmacéuticas obtienen grandes beneficios del abuso continuo de antibióticos, tienen poco interés en el desarrollo de otros nuevos para enfrentar a las bacterias resistentes: las medicinas para enfermedades crónicas y el cáncer son más rentables.</s>
  </p>
  <p id="8">
    <s id="21">Por eso las grandes empresas proponen que se apliquen “incentivos” a la investigación y desarrollo de nuevos antibióticos, por ejemplo extensión de patentes o exenciones impositivas (de lo contrario, deberían cobrar precios altísimos por los nuevos fármacos).</s>
    <s id="22">Pero esos incentivos serían mucho más cuantiosos que el costo de las actividades reales de I+D, de modo que obrarían como instrumentos para canalizar fondos públicos a manos privadas (las mismas que causaron el problema).</s>
  </p>
  <p id="9">
    <s id="23">En vez de tantas zanahorias, las sociedades deberían analizar el uso de algunos palos.</s>
    <s id="24">Propongo una iniciativa que califique a las empresas farmacéuticas según su contribución a resolver el problema de la resistencia a antibióticos; a las que no contribuyan habría que castigarlas con menos ventas.</s>
    <s id="25">Denomino a mi propuesta “NANBU”: no antibiotics, no business (sin antibióticos, no hay ventas).</s>
  </p>
  <p id="10">
    <s id="26">El esquema NANBU otorgaría puntos a empresas con sólidos programas de investigación o que tengan nuevos antibióticos en la línea de desarrollo.</s>
    <s id="27">También ganarían puntos las empresas que no fabriquen o vendan antibióticos con fines agrícolas, o que se nieguen a promover el uso de antibióticos para enfermedades que no los requieren.</s>
    <s id="28">Las que hagan lo contrario (comercializar antibióticos como “promotores de crecimiento” para el ganado o alentar activamente a los médicos para que los receten) perderán puntos.</s>
  </p>
  <p id="11">
    <s id="29">Casi todas las farmacéuticas empezarán con puntajes negativos.</s>
    <s id="30">Pero las calificaciones podrían ajustarse con el tiempo, siempre de acuerdo a la opinión científica fiable de un grupo de expertos independiente, y usarse como criterio para la compra de medicamentos.</s>
  </p>
  <p id="12">
    <s id="31">Para muchos fármacos importantes hay diversas marcas comerciales de eficacia y seguridad similares.</s>
    <s id="32">Los clínicos podrían recetar preferentemente las marcas de empresas con altos puntajes y evitar a las otras.</s>
    <s id="33">Los pacientes podrían alentar ese procedimiento de decisión y hacer lo propio al comprar medicamentos de venta libre.</s>
    <s id="34">Con el tiempo, la rentabilidad de los antibióticos aumentará conforme las empresas comprometidas vendan mayor cantidad de sus otros medicamentos y la necesidad de costosos incentivos disminuya.</s>
  </p>
  <p id="13">
    <s id="35">La clave del éxito del esquema NANBU es garantizar que todo el mundo entienda la amenaza que supone la resistencia a antibióticos y lo que hay que hacer para combatirla.</s>
    <s id="36">Esto motivaría a médicos y pacientes a tener en cuenta los puntajes NANBU al decidir sobre fármacos, y también presionaría a los gobiernos para tomar medidas más contundentes.</s>
    <s id="37">El uso de campañas de concientización pública para lograr que los gobiernos apliquen medidas necesarias pero difíciles ya funcionó en el pasado (por ejemplo, para promover la sostenibilidad forestal y pesquera).</s>
  </p>
  <p id="14">
    <s id="38">La concientización pública fue una de las prioridades destacadas en la reunión de la ONU.</s>
    <s id="39">Pero para llevar a cabo esa iniciativa global, necesitamos una nueva institución internacional que realmente esté a la altura de la tarea.</s>
    <s id="40">Una ONG internacional para la implementación del esquema NANBU podría hacer frente a la naturaleza transnacional de la mayoría de las empresas farmacéuticas y estaría protegida de presiones políticas o cabildeos en el nivel nacional.</s>
  </p>
  <p id="15">
    <s id="41">Las bacterias resistentes a antibióticos son una amenaza global, que no admite una solución exclusivamente nacional.</s>
    <s id="42">El mundo debe pensar y actuar de consuno para preservar los inmensos beneficios que aportaron los antibióticos a la salud y el bienestar de la humanidad.</s>
  </p>
  <SOURCE TRANSLATOR="Esteban Flamini" />
</document>
