<?xml version="1.0" encoding="utf-8"?>
<document>
  <HEADLINE>
    <s id="1">Padres e hijos árabes</s>
  </HEADLINE>
  <p id="1">
    <s id="2">Las muertes de Yaser Arafat y del jeque Zayd, que durante mucho tiempo gobernó en los Emiratos Árabes Unidos, continúan el cambio generacional que se inició en 1999-2000, cuando los dirigentes de Jordania, Marruecos, Bahrein y Siria murieron en rápida sucesión.</s>
    <s id="3">En todo el Oriente Medio la población es más joven y sus dirigentes políticos más viejos que la media mundial.</s>
    <s id="4">La substitución gradual de una generación de minorías selectas por otra puede ser uno de los factores decisivos a la hora de determinar si se hacen o no reformas eficaces en el mundo árabe.</s>
  </p>
  <p id="2">
    <s id="5">En la actualidad, en el mapa sociopolítico de la región coexisten cuatro generaciones políticas.</s>
    <s id="6">La generación de los dirigentes desaparecidos –la de Arafat, del rey Husein o de Hafez al-Asad, del rey Fahd y del Presidente Mubarak- nació antes de 1935 y ha determinado los acontecimientos en el Oriente Medio desde el decenio de 1970.</s>
  </p>
  <p id="3">
    <s id="7">Dichos dirigentes llegaron a la mayoría de edad e iniciaron sus carreras durante la época de la descolonización.</s>
    <s id="8">Se formaron con el nacionalismo panárabe de Gamal Abdel Naser y para ellos el acontecimiento político decisivo fue la derrota árabe en la guerra árabo-israelí de 1967.</s>
    <s id="9">Los miembros de esa generación intentaron conseguir una fuerte dirección árabe que creara un equilibrio de poder con Israel.</s>
    <s id="10">También creyeron en ciertas formas de socialismo y estatalismo –o al menos coquetearon con ellas- y no consideraron prioridades ni la democracia ni los derechos civiles.</s>
  </p>
  <p id="4">
    <s id="11">La generación siguiente nació entre 1935 y 1955 y en muchos sentidos representa una generación “intermedia”.</s>
    <s id="12">La mayoría de sus miembros se benefició del crecimiento económico y las mayores oportunidades educativas vinculados con el auge del petróleo del decenio de 1970.</s>
    <s id="13">Al mismo tiempo, la participación política siguió bloqueada por la generación anterior, que nunca estuvo dispuesta a ceder el poder voluntariamente.</s>
    <s id="14">No es de extrańar que muchos miembros de aquella generación se sintieran insatisfechos y no pocos empezaron a buscar opciones islámicas substitutivas de los sistemas políticos imperantes.</s>
  </p>
  <p id="5">
    <s id="15">En lugar de determinar los acontecimientos en los dos o tres próximos decenios, es probable que esta generación quede marginada por la próxima cohorte, nacida entre 1955 y 1975.</s>
    <s id="16">Ésa es la generación del presidente de Siria Bashar al-Asad, del rey Abdullah de Jordania y del rey Mohamed VI de Marruecos.</s>
    <s id="17">Algunos la llaman la “generación de los hijos”... hijos de dirigentes que dirigieron sus países durante decenios.</s>
  </p>
  <p id="6">
    <s id="18">Esa cohorte de edad no se vio demasiado influida por las guerras árabo-israelíes ni por el conflicto Este-Oeste.</s>
    <s id="19">En cambio, de su formación política formaron parte la guerra del Golfo de 1991 y el proceso de paz árabo-israelí del decenio de 1990, con sus crisis y ruptura.</s>
    <s id="20">El dirigente de Al Fatah en la Ribera Occidental Marwan Barghuti, que está encarcelado, es tan representativo de ese grupo como los dirigentes de Siria y Jordania.</s>
  </p>
  <p id="7">
    <s id="21">Los miembros de esa generación están más familiarizados con los conceptos de mundialización y reforma económica que con los de socialismo y revolución.</s>
    <s id="22">Exceptuados los palestinos, siempre han conocido sus países como Estados independientes y relativamente estables.</s>
    <s id="23">En los territorios palestinos, es probable que la jil al-intifada , la generación de los levantamientos (primero y segundo) palestinos, llegue a ser la fundadora.</s>
  </p>
  <p id="8">
    <s id="24">Pero el cuarto grupo es el que pone de relieve la importancia de las cuestiones generacionales en el mundo árabe.</s>
    <s id="25">Aun combinadas, las tres primeras generaciones representan apenas un tercio de la población árabe total.</s>
    <s id="26">Casi el 60 por cierto de todos los árabes tienen menos de 20 ańos de edad y el 70 por ciento, aproximadamente, menos de 30 ańos, lo que plantea una pregunta decisiva: żqué será de esos “ baby boomers” (nacidos en una época de auge de la natalidad) árabes, si la generación que ahora está llegando a ocupar el poder se aferra a él tan tenazmente como la de Mubarak, Asad y Husein?</s>
  </p>
  <p id="9">
    <s id="27">La generación política de Bashar al-Asad, del rey Abdullah y de Gamal Mubarak –hijo del enfermo Presidente de Egipto- forma un panorama menos coherente que la de los dirigentes desaparecidos.</s>
    <s id="28">En aquella generación anterior, muchos habían seguido carreras militares y muchos de sus asesores y colaboradores eran técnicos y funcionarios.</s>
  </p>
  <p id="10">
    <s id="29">La orientación socioprofesional de la nueva minoría selecta es más amplia.</s>
    <s id="30">Abundan los economistas, banqueros y empresarios, además de los expertos en tecnología o comunicación.</s>
    <s id="31">También son políticos más tradicionales: personalidades que se consideran representantes de intereses económicos o sociales particulares, no tecnócratas apolíticos.</s>
  </p>
  <p id="11">
    <s id="32">Esa nueva minoría selecta de dirigentes es en muchos sentidos más cosmopolita que sus predecesores; su nivel medio de instrucción es superior; algunos cuentan con titulaciones universitarias extranjeras.</s>
    <s id="33">También las mujeres desempeńan un papel algo mayor.</s>
  </p>
  <p id="12">
    <s id="34">Desde luego, la evolución de los acontecimientos en Marruecos, Bahrein y Jordania parece indicar que ese cambio de guardia puede contribuir a suavizar las rígidas estructuras políticas y permitir una mayor participación, pero el cambio generacional no necesariamente va acompańado de una reforma económica o de pasos hacia la liberalización política.... como lo atestigua Corea del Norte con Kim Jong Il, hijo de Kim Il Sung.</s>
  </p>
  <p id="13">
    <s id="35">De hecho, la experiencia brinda pocos motivos para suponer que un lenguaje moderno, la disposición para liberalizar la economía y la insistencia en el desarrollo tecnológico se plasmen automáticamente en una apertura democrática.</s>
    <s id="36">Es más realista esperar que las nuevas minorías selectas árabes recurran a las autoritarias instituciones de sus Estados tanto para vencer la resistencia a sus programas económicos como para consolidar su recién adquirido poder.</s>
  </p>
  <p id="14">
    <s id="37">Se trata de una vía erizada de riesgos.</s>
    <s id="38">Sin un importante aumento de las oportunidades de participación política, incluidas elecciones en verdad competitivas, el abismo existente entre una población predominantemente joven y una minoría gobernante con una estrecha base generacional se ensanchará.</s>
    <s id="39">Esa inercia política continua deja a una población árabe cada vez más joven presa del atractivo de las ideologías extremistas, al tiempo que incita a los mejores y más brillantes a buscar fortuna en otro sitio.</s>
  </p>
</document>
