<?xml version="1.0" encoding="utf-8"?>
<document>
  <HEADLINE>
    <s id="1">Las Lecciones de Argentina</s>
  </HEADLINE>
  <p id="1">
    <s id="2">El colapso de Argentina incitó la falta de pago más grande de la historia.</s>
    <s id="3">Los expertos están de acuerdo en que este es sólo el último de una serie de salvamentos encabezados por el FMI que despilfarraron miles de millones de dólares y no lograron salvar a las economías que suponían ayudar.</s>
    <s id="4">La naturaleza de esa falla, sin embargo, es todavía disputada.</s>
    <s id="5">Algunos argumentan que el FMI fue demasiado indulgente; otros, que fue demasiado severo.</s>
  </p>
  <p id="2">
    <s id="6">Aquellos que culpan al FMI ven el problema como autoinflingido por un gasto libertino y corrupto por parte de Argentina.</s>
    <s id="7">Los intentos por reasignar la culpa no son razonables: uno puede entender la falta de pago como consecuencia de los errores económicos hechos durante toda una década.</s>
    <s id="8">Entender qué fue lo que salió mal nos brinda importantes lecciones para el futuro.</s>
  </p>
  <p id="3">
    <s id="9">Los problemas empezaron con la hiperinflación de la década de 1980.</s>
    <s id="10">Para reducir la inflación, hacía falta cambiar las expectativas; "anclar" la moneda al dólar suponía lograr eso.</s>
    <s id="11">Esto fue un retorno a una variante del viejo argumento del patrón oro.</s>
    <s id="12">Si la inflación continuaba, la tasa de cambio real del país se apreciaría, la demanda de sus exportaciones caería, el desempleo se incrementaría y eso condensaría las presiones salariales y de precios.</s>
    <s id="13">Los participantes del mercado, sabiendo eso, se darían cuenta de que la inflación no sería admitida.</s>
    <s id="14">Siempre y cuando el compromiso con el sistema cambiario permaneciera creíble, lo sería también el compromiso por detener la inflación.</s>
  </p>
  <p id="4">
    <s id="15">Si las expectativas inflacionarias eran cambiadas, podría lograrse reducir la inflación sin el costoso desempleo.</s>
    <s id="16">Esta prescripción funcionó durante un tiempo en algunos países, pero era riesgosa, como lo mostraría Argentina.</s>
  </p>
  <p id="5">
    <s id="17">El FMI fomentó el uso de este sistema cambiario.</s>
    <s id="18">Ahora son menos entusiastas, aunque es Argentina, no el FMI, quien está pagando el precio.</s>
    <s id="19">La indexación redujo la inflación; no promovió un crecimiento sostenido.</s>
    <s id="20">Argentina debió ser alentada a establecer un sistema cambiario más flexible o, por lo menos, una tasa de cambio que reflejara más los patrones de comercio del país.</s>
  </p>
  <p id="6">
    <s id="21">También hubo otros errores en el programa de "reforma" de Argentina.</s>
    <s id="22">Se alabó a Argentina por permitir que los bancos fueran en gran parte propiedad de extranjeros.</s>
    <s id="23">Por un tiempo esto creó un aparentemente más estable sistema bancario, pero este sistema no le prestó dinero a las compañías de pequeño y mediano tamaño.</s>
    <s id="24">Después del ímpetu de crecimiento que llegó con el fin de la hiperinflación, el crecimiento se redujo, en parte porque las empresas en el país no pudieron obtener un financiamiento adecuado.</s>
    <s id="25">El gobierno de Argentina reconoció el problema, pero fue golpeado por numerosos contratiempos fuera de su control antes de que pudiera hacer algo al respecto.</s>
  </p>
  <p id="7">
    <s id="26">La crisis de Asia del Este en 1997 le suministró el primer golpe.</s>
    <s id="27">En parte debido al mal manejo del FMI, aquella se volvió una crisis financiera global, incrementando las tasas de interés para todos los mercados emergentes, incluyendo Argentina.</s>
    <s id="28">El sistema cambiario de Argentina sobrevivió, pero a un precio muy alto: la aparición de un desempleo de dos dígitos.</s>
  </p>
  <p id="8">
    <s id="29">Pronto, las altas tasas de interés tensaron el presupuesto del país.</s>
    <s id="30">Pero aún así, la relación deuda-PIB de Argentina -incluso conforme empezó a colapsarse- permaneció en un nivel moderado, cerca de 45%, más baja que la de Japón.</s>
    <s id="31">Pero con tasas de interés de 20%, 9% del PIB del país sería gastado anualmente para financiar la deuda.</s>
    <s id="32">El gobierno buscó la austeridad fiscal, pero no lo suficiente para compensar los caprichos del mercado.</s>
  </p>
  <p id="9">
    <s id="33">La crisis financiera global que se dió después de la crisis de Asia del Este dió inicio a una serie de grandes ajustes en las tasas de cambio.</s>
    <s id="34">El valor del dólar, al que estaba atado el peso argentino, se incrementó fuertemente.</s>
    <s id="35">Entre tanto, el vecino de Argentina y socio comercial del Mercosur, Brasil, vió su moneda depreciarse; algunos dicen que fue significativamente subvaluada.</s>
    <s id="36">Los salarios y los precios cayeron, pero no lo suficiente para permitir que Argentina compitiera de manera efectiva, en especial porque muchos de los bienes agrícolas que constituyen las ventajas comparativas naturales de Argentina se enfrentan a difíciles barreras para entrar a los mercados de países ricos.</s>
  </p>
  <p id="10">
    <s id="37">Con trabajos se había el mundo recuperado de la crisis financiera de 1997-1998 cuando se deslizó hasta la deceleración global del 2000/2001, empeorando la situación de Argentina.</s>
    <s id="38">Aquí fue en donde el FMI cometió el error fatal.</s>
    <s id="39">Apoyó una política fiscal contractiva, el mismo error que cometió en Asia del Este, y con las mismas desastrosas consecuencias.</s>
  </p>
  <p id="11">
    <s id="40">La austeridad fiscal suponía restaurar la confianza.</s>
    <s id="41">Pero las cifras del programa del FMI eran ficticias; cualquier economista podía haber predicho que las políticas contractivas incitan la recesión y que los objetivos presupuestales no serían logrados.</s>
    <s id="42">No hace falta decir que el programa del FMI no satisfizo sus compromisos.</s>
    <s id="43">Rara vez se recupera la confianza cuando una economía cae en una profunda recesión y en el desempleo de dos dígitos.</s>
  </p>
  <p id="12">
    <s id="44">Quizá un dictador militar, como Pinochet en Chile, podría suprimir los disturbios sociales y políticos que surgen en tales condiciones.</s>
    <s id="45">Pero en la democracia argentina eso fue imposible.</s>
    <s id="46">En varias visitas a Argentina, me sorprendí del largo tiempo que llevaban los argentinos sufriendo; para mí, que los alborotos callejeros hayan destituido al presidente de Argentina no es tan sorprendente como que los disturbios hayan tomado tanto tiempo en manifestarse.</s>
  </p>
  <p id="13">
    <s id="47">Hay siete lecciones que deben ser ahora mensionadas:</s>
  </p>
  <p id="14">
    <s id="48">1.</s>
    <s id="49">En un mundo de tasas cambiarias volátiles, fijar una moneda a otra como el dólar es muy riesgoso.</s>
    <s id="50">Hace años que se debía haber aconsejado a Argentina que dejara su sistema cambiario.</s>
  </p>
  <p id="15">
    <s id="51">2.</s>
    <s id="52">La globalización expone a un país a enormes sacudidas.</s>
    <s id="53">Las naciones deben enfrentarse a esas sacudidas.</s>
    <s id="54">Los ajustes de las tasas de cambio son parte del mecanismo de asimilación.</s>
  </p>
  <p id="16">
    <s id="55">3.</s>
    <s id="56">Ignorar los contextos social y político es en riesgo propio.</s>
    <s id="57">Cualquier gobierno que aplica políticas que dejan a grandes facciones de la población desempleada o subempleada, no está cumpliendo su misión primaria.</s>
  </p>
  <p id="17">
    <s id="58">4.</s>
    <s id="59">Enfocarse exclusivamente en la inflación -sin prestar atención al desempleo o al crecimiento- es riesgoso.</s>
  </p>
  <p id="18">
    <s id="60">5.</s>
    <s id="61">Para tener crecimiento se requiere de instituciones financieras que brinden créditos a las firmas domésticas.</s>
    <s id="62">Vender los bancos a extranjeros, sin crear las salvaguardas apropiadas, puede impedir el crecimiento y la estabilidad.</s>
  </p>
  <p id="19">
    <s id="63">6.</s>
    <s id="64">Uno en rara ocasión restablece la fortaleza -o la confianza- económica con políticas que forzan a una economía a una profunda recesión.</s>
    <s id="65">El FMI sufre de su mayor culpabilidad por insistir en políticas contractivas.</s>
  </p>
  <p id="20">
    <s id="66">7.</s>
    <s id="67">Hacen falta mejores métodos para enfrentar situaciones relacionadas con Argentina.</s>
    <s id="68">Ese fue mi argumento durante la crisis de Asia del Este; el FMI argumentó en mi contra, prefiriendo su estrategia de gran salvamento.</s>
    <s id="69">Ahora el FMI reconoce tardíamente que debería explorar las alternativas.</s>
  </p>
  <p id="21">
    <s id="70">El FMI trabajará duro para reasignar la culpa; habrá alegaciones relacionadas con la corrupción o se dirá que Argentina no tomó medidas necesarias.</s>
    <s id="71">Claro, el país necesitaba llevar a cabo otras reformas, pero seguir el consejo del FMI en cuanto a aplicar políticas contractivas sólo empeoró las cosas.</s>
    <s id="72">La crisis de Argentina debería recordarnos de la apremiante necesidad de reformar el sistema financiero global, y una profunda reforma del FMI es con lo que debemos empezar.</s>
  </p>
</document>
