<?xml version="1.0" encoding="utf-8"?>
<document>
  <HEADLINE>
    <s id="1">Bangladesh se está volviendo talibán</s>
  </HEADLINE>
  <p id="1">
    <s id="2">¿Se dirige Bangladesh hacia el agujero negro que consumió al Afganistán bajo los talibanes?</s>
    <s id="3">A medida que las fuerzas religiosas oficiales y fundamentalistas parecen actuar ahora con impunidad... y el aparente apoyo de la policía local, del gobernante Partido Nacional Bangladeshí (PNB) y de las autoridades locales, aumentan los temores al respecto.</s>
  </p>
  <p id="2">
    <s id="4">Durante muchos años, Bangladesh fue una excepción en el mundo islámico, al seguir un rumbo independiente de forma pacífica, secular y democrática.</s>
    <s id="5">Tradicionalmente, conforme a las enseñanzas místicas sufíes bengalíes, la mayoritaria población musulmana vivía pacíficamente con otras religiones y Bangladesh tenía una buena ejecutoria en materia de educación y derechos civiles de las mujeres.</s>
    <s id="6">Hasta hace poco, los fundamentalistas islámicos estaban desacreditados, porque milicias como, por ejemplo, “al-Badr” y “Razakar” habían apoyado atrocidades contra civiles durante la guerra civil de 1971.</s>
  </p>
  <p id="3">
    <s id="7">Esa situación empezó a cambiar en 2001, cuando la Primera Ministra Begum Jaleda Zia, viuda del asesinado hombre fuerte del ejército general Zia, substituyó el secularismo de la Constitución por la “Soberanía de Alá”.</s>
    <s id="8">Animado por ese cambio, el socio menor de la coalición encabezada por el PNB, Jamaat-e-Islami, que tiene vinculaciones con las milicias y sigue manteniendo una relación estrecha con el Pakistán, ha estado pidiendo la imposición de la Sharia (ley islámica).</s>
  </p>
  <p id="4">
    <s id="9">El PNB parece considerar el extremismo religioso un instrumento para desbaratar el poder de la Liga Awami, en la oposición, que cuenta con el apoyo en gran medida de las clases medias urbanas y seculares.</s>
    <s id="10">Asimismo, el aumento en gran escala del numero de madrasas (escuelas religiosas) financiada con dinero saudí y de los Estados del Golfo –que ascienden a un total de 64.000 y profesan el mismo Islam Deobandi fundamentalista que inspiró a los talibanes, forma parte de un claro intento de cambiar la cultura de tolerancia religiosa de Bangladesh.</s>
  </p>
  <p id="5">
    <s id="11">El peligro inherente al rumbo de Bangladesh es muy real.</s>
    <s id="12">Los funcionarios de los servicios de inteligencia indios afirman que el dirigente del socio de coalición del PNB, mufti Fazlul Haque Amini, mantiene vínculos con el proscrito grupo islamista armado Harkat-ul-Jihad-al-Islami, o Huji, que, a su vez, está supuestamente vinculado con Al Qaeda.</s>
    <s id="13">En 1999, miembros del Huji intentaron asesinar al poeta moderado Shamshur Rahman con un hacha.</s>
    <s id="14">Cuarenta y cuatro miembros, dos de los cuales afirmaron haber sido enviados desde Sudáfrica y el Pakistán por Osama Ben Laden para distribuir dinero a las madrasas extremistas del Huji, fueron detenidos.</s>
  </p>
  <p id="6">
    <s id="15">Los obreros migrantes bangladeshíes en los Estados del Golfo que regresan a su país imbuidos de enseñanzas radicales wahhabistas y salafistas avivan aún más los fuegos.</s>
    <s id="16">En 2004 Bangla Bhai, que compite para lograr influencia entre los dirigentes islamistas radicales en el Bangladesh nordoccidental, intentó llevar a cabo una revolución islamista en varia provincias fronterizas con la India.</s>
    <s id="17">La rebelión, apoyada por la policía local y 10.000 seguidores, concluyó después de que el gobierno la reprimiera enérgicamente.</s>
  </p>
  <p id="7">
    <s id="18">La ONG Taskforce against Torture ha documentado más de 500 casos de torturas e intimidaciones por parte de islamistas radicales, quienes también han asesinado a partidarios del Partido Comunista, como, por ejemplo, Abdul Kayyam Badshah.</s>
    <s id="19">De hecho, también han puesto la mira en los hindúes, los cristianos y los budistas y más recientemente extremistas religiosos han atacado santuarios sufíes considerados idolátricos e incluso celebraciones culturales bengalíes que unen a toda las religiones en una identidad común.</s>
  </p>
  <p id="8">
    <s id="20">Por ejemplo, durante las oraciones de Ramadán del pasado mes de octubre, una muchedumbre de 1.000 personas arrasó una mezquita de la comunidad islámica Ahmadiyya.</s>
    <s id="21">Los 100.000 miembros de esa secta musulmana, que creen que Mahoma no fue el último profeta, han sido declarados infieles y el gobierno prohibió sus publicaciones hasta que el Tribunal Supremo de Bangladesh anuló la prohibición.</s>
    <s id="22">Multitud de hindúes, ahmadiyyas y miembros de comunidades tribales de las colinas de Chittagong, temiendo por su seguridad, han abandonado el país.</s>
  </p>
  <p id="9">
    <s id="23">La atmósfera de violencia es palpable en otros sentidos.</s>
    <s id="24">El pasado verano, la jeque Hasina, dirigente de la Liga Awami e hija del padre fundador de Bangladesh, sobrevivió a un ataque con granadas que mató al menos a 20 personas e hirió a varios centenares más.</s>
    <s id="25">No se ha llegado a detener a los asesinos.</s>
    <s id="26">El Alto Comisionado de Gran Bretaña en Bangladesh fue herido en un ataque similar de bomba el pasado mes de mayo.</s>
  </p>
  <p id="10">
    <s id="27">Hay que reconocer que las autoridades bengalíes –si bien presionadas por los países donantes- parecen notar que su país va camino de convertirse en un Estado fallido y están adoptando medidas enérgicas para detener a los asesinos islamistas, pese a que algunos de ellos forman parte de la coalición gobernante.</s>
    <s id="28">Además, se han proscrito dos grupos islámicos radicales, pero las detenciones esporádicas no serán suficientes para invertir esa deriva, si se permite el arraigo de la intolerancia.</s>
  </p>
  <p id="11">
    <s id="29">Un dato alentador es el de que en los últimos años el crecimiento económico anual ha ascendido al 5 por ciento, pero ahora muchos bangladeshíes temen por sus medios de vida, amenazados por las ilimitadas exportaciones textiles chinas tras la desaparición de los contingentes el año pasado.</s>
    <s id="30">El deterioro económico en Bangladesh no haría sino empeorar las tensiones intercomunitarias y brindar un terreno fértil para los partidarios de la yijad, pero con frecuencia las luchas políticas intestinas y los boicoteos de la oposición paralizan las reformas necesarias para prevenir ese deterioro.</s>
  </p>
  <p id="12">
    <s id="31">El mundo no puede permitirse el lujo de un segundo Afganistán en Bangladesh, donde se cree que miembros del Huji han dado asilo a muchos luchadores talibanes después de la caída de su régimen.</s>
    <s id="32">La presión de la India no será suficiente para obligar al gobierno bengalí a adherirse a la modalidad tolerante del Islam que el país practicó durante sus tres primeros decenios de independencia.</s>
    <s id="33">Todas las potencias de Asia, incluidos el Japón y China, tendrán que contribuir a parar la deriva de Bangladesh hacia el fanatismo y el caos.</s>
    <s id="34">El resto del mundo debe apoyarlas antes de que sea demasiado tarde.</s>
  </p>
</document>
