<?xml version="1.0" encoding="utf-8"?>
<document>
  <HEADLINE>
    <s id="1">Más allá de la pandemia</s>
  </HEADLINE>
  <p id="1">
    <s id="2">NUEVA YORK -- La Organización Mundial de la Salud acaba de declarar oficialmente que el virus de la gripe H1N1 constituye una pandemia mundial.</s>
    <s id="3">Los gobiernos, las organizaciones internacionales y las personas de todo el mundo están centrados correctamente en luchar contra ella.</s>
  </p>
  <p id="2">
    <s id="4">La velocidad con la que el virus H1N1 se ha extendido a casi todos los continentes pone de relieve nuestra interdependencia mutua.</s>
    <s id="5">En la actualidad, las repercusiones de la enfermedad en un país acaban sintiéndose en todos.</s>
    <s id="6">Así, pues, cualquier reacción eficaz debe estar basada en el sentido de la solidaridad mundial y en el interés propio, en el mejor sentido del término.</s>
  </p>
  <p id="3">
    <s id="7">Debemos reconocer una vez más que a este respecto todos vamos montados en el mismo tren.</s>
    <s id="8">Cuando una nueva enfermedad recorre el mundo, el acceso a las vacunas y los medicamentos antivirales no puede estar limitado a quienes puedan pagarlos.</s>
    <s id="9">Las naciones ricas no pueden abrigar la esperanza de conservar la salud, si las naciones pobres la pierden.</s>
    <s id="10">Se deben compartir transparente y rápidamente las muestras de virus y la información sobre ellos.</s>
    <s id="11">Los gobiernos y las empresas farmacéuticas más importantes deben velar por que las naciones más pobres reciban los suministros médicos que necesitan.</s>
  </p>
  <p id="4">
    <s id="12">Sin embargo, al tiempo que afrontamos la amenaza actual, debemos pensar en el futuro.</s>
    <s id="13">Más allá de esta pandemia, casi seguro que acecha otra más adelante... y potencialmente más grave.</s>
    <s id="14">Al movilizarnos para afrontar las demás amenazas a la salud que afligen a las poblaciones del mundo y en particular a las más pobres, deben guiarnos los mismos principios de solidaridad.</s>
  </p>
  <p id="5">
    <s id="15">En todo el mundo, una mujer muere cada minuto al dar a luz.</s>
    <s id="16">Más de mil millones de personas siguen padeciendo enfermedades tropicales desatendidas... con frecuencia fáciles de prevenir y de combatir.</s>
    <s id="17">Así como en otro momento eliminamos la viruela, así también podemos eliminar otras.</s>
    <s id="18">También conviene recordar que el 60 por ciento de la población mundial muere de enfermedades no transmisibles, como, por ejemplo, el cáncer y la cardiopatía.</s>
  </p>
  <p id="6">
    <s id="19">Ésa es la razón por la que, al hablar del desarrollo y la estabilidad de las naciones, hacemos tanto hincapié en la salud, en particular la de los más vulnerables y por lo que, en una época de múltiples crisis, esta semana abordaremos en Nueva York la cuestión de la salud.</s>
  </p>
  <p id="7">
    <s id="20">Seguir invirtiendo en la salud mundial tiene sentido tanto desde el punto de vista de las vidas salvadas como de los dólares ahorrados.</s>
    <s id="21">Las personas sanas son más productivas.</s>
    <s id="22">Faltan menos días al trabajo, viven más años, asisten a la escuela durante más años y suelen tener menos hijos y más prósperos, porque invierten más en los que tienen.</s>
    <s id="23">Los estudios hechos al respecto han mostrado que las inversiones en atención de salud pueden dar un rendimiento seis veces mayor.</s>
    <s id="24">Por ofrecer un solo ejemplo: se ha calculado que las repercusiones mundiales de las muertes de madres y niños recién nacidos ascienden a unos 15.000 millones de dólares al año en pérdida de productividad.</s>
  </p>
  <p id="8">
    <s id="25">Y, sin embargo, en tiempos de vacas flacas el gasto en salud es con frecuencia uno de los primeros que se reducen.</s>
    <s id="26">Durante las recesiones pasadas, en particular en las economías en desarrollo, la mejor atención ha solido ir dedicada a los adinerados; con demasiada frecuencia se ha dejado a los pobres que se valgan por sí mismos, pero la salud económica y social de cualquier sociedad depende de la salud física de todos sus miembros.</s>
    <s id="27">Cuando los gobiernos recortan el gasto en atención primaria de salud para sus ciudadanos más pobres, la sociedad entera paga en última instancia un alto precio.</s>
    <s id="28">En la actualidad grandes regiones de África, América Latina y Asia siguen sin haberse recuperado de los errores cometidos durante contracciones económicas anteriores.</s>
  </p>
  <p id="9">
    <s id="29">Nada es más importante que invertir en salud materna.</s>
    <s id="30">En los países más pobres en particular, las mujeres constituyen el tejido de la sociedad.</s>
    <s id="31">Ellas son, de forma desproporcionada, las que cultivan la tierra, transportan el agua, crían y educan a los hijos y cuidan de los enfermos.</s>
    <s id="32">Así, pues, la inversión en salud materna debe ser una de las máximas prioridades.</s>
    <s id="33">Sin embargo, de todos los objetivos de desarrollo del milenio, el de la salud materna es el que menos se ha conseguido.</s>
  </p>
  <p id="10">
    <s id="34">A consecuencia de ello, en 2005 las tasas de mortalidad a escala mundial fueron 400 muertes maternas por 100.000 nacidos vivos... sin apenas cambios desde 1990.</s>
    <s id="35">En África, la proporción es de 900 por 100.000.</s>
    <s id="36">La dura realidad que hay detrás de esas cifras es ésta: están muriendo madres, con mucha frecuencia jóvenes, por carecer de lo que la mayoría de nosotros damos por sentado en el siglo XXI, el acceso a una atención de salud asequible.</s>
  </p>
  <p id="11">
    <s id="37">La atención de salud materna es también un barómetro para saber si funciona bien un sistema.</s>
    <s id="38">Si las mujeres tienen acceso a hospitales y clínicas, es menos probable que mueran al dar a luz y, a su vez, esos hospitales y clínicas, reducen también las tasas de morbilidad y mortalidad causadas por otras enfermedades.</s>
  </p>
  <p id="12">
    <s id="39">Sería imperdonable no movilizar los recursos y hacer acopio de voluntad política para poner fin a esa absurda tragedia.</s>
    <s id="40">Hemos logrado avances en muchos otros frentes.</s>
    <s id="41">Faltan pocos años para que pongamos fin a las muertes por paludismo.</s>
    <s id="42">La inmunización en gran escala ha eliminado en gran medida la poliomielitis.</s>
    <s id="43">Gracias a los nuevos programas de rehidratación oral y mejora del agua y del saneamiento, hemos logrado señalados beneficios en el tratamiento de la disentería y otras enfermedades parasitarias, lo que ha contribuido a una reducción en un 27 por ciento de las tasas de mortalidad de niños menores de cinco años de edad entre 1990 y 2007.</s>
  </p>
  <p id="13">
    <s id="44">Sí, el mundo afronta su primera pandemia de gripe en más de cuarentas años.</s>
    <s id="45">Debemos seguir en guardia contra los cambios de los virus.</s>
    <s id="46">También debemos estar preparados para afrontar repercusiones potencialmente diferentes en zonas del mundo en las que hay prevalencia de la malnutrición, VIH/SIDA y otras afecciones graves.</s>
    <s id="47">En una palabra, debemos permanecer vigilantes y seguir afrontando activamente esta pandemia.</s>
    <s id="48">Al mismo tiempo, la pandemia nos recuerda que debemos pensar y actuar en todo lo demás.</s>
    <s id="49">Sólo así podemos proteger de verdad a nuestras poblaciones, nuestros países, nuestra economía y nuestra sociedad mundial.</s>
  </p>
</document>
