<?xml version="1.0" encoding="utf-8"?>
<document>
  <HEADLINE>
    <s id="1">El viejo nuevo mundo de la biotecnología</s>
  </HEADLINE>
  <p id="1">
    <s id="2">Quienes son escépticos acerca de la biotecnología la descalifican como algo no probado, no demostrado, no natural e incontrolable.</s>
    <s id="3">Nada podría estar más lejos de la verdad.</s>
    <s id="4">Por el contrario, ni la biotecnología ni la ingeniería genética son algo nuevo, y los consumidores, gobiernos e industrias tienen una experiencia prolongada, amplia y positiva con ambas.</s>
  </p>
  <p id="2">
    <s id="5">La biotecnología temprana (la aplicación de los sistemas biológicos a procesos técnicos o industriales) se remonta al 6000 A.C., cuando los babilonios utilizaban microorganismos especializados para la fermentación y producción de bebidas alcohólicas.</s>
    <s id="6">La ingeniería genética se puede ver en el reconocimiento del hombre de que los animales y las plantas de cultivo se pueden seleccionar y criar para mejorar las características deseadas.</s>
    <s id="7">Los primeros biólogos y agricultores llevaron a cabo la selección de rasgos deesados, generando cambios (aunque comprendían muy poco en qué consistían éstos) en el material genético de los organismos.</s>
  </p>
  <p id="3">
    <s id="8">Para decirlo de otra manera, la "naturaleza" no nos dio uvas sin semillas, ni el tangelo (un híbrido entre mandarina y uva) ni las fresas resistentes a los hongos: los agricultores y criaderos de plantas lo hicieron.</s>
    <s id="9">Durante el siglo pasado, la mejor comprensión de la genética a nivel molecular ha contribuido a la sofisticación de la mejora genética de todo tipo de organismos.</s>
  </p>
  <p id="4">
    <s id="10">Quienes se oponen a la biotecnología lanzan repetidas e insistentes advertencias acerca del desplazamiento de "genes fuera de control" entre los cultivos y sus parientes silvestres (o domesticados).</s>
    <s id="11">Pero, a riesgo de mezclar metáforas, este es un "falso señuelo".</s>
  </p>
  <p id="5">
    <s id="12">El flujo de genes ocurre con mucha frecuencia.</s>
    <s id="13">Todas las plantas de cultivos tienen parientes en algún lugar, y es común que ocurra un flujo de genes si las dos poblaciones de cultivan cerca una de la otra.</s>
    <s id="14">El flujo de genes de parientes silvestres a plantas de cultivo incluso puede ser estimulado por los agricultores de subsistencia para mantener la base genética general de las variedades que plantan, al usar semillas cosechadas en un cultivo anterior.</s>
    <s id="15">Tal flujo de genes no ocurre cuando los agricultores compran sus semillas a productores de semillas, por supuesto, pero en ese caso el flujo de genes en la otra dirección es también posible: los genes de la planta cultivada pueden terminar en su pariente silvestre.</s>
  </p>
  <p id="6">
    <s id="16">Es más probable que esto ocurra si los genes de la planta de cultivo aportan una ventaja selectiva al receptor, lo que es poco común en el caso de la manipulación de genes, cuando lo más frecuente es que el gen agregado haga que el receptor tenga una des ventaja natural.</s>
    <s id="17">El peor escenario sería la transferencia de genes desde plantas diseñadas para tener una mayor resistencia a ciertos herbicidas.</s>
    <s id="18">Una vez que el gen se ha trransferido al pariente silvestre, habrá una fuerte presión de selección para quedarse allí si se utiliza el mismo herbicida, haciendo que los parientes silvestres más propensos a desarrollar maleza sean más difíciles de controlar.</s>
    <s id="19">Pero incluso este escenario no plantea problemas de seguridad ecológica o alimentaria.</s>
    <s id="20">Puesto que, si se volviera inconveniente el uso de un herbicida, los agricultores podrían usar otro.</s>
  </p>
  <p id="7">
    <s id="21">La transferencia de genes es una preocupación de muy larga data para los agricultores.</s>
    <s id="22">Cultivando cientos de tipos de plantas, de las cuales prácticamente todas habían sido mejoradas genéticamente, quienes practicaban la agricultura "convencional" en América del Norte desarrollaron meticulosas estrategias para prevenir la contaminación cruzada del polen en los campos, siempre que fuera necesario por razones comerciales.</s>
  </p>
  <p id="8">
    <s id="23">Un buen ejemplo es la canola, la semilla de colza genéticamente mejorada desarrollada hace medio siglo por los criadores de plantas canadienses.</s>
    <s id="24">El aceite original de colza era dañino si se ingería, debido a sus altos niveles de ácido erúcico.</s>
    <s id="25">Después de que la cría convencional de plantas produjo variedades de colza con bajas concentraciones de ácido erúcico, el aceite de canola se convirtió en el de mayor consumo en Canadá.</s>
    <s id="26">Pero el aceite de colza con altos niveles de ácido erúcico aún se usa como lubricante y plasticizador.</s>
    <s id="27">De modo que las variedades de colza con alto y bajo contenido de ácido erúcico se deben segregar cuidadosamente en el campo y los procesos posteriores a éste.</s>
    <s id="28">Los agricultores y procesadores canadienses hacen esto de manera rutinaria y sin problemas.</s>
  </p>
  <p id="9">
    <s id="29">Estas aplicaciones de la biotecnología convencional, o ingeniería genética, representan monumentales éxitos científicos, tecnológicos, comerciales y humanitarios.</s>
    <s id="30">Pero las técnicas eran relativamente poco sofisticadas y recientemente se las ha complementado (y en muchos casos, reemplazado) con la "nueva biotecnología", un conjunto de técnicas de habilitación que hacen posible la modificación genética a nivel molecular.</s>
    <s id="31">El prototipo de estas técnicas, que en su conjunto se denominan manipulación o modificación genética ("MG") es un método más preciso, mejor comprendido y más predecible para alterar material genético de lo que era posible con anterioridad.</s>
  </p>
  <p id="10">
    <s id="32">Un bien fundamentado y prestigioso análisis realizado en 1989 por el Consejo Nacional de Investigación de EEUU resumió el consenso científico: "Con las técnicas clásicas de transferencia genética, es posible transferir una cantidad variable de genes, dependiendo del mecanismo de transferencia.</s>
    <s id="33">Pero es difícil predecir la cantidad precisa de rasgos que se han transferido y no siempre podemos predecir los rasgos resultantes.</s>
    <s id="34">Con los organismos modificados mediante métodos moleculares, estamos en una mejor posición, si bien no perfecta, para predecir estos rasgos".</s>
  </p>
  <p id="11">
    <s id="35">El "producto" deseado de la manipulación genética puede ser el organismo modificado mismo (una bacteria que limpie los derrames de petróleo, un virus debilitado que se pueda usar como vacuna, o un árbol de papaya resistente a los virus) o puede ser un producto biosintético de las células, como la insulina humana producida en las bacterias o el aceite exprimido de las semillas.</s>
  </p>
  <p id="12">
    <s id="36">En todo el mundo se han cultivado y cosechado plantas manipuladas genéticamente, en más de 100 millones de acres cada año.</s>
    <s id="37">Más de dos tercios de los alimentos procesados en EEUU contienen ingredientes derivados de organismos manipulados genéticamente.</s>
    <s id="38">Ni ha habido una sola mala experiencia que haya causado lesiones a personas o daños a ecosistemas.</s>
    <s id="39">De modo que tanto la teoría como la experiencia confirman la extraordinaria predictabilidad y seguridad de la tecnología de manipulación genética y sus productos.</s>
  </p>
  <p id="13">
    <s id="40">Las nuevas técnicas de manipulación genética han brindado una gran variedad de nuevas herramientas de investigación y productos comerciales , y han comenzado a cambiar la manera en que llevamos a cabo la investigación biológica y a aumentar las alternativas disponibles para los agricultores, productores de alimentos, médicos y consumidores.</s>
    <s id="41">Pero no son más que una ampliación, o refinamiento, de los tipos de modificación genética que existieron antes de la era de la "nueva biotecnología".</s>
    <s id="42">Así es que, bienvenidos al Viejo Nuevo Mundo de la Tecnología.</s>
  </p>
</document>
