<?xml version="1.0" encoding="utf-8"?>
<document>
  <HEADLINE>
    <s id="1">Energía renovable y pobreza</s>
  </HEADLINE>
  <p id="1">
    <s id="2">MIAMI – El secretario general de las Naciones Unidas, Ban Ki-moon, declaró: “Los más afectados por el cambio climático son los pobres”.</s>
    <s id="3">Lo cual es cierto, porque los pobres son los más vulnerables y los que menos recursos tienen para adaptarse al cambio.</s>
    <s id="4">Pero a menudo se olvida que las políticas actuales contra el calentamiento global están causando un gran aumento del costo de la energía que perjudica sobremanera a los habitantes más pobres del mundo.</s>
  </p>
  <p id="2">
    <s id="5">La generación de energía solar y eólica recibió 60.000 millones de dólares en subsidios en 2012.</s>
    <s id="6">Esto implica que el mundo gastó en energía 60.000 millones de dólares más que lo necesario.</s>
    <s id="7">Y como el beneficio climático logrado equivale a unos escasos 1.400 millones de dólares, esto quiere decir, básicamente, que con los subsidios se derrocharon 58.600 millones de dólares.</s>
    <s id="8">Además, se usaron otros 19.000 millones de dólares en subsidios a los biocombustibles, básicamente sin ningún beneficio climático.</s>
    <s id="9">Todo ese dinero se podría haber usado en mejorar la atención de la salud, contratar más maestros, hacer mejores rutas o reducir impuestos.</s>
  </p>
  <p id="3">
    <s id="10">Obligar a todo el mundo a comprar energía más cara y menos confiable eleva los costos en toda la economía y deja menos dinero disponible para la provisión de otros bienes públicos.</s>
    <s id="11">En promedio, los modelos macroeconómicos señalan que desde 2020 hasta que termine el siglo, el costo total de la política climática de la UE será 209.000 millones de euros (280.000 millones de dólares) por año.</s>
  </p>
  <p id="4">
    <s id="12">El peso de estas políticas cae de lleno sobre los pobres del mundo, ya que para los ricos es fácil pagar más por la energía que consumen.</s>
    <s id="13">No deja de sorprenderme ver a ambientalistas bienintencionados y de buen pasar económico afirmar con total desparpajo que hay que duplicar los precios de la gasolina o demandar que toda la electricidad se genere a partir de costosas fuentes ecológicas.</s>
    <s id="14">Medidas que tal vez sean bien recibidas en el pudiente condado de Hunterdon, Nueva Jersey, cuyos residentes sólo gastan el 2% de sus ingresos en gasolina.</s>
    <s id="15">Pero el 30% más pobre de la población estadounidense gasta en gasolina casi el 17% de su ingreso neto de impuestos.</s>
  </p>
  <p id="5">
    <s id="16">Los ambientalistas también celebran que las familias del Reino Unido redujeron el consumo de electricidad casi un 10% desde 2005.</s>
    <s id="17">Pero olvidan mencionar que esto se corresponde con un 50% de aumento de los precios de la electricidad, que se gasta principalmente en llevar el uso de energías renovables del 1,8% al 4,6% del total.</s>
  </p>
  <p id="6">
    <s id="18">Los pobres (qué novedad) redujeron su consumo mucho más que el 10%, mientras que los ricos no lo redujeron en absoluto.</s>
    <s id="19">En el transcurso de los últimos cinco años, calefaccionar un hogar en el Reino Unido se volvió 63% más caro, al mismo tiempo que cayeron los salarios reales.</s>
    <s id="20">Ahora un 17% de las familias son pobres en materia de energía, es decir, tienen que gastar más del 10% de sus ingresos en energía; y como los ancianos suelen ser comparativamente más pobres, cerca de un cuarto de sus hogares son energéticamente pobres.</s>
    <s id="21">Pensionados menesterosos deben quemar libros viejos para calentarse (porque son más baratos que el carbón), se pasan el día andando en autobuses calefaccionados y la tercera parte dejó de calefaccionar sus hogares.</s>
  </p>
  <p id="7">
    <s id="22">En Alemania, donde este año los subsidios ecológicos costarán 23.600 millones de euros, los precios de la electricidad aumentaron un 80% desde 2000, llevando a 6,9 millones de familias a vivir en la pobreza energética.</s>
    <s id="23">Los bávaros ricos que son dueños de sus casas pueden sentirse orgullosos de sus ineficientes paneles solares, mientras reciben generosos subsidios que básicamente pagan los inquilinos pobres del Ruhr, que no tienen dinero para comprarse un panel solar y encima tienen que pagar más por la electricidad.</s>
  </p>
  <p id="8">
    <s id="24">Y la lista continúa.</s>
    <s id="25">En Grecia, donde la suba de los impuestos al fueloil aumentó un 48% el costo de la calefacción, cada vez más atenienses derriban árboles en los parques para hacer fuego, con lo que la contaminación del aire se triplicó.</s>
  </p>
  <p id="9">
    <s id="26">Pero la peor parte del costo de las políticas climáticas se la llevan los países en desarrollo, donde tres mil millones de personas carecen de acceso a fuentes de energía baratas y abundantes, lo que perpetúa su pobreza.</s>
    <s id="27">Para cocinar y mantenerse calientes deben quemar ramitas y estiércol, produciendo un nivel de contaminación del aire doméstico que es causa de 3,5 millones de muertes al año: este es, por mucha diferencia, el mayor problema ambiental del mundo.</s>
  </p>
  <p id="10">
    <s id="28">El acceso a la electricidad podría resolver ese problema y al mismo tiempo permitiría a las familias leer de noche, refrigerar la comida para que no se les eche a perder o usar una computadora para conectarse con el mundo.</s>
    <s id="29">Además, las empresas podrían ser más competitivas, lo que alentaría la creación de empleo y el crecimiento económico.</s>
  </p>
  <p id="11">
    <s id="30">Tomemos por caso Pakistán y Sudáfrica, donde la falta de capacidad de generación produce frecuentes apagones que trastornan la actividad de las empresas y provocan pérdida de puestos de trabajo.</s>
    <s id="31">A pesar de ello, muchos occidentales bienintencionados y sus gobiernos han puesto numerosos reparos a la financiación de nuevas usinas de carbón en ambos países y sugieren usar fuentes renovables como solución alternativa.</s>
  </p>
  <p id="12">
    <s id="32">Esto es hipócrita.</s>
    <s id="33">En los países ricos sólo generamos el 1,2% de nuestra energía a partir de las carísimas tecnologías solar y eólica, y jamás aceptaríamos tener energía solamente cuando haya viento.</s>
    <s id="34">En los próximos dos años, Alemania construirá diez usinas de carbón nuevas para generar electricidad.</s>
  </p>
  <p id="13">
    <s id="35">En 1971, el 40% de la energía que consumía China procedía de fuentes renovables.</s>
    <s id="36">Luego China impulsó un explosivo crecimiento económico apelando casi exclusivamente al uso del carbón, altamente contaminante, con lo que sacó a 680 millones de personas de la pobreza.</s>
    <s id="37">Hoy China obtiene del sol y el viento un insignificante 0,23% de la energía que consume.</s>
    <s id="38">En cambio África obtiene el 50% de fuentes renovables y sigue siendo pobre.</s>
  </p>
  <p id="14">
    <s id="39">Un nuevo análisis del Centro para el Desarrollo Global le pone cifras a nuestro desinterés por los pobres del mundo.</s>
    <s id="40">Invirtiendo en energías renovables, podemos sacar a una persona de la pobreza por alrededor de 500 dólares.</s>
    <s id="41">Pero generando electricidad con gas, esa misma suma permitiría sacar de la pobreza a más de cuatro personas.</s>
    <s id="42">Por pensar solamente en el clima, estamos dejando deliberadamente a más de tres de cada cuatro personas en la oscuridad y la pobreza.</s>
  </p>
  <p id="15">
    <s id="43">Resolver de manera efectiva el calentamiento global demandará innovaciones a largo plazo que pongan la energía no contaminante al alcance de todos.</s>
    <s id="44">Mientras eso no ocurra, derrochar enormes sumas de dinero a costa de los pobres del mundo no es ninguna solución.</s>
  </p>
  <SOURCE TRANSLATOR="Esteban Flamini" />
</document>
