<?xml version="1.0" encoding="utf-8"?>
<document>
  <HEADLINE>
    <s id="1">Blair y su desastrosa presidencia del Consejo Europeo</s>
  </HEADLINE>
  <p id="1">
    <s id="2">Cuando los votantes franceses y holandeses rechazaron la propuesta de Constitución para la Unión Europea, el mundo supo que el proyecto europeo estaba en serios problemas.</s>
    <s id="3">La intensa batalla de la semana pasada acerca del futuro a mediano plazo del presupuesto de la Unión ha confirmado con creces ese veredicto.</s>
    <s id="4">También llevó a un triste fin la presidencia de seis meses del Reino Unido en el Consejo Europeo, confirmando la tradicional reputación de los ingleses como los "bichos raros" de la Unión Europea.</s>
  </p>
  <p id="2">
    <s id="5">Los dos acontecimientos están estrechamente vinculados.</s>
    <s id="6">Los votantes franceses y holandeses no dijeron por qué votaron contra la Constitución propuesta.</s>
    <s id="7">Pero muchos comentaristas cree que protestaban contra lo que percibían como la admisión precipitada de diez nuevos estados miembros, principalmente países mucho más pobres de Europa central y del este.</s>
    <s id="8">En particular, los votantes tenían temor de perder sus empleos ante hordas de inmigrantes del este, lo cual se ejemplificó en una imagen citada una y otra vez en esos días, la del plomero polaco que cobra barato.</s>
  </p>
  <p id="3">
    <s id="9">Por supuesto, la ironía es que la mayoría de los antiguos estados miembros se habían negado a dar a los miembros nuevos un acceso completo e inmediato a los mercados laborales occidentales.</s>
    <s id="10">En todo caso era demasiado tarde para protestar, puesto que los diez estados del este ya habían obtenido la membresía de la Unión.</s>
  </p>
  <p id="4">
    <s id="11">No obstante, ahora los 25 estados miembros deben afrontar las consecuencias financieras de esa ampliación, no sólo en cuanto al tamaño general del presupuesto de la Unión Europea para los próximos siete años, sino en lo referente a quién paga y quién se beneficia.</s>
    <s id="12">En particular, el problema central es cuánto están dispuestos a pagar los estados miembros antiguos para estimular las economías menos desarrolladas de los nuevos miembros.</s>
  </p>
  <p id="5">
    <s id="13">Finalmente ocurrió una batalla a tres frentes entre Gran Bretaña, Francia y los nuevos estados miembros.</s>
    <s id="14">Tradicionalmente una gran mayoría del presupuesto se ha destinado a la agricultura o al desarrollo de las regiones atrasadas.</s>
    <s id="15">En la práctica, esto ha significado grandes flujos de dinero ya sea a los grandes productores agrícolas como Francia, o los estados miembros más pobres, como Grecia y Portugal.</s>
    <s id="16">En ambos aspectos, los nuevos estados miembros esperaban beneficiarse sustancialmente del sistema de la UE.</s>
  </p>
  <p id="6">
    <s id="17">En el pasado, el gran perdedor del sistema de la UE, en términos presupuestarios, era el Reino Unido, ya que mientras la agricultura constituía dos tercios del gasto total de la UE, los británicos tenían un pequeño sector agrícola y, en consecuencia, recibían pequeños pagos por ese concepto.</s>
    <s id="18">Por largo tiempo los británicos se quejaron de lo injusto de estas reglas, especialmente en vista del hecho de que el Reino Unido era uno de los miembros relativamente más pobres, y en 1984 el gobierno conservador de Margaret Thatcher exigió y obtuvo una enorme devolución sobre su contribución neta al presupuesto de la UE.</s>
  </p>
  <p id="7">
    <s id="19">Hoy la situación ha cambiado en tres aspectos importantes.</s>
    <s id="20">Se ha comenzado a reformar la política agrícola de la UE y su parte del presupuesto ha caído de más del 60% al 40%; durante varios años Gran Bretaña ha experimentado un crecimiento económico significativamente más rápido que el de los demás estados miembros, por lo que ahora es uno de los países de la UE más ricos, incluso comparado con Francia y Alemania, y los nuevos estados miembros son tanto más pobres que incluso el más pobre de los miembros antiguos, que tienen un innegable derecho moral a una generosa parte de cualquier presupuesto que se negocie.</s>
  </p>
  <p id="8">
    <s id="21">Cuando las negociaciones comenzaron hace seis meses, era el turno de Gran Bretaña de asumir la Presidencia del Consejo Europeo.</s>
    <s id="22">Tony Blair, el Primer Ministro británico, electrizó al mundo de los políticos europeos al decir en el Parlamento Europeo que era un "pro-europeo apasionado".</s>
    <s id="23">Este era un mensaje que los amigos europeos de Gran Bretaña durante mucho tiempo habían abrigado esperanzas de escuchar, y que habían estado esperando en vano desde la elección de Blair en 1997.</s>
    <s id="24">Ciertamente, nunca había expresado un sentimiento así dentro de las Islas Británicas en los ocho años anteriores.</s>
  </p>
  <p id="9">
    <s id="25">Puesto que Gran Bretaña había sido uno de los más insistentes promotores de la ampliación de la UE a los candidatos de Europa central y del este, uno podría haber esperado que el gobierno de Blair hubiera deseado ser igual de generoso ante los recién llegados durante la conducción de las negociaciones presupuestarias.</s>
  </p>
  <p id="10">
    <s id="26">Al principio, esta parecía ser la táctica escogida por el gobierno británico.</s>
    <s id="27">Contra todas las expectativas, logró una posición moralmente ventajosa al ofrecer renunciar a parte de su devolución presupuestaria, pero sólo si el resto de la Unión Europea (y Francia en particular) aceptaba hacer reformas fundamentales a la política agrícola de la UE.</s>
    <s id="28">Fue necesario algún tiempo para que llegaran a comprender que, puesto que el Presidente Chirac es un mandatario saliente y arrinconado que conservaba el puesto pero no el poder hasta 2007, no estaba en condiciones de aceptar un trato como ese.</s>
  </p>
  <p id="11">
    <s id="29">De modo que cuando los británicos finalmente entendieron esta dura realidad, hicieron un lamentable papel en su manejo de las negociaciones, con una actitud pequeña y egoísta y propuestas fuera de toda lógica, todo con la intención principal de proteger los estrechos intereses británicos y fundamentalmente a costa de los nuevos estados miembros.</s>
  </p>
  <p id="12">
    <s id="30">Es un triste final para una presidencia iniciada hace seis meses con la afirmación de Blair de ser un "pro-europeo apasionado".</s>
    <s id="31">Sin embargo, el texto completo de su discurso lo dice todo.</s>
    <s id="32">Blair está a favor de Europa, pero no de esta Europa.</s>
    <s id="33">Quiere ser parte de una Europa política, pero sólo si los demás estados miembros siguen el modelo británico de reforma económica y social.</s>
  </p>
  <p id="13">
    <s id="34">El problema es que las reformas política y social son responsabilidades exclusivamente nacionales y están fuera de las competencias de la Unión; si ha de haber una reforma política y social en Francia y Alemania, eso dependerá únicamente de los votantes y políticos franceses y alemanes.</s>
    <s id="35">Podría ser un asunto europeo si la UE fuera una verdadera federación.</s>
  </p>
  <p id="14">
    <s id="36">Entonces, ¿es Blair federalista?</s>
    <s id="37">¡Por cierto que no!</s>
    <s id="38">Es nada más que un nacionalista irreflexivo que vive aterrado de la prensa amarilla nacionalista de su país.</s>
    <s id="39">¿Y por qué dice entonces que es un pro-europeo apasionado?</s>
    <s id="40">Porque no ha pensado realmente en el asunto ni por un minuto.</s>
  </p>
</document>
