<?xml version="1.0" encoding="utf-8"?>
<document>
  <HEADLINE>
    <s id="1">Es muy fácil echarle la culpa al Islam</s>
  </HEADLINE>
  <p id="1">
    <s id="2">Los ataques terroristas sobre los Estados Unidos y la guerra en contra de los talibanes han generado amplias especulaciones sobre la relación entre la cultura y el desarrollo económico.</s>
    <s id="3">Entre ellas destaca la pregunta sobre si el mundo islámico es incapaz de modernizarse porque su cultura está atrapada en la Edad Media.</s>
    <s id="4">¿Es el escaso desarrollo económico en gran parte de Medio Oriente y Asia Central producto de prácticas religiosas que son hostiles al crecimiento económico?</s>
  </p>
  <p id="2">
    <s id="5">Lo que usualmente se dice es que el mundo islámico no pasó por un proceso como el de la Ilustración europea, cuando se separaron Estado y religión, se adoptaron ideas científicas modernas y cambiaron las actitudes culturales hacia las mujeres.</s>
    <s id="6">Como resultado, se alega, el mundo islámico no puede responder a las demandas de la modernización, ni en tecnología ni en prácticas culturales, como conceder derechos a las mujeres, lo que es necesario para el éxito económico en el mundo moderno.</s>
  </p>
  <p id="3">
    <s id="7">Como siempre sucede con las generalizaciones, hay elementos de verdad mezclados en una gran masa de confusión.</s>
    <s id="8">La verdad es que ciertas prácticas culturales fomentan la modernización económica.</s>
    <s id="9">Entre ellas se encuentran la tendencia a una mayor igualdad entre hombres y mujeres y los papeles que desempeñan en la sociedad; una cultura que recompensa los logros educativos con un estatus social más alto; la secularización de muchos aspectos de la vida contemporánea, incluyendo la preeminencia de las ciencias modernas; y prácticas culturales que favorecen la mobilidad social en las opciones de empleo.</s>
    <s id="10">Lo falso es creer que algunas culturas son estáticas y enemigas del cambio, mientras que otras son de alguna forma únicas en su modernidad.</s>
  </p>
  <p id="4">
    <s id="11">En todas partes del mundo, las culturas se han tenido que ajustar a los cambios que se han dado en los últimos doscientos años en la organización económica, la tecnología y el conocimiento científico.</s>
    <s id="12">En Europa occidental y los Estados Unidos, por ejemplo, la aceptación cultural de la igualdad social y económica entre hombres y mujeres ha requerido un largo proceso de luchas políticas y de evolución de las normas sociales.</s>
    <s id="13">El ritmo del cambio ha tenido grandes variaciones en distintas regiones y subgrupos culturales.</s>
  </p>
  <p id="5">
    <s id="14">El mundo islámico, que se extiende por más de 15,000 kilómetros, docenas de países y que cuenta con más de mil millones de seguidores de la fe, también está sujeto a amplias variaciones culturales.</s>
    <s id="15">Los páises islámicos de la región del Mediterráneo (como Marruecos, Túnez, Egipto y Turquía) son distintos política y culturalmente de aquéllos que están en la península arábiga (como Arabia Saudita, Yemen, Omán), que a su vez difieren de los que se encuentran en Asia Central (como Afganistán, Pakistán, Tajikistán), el sureste asiático (como Indonesia y Malasia) y el Africa subsahariana (como Mali y Chad).</s>
  </p>
  <p id="6">
    <s id="16">Tomemos un ejemplo: el número de hijos por mujer en la sociedad, conocido como ''tasa total de fertilidad''.</s>
    <s id="17">En sociedades donde no se permite a las mujeres trabajar y se espera que se queden en casa criando a sus hijos, el número de niños es muy alto.</s>
    <s id="18">El crecimiento económico tiende a verse afectado: cuando los hogares pobres tienen muchos niños, la educación que se da a cada uno de ellos también tiende a ser reducida.</s>
  </p>
  <p id="7">
    <s id="19">En algunas partes del mundo islámico, sobre todo en la península arábiga, la tasa de fertilidad sigue siendo muy elevada.</s>
    <s id="20">Una mujer en Yemen tendrá, a lo largo de su vida, más de 7 hijos en promedio.</s>
    <s id="21">En Arabia Saudita el promedio es de más de 6.</s>
    <s id="22">En otros lugares del mundo islámico, la tasa de fertilidad es mucho menor y ha caído en las últimas décadas, lo que indica un cambio importante en las normas culturales.</s>
    <s id="23">En Túnez, la tasa de fertilidad promedio ha disminuido de 6.2 en la década de los setenta a 2.3 en la actualidad, apenas por encima del promedio de 2.0 en los Estados Unidos.</s>
    <s id="24">De manera similar, en Turquía la tasa de fertilidad cayó de 5.2 a principios de los setenta a 2.7 a finales de los noventa.</s>
    <s id="25">En Indonesia, la disminución en la tasa de fertilidad fue más o menos igual.</s>
    <s id="26">En estas sociedades, un número mayor de mujeres han ingresado al mercado laboral, lo que les ha generado ganancias económicas y el mejoramiento de su estatus social.</s>
  </p>
  <p id="8">
    <s id="27">Podemos darnos cuenta de que en sociedades islámicas como Túnez, Turquía, Indonesia y Malasia, el crecimiento económico y el cambio cultural han avanzado rápidamente en la última generación.</s>
    <s id="28">Algunos de esos países han estado entre las economías con crecimiento más acelerado del mundo en décadas recientes.</s>
    <s id="29">La cultura islámica ni ha sido un obstáculo para el crecimiento ni ha estado estática.</s>
    <s id="30">Como en otras partes del mundo, la cultura en esos países ha demostrado su vitalidad y también su capacidad para ajustarse a condiciones cambiantes.</s>
  </p>
  <p id="9">
    <s id="31">En la península arábiga, el cambio cultural ha sido más lento, como lo ha sido el desarrollo económico.</s>
    <s id="32">Es posible que haya un círculo causal aquí: puede ser que los factores culturales hayan impedido el crecimiento económico, mientras que el mal desempeño económico (digamos, malas políticas económicas y una dependencia excesiva del petróleo) puede haber retrasado la adaptación de las prácticas culturales a las necesidades de una economía moderna.</s>
    <s id="33">En lugares muy remotos, como Afganistán o Chad, los débiles contactos con la economía mundial también han aplazado el proceso de cambio social.</s>
  </p>
  <p id="10">
    <s id="34">Estos ejemplos deben ser advertencias para que nos alejemos de tres de las tendencias actuales.</s>
    <s id="35">La primera es la de asignar etiquetas simplistas a sociedades complejas y diversas.</s>
    <s id="36">La idea de un ''mundo islámico'' único y conservador es tan equivocada como la de una única ''sociedad occidental'' moderna.</s>
    <s id="37">La diversidad es muy alta; las prácticas culturales varían mucho.</s>
    <s id="38">Las etiquetas simplistas reflejan más prejuicios que comprensión.</s>
  </p>
  <p id="11">
    <s id="39">La segunda es creer que la cultura es de alguna forma estática e inmutable.</s>
    <s id="40">Las culturas en todas partes cambian en respuesta a los desarrollos tecnológicos, el crecimiento económico y, por supuesto, la globalización.</s>
    <s id="41">La tercera tendencia es pensar que la cultura es la clave para el desarrollo económico, cuando éste está determinado por muchos factores, incluyendo la geografía, la política, las relaciones internacionales y la cultura.</s>
    <s id="42">Las diferencias culturales entre las sociedades generlamente son el resultado y no la causa de las disparidades en el desarrollo económico.</s>
  </p>
</document>
