<?xml version="1.0" encoding="utf-8"?>
<document>
  <HEADLINE>
    <s id="1">Derribando el muro</s>
  </HEADLINE>
  <p id="1">
    <s id="2">Un cuestionario para los amantes de la historia.</s>
    <s id="3">Hace veinte años -el 4 de junio de 1989- tres episodios marcaron un año fatídico.</s>
    <s id="4">¿Cuál de ellos usted recuerda más vívidamente y cuál fue el que cambió más el mundo?</s>
  </p>
  <p id="2">
    <s id="5">a) El desenlace sangriento de las protestas de la Plaza Tiananmen. b) La muerte del clérigo revolucionario de Irán, el ayatollah Ruhollah Khomeini. c) Las elecciones polacas.</s>
  </p>
  <p id="3">
    <s id="6">Son pocos los que optarían por la respuesta c).</s>
    <s id="7">La victoria del famoso movimiento sindical de la oposición, Solidaridad, en la primera elección libre de Europa del este desde 1946 se vio eclipsado por las medidas violentas que se tomaron en Beijing y la muerte tumultuosa de Khomeini.</s>
    <s id="8">Sin embargo, ningún acontecimiento por sí solo hizo más para derribar al comunismo en Europa -y por lo tanto reformular el orden internacional de posguerra.</s>
  </p>
  <p id="4">
    <s id="9">En los próximos meses se verán todo tipo de conmemoraciones del fin del comunismo, especialmente de la caída del Muro de Berlín en noviembre de 1989.</s>
    <s id="10">Para muchos, fue un momento glorioso, emblemático de la victoria de Occidente en la Guerra Fría, y que pareció surgir de la nada.</s>
    <s id="11">Pero si uno analizaba la desintegración del Bloque del Este en el terreno, sabía que el proceso era mucho más extenso y más complejo de lo que la mayoría de la gente cree.</s>
  </p>
  <p id="5">
    <s id="12">La elección polaca fue un punto de no retorno, el momento en que las fuerzas para el cambio se volvieron irreversibles.</s>
    <s id="13">Cobraron ímpetu después de un verano de huelgas, cuando el jefe comunista de Polonia, el general Wojciech Jaruzelski, concluyó que los problemas económicos del país eran demasiado sombríos como para enfrentarlos solo.</s>
    <s id="14">¿Por qué no conseguir la ayuda de la oposición de Polonia, razonó, si no para solucionar los problemas, al menos para compartir la culpa por ellos?</s>
  </p>
  <p id="6">
    <s id="15">Y así, después de seis meses de negociación, se selló un acuerdo histórico.</s>
    <s id="16">Polonia llevaría a cabo elecciones parlamentarias libres y justas, y Solidaridad competiría.</s>
    <s id="17">Nunca se le ocurrió a los comunistas gobernantes (ni a Solidaridad) que podían llegar a perder.</s>
    <s id="18">Nunca en sus sueños más descabellados imaginaron que los barrerían del poder.</s>
    <s id="19">Sin embargo, eso es lo que sucedió.</s>
  </p>
  <p id="7">
    <s id="20">En retrospectiva, es sorprendente que haya habido alguna duda.</s>
    <s id="21">La campaña de Solidaridad fue un descaro total.</s>
    <s id="22">Un afiche de campaña icónico capturaba el humor popular: una imagen de un Gary Cooper armado como el sheriff del clásico del oeste A la hora señalada .</s>
    <s id="23">El 4 de junio fue el día del ajuste de cuentas en Dodge City East.</s>
    <s id="24">En esa soleada mañana de domingo, cuando la primavera se convertía en verano, los votantes no perdieron tiempo en despachar a los comunistas de Polonia al matadero.</s>
  </p>
  <p id="8">
    <s id="25">En su día de agonía, los comunistas de Polonia pergeñaron una última perversidad, un acto final e involuntario de extrema autohumillación.</s>
    <s id="26">Diseñaron un sistema electoral por el cual los polacos no votarían por candidatos de su elección, sino que tacharían los que no querían -o sea, todos y cada uno los comunistas.</s>
  </p>
  <p id="9">
    <s id="27">Adonde uno mirara, la gente extirpaba a los odiados autócratas.</s>
    <s id="28">Por fin, se estaba produciendo el tan esperado alzamiento popular de Polonia, la venganza por diciembre de 1980, cuando Jaruzelski declaró la ley marcial, proscribió a Solidaridad y puso a sus líderes en la cárcel.</s>
    <s id="29">¡La revolución por la tachadura!</s>
    <s id="30">La lapicera, finalmente más poderosa que la espada, se convirtió en un arma de retribución gloriosa, empuñada con estilo.</s>
    <s id="31">Algunos votantes tachaban sus boletas con manchones, decapitando al antiguo régimen con trazos agitados.</s>
    <s id="32">Otros saboreaban el momento, quizá dando pitadas a un cigarrillo mientras se regocijaban con esta o aquella tachadura.</s>
    <s id="33">"Ah, sí, él encarceló a mi primo".</s>
    <s id="34">¡ Pfft !</s>
    <s id="35">"Ah, ese burócrata vividor, que llevaba una buena vida a expensas de nuestra penuria".</s>
    <s id="36">¡ Pfft !</s>
    <s id="37">¡ Pfft !</s>
  </p>
  <p id="10">
    <s id="38">Por el contrario, la campaña de los comunistas era todo menos invisible.</s>
    <s id="39">En toda Varsovia, sólo un par de candidatos del gobierno se preocupaban por pegar afiches.</s>
    <s id="40">La mayoría contaba con el monopolio mediático del partido para transmitir su mensaje, tal como era: "Vote a Lezek, un buen comunista".</s>
  </p>
  <p id="11">
    <s id="41">A su favor, el régimen aceptó su pérdida inevitable con una gracia destacable.</s>
    <s id="42">A las 3 p.m. del día siguiente a la votación, Jaruzelski reunió a los altos funcionarios del partido.</s>
    <s id="43">"Nuestra derrota es total", les dijo.</s>
    <s id="44">"Tendrá que encontrarse una solución política".</s>
    <s id="45">Con eso se refería a nada de violencia ni falsear el recuento de votos.</s>
    <s id="46">Los comunistas tendrían que convivir con el resultado.</s>
  </p>
  <p id="12">
    <s id="47">Veinte años más tarde, sigo perplejo.</s>
    <s id="48">Quienes cubríamos Europa del este sabíamos que Solidaridad ganaría.</s>
    <s id="49">También sabíamos que su victoria pacífica sería una lección para el resto del bloque.</s>
    <s id="50">Para los anticomunistas de todas partes, la elección polaca fue extraordinariamente alentadora.</s>
    <s id="51">Gracias a Polonia, lo que apenas días antes había parecido imposible era, de repente, posible.</s>
  </p>
  <p id="13">
    <s id="52">Hubo otras señales.</s>
    <s id="53">En mayo, los reformistas húngaros empezaron a derribar el cerco a lo largo de su frontera con Austria -un agujero en la Cortina de Hierro-.</s>
    <s id="54">En Moscú, Mijail Gorbachov hablaba de una "Casa Europea Común" y repudiaba la intervencionista Doctrina Brezhnev.</s>
    <s id="55">Sin embargo, cuando cayó el Muro, expertos y líderes mundiales por igual fueron unánimes.</s>
    <s id="56">"Nunca lo vimos venir", confesaron.</s>
    <s id="57">La Guerra Fría había durado tanto que el cambio parecía inimaginable hasta que irrumpió la libertad</s>
  </p>
</document>
