<?xml version="1.0" encoding="utf-8"?>
<document>
  <HEADLINE>
    <s id="1">¿Puede sobrevivir el multilateralismo a la rivalidad sino-estadounidense?</s>
  </HEADLINE>
  <p id="1">
    <s id="2">OXFORD – La rivalidad estratégica entre Estados Unidos y China plantea un fuerte desafío a las organizaciones internacionales, que están hoy en riesgo de convertirse en meros peones de una de ellas.</s>
    <s id="3">Está por verse si las instituciones multilaterales pueden conservar un papel en la facilitación de una cooperación internacional que desesperadamente se necesita.</s>
  </p>
  <p id="2">
    <s id="4">El conflicto sino-estadounidense ya está reemplazando las reglas acordadas mundialmente, con el ejercicio de la fuerza pura y dura a medida que cada uno lucha por el acceso a recursos y mercados.</s>
    <s id="5">Estados Unidos ha optado por abandonar acuerdos comerciales de larga trayectoria en favor de medidas impuestas unilateralmente.</s>
    <s id="6">China está formando su propia esfera económica y geoestratégica mediante asociaciones bilaterales y paquetes de ayuda, comercio e inversiones bajo su Iniciativa trasnacional de la Ruta de la Seda (BRI).</s>
  </p>
  <p id="3">
    <s id="7">Los dos rivales también compiten por el control de las nuevas tecnologías y los datos que las hacen posibles.</s>
    <s id="8">De las 20 principales empresas tecnológicas del mundo, nueve son chinas y 11 estadounidenses.</s>
    <s id="9">Por el lado chino, las gigantes tecnológicas disfrutan del acceso a una inmensidad de datos, ya que cuentan con el respaldo de un gobierno que los reúne con fines de vigilancia y para crear un sistema de crédito social.</s>
    <s id="10">Además, estas compañías están ampliando su alcance y acceso a datos, como se refleja en el acuerdo CloudWalk de China para el desarrollo de software de reconocimiento facial en Zimbabue.</s>
    <s id="11">Por el lado estadounidense, las grandes tecnológicas reciben el apoyo de cláusulas como el Acuerdo entre Estados Unidos, México y Canadá (USMCA) que exigen el flujo de datos libre y sin restricciones entre estos tres países.</s>
  </p>
  <p id="4">
    <s id="12">La rivalidad estratégica no es solo una batalla por el control de recursos, acceso a mercados y dominio tecnológico, sino, en términos más generales, el control de las reglas del juego.</s>
    <s id="13">En 2015, cuando China creó el Banco Asiático de Inversiones para Infraestructura como una nueva institución multilateral, Estados Unidos se negó a unirse y presionó a otros países a que no lo hicieran.</s>
    <s id="14">Este año, cuando China y Estados Unidos discreparon sobre quién representaría a Venezuela en la reunión del BID (EE.UU. presionó a China para que aceptara un representante de la oposición al gobierno, y China se negó a hacerlo), la Junta Directiva de la institución en Washington, DC, canceló el encuentro en Chengdu apenas una semana antes de que se celebrara.</s>
  </p>
  <p id="5">
    <s id="15">Esta no es la primera vez que la rivalidad entre grandes potencias ha amenazado con marginar a las instituciones internacionales.</s>
    <s id="16">Tras su fundación en 1944, el Banco Mundial pronto se volvió irrelevante para la reconstrucción de Europa.</s>
    <s id="17">Con la Guerra Fría se elevó la competencia en Europa, lo que llevó a Estados Unidos a impulsar medios más directos como el Plan Marshall.</s>
    <s id="18">El Banco Mundial quedó relegado a una tarea diferente: prestar dinero a países pobres.</s>
  </p>
  <p id="6">
    <s id="19">Algunos comentaristas describen el BRI como el “Plan Marshall de China”.</s>
    <s id="20">Sin embargo, la rivalidad estratégica difiere de la Guerra Fría en muchos aspectos, partiendo del hecho de que Estados Unidos y China son económicamente interdependientes a un grado que EE.UU. y la Unión Soviética nunca lo fueron.</s>
    <s id="21">En todo caso, el principio de una “destrucción mutuamente asegurada” creó su propio tipo de interdependencia, llevando a la cooperación en el control de las armas nucleares a pesar de su intensa rivalidad.</s>
  </p>
  <p id="7">
    <s id="22">Una lección de la Guerra Fría podría cobrar una relevancia particular hoy: los intentos de establecer reglas amplias, como el Acuerdo de Principios Básicos entre el Presidente estadounidense Richard Nixon y el líder soviético Leonid Brezhnev firmado en 1972, demostraron ser menos eficaces que arreglos más estrechos como el Tratado del Estado Austríaco de 1955, que confería neutralidad a Austria, o el acuerdo de 1962 que hizo de Laos un estado neutral.</s>
    <s id="23">El mismo baremo se puede usar para evaluar el funcionamiento de las organizaciones y los tratados multilaterales formales, que demostraron una mayor eficacia al tratar con riesgos específicos, como el Acuerdo Cuadripartito de Berlín en 1971, el Tratado sobre Misiles Antibalísticos de 1972, la Conversaciones de Limitación de Armas Estratégicas (SALT) y en Acuerdo sobre Incidentes Marinos de 1972.</s>
    <s id="24">Todos ellos fueron muy disputados, pero cada uno jugó un papel en el manejo de la rivalidad.</s>
  </p>
  <p id="8">
    <s id="25">En el caso del conflicto sino-estadounidense, el reto es contener la guerra comercial, que tendría efectos devastadores en otros países.</s>
    <s id="26">Por desgracia, el actual sistema de reglas ya se está desgastando.</s>
    <s id="27">El mecanismo de solución de disputas de la Organización Mundial de Comercio está paralizado por la negativa de la administración Trump a permitir nombramientos a su Órgano de Apelación.</s>
  </p>
  <p id="9">
    <s id="28">Para salir del impasse serán precisos un pensamiento creativo y, tal vez, una serie de acuerdos más específicos para insuflar vida al sistema.</s>
    <s id="29">Por ejemplo, los países con disputas comerciales podrían hacer un mejor uso de las consultas bilaterales de 60 días de la OMC para alcanzar una solución por ellos mismos.</s>
    <s id="30">Los líderes de la OMC podrían ser mucho más osados y creativos a la hora de encontrar maneras de apoyar el comercio basado en reglas.</s>
    <s id="31">Un antecedente podría ser el inicio de las “fuerzas de paz” de las Naciones Unidas (no mencionadas en la Carta de la ONU) y la ampliación del uso de la oficina de la Secretaría General para avanzar en el logro de la paz en pleno apogeo de la Guerra Fría.</s>
  </p>
  <p id="10">
    <s id="32">Otras organizaciones multilaterales también deberán reconsiderar sus estrategias.</s>
    <s id="33">Con independencia de si las grandes potencias se encuentren en conflicto, el mundo necesita desesperadamente mecanismos para facilitar la cooperación en temas tales como el cambio climático, la biodiversidad, la infraestructura transfronteriza y la regulación de las nuevas tecnologías.</s>
    <s id="34">Las organizaciones internacionales pueden ofrecer un espacio de debate para esos asuntos, permitiendo compartir información y llegar a soluciones comunes.</s>
    <s id="35">Además, pueden jugar un papel crucial como monitores neutrales de las reglas acordadas previamente, reduciendo la tentación de que algún país pueda hacer trampa o emprender medidas unilaterales de suma cero de las que solo salen ganadores y perdedores.</s>
  </p>
  <p id="11">
    <s id="36">China, EE.UU. y el resto del mundo tienen intereses en común en una amplia variedad de temas.</s>
    <s id="37">Pero para facilitar la cooperación hacia objetivos en común, las organizaciones internacionales se tendrán que renovar.</s>
    <s id="38">Por ejemplo, el Banco Mundial podría crear nuevos instrumentos para abordar los retos regionales y globales, en lugar de seguir atado a préstamos a países individuales, y podría deshacerse del peso ideológico que impide a ciertos países abrazar su enfoque de Evaluación de las Políticas e Instituciones Nacionales (en inglés).</s>
    <s id="39">Más que otorgar préstamos a países pobres de modos que amplifican los sesgos de los mayores donantes bilaterales del mundo, el Banco debiera identificar áreas desatendidas y asegurar un equilibrio en la financiación global para el desarrollo.</s>
    <s id="40">También deberá actualizar su estructura de gobernanza para dar a China y a Estados Unidos una sensación de involucramiento e influencia.</s>
  </p>
  <p id="12">
    <s id="41">Resulta imperativo que la rivalidad sino-estadounidense no haga estallar una guerra.</s>
    <s id="42">La historia nos enseña las trágicas consecuencias de cuando los líderes definen a sus rivales como enemigos y azuzan los resentimientos nacionales para obtener ganancias políticas personales.</s>
    <s id="43">En estos momentos, esta tendencia se puede advertir tanto en China como en los Estados Unidos.</s>
  </p>
  <p id="13">
    <s id="44">Para contener la nueva competición estratégica, las potencias rivales, junto con el resto del mundo, deberían imitar el foco de la Guerra Fría en acuerdos específicos con objetivos puntuales, en lugar de intentar crear nuevas reglas de aplicación amplia.</s>
    <s id="45">Las organizaciones multilaterales como la OMC y el Banco Mundial podrían desempeñar un papel importante para mediar en tales acuerdos, pero solo si sus autoridades respectivas son valientes y creativas, y si cuentan con la venia de los gobiernos que las sostienen.</s>
  </p>
  <SOURCE LANG="inglés" TRANSLATOR="David Meléndez Tormen" />
</document>
