<?xml version="1.0" encoding="utf-8"?>
<document>
  <HEADLINE>
    <s id="1">¿Podemos asegurar contra los tsunamis?</s>
  </HEADLINE>
  <p id="1">
    <s id="2">El debate sobre cómo reaccionar ante el desastre provocado por el tsunami de Asia se ha centrado fundamentalmente en los programas gubernamentales de socorro y los planes oficiales para aplicar sistemas de alerta temprana.</s>
    <s id="3">Poca atención se ha prestado al fomento de las instituciones privadas de gestión de riesgos, en particular las de seguros.</s>
  </p>
  <p id="2">
    <s id="4">Resulta lamentable.</s>
    <s id="5">Las compañías de seguros brindan una gestión de riesgos profesional y muy detallada que respeta la complejidad de los peligros contra los que proteger y atiende de forma creativa las necesidades individuales.</s>
    <s id="6">El fomento de los seguros privados puede parecer una reacción indirecta ante el desastre del tsunami, pero se trata de una reacción racional y sólida.</s>
  </p>
  <p id="3">
    <s id="7">Las compañías de seguros no han penetrado en muchas de las regiones que sufrieron las mayores pérdidas.</s>
    <s id="8">Según un estudio del Instituto de Información sobre los Seguros, en 2003 los gastos en seguros distintos de los de vida representaron sólo el 0,83 por ciento del PIB en Indonesia, el 1,19 por ciento del PIB en Tailandia y el 0,62 por ciento del PIB en la India, frente al 5,23 por ciento del PIB en los Estados Unidos.</s>
  </p>
  <p id="4">
    <s id="9">La ayuda extranjera no puede substituir a los seguros.</s>
    <s id="10">La caridad es estimulante y nos confirma nuestra humanidad, pero con frecuencia es caprichosa.</s>
    <s id="11">Nadie desearía depender de ella.</s>
    <s id="12">De hecho, a la hora de decidir cuánta ayuda conceder para remediar desastres, con frecuencia los países parecen influidos principalmente por la preocupación de sus dirigentes por la opinión de los demás al respecto.</s>
    <s id="13">La caridad reacciona ante los acontecimientos que acaparan la atención y con frecuencia desatiende desastres menos sensacionales.</s>
  </p>
  <p id="5">
    <s id="14">Por otra parte, los seguros constituyen una institución fiable y venerable, pues su forma moderna se remonta al siglo XVII, pero los seguros y otras instituciones de gestión de riesgos se han desarrollado lentamente, incluso en los países avanzados.</s>
    <s id="15">En los Estados Unidos, la mayoría de las personas carecen aún de seguros contra inundaciones o terremotos.</s>
    <s id="16">En California, una de las regiones geológicamente más inestables del mundo, sólo uno de cada seis propietarios de viviendas subscribe un seguro contra terremotos.</s>
  </p>
  <p id="6">
    <s id="17">Un problema fundamental es el de que el del seguro no es un concepto que resulte natural a la mayoría de las personas.</s>
    <s id="18">De hecho, como han mostrado los psicólogos Daniel Kahneman y Amos Tversky, existe una tendencia humana sistemática a minimizar la probabilidad percibida de los sucesos poco probables, por lo que las personas orientan sus vidas como si la probabilidad de que se produzcan dichos sucesos fuera nula.</s>
    <s id="19">Asimismo, los seres humanos tienen tendencia a aceptar los riesgos grandes, pero poco probables, para evitar pequeñas pérdidas seguras, como, por ejemplo, las primas de seguros.</s>
  </p>
  <p id="7">
    <s id="20">Las compañías de seguros han afrontado un proceso lento y difícil para convencer al público de la necesidad de renunciar a dichas tendencias.</s>
    <s id="21">Además, la concepción de nuevos productos en materia de gestión de riesgos no es fácil.</s>
    <s id="22">Las compañías de seguros afrontan dificultades inherentes a la evaluación de los riesgos y deben adaptar sus políticas de forma creativa a las debilidades humanas que limitan la comprensión de las necesidades.</s>
    <s id="23">Además, los aseguradores deben prestar atención también a una gran diversidad de posibles peligros morales –incentivos perversos del comportamiento de riesgo- y a los problemas que plantea la parcialidad en la selección para atraer a clientes.</s>
  </p>
  <p id="8">
    <s id="24">Para abordar los desastres con mayor eficacia, los países deben contar con la voluntad de crear un medio en el que pueda florecer un sector de seguros privados mucho más desarrollado.</s>
    <s id="25">En los Estados Unidos, el Programa Nacional de Seguros contra Inundaciones de 1968 impuso la obligación por parte de quienes financien la construcción o la mejora de estructuras incluidas en las zonas especiales con peligro de inundaciones a subscribir un seguro contra inundaciones.</s>
  </p>
  <p id="9">
    <s id="26">Ya que no imponer los seguros obligatoriamente, al menos se debe fomentarlos eficazmente.</s>
    <s id="27">De lo contrario, habrá quienes construyan en llanuras expuestas a inundaciones, convencidos de que su Estado, o los Estados del mundo, se sentirán obligados a sacarlos del apuro, con lo que aseguran, en realidad, riesgos muy grandes que no se deberían correr.</s>
  </p>
  <p id="10">
    <s id="28">Muchas de las peores consecuencias de los sucesos de Asia se han producido en zonas expuestas a tsunamis, como, por ejemplo, las zonas costeras bajas de Sri Lanka.</s>
    <s id="29">Las compañías privadas de seguros desaconsejarían la construcción en los emplazamientos más peligrosos, pues las primas resultarían prohibitivas, mientras que fomentarían la adopción de métodos de construcción resistentes a los tsunamis en las zonas marginales.</s>
  </p>
  <p id="11">
    <s id="30">Por fortuna, nuestras instituciones internacionales de gestión de riesgos están mejorando constantemente.</s>
    <s id="31">En los últimos años se ha empezado a comerciar en los mercados financieros con bonos para catástrofes, que cubren los terremotos y otros desastres y también instrumentos financieros derivados relativos a las condiciones climáticas.</s>
    <s id="32">El Protocolo de Kyoto creó un mecanismo para comerciar con las emisiones de dióxido de carbono, que promete gestionar los riesgos de un posible desastre aún mayor: el calentamiento de la atmósfera.</s>
  </p>
  <p id="12">
    <s id="33">Los mercados para esos productos son aún pequeños, pero tienen muchas posibilidades de crecimiento y su desarrollo posterior aumentaría la capacidad de las compañías de seguros para cubrir los riesgos de los desastres internacionales más graves.</s>
  </p>
  <p id="13">
    <s id="34">Piénsese en la falta de un sistema de alerta temprana de tsunamis en los países más afectados.</s>
    <s id="35">Resulta fácil acusar a las personas de falta de previsión, pero ninguno de los nueve países más afectados contaba con dicho sistema.</s>
    <s id="36">No pueden ser todos chapuceros.</s>
    <s id="37">El problema no es el error individual.</s>
    <s id="38">Ese fallo se debió a la falta de instituciones internacionales apropiadas que estuvieran en guardia ante la gran diversidad de posibles desastres.</s>
  </p>
  <p id="14">
    <s id="39">El debate sobre los sistemas de alerta temprana sobre tsunamis se ha centrado en los programas estatales, pero la alerta temprana consiste en algo más que sensores oceánicos y satélites; significa también el alejamiento de la construcción de las zonas expuestas a desastres y en insistir para que las empresas privadas preparen procedimientos eficaces de seguridad y evacuación.</s>
  </p>
  <p id="15">
    <s id="40">Ésas son actividades normales de las compañías de seguros.</s>
    <s id="41">De hecho, una de las características más sorprendentes del desastre provocado por el tsunami fue la de que cogió totalmente desprevenidos a algunos de los centros turísticos más lujosos.</s>
    <s id="42">La lección resulta clara: incluso las empresas de mayor categoría tienen sólo la profesionalidad que las infraestructuras institucionales existentes les permiten tener.</s>
    <s id="43">La razón en última instancia de su falta de preparación es la de que nuestro sector de los seguros no cubría sus riesgos de tsunamis y, por tanto, no les ofrecía orientaciones sobre las formas más actuales de prevención de desastres.</s>
  </p>
  <p id="16">
    <s id="44">El sector de los seguros puede –y debe- reaccionar ante el desastre del tsunami aceptando el imperativo moral de adoptar medidas concertadas para ampliar la cobertura de riesgos.</s>
    <s id="45">En la medida en que los gobiernos participen, pueden fomentar una mejor gestión de los riesgos mediante una reglamentación receptiva e incluso la subvención de experimentos con nuevos productos privados de seguros.</s>
  </p>
</document>
