<?xml version="1.0" encoding="utf-8"?>
<document>
  <HEADLINE>
    <s id="1">Cambio de Guardia en el FMI</s>
  </HEADLINE>
  <p id="1">
    <s id="2">El inminente término de las tareas de Stanley Fischer como primer director administrativo asistente del Fondo Monetario Internacional (FMI) marca el final de una era.</s>
    <s id="3">En efecto, todos los que dirigieron esa institución durante las crisis globales de 1997-1998 (Fischer;</s>
    <s id="4">Michel Camdessus, Director Administrativo;</s>
    <s id="5">Michael Mussa, Director de Investigación; y los dos hombres que definieron todo tras bambalinas desde el Departamento del Tesoro de Estados Unidos (EU), Robert Rubin y Larry Summers) se han ido o están por partir.</s>
  </p>
  <p id="2">
    <s id="6">A los fracasos en Indonesia, Tailandia y Korea en 1997, siguieron los fracasos en Rusia y Brasil un año después: en estos casos, los intentos por mantener tasas de cambio sobrevaluadas volvieron a los contribuyentes de esos países miles de millones de dólares más pobres.</s>
    <s id="7">Preservar las tasas de cambio, sin embargo, le dió a las personas adineradas el tiempo necesario para escapar con términos más favorables.</s>
    <s id="8">Sólo con la devaluación fue posible restaurar el crecimiento.</s>
  </p>
  <p id="3">
    <s id="9">Con cada fracaso, la credibilidad del FMI disminuyó.</s>
    <s id="10">Aún así, peleó por encontrar soluciones, cada cual un poco más exitosa.</s>
    <s id="11">A veces la solución implicaba préstamos preventivos, como en Brasil; en otras ocasiones era una estrategia tipo "bail-in" que se abandonó eventualmente, como en Rumania.</s>
  </p>
  <p id="4">
    <s id="12">Los últimos indicios fueron las crisis en Turquía y Argentina este año.</s>
    <s id="13">En Turquía el pánico surgió inmediatamente después de que Fischer declarara que todo parecía estar bien.</s>
    <s id="14">Argentina, adoptada por el FMI desde mucho tiempo atrás, fue elogiada por reducir la inflación y estabilizar su tasa de cambio.</s>
    <s id="15">En esta nebulosa de alabanzas el FMI ignoró el hecho de que la tasa de crecimiento de Argentina era nula y que el desempleo se había mantenido en cifras de dos dígitos durante media década.</s>
    <s id="16">Sin crecimiento, sería cada vez más difícil para Argentina pagar los gigantescos préstamos que recibió.</s>
  </p>
  <p id="5">
    <s id="17">Como resultado de estos fracasos, ahora se piensa en todo el mundo que la crisis financiera mundial fue mal manejada y que es necesario hacer cambios a la arquitectura económica global.</s>
  </p>
  <p id="6">
    <s id="18">Parece que el FMI aprendió mucho de sus errores, por lo menos retóricamente.</s>
    <s id="19">Ahora reconoce que la liberalización del mercado de capital, por la que egerció tanta presión en todo el mundo, ocasionó muchos desequilibrios y fue un factor central de la crisis financiera global.</s>
    <s id="20">También reconoce que la forma en la que restructuró los bancos de Indonesia provocó un retiro masivo de fondos por parte del público, que aplicó políticas demasiado astringentes en Asia del Este y que estas políticas profundizaron las grietas.</s>
  </p>
  <p id="7">
    <s id="21">Pero el FMI todavía necesita preguntarse por qué se dieron estas fallas.</s>
    <s id="22">Todavía debe convertir su nueva retórica en políticas.</s>
    <s id="23">El próximo equipo del FMI debería refleccionar acerca de las siguientes preguntas y lecciones recibidas:</s>
  </p>
  <p id="8">
    <s id="24">• La economía no es una ideología, sino el uso de la evidencia disponible y la aplicación de la teoría.</s>
    <s id="25">¿Qué evidencia sugirió –por ejemplo– que liberalizar los mercados de capital en los países pobres resultaría en un crecimiento más rápido?</s>
    <s id="26">Antes de imponer cambios en el sistema económico internacional deben tenerse pruebas irrefutables que los apoyen.</s>
    <s id="27">¿Qué pruebas había para asegurar que los altos intereses ayudarían a estabilizar las tasas de cambio en los países acosados por la deuda de corto plazo?</s>
    <s id="28">Antes de imponer políticas que tendrán consecuencias devastadoras, debe haber fuerte evidencia de que funcionarán.</s>
    <s id="29">No basta con decir que las tasas de interés bajarán eventualmente.</s>
    <s id="30">Después de todo, no es posible "desquebrar" a una compañía que se fue a la ruina gracias a las castrantes tasas de interés.</s>
  </p>
  <p id="9">
    <s id="31">• Es necesario tener una mayor coherencia intelectual.</s>
    <s id="32">¿Por qué vociferar que los gobiernos no deberían intervenir en los mercados argumentando que los mercados son eficientes, pero de cualquier forma intervenir en los mercados cambiarios?</s>
  </p>
  <p id="10">
    <s id="33">• Está permitido que las reformas económicas ocasionen sufrimiento, pero no aminorar el sufrimiento de los pobres.</s>
    <s id="34">¿Por qué se dispuso de miles de millones de dólares para salvar a los bancos, pero no se pudo gastar algunos cuantos millones para subsidiar los alimentos y el combustible en favor de los pobres de Indonesia?</s>
    <s id="35">¿Cómo es que algunos cuantos oligarcas pudieron exprimir miles de millones de dólares de Rusia a través de los activos regalados por el estado bajo esquemas de privatización promovidos por el FMI, pero no hubo suficiente dinero para pagar las miserables pensiones de los ancianos?</s>
  </p>
  <p id="11">
    <s id="36">El FMI, les guste o no, es una institución pública, a pesar de su jerga corporativa.</s>
    <s id="37">En el mundo del FMI, los países miembros son accionistas.</s>
    <s id="38">Pero las políticas del FMI afectan a las personas y a las economías de una manera que ninguna corporación podría afectarlas jamás.</s>
    <s id="39">Como institución pública, debería ser dirigida a partir de principios democráticos.</s>
    <s id="40">Cuando el Banco Mundial sugirió realizar pláticas privadas con el FMI para discutir acerca de las políticas en el ámbito de la crisis de Asia del Este, fue ignorado casi por completo.</s>
    <s id="41">Cuando busqué discutirlo públicamente –incluso una vez iniciada la crisis– también econtré resistencia.</s>
    <s id="42">Hasta el debate acerca de la reforma de la arquitectura financiera global resultó ser pretencioso: al parecer sólo los ministros de finanzas y los funcionarios de bancos centrales pueden sentarse a la mesa del FMI.</s>
  </p>
  <p id="12">
    <s id="43">Al comportarse así el FMI pisoteó principios económicos y éticos básicos.</s>
    <s id="44">Todas las políticas tienen ventajas y desventajas.</s>
    <s id="45">Algunas favorecen a ciertos grupos; otras presentan mayores riesgos.</s>
    <s id="46">Lo mejor es dejar que los procesos políticos de cada país decidan cuál política será adoptada; esta decisión no debe ser usurpada por burócratas internacionales, sin importar lo competentes que sean.</s>
    <s id="47">Al considerar que las decisiones en relación a las políticas son meras cuestiones técnicas los economistas violan preceptos éticos y profesionales básicos.</s>
  </p>
  <p id="13">
    <s id="48">Lo irónico de la postura asumida por el FMI durante los últimos ocho años es que mientras la administración de Clinton aplicó en casa principios de la ideología del Tercer Camino a través de un papel activo del gobierno como promotor del crecimiento, en el ámbito internacional el Departamento del Tesoro de EU promovió (directamente y vía FMI) ideas que reflejaban, con pequeñas variantes, el fundamentalismo de mercado y la "economía de gotero" tradicionales, esquemas que Estados Unidos ya había rechazado.</s>
  </p>
  <p id="14">
    <s id="49">En esto la administración de Bush ha mostrado una mayor coherencia intelectual.</s>
    <s id="50">Antes de estar en el poder los republicanos criticaron los inmensos paquetes de ayuda internacionales pues los consideraban "seguros de salud corporativa", y en Turquía se apegaron, básicamente, a sus principios, aunque no lo suficiente para impedir que el FMI interviniera.</s>
    <s id="51">Si el equipo de Bush mantendrá esta postura cuando sean bancos estadounidenses y no alemanes los que estén en riesgo, ya es otro asunto.</s>
  </p>
  <p id="15">
    <s id="52">El gobierno de Bush y el nuevo equipo del FMI (cuando llegue) tienen la oportunidad de abandonar las estrategias de desarrollo, transición y crisis que han fallado en el pasado.</s>
    <s id="53">El reto es definir políticas en base a la ciencia económica, no a la ideología, y hacerlo de forma abierta y democrática, poniendo particular atención a las consecuencias que podrían tener para los pobres.</s>
    <s id="54">Por desgracia, considerando lo que hemos visto últimamente de las políticas internas estadounidenses, no podemos ser muy entusiastas.</s>
  </p>
</document>
