<?xml version="1.0" encoding="utf-8"?>
<document>
  <HEADLINE>
    <s id="1">El nuevo presidente de Chile, el General Pinochet y la derecha política</s>
  </HEADLINE>
  <p id="1">
    <s id="2">Luego de una reñida contienda electoral, Chile tiene un nuevo presidente.</s>
    <s id="3">El domingo, Ricardo Lagos, el lider socialista, derrotó a su contendiente conservador, Joaquín Lavín, por 190.000 votos, el margen más pequeño registrado en una elección presidencial desde el retorno de Chile a la democracia.</s>
  </p>
  <p id="2">
    <s id="4">En las cinco semanas que antecedieron a la segunda vuelta, Lagos llevó adelante una campaña extraordinariamente efectiva.</s>
    <s id="5">Impresionado por el éxito de Lavín en la primera vuelta, Lagos se vio obligado a repensar su estrategia.</s>
    <s id="6">Un discurso más bien intelectual fue sustituído por exhortaciones sencillas y directas al electorado y, rodéandose de un grupo de tecnócratas jóvenes, imprimió a la campaña una necesaria modernidad.</s>
    <s id="7">Los nuevos integrantes de su equipo se apresuraron a distanciarse de algunos de los elementos más polémicos y controvertidos del programa, como la propuesta legislación que otorgaría un poder considerablemente mayor a los sindicatos, comprometiendo la capacidad del país para competir internacionalmente, al tiempo que reducía su potencial de crecimiento.</s>
  </p>
  <p id="3">
    <s id="8">Lo sorprendente no es el triunfo de Lagos -después de todo, siempre fue el favorito- sino que Lavín haya podido llegar a plantearle tamaño desafío.</s>
    <s id="9">Por primera vez desde los años treinta, la derecha chilena surgió como opción política seria.</s>
    <s id="10">Lavín obtuvo un extraordinario 48,7% de los votos presentándose en la campaña como un político eficiente, preocupado por la solución de los problemas, sin influencias ideológicas y apartado de las querellas políticas menores del pasado.</s>
    <s id="11">Gradualmente, su campaña fue captando la atención de un número creciente de chilenos, especialmente de las mujeres y los jóvenes.</s>
  </p>
  <p id="4">
    <s id="12">Si los partidos políticos de la derecha chilena quieren capitalizar la popularidad generada por Lavin, tienen que demostrar que han dejado atrás su acendrada ideología conservadora en favor de un enfoque pragmático, moderno, orientado a resolver problemas concretos.</s>
    <s id="13">Si la derecha no convence al electorado de que este nuevo rumbo es genuino, muy probablemente retorne al tradicional 30% de los sufragios.</s>
    <s id="14">Pero si demuestra que hace suya la nueva forma de hacer política que aplicó Lavín, podría lograr avances importantes en las elecciones municipales y parlamentarias venideras, e inclusive podría salir vencedora en las elecciones presidenciales del 2006.</s>
  </p>
  <p id="5">
    <s id="15">Una prueba clave de si realmente la derecha chilena cambió podría plantearse ya la semana próxima.</s>
    <s id="16">En el curso de su campaña, Lavín reiteró que, independientemente de su edad y de su salud, el General Pinochet debía enfrentar un juicio en Chile por presuntas violaciones de los derechos humanos.</s>
    <s id="17">Si, como muchos temen, el Reino Unido libera al General en los próximos días, los políticos de la centroderecha chilena deben exigir públicamente que Pinochet sea llevado ante la justicia de su propio país.</s>
    <s id="18">La derecha debería ir aun más lejos y reclamar que el General Pinochet renuncie a su banca de senador vitalicio y a la inmunidad consiguiente.</s>
    <s id="19">Ello no sólo retiraría a Pinochet de la vida política chilena, sino que permitiría, además, una mucho mayor celeridad de la justicia y, en definitiva, que Chile encare su traumático pasado.</s>
  </p>
  <p id="6">
    <s id="20">Lo que hizo de Lavín un candidato de centroderecha diferente fue que propuso numerosas iniciativas que apuntan a modernizar las instituciones políticas y sociales chilenas.</s>
    <s id="21">Sugirió, por ejemplo, poner término a los senadores-designados, un legado antidemocrático del régimen militar, y eliminar el servicio militar obligatorio.</s>
    <s id="22">Muchos dudaron de su sinceridad y de la de los partidos políticos que lo apoyaron, calificando sus propuestas de trucos de marketing.</s>
    <s id="23">La derecha chilena puede demostrar que los escépticos estaban equivocados si en los próximos meses apoya -o, mejor aún, propone - leyes de acuerdo con estos lineamientos.</s>
    <s id="24">El propio Lavin debería tomar la iniciativa y elaborar en conjunto con Lagos una serie de propuestas legislativas - incluidas algunas que requieren una reforma constitucional - que contaron con el acuerdo de ambos candidatos durante la campaña y que revitalizarían al sistema democrático chileno.</s>
  </p>
  <p id="7">
    <s id="25">A su vez, Lagos debería evitar los enfoques nostálgicos y trillados que dominaron la primera parte de su campaña y emprender con vigor la modernización económica que su nuevo equipo de jóvenes asesores desea impulsar.</s>
    <s id="26">De ser así, Chile empezaría el siglo XXI con grandes perspectivas y podría transformarse en un modelo de país en el que florecieran la justicia, la democracia y las oportunidades económicas.</s>
  </p>
</document>
