<?xml version="1.0" encoding="utf-8"?>
<document>
  <HEADLINE>
    <s id="1">La reforma de los puestos de mando chinos</s>
  </HEADLINE>
  <p id="1">
    <s id="2">MILÁN – La masiva campaña anticorrupción liderada por el presidente chino Xi Jinping logró progresos para varios objetivos clave: Avanzó mucho para recuperar la confianza en que el Partido Comunista está comprometido con un sistema basado en los méritos; contraatacó patrones de comportamiento de dominación del sector público que llevan décadas de vigencia; redujo el poder de los intereses creados para bloquear la reforma; e impulsó la popularidad de Xi entre los actores del sector privado, aunque mucho menos entre los miembros de la burocracia.</s>
    <s id="3">En resumidas cuentas, el esfuerzo de Xi para erradicar la corrupción ha empoderado tanto al Partido como a los reformistas.</s>
    <s id="4">La pregunta es cuánto avanzarán con sus ambiciones reformistas.</s>
  </p>
  <p id="2">
    <s id="5">Xi ciertamente aún no ha terminado, el mes pasado delineó un conjunto de reformas legales en la IV Sesión Plenaria del Partido Comunista para avanzar con la igualdad de condiciones entre los sectores público y privado.</s>
    <s id="6">Si se implementan adecuadamente, las reformas darán lugar a un sistema más eficiente para la creación y el cumplimiento de los contratos, facilitarán el ingreso a los mercados y fortalecerán la aplicación de las leyes chinas de competencia.</s>
  </p>
  <p id="3">
    <s id="7">Una mayor fidelidad al estado de derecho también llevará a la creación de una infraestructura legal y financiera que reducirá el fraude en el sector privado, incluidos los informes financieros.</s>
    <s id="8">Junto con un mayor acceso al capital, eso ayudará a acelerar el desarrollo del sector de servicios, necesario para crear empleo urbano.</s>
  </p>
  <p id="4">
    <s id="9">Una mejor gestión de los considerables activos públicos chinos –que incluyen reservas de entre 3,5 y 4 billones de USD en moneda extranjera, sustanciales tenencias de tierras y la propiedad mayoritaria de las empresas estatales que dominan a la economía– complementará esos esfuerzos.</s>
    <s id="10">De hecho, podría ayudar a impulsar la competencia, fomentar la innovación, fortalecer el sistema financiero y ampliar el acceso al capital.</s>
  </p>
  <p id="5">
    <s id="11">La pregunta es si China puede lograrlo.</s>
    <s id="12">Actualmente, la economía china sigue, en alguna medida, el antiguo modelo leninista de «puestos de mando», donde el Partido retiene todo el poder político y controla a las empresas y los sectores más importantes, incluso cuando el pujante sector privado impulsa el crecimiento y el empleo.</s>
    <s id="13">En este contexto, el profesionalismo meritocrático que China busca es importante, aunque no sustituye a una competencia genuina en el sector público o privado (al menos no es el caso si las metas son la innovación y el cambio estructural).</s>
  </p>
  <p id="6">
    <s id="14">Por supuesto, Xi podría simplemente declarar que la versión china del capitalismo de estado ha funcionado bien en el pasado y continuará haciéndolo.</s>
    <s id="15">Pero la experiencia con las dinámicas microeconómicas de las economías avanzadas (hacia donde China se dirige) hace que esta postura resulte débil y, por lo tanto, hay pocas probabilidades de que Xi la adopte.</s>
  </p>
  <p id="7">
    <s id="16">La alternativa sería embarcarse en un programa continuo de privatizaciones para reducir el lado de los activos del gigantesco balance estatal.</s>
    <s id="17">Pero el balance chino le ha servido bien, permitiéndole lograr extraordinarias tasas de inversión, que han alimentado un rápido crecimiento.</s>
    <s id="18">Mientras tanto, muchas economías avanzadas han sufrido considerablemente debido a la composición de sus balances, con activos limitados e inadecuadamente medidos, una deuda excesiva y exposición en instrumentos de capital.</s>
  </p>
  <p id="8">
    <s id="19">De hecho, dada una creciente desigualdad en la distribución del ingreso entre el capital y el trabajo –así como al interior del espectro de ingresos para el trabajo– una mayor disponibilidad de activos públicos ciertamente tiene sus méritos, ya que equipara la distribución del capital y la riqueza, aunque indirectamente.</s>
    <s id="20">No solo se pueden usar los activos públicos para amortiguar los shocks y contrarrestar tendencias adversas, también pueden contribuir a financiar la expansión de la seguridad social.</s>
  </p>
  <p id="9">
    <s id="21">El problema en China no es el volumen de los activos de propiedad estatal, sino su concentración en unas pocas empresas y sectores, situación que pone en riesgo al desempeño económico.</s>
    <s id="22">Dado esto, la solución lógica no es eliminar las tenencias de activos estatales, sino diversificarlas paulatinamente.</s>
  </p>
  <p id="10">
    <s id="23">Ese enfoque tendría diversos beneficios.</s>
    <s id="24">En primer lugar, reconciliaría un gran balance estatal con el creciente rol de los mercados, fomentaría el empleo, estimularía la innovación y daría impulso a la transformación estructural de la economía.</s>
    <s id="25">Para ello, la inversión pública en infraestructura, capital humano y la base de conocimiento y tecnología de la economía continuarían siendo fundamentales.</s>
  </p>
  <p id="11">
    <s id="26">Además, la diversificación de las tenencias de activos chinos daría considerable liquidez a sus mercados financieros.</s>
    <s id="27">Durante los próximos años, a medida que la participación del sector transable en la capitalización de mercado del sector estatal aumente desde sus bajos valores actuales del 10-15 %, más inversores institucionales –como fondos de pensiones y aseguradoras– participarían en las operaciones con acciones de empresas chinas, actualmente dominadas por los inversores minoristas.</s>
    <s id="28">Esto aumentaría las opciones de ahorro para una población cada vez más rica y fortalecería el apoyo a la inversión y el desarrollo a largo plazo.</s>
  </p>
  <p id="12">
    <s id="29">Los mercados de deuda también se beneficiarían con una iniciativa de este tipo.</s>
    <s id="30">Reducir la separación entre los sectores privado y público, con el tiempo, reduciría el acceso privilegiado de este último al financiamiento bancario –y su uso excesivo–, y llevaría a la expansión de los mercados de bonos corporativos.</s>
  </p>
  <p id="13">
    <s id="31">Cuando entidades públicas –como el sistema de seguridad social y los fondos soberanos de inversión patrimonial– mantengan carteras de activos más diversificadas, los incentivos para intervenir en los mercados y favorecer a los participantes con elevada participación estatal se reducirían sustancialmente.</s>
    <s id="32">Esto, junto con un mayor cumplimiento de la ley de competencia, lograría importantes cambios en pos de un entorno con igualdad de condiciones.</s>
  </p>
  <p id="14">
    <s id="33">Una clara especificación de las responsabilidades fiduciarias y de la gobernanza ayudaría a garantizar que los activos de propiedad pública se gestionaran para maximizar la rentabilidad a largo plazo ajustada por riesgo, y esto beneficiaría al estado y a los ciudadanos, con el mercado como árbitro de la eficiencia y la innovación.</s>
    <s id="34">Las empresas estatales con mejor gestión podrían surgir –o mantenerse– como participantes exitosos y destacados, adaptándose a una mayor competencia en el mercado y combinando la innovación con las economías de escala.</s>
  </p>
  <p id="15">
    <s id="35">De hecho, se podría tercerizar la gestión de los activos del sector público para que gestores privados compitan por esos puestos.</s>
    <s id="36">Esto aceleraría el desarrollo del sector de gestión de activos, con amplios beneficios para los ahorristas e inversores.</s>
  </p>
  <p id="16">
    <s id="37">China no tiene por qué resignar la red de seguridad que le proporcionan sus grandes tenencias de activos para permitir que los mercados desempeñen un decisivo papel microeconómico.</s>
    <s id="38">Puede abandonar el modelo de puestos de mando y desarrollar su propia versión del «capitalismo de estado» para aprovechar lo mejor de ambos mundos.</s>
    <s id="39">Lo único que necesita es un fuerte y persistente compromiso gubernamental con el interés público y, por supuesto, una estrategia de reforma hábilmente ejecutada.</s>
  </p>
  <SOURCE TRANSLATOR="Leopoldo Gurman." />
</document>
