<?xml version="1.0" encoding="utf-8"?>
<document>
  <HEADLINE>
    <s id="1">La oportunidad de China para liderar el desarrollo mundial</s>
  </HEADLINE>
  <p id="1">
    <s id="2">PEKÍN – En septiembre, y por primera vez, China será la sede de la reunión de los líderes mundiales del G20.</s>
    <s id="3">China no podría haber elegido un momento más oportuno para asumir el rol de liderazgo.</s>
    <s id="4">El presidente de China, Xi Jinping, debe aprovechar la ocasión para impulsar el ambicioso programa de desarrollo de China a nivel mundial.</s>
    <s id="5">En concreto, Xi debe argumentar que el desarrollo, cuando se lo lleva a cabo de buena manera, beneficia a todos; y, además debe iniciar conversaciones sobre un acuerdo multilateral para las inversiones que deberá ser desarrollado en el transcurso del próximo año.</s>
  </p>
  <p id="2">
    <s id="6">Esta es una meta alcanzable para la cumbre: el G20 tiene un récord de relativo éxito con respecto a la coordinación de esfuerzos multilaterales, como ser su respuesta frente a la crisis financiera mundial del año 2008.</s>
    <s id="7">Es más, los ingredientes del éxito del desarrollo son bien conocidos por todos.</s>
    <s id="8">Incluyen la constante mejora tecnológica, la cual es fundamental para el crecimiento sostenido y el empleo; un enfoque en la maximización del capital humano y físico; e, inversiones en infraestructuras orientadas a la reducción de los costos de transacción y el aumento de la eficiencia.</s>
  </p>
  <p id="3">
    <s id="9">También conocemos las actuales brechas presentes en el desarrollo.</s>
    <s id="10">Hoy en día, los países en desarrollo se ven limitados por los bajos niveles de capital humano y financiero, así como por la falta de acceso o los bajos niveles de divisas, que a su vez limitan su capacidad para importar las materias primas y los equipos necesarios para ascender en las cadenas de valor mundiales.</s>
  </p>
  <p id="4">
    <s id="11">La mejor manera de cerrar las brechas de capital humano y financiero, y de aumentar el acceso a las divisas, es actuar a través de la Inversión extranjera directa (IED).</s>
    <s id="12">La IED no debería ser difícil de atraer, debido a que los rendimientos potenciales deberían ser más altos en los países en desarrollo, donde hay mayor escasez de capital en comparación a la de mano de obra.</s>
  </p>
  <p id="5">
    <s id="13">Sin embargo, como señaló el Premio Nobel Robert Lucas, el capital ha estado fluyendo en la dirección equivocada, desde los países de bajos ingresos hacia los de altos ingresos.</s>
    <s id="14">Esta tendencia extingue el capital disponible en los países en desarrollo, limita el desarrollo y amplía la brecha de ingresos a nivel mundial.</s>
  </p>
  <p id="6">
    <s id="15">Tal como Laura Alfaro, Sebnem Kalemli-Ozcan y Vadym Volosovych indicaron en un estudio del año 2008 que realizaron para Review of Economics and Statistics, los países más pobres se ven privados de los flujos de capital, en parte, porque carecen de las instituciones que necesitan para recibir y facilitar dichas inversiones.</s>
    <s id="16">En cierto sentido, estos países se encuentran atrapados en un círculo vicioso, ya que en primer lugar y para empezar, ellos necesitan capital para desarrollar las mencionadas instituciones.</s>
  </p>
  <p id="7">
    <s id="17">Un acuerdo de inversión multilateral podría solucionar este problema haciendo que sea más fácil invertir en los países en desarrollo.</s>
    <s id="18">También podría fortalecer la base económica para el crecimiento en los países en desarrollo mediante el establecimiento de mecanismos de protección e incentivos para las inversiones, procedimientos para la resolución de conflictos, puntos de referencia relativos a la responsabilidad social corporativa y marcos regulatorios para las inversiones realizadas por las empresas estatales y los fondos soberanos.</s>
  </p>
  <p id="8">
    <s id="19">La Organización Mundial del Comercio (OMC) es el lugar natural para negociar este acuerdo, pero los esfuerzos anteriores han fracasado, en parte debido a que las negociaciones fueron percibidas como fuertemente favorecedoras de los países desarrollados en desmedro de los en desarrollo.</s>
    <s id="20">Debido a que el ambiente de inversión a nivel mundial ha cambiado dramáticamente durante la última década, se deberían reiniciar tales negociaciones.</s>
    <s id="21">Como muestran las cifras a continuación, los países en desarrollo ahora dan cuenta de un porcentaje en aumento de la inversión directa en el exterior (IDE) a nivel mundial.</s>
    <s id="22">Esto significa que algunas de las economías de los propios mercados emergentes se están convirtiendo en una fuente de capital y, por lo tanto, tienen un rol que desempeñar en cualquier marco para las inversiones futuras.</s>
  </p>
  <p id="9"></p>
  <p id="10">
    <s id="23">China es un excelente ejemplo.</s>
    <s id="24">Tal como se muestra en el siguiente gráfico, China se ha beneficiado mucho de la Inversión extranjera directa (IED) que ahora está incrementado su propia Inversión directa en el exterior (IDE).</s>
  </p>
  <p id="11"></p>
  <p id="12">
    <s id="25">Según la Conferencia de las Naciones Unidas sobre Comercio y Desarrollo, en el año 2013 China se convirtió en la tercera mayor fuente de inversión extranjera directa de otros países y se espera que se convierta por primera vez en un exportador neto de capitales en el año 2016.</s>
    <s id="26">Esta tendencia sólo puede continuar, teniendo en cuenta el efecto combinado de la “Política de salir al exterior” de China, a través de la cual ha exhortado a las compañías domésticas chinas para que realicen inversiones en el exterior, y de su marco “Un cinturón y un camino” para la construcción de infraestructura de comercio a lo largo de todo el continente.</s>
  </p>
  <p id="13">
    <s id="27">Con el tiempo, China probablemente llegará a ser la fuente más grande del mundo de Inversión extranjera directa (IED).</s>
    <s id="28">Después de haber pasado de receptor a contribuidor neto de IED en las últimas décadas, China está perfectamente posicionada para liderar los debates del G20 sobre el desarrollo mundial.</s>
  </p>
  <p id="14">
    <s id="29">Deberá hacerlo mediante el establecimiento de un objetivo concreto para un marco de desarrollo viable con un cronograma claro para alcanzar hitos específicas.</s>
    <s id="30">Un hito próximo debe ser el establecimiento de un marco no vinculante de facilitación de la inversión para los países en desarrollo.</s>
    <s id="31">Y, de manera más general, el acuerdo deberá hacer hincapié en la inclusión y trato honesto, con el objetivo de fomentar el crecimiento económico tanto en los países en desarrollo como en los desarrollados, por igual.</s>
  </p>
  <SOURCE TRANSLATOR="Rocío L. Barrientos." />
</document>
