<?xml version="1.0" encoding="utf-8"?>
<document>
  <HEADLINE>
    <s id="1">Corea del Norte: la estrategia de “China primero”</s>
  </HEADLINE>
  <p id="1">
    <s id="2">LONDRES – La mayoría de los expertos coinciden en que la forma menos mala de encarar la escalada nuclear con Corea del Norte es seguir aplicando una mezcla de contención rigurosa y diplomacia decidida.</s>
    <s id="3">Pero no tantos se han dado cuenta de que la opción militar menos mala (implícita en la insistencia del presidente estadounidense Donald Trump en que China se haga cargo de su peligroso vecino) es una invasión china o un cambio de régimen forzado por la amenaza de tal invasión.</s>
  </p>
  <p id="2">
    <s id="4">Esta salida, que implicaría un profundo cambio favorable a China en el equilibrio estratégico de Asia oriental, no es tan impensable como muchos creen.</s>
    <s id="5">En realidad, es tan viable que merece ser tomada en cuenta seriamente, incluso por los planificadores militares chinos.</s>
    <s id="6">En términos trumpianos, sería una opción de “China primero” que puede ayudar a “hacer grande a China otra vez”.</s>
  </p>
  <p id="3">
    <s id="7">Cualquier intervención militar (por parte de China o no) supone riesgos inmensos.</s>
    <s id="8">Pero antes de ocuparnos de ellos, pensemos en lo que podría conseguirse con una intervención china exitosa.</s>
    <s id="9">Para empezar, pondría a Corea del Norte en el lugar que le corresponde según sugiere su historia posterior a la guerra de Corea: bajo un paraguas nuclear chino que le provea una garantía de seguridad creíble.</s>
  </p>
  <p id="4">
    <s id="10">Mao Zedong decía que su país y Corea del Norte son tan íntimos “como los labios y los dientes”, descripción muy acertada, dado el papel que tuvieron las tropas chinas en evitar una victoria estadounidense en la guerra de Corea.</s>
    <s id="11">Pero en las seis décadas que pasaron desde entonces, Japón y Corea del Sur han sido estrechos aliados de Estados Unidos que albergan bases estadounidenses y se guarecen bajo la protección nuclear de Estados Unidos, mientras que China y Corea del Norte se han ido distanciando.</s>
  </p>
  <p id="5">
    <s id="12">Esto lleva a que China tenga poco control de su vecino y presunto aliado, y probablemente escaso conocimiento de lo que sucede allí.</s>
    <s id="13">Es verdad que podría contribuir a estrechar el cerco sobre Corea del Norte reduciendo más la relación comercial y cortándole el suministro de energía.</s>
    <s id="14">Pero eso sólo lograría empujar al enclaustrado régimen de Kim Jong‑un a buscar apoyo en su otro vecino, Rusia.</s>
  </p>
  <p id="6">
    <s id="15">Si como muchos suponen, Corea del Norte está buscando una garantía de seguridad creíble a cambio de limitar su programa nuclear, el único país capaz de proveérsela es China.</s>
    <s id="16">Las promesas de un presidente estadounidense sólo tendrían credibilidad hasta el final de su mandato (e incluso menos).</s>
  </p>
  <p id="7">
    <s id="17">Así que combinando amenazas de invasión con promesas de seguridad y protección nuclear, a cambio de cooperación y un posible cambio de régimen, las chances de que China obtenga el apoyo de una parte importante del Ejército Popular Coreano serían altas.</s>
    <s id="18">Un enfrentamiento nuclear con Estados Unidos traería devastación, pero la sumisión a China garantizaría supervivencia y probablemente cierto grado de autonomía futura.</s>
    <s id="19">No sería una elección difícil (excepto para los más cercanos a Kim).</s>
  </p>
  <p id="8">
    <s id="20">Las ventajas estratégicas para China de una intervención militar exitosa incluirían no sólo el control de lo que sucede en la península de Corea (donde tal vez podría establecer bases militares), sino también la gratitud regional por haber evitado una guerra catastrófica.</s>
  </p>
  <p id="9">
    <s id="21">Ninguna otra acción ofrece tanto en términos de presentar el liderazgo chino en Asia como algo a la vez creíble y deseable, sobre todo si la alternativa es que Estados Unidos lance una guerra apresurada y mal planificada.</s>
    <s id="22">Lo que China más necesita es legitimidad, y una intervención en Corea del Norte se la daría.</s>
    <s id="23">Tomando prestada la distinción que acuñó Joseph S. Nye de la Universidad de Harvard, un uso exitoso del poder duro aportaría a China enormes reservas de poder blando.</s>
  </p>
  <p id="10">
    <s id="24">Pero ahora viene la pregunta del millón de yuanes: ¿funcionaría?</s>
    <s id="25">No hay modo de saberlo a ciencia cierta, y toda intervención militar conlleva enormes riesgos.</s>
    <s id="26">Las fuerzas armadas chinas están bien equipadas, pero no tienen una experiencia de combate comparable.</s>
    <s id="27">Aunque el adversario es inferior, no es seguro que sus líderes, en caso de no aceptar las condiciones impuestas por China y rendirse, no recurran al uso de armas nucleares u otras de destrucción masiva.</s>
  </p>
  <p id="11">
    <s id="28">Lo que sí es casi seguro es que ante una invasión china (en vez de estadounidense) por tierra y mar es más improbable que Kim responda bombardeando la capital surcoreana, Seúl, que está a menos de sesenta kilómetros al sur de la zona desmilitarizada.</s>
    <s id="29">¿Por qué habría Corea del Norte de masacrar a sus hermanos y hermanas del sur en represalia por una invasión china que traería consigo una promesa de mantenimiento de la seguridad y tal vez de la autonomía?</s>
  </p>
  <p id="12">
    <s id="30">Además, pese a que la contención nuclear del régimen de Kim no está garantizada, China es un blanco menos probable que Estados Unidos para un ataque misilístico norcoreano.</s>
    <s id="31">En caso de contemplarse seriamente una intervención militar china, valdría la pena explorar la posibilidad de cierta colaboración de inteligencia y antimisilística con Estados Unidos, algo a lo que, dados los riesgos, mal podría Estados Unidos negarse.</s>
  </p>
  <p id="13">
    <s id="32">Es posible que esta hipótesis nunca se concrete.</s>
    <s id="33">Pero es tan lógica que su posibilidad merece ser tenida en cuenta.</s>
    <s id="34">Después de todo, es la mejor oportunidad que tiene China de llegar a una mayor paridad estratégica con Estados Unidos en la región y al mismo tiempo eliminar una fuente de inestabilidad que es una amenaza para ambos.</s>
  </p>
  <SOURCE TRANSLATOR="Esteban Flamini" />
</document>
