<?xml version="1.0" encoding="utf-8"?>
<document>
  <HEADLINE>
    <s id="1">Ajuste chino</s>
  </HEADLINE>
  <p id="1">
    <s id="2">BARÉIN.– Quienes observan a China están esperando, desean saber si los chinos han logrado implementar un aterrizaje suave, enfriando una economía recalentada y logrando una tasa de crecimiento más sostenible, o si el dragón asiático se estrellará como antes lo han hecho algunos de sus vecinos.</s>
    <s id="3">Pero algunos, especialmente los políticos estadounidenses en este año de elecciones presidenciales, se centran únicamente en un tema: la balanza comercial china.</s>
  </p>
  <p id="2">
    <s id="4">Es cierto, poco tiempo atrás el yuan estaba fuertemente subvaluado y los superávits comerciales chinos eran muy grandes.</s>
    <s id="5">Esa situación está cambiando.</s>
    <s id="6">Las fuerzas de ajuste están actuando sobre la economía china, por lo que las percepciones extranjeras también necesitan ajustarse.</s>
  </p>
  <p id="3">
    <s id="7">El superávit comercial chino alcanzó su máximo de 300 mil millones de dólares en 2008, desde entonces no ha hecho más que disminuir.</s>
    <s id="8">(De hecho, los datos oficiales mostraron un déficit de 31 mil millones en febrero, el mayor desde 1998.)</s>
    <s id="9">Lo que ha sucedido es claro.</s>
    <s id="10">Desde que China se reincorporó a la economía global hace tres décadas, sus socios comerciales han estado quitándoles de las manos sus exportaciones de manufacturas, ya que los bajos salarios chinos las hacían súpercompetitivas.</s>
    <s id="11">Pero, en los últimos años, los precios relativos se han ajustado.</s>
  </p>
  <p id="4">
    <s id="12">La transformación puede medirse en la apreciación del tipo de cambio real, compuesta en parte por la apreciación nominal del yuan respecto del dólar y en parte por la inflación china.</s>
    <s id="13">El gobierno chino debería haber permitido que una mayor parte de la apreciación real se diera a través de la apreciación nominal (dólares por yuan).</s>
    <s id="14">Pero, como no lo hizo, esta se ha transformado en inflación.</s>
  </p>
  <p id="5">
    <s id="15">El proceso natural de ajuste de precios se vio retrasado.</s>
    <s id="16">Las autoridades intervinieron, primero en 1995-2005 y nuevamente en 2008-2010, para mantener el tipo de cambio virtualmente fijo respecto del dólar.</s>
    <s id="17">En segundo lugar, los trabajadores en las cada vez más productivas fábricas chinas costeras no eran remunerados al valor completo de su trabajo (después de todo, la economía no ha completado su transición de Mao al mercado).</s>
    <s id="18">Como resultado, China continuó vendiendo más barato que el resto del mundo.</s>
  </p>
  <p id="6">
    <s id="19">Pero finalmente se permitió que el yuan se apreciara respecto del dólar –aproximadamente un 25% acumulativo durante 2005-2008 y 2010-2011.</s>
    <s id="20">Además, la escasez de mano de obra comenzó a notarse, y los trabajadores chinos empezaron a obtener rápidos aumentos salariales.</s>
    <s id="21">Pekín, Shenzhén, y Shanghái elevaron fuertemente sus salarios mínimos durante los tres últimos años –un promedio del 22% en 2010 y 2011.</s>
    <s id="22">Mientras tanto, otro de los costos de los negocios, el precio de la tierra, aumentó aún más rápidamente.</s>
  </p>
  <p id="7">
    <s id="23">A medida que aumentan los costos en las provincias costeras chinas, diversos tipos de ajuste están ocurriendo.</s>
    <s id="24">Parte de la producción manufacturera está migrando hacia el interior del continente, donde los salarios y los precios de la tierra aún son relativamente bajos, y algunas operaciones de exportación se están desplazando hacia países como Vietnam, donde son aún menores.</s>
    <s id="25">Además, las empresas chinas están comenzando a automatizarse sustituyendo capital por trabajo, y produciendo bienes más sofisticados, transitando el sendero abierto por Japón, Corea y otros países asiáticos en una formación semejante al «vuelo de los gansos».</s>
  </p>
  <p id="8">
    <s id="26">Finalmente, las empresas multinacionales que mudaron algunas operaciones a China desde Estados Unidos u otros países con elevados salarios, ahora están dando marchaamp#160;atrás.</s>
    <s id="27">Después de todo, la productividad aún es mayor en EE.amp#160;UU.</s>
  </p>
  <p id="9">
    <s id="28">Nada de esto es novedad para la mayoría de los observadores internacionales de China.</s>
    <s id="29">Pero muchos políticos occidentales (y, para ser justos, sus electores) no logran abandonar el silogismo que parecía tan incuestionable hace tan solo una década: (1) Los chinos se han integrado a la economía mundial; (2) sus salarios son de 0,50 dólares por hora; (3) son mil millones de personas; y (4) los salarios chinos nunca verán presiones al alza acordes con las leyes de economía de manual, por lo que sus exportaciones crecerán sin límite.</s>
    <s id="30">Pero resulta que las leyes básicas de la economía eventualmente devienen aplicables –incluso en China.</s>
  </p>
  <p id="10">
    <s id="31">Como algunos otros aspectos de la relación económica entre EE.amp#160;UU. y China, el ajuste chino recuerda al japonés, con un retraso de 30 años.</s>
    <s id="32">La balanza comercial japonesa fue deficitaria en 2011, por primera vez desde 1980.</s>
    <s id="33">Hubo factores especiales en juego durante el año pasado, incluidos el alto precio del petróleo y los efectos del tsunami de marzo de 2011.</s>
    <s id="34">Pero la tendencia descendente en la balanza comercial es clara.</s>
    <s id="35">Incluso la cuenta corriente mostró una situación deficitaria en enero.</s>
  </p>
  <p id="11">
    <s id="36">Este cambio ha recibido relativamente poca atención por parte de EE.amp#160;UU. y otros socios comerciales, algo curioso, dado que hace dos décadas el gran superávit comercial japonés fue objeto de intensa atención y preocupación –exactamente como el actual de China.</s>
    <s id="37">En esa época, algunos comentaristas advirtieron que los japoneses habían descubierto un modelo económico superior, con una política comercial estratégica (entre otras atracciones), y que lo mejor para el resto era emularlos.</s>
    <s id="38">Era eso, o bien los japoneses estaban «haciendo trampa», en cuyo caso debíamos detenerlos.</s>
  </p>
  <p id="12">
    <s id="39">La mayoría de los economistas rechazaron esas opiniones «revisionistas», y sostuvieron que el superávit japonés de cuenta corriente era elevado debido a que su tasa de ahorro interno era alta, algo que reflejaba su demografía y no diferencias culturales o políticas de gobierno.</s>
    <s id="40">La población japonesa era relativamente joven comparada con la de otras economías avanzadas, pero estaba envejeciendo rápidamente debido a un descenso de la tasa de natalidad desde 1940 y una creciente longevidad.</s>
  </p>
  <p id="13">
    <s id="41">Esa visión ha sido reivindicada.</s>
    <s id="42">En 1980, el 9% de la población japonesa tenía 65 o más años de edad; ahora la proporción es de más del 23%, una de las mayores en el mundo.</s>
    <s id="43">Como consecuencia, los ciudadanos japoneses que hace 30 años ahorraban para su jubilación ahora están desahorrando, exactamente como lo predijo la teoría económica.</s>
    <s id="44">A medida que la tasa de ahorro interno disminuyó, también lo hizo el superávit en la cuenta corriente.</s>
  </p>
  <p id="14">
    <s id="45">China enfrenta una tendencia demográfica semejante, junto con un impulso por liberar el consumo de los hogares para sostener el crecimiento de su PBI.</s>
    <s id="46">Como en Japón, la tendencia negativa en la tasa de ahorro china repercutirá sobre su cuenta corriente.</s>
    <s id="47">Las leyes de la economía internacional aún son aplicables.</s>
  </p>
</document>
