<?xml version="1.0" encoding="utf-8"?>
<document>
  <HEADLINE>
    <s id="1">¿Cómo ve China a Trump?</s>
  </HEADLINE>
  <p id="1">
    <s id="2">LONDRES – La asombrosa victoria de Donald Trump en las elecciones presidenciales de Estados Unidos ha sacudido al mundo.</s>
    <s id="3">Si se considera desde el notable silencio del presidente mexicano Enrique Peña Nieto hasta la declaración del presidente francés Francois Hollande sobre que se abre un “período de incertidumbre”, y el embelesamiento apenas disimulado del Kremlin, se puede afirmar que Trump no ha sido recibido internacionalmente de la misma forma en la que se recibieron a otros presidentes estadounidenses.</s>
    <s id="4">Sin embargo, un país se ha mantenido, en gran medida, impasible: China.</s>
  </p>
  <p id="2">
    <s id="5">La postura de Trump sobre China es bien conocida: ha culpado a este país de todo, desde acciones de piratería informática que afectaron a su oponente (acciones que el gobierno de Estados Unidos considera que son el trabajo de Rusia) al cambio climático (que ha calificado como un engaño elaborado por China para socavar la competitividad de EEUU).</s>
    <s id="6">Y, ha prometido imponer un arancel del 45% a los productos chinos.</s>
  </p>
  <p id="3">
    <s id="7">No obstante, la prudencia fluye a través de las venas confucianas de China.</s>
    <s id="8">En lugar de sacar conclusiones precipitadas sobre las futuras políticas de Estados Unidos, y mucho menos tomar medidas prematuras, los líderes de China han permanecido neutrales en su respuesta frente a la victoria de Trump.</s>
    <s id="9">Parecen tener confianza de que, a pesar de que la relación bilateral cambiará en algo, no se transformará de manera fundamental.</s>
    <s id="10">Continuará siendo ni muy buena, ni muy mala.</s>
  </p>
  <p id="4">
    <s id="11">Es de ayuda el hecho que Trump haya cesado sus críticas a China desde que se celebraron las elecciones.</s>
    <s id="12">En cambio, publicó en Twitter un video de su nieta recitando un poema en chino mandarín – video que se convirtió en éxito instantáneo en China.</s>
    <s id="13">Ya sea que pretendiera o no de manera explícita que dicha publicación sea un mensaje para China, la acción enfatiza la posibilidad de que realmente existe un abismo entre la retórica de campaña de Trump y sus posturas y planes reales.</s>
  </p>
  <p id="5">
    <s id="14">Algunos en Occidente podrían pensar que la retórica por sí sola sería suficiente para enfurecer a los líderes de China.</s>
    <s id="15">Pero la verdad es que los chinos están mucho más ofendidos por las reuniones de líderes nacionales con el Dalai Lama, como por ejemplo por la reunión que sostuvo el presidente Barack Obama en junio pasado.</s>
    <s id="16">Y, como ha dejado en claro las elecciones pasadas en Estados Unidos, la retórica puede tener muy poca relación con la realidad.</s>
  </p>
  <p id="6">
    <s id="17">Esto es aún más cierto cuando la retórica bajo escrutinio incluye promesas que perjudicarían a todos los involucrados, como lo harían los aranceles propuestos por Trump.</s>
    <s id="18">La disponibilidad de productos baratos de China ha ejercido, durante mucho tiempo, una presión a la baja sobre los precios, incluso aquellos de productos no chinos, en el mercado estadounidense.</s>
    <s id="19">Para los hogares de bajos ingresos, que son los más propensos a consumir productos importados baratos, esta situación ha sido una bendición, ya que incrementó, de manera efectiva, el poder adquisitivo de dichos hogares.</s>
  </p>
  <p id="7">
    <s id="20">Si se bloquearan las importaciones chinas, los precios subirían, socavando el consumo, obstaculizando el crecimiento económico y exacerbando la desigualdad.</s>
    <s id="21">Y, Estados Unidos ni siquiera estaría protegido de pérdidas de empleo en la industria manufacturera; los empleos sólo se desplazarían a Vietnam o Bangladesh, donde hoy en día los costos de mano de obra son aún más bajos que en China.</s>
  </p>
  <p id="8">
    <s id="22">Lo mismo ocurre con los flujos de inversión – el segundo motor de la globalización – que a menudo se olvidan convenientemente en las discusiones sobre la relación económica entre Estados Unidos y China.</s>
    <s id="23">China es uno de los mayores compradores de bonos del Tesoro de los Estados Unidos y continúa financiando el consumo y la inversión estadounidenses.</s>
    <s id="24">China puede, incluso, ayudar a financiar los grandes proyectos de infraestructura que Trump ha prometido, reduciendo de esta forma la presión que dichos proyectos ejercerían sobre el presupuesto de Estados Unidos.</s>
  </p>
  <p id="9">
    <s id="25">Así que es poco probable que Trump cambie mucho en términos de la política económica de Estados Unidos, al menos si sabe lo que es bueno para él.</s>
    <s id="26">En el ámbito donde podría hacer algunos cambios es en la política exterior; pero, dichos cambios más probablemente complacerían a China en lugar de molestarla.</s>
  </p>
  <p id="10">
    <s id="27">El gobierno de Obama ha estado comprometido durante varios años con un reequilibrio estratégico dirigido a Asia.</s>
    <s id="28">En un momento en que China estaba acumulando rápidamente poderío, tanto económico como militar, Obama parecía estar comprometido a contener el ascenso de China como mejor podía, incluso involucró a Estados Unidos en disputas territoriales en el Mar de China Meridional.</s>
  </p>
  <p id="11">
    <s id="29">Por el contrario, Trump, con su abordaje de política exterior denominado “Primero EE.UU.”, ha prestado poca atención a la disputa del Mar Meridional de China.</s>
    <s id="30">Esta forma de actuar funciona perfectamente para China, país que acogería con beneplácito un menor involucramiento estadounidense en Asia – en especial en el Mar de China Meridional, así como en Taiwán.</s>
  </p>
  <p id="12">
    <s id="31">Pero en este punto, también, existe una brecha entre la retórica y la realidad, y no se debe esperar ningún tipo de cambio radical.</s>
    <s id="32">Poco después de las elecciones, Trump garantizó a los líderes de Japón y Corea del Sur el compromiso que tiene EE.UU. tiene con respecto a la seguridad de sus respectivos países, a pesar de que durante su campaña electoral Trump prometió exigir mayores pagos por la protección de Estados Unidos.</s>
    <s id="33">Si se añade a lo expresado anteriormente la amenaza que plantea Corea del Norte, se llega a la conclusión de que una desestabilizadora retirada estratégica estadounidense sigue siendo un evento altamente improbable.</s>
  </p>
  <p id="13">
    <s id="34">Si Trump cumple con su ofrecimiento de reparar las relaciones con Rusia, las probabilidades de que China vaya a librarse de la presión estadounidense se extenderían aún más.</s>
    <s id="35">Sin tener que lidiar con Rusia, Estados Unidos tendría aún más tiempo para dedicarse a los asuntos asiáticos.</s>
  </p>
  <p id="14">
    <s id="36">Además, un calentamiento de las relaciones Rusia-Estados Unidos podría conducir a cambios sutiles en las relaciones Rusia-China, mismas que se han profundizado desde la anexión de Crimea que llevó a cabo Rusia, situación que demolió las relaciones rusas con Occidente.</s>
  </p>
  <p id="15">
    <s id="37">La victoria de Trump está lejos de ser inconsecuente.</s>
    <s id="38">No es un presidente de los Estados Unidos común y corriente, y, prestándose una frase de Salena Zito de The Atlantic, Trump debe ser tomado en serio, aunque no literalmente en serio.</s>
    <s id="39">Sin embargo, tal como los líderes de China parecen reconocer, como presidente no tendrá más remedio que, por lo general, colorear con sus propios matices dentro de los límites ya establecidos.</s>
    <s id="40">Incluso si quiere desviarse más del consenso sobre política exterior, el sistema estadounidense limitará su capacidad para hacerlo.</s>
  </p>
  <p id="16">
    <s id="41">Por lo tanto, en lugar de preocuparse por las predilecciones personales de Trump o de intentar predecir lo impredecible, los líderes de China siguen enfocados en lo que es realmente importante: la necesidad de una relación bilateral de cooperación.</s>
    <s id="42">Otras potencias mundiales deberían hacer lo mismo.</s>
  </p>
  <SOURCE LANG="inglés" TRANSLATOR="Rocío L. Barrientos." />
</document>
