<?xml version="1.0" encoding="utf-8"?>
<document>
  <HEADLINE>
    <s id="1">Nuevas políticas para las energías limpias</s>
  </HEADLINE>
  <p id="1">
    <s id="2">NUEVA YORK – Los diplomáticos han hecho su trabajo: cerraron el acuerdo climático de París en diciembre y los líderes políticos se reunieron la semana pasada en las Naciones Unidas para firmar el nuevo pacto.</s>
    <s id="3">Pero su implementación es la parte verdaderamente difícil.</s>
    <s id="4">Los gobiernos necesitan un nuevo enfoque para una cuestión que es extremadamente compleja, de largo plazo y cuya escala es global.</s>
  </p>
  <p id="2">
    <s id="5">En el centro del desafío climático reside un desafío energético.</s>
    <s id="6">Aproximadamente el 80 % de la energía primaria el mundo proviene de compuestos de carbono: carbón, petróleo y gas.</s>
    <s id="7">Al ser quemados, emiten el dióxido de carbono que causa del calentamiento global.</s>
    <s id="8">Para 2070 necesitamos una economía mundial casi completamente libre de emisiones de carbono para evitar que el calentamiento global se salga peligrosamente de control.</s>
  </p>
  <p id="3">
    <s id="9">El acuerdo de París reconoce estos hechos básicos.</s>
    <s id="10">Hace un llamado al mundo para limitar las emisiones de gases de efecto invernadero (especialmente el CO2) a niveles netos nulos durante la segunda mitad del siglo.</s>
    <s id="11">Para esto, los gobiernos no solo deben preparar planes hasta el año 2030 (las llamadas Contribuciones Determinadas a Nivel Nacional, o INDC), sino también hasta mediados de siglo (las llamadas Estrategias de Desarrollo con Bajas Emisiones, o LEDS, por su sigla en inglés).</s>
  </p>
  <p id="4">
    <s id="12">Los gobiernos del mundo nunca antes intentaron cambiar un sector básico de la economía mundial a escala global y con una fecha límite tan agresiva.</s>
    <s id="13">El sistema energético de combustibles fósiles fue creado paso a paso, durante dos siglos.</s>
    <s id="14">Ahora se lo debe revisar completamente en tan solo 50 años, y no solo en unos pocos países, sino en todas partes.</s>
    <s id="15">Los gobiernos necesitarán nuevos enfoques para desarrollar e implementar sus LEDS.</s>
  </p>
  <p id="5">
    <s id="16">Hay cuatro motivos por los cuales las políticas usuales no serán suficientes.</s>
    <s id="17">En primer lugar, el sistema energético es solo eso: un sistema compuesto por muchas partes y tecnologías interconectadas.</s>
    <s id="18">Plantas generadoras, ductos, transporte oceánico, líneas de transmisión, represas, uso del suelo, ferrocarriles, autopistas, edificios, vehículos, electrodomésticos y muchas otras cosas deben funcionar conjuntamente como un todo.</s>
  </p>
  <p id="6">
    <s id="19">No es un sistema que se pueda cambiar con pequeños pasos incrementales.</s>
    <s id="20">Una revisión profunda requiere la reingeniería del sistema en su totalidad para garantizar que todas las partes continúen funcionando de manera eficaz.</s>
  </p>
  <p id="7">
    <s id="21">En segundo lugar, aún persisten muchas grandes incertidumbres tecnológicas para la transición hacia un sistema energético con bajas emisiones de carbono.</s>
    <s id="22">¿Se debe descarbonizar a los vehículos con alimentación eléctrica de baterías, células de hidrógeno o biocombustibles avanzados?</s>
    <s id="23">¿Es posible lograr que las plantas generadoras a carbón sean seguras con el método de captura y almacenamiento de carbono (CAC)?</s>
    <s id="24">La energía nuclear, ¿será políticamente aceptable, segura y de bajo costo?</s>
    <s id="25">Debemos planificar las inversiones en investigación y desarrollo para resolver estas incertidumbres y mejorar nuestras opciones tecnológicas.</s>
  </p>
  <p id="8">
    <s id="26">En tercer lugar, las soluciones sensatas requieren cooperación energética internacional.</s>
    <s id="27">Un factor clave de las energías con bajas emisiones de carbono (al igual que ocurre con los combustibles fósiles) es que no suelen estar ubicadas donde se usarán.</s>
    <s id="28">Así como el carbón, el petróleo y el gas, deben ser transportados a través de grandes distancias, la energía eólica, solar, geotérmica e hidroeléctrica debe ser trasladada a través de largas distancias mediante líneas de transmisión y con combustibles líquidos sintéticos fabricados con energía eólica y solar.</s>
  </p>
  <p id="9">
    <s id="29">En cuarto lugar existen, por supuesto, poderosos intereses creados en la industria de los combustibles fósiles y están resistiendo el cambio.</s>
    <s id="30">Esto queda muy claro en EE.</s>
    <s id="31">UU., por ejemplo, donde el partido republicano niega el cambio climático solo porque ha sido fuertemente financiado por la industria petrolera estadounidense.</s>
    <s id="32">Esto ciertamente es una especie de corrupción intelectual, si no política (probablemente se trate de ambas).</s>
  </p>
  <p id="10">
    <s id="33">El hecho de que el sistema energético implique tantas interconexiones complejas genera una inercia tremenda.</s>
    <s id="34">Pasar a un sistema energético con bajas emisiones de carbono requerirá entonces una planificación considerable, largos tiempos de implementación, financiamiento dedicado y acción coordinada entre muchas partes de la economía, que incluyen a los productores de energía, sus distribuidores, y a los consumidores residenciales, comerciales e industriales.</s>
    <s id="35">Algunas políticas, como un impuesto a las emisiones de carbono, pueden ayudar a solucionar algunos —pero solo algunos— de los desafíos de la transición energética.</s>
  </p>
  <p id="11">
    <s id="36">Aquí tenemos otro problema: si los gobiernos solo planean con 10-15 años de anticipación, como suele ocurrir con las políticas energéticas, en vez de con 30-50 años, tenderán a tomar malas decisiones relacionadas con el sistema.</s>
    <s id="37">Por ejemplo, los planificadores energéticos pasarán del carbón al gas natural (con menos emisiones de carbono), pero tenderán a invertir de manera insuficiente en la transición mucho más decisiva hacia las energías renovables.</s>
  </p>
  <p id="12">
    <s id="38">De manera similar, pueden optar por elevar los estándares de los combustibles para los automóviles con motores de combustión interna en vez de impulsar el cambio necesario hacia los vehículos eléctricos.</s>
    <s id="39">En este sentido, planificar con 30-50 años de antelación es fundamental, no solo para tomar las decisiones correctas a largo plazo, sino también para tomar decisiones correctas de corto plazo.</s>
    <s id="40">El Proyecto Caminos para una Descarbonización Profunda de la ONU ha mostrado cómo diseñar y evaluar los planes de largo plazo.</s>
  </p>
  <p id="13">
    <s id="41">Ninguno de estos desafíos se lleva bien con los políticos electos.</s>
    <s id="42">El desafío de la descarbonización requiere políticas sistemáticas durante 30-50 años, mientras que el horizonte temporal de los políticos es tal vez un décimo de ese lapso.</s>
    <s id="43">Los políticos tampoco se sienten muy cómodos con un problema que requiere financiamiento público y privado a gran escala, acciones extremadamente coordinadas de muchas partes de la economía y decisiones frente a continuas incertidumbres tecnológicas.</s>
    <s id="44">No es de extrañar entonces que la mayoría de los políticos haya rehuido este desafío y que los avances prácticos logrados hayan sido demasiado escasos desde la firma en 1992 de la Convención Marco de la ONU sobre el Cambio Climático.</s>
  </p>
  <p id="14">
    <s id="45">Un paso clave, creo, es eliminar todas estas cuestiones de la política electoral de corto plazo.</s>
    <s id="46">Los países deben considerar el establecimiento de agencias energéticas políticamente independientes con alta formación técnica.</s>
    <s id="47">Por supuesto, las decisiones energéticas clave (como la implementación de energía nuclear o la construcción de una nueva red de transmisión) requerirán una intensa participación ciudadana, pero la planificación e implementación deben estar libres de un exceso de políticas partidarias y cabildeos.</s>
    <s id="48">Así como los gobiernos han otorgado con éxito cierta independencia política a sus bancos centrales, deben dar suficiente flexibilidad a sus agencias energéticas para que puedan pensar y actuar para el largo plazo.</s>
  </p>
  <p id="15">
    <s id="49">En el próximo encuentro climático mundial (la COP22 en Marrakech en noviembre), el gobierno de Marruecos y mi equipo de la Red de Soluciones para el Desarrollo Sustentable de la ONU se unirán con otros socios para organizar conjuntamente una «Conferencia sobre Soluciones con Bajas Emisiones».</s>
    <s id="50">Esta conferencia reunirá a expertos energéticos de los países miembros de la ONU, empresas y ciudades para trabajar sobre enfoques extremadamente prácticos para la descarbonización profunda.</s>
    <s id="51">Ahora que el acuerdo climático de París ha sido aprobado, debemos dedicarnos con urgencia a su implementación eficaz.</s>
  </p>
  <SOURCE TRANSLATOR="Leopoldo Gurman." />
</document>
