<?xml version="1.0" encoding="utf-8"?>
<document>
  <HEADLINE>
    <s id="1">¿Los jóvenes activistas climáticos tienen razón?</s>
  </HEADLINE>
  <p id="1">
    <s id="2">CAMBRIDGE – El aumento de las emisiones de gases de efecto invernadero (GEI) en la atmósfera ha provocado que las temperaturas de superficie promedio a nivel global aumentaran casi un 1°C en los últimos cien años.</s>
    <s id="3">No hay dudas en la comunidad científica de que estos cambios son una consecuencia directa de la actividad humana.</s>
    <s id="4">Sin embargo, parece cada vez más improbable que estemos en condiciones de reducir lo suficiente las emisiones de GEI como para frenar y luego revertir el calentamiento global.</s>
  </p>
  <p id="2">
    <s id="5">Se espera que los costos de esta incapacidad –crecientes niveles de los océanos, desplazamiento masivo de la población, episodios de condiciones climáticas extremas más frecuentes y propagación de nuevas enfermedades infecciosas- sean catastróficos, aún sin considerar los “riesgos de eventos excepcionales” verdaderamente apocalípticos identificados por el difunto Martin Weitzman de la Universidad de Harvard.</s>
    <s id="6">Y muchos de los costos serán asumidos por los jóvenes de hoy.</s>
  </p>
  <p id="3">
    <s id="7">En esta situación, ¿la “huelga escolar por el clima”, un movimiento internacional de estudiantes y activistas jóvenes, podría ser la solución?</s>
    <s id="8">Sí y no.</s>
    <s id="9">El mundo –particularmente Estados Unidos- necesita una llamada de atención.</s>
    <s id="10">Hay que hacer añicos nuestra falsa sensación de confort –alentada por discursos engañosos sobre geoingeniería y otros remedios tecnológicos milagrosos-.</s>
    <s id="11">Ofrecer respuestas sólidas ante los gigantescos desafíos colectivos siempre ha exigido un compromiso sostenido de parte de los ciudadanos y de la sociedad civil.</s>
  </p>
  <p id="4">
    <s id="12">Pero la transformación social también exige nuevas leyes, normas e incentivos.</s>
    <s id="13">Sin una legislación relevante, las empresas y los individuos no cambiarán su manera de actuar.</s>
    <s id="14">Y sin la aparición de nuevas normas, las empresas siempre encontrarán maneras de evadir las nuevas leyes.</s>
    <s id="15">La legislación y las normas, por lo tanto, deben trabajar en tándem para establecer nuevos incentivos de larga duración.</s>
  </p>
  <p id="5">
    <s id="16">La indignación manifestada por los jóvenes activistas climáticos de hoy podría impulsar un cambio en las normas globales.</s>
    <s id="17">Pero la ola actual de activismo tendrá que ser traducida en un movimiento político organizado que pueda rivalizar con el poder de la industria de los combustibles fósiles, quizá fusionándose con los partidos verdes existentes o tomando el control de estas agrupaciones.</s>
    <s id="18">El desafío para los activistas es elevar las preocupaciones climáticas por sobre todas las demás cuestiones, para que la gente apoye las políticas destinadas a reducir las emisiones de GEI sin importar sus prioridades económicas, sociales y culturales.</s>
    <s id="19">Sólo entonces podrá desplazarse el centro de gravedad político de la cuestión.</s>
  </p>
  <p id="6">
    <s id="20">Tal como están las cosas, la mayor debilidad del movimiento juvenil actual es que no tiene una agenda coherente para descarbonizar la producción económica.</s>
    <s id="21">De hecho, muchos activistas jóvenes consideran que los mercados y el crecimiento económico son parte del problema.</s>
    <s id="22">Después de todo, la industria de combustibles fósiles durante mucho tiempo ha apelado a los principios del libre mercado cuando hacía lobby contra los impuestos y la regulación del carbono.</s>
  </p>
  <p id="7">
    <s id="23">Pero el mercado podría ser un arma poderosa para combatir el cambio climático.</s>
    <s id="24">De hecho, no hay ninguna razón para pensar que el crecimiento económico deba ser una víctima de la acción climática.</s>
    <s id="25">Un impuesto al carbono apropiadamente alto fijaría un precio predecible para el daño que las actividades económicas con altos niveles de emisiones de carbono infligen a la humanidad, alentando así a las empresas y a los hogares a abandonar las actividades que emiten carbono.</s>
    <s id="26">Y al indicar que el carbono es una amenaza ambiental importante, un impuesto cumpliría la función dual de alentar un cambio normativo.</s>
  </p>
  <p id="8">
    <s id="27">Sin embargo, si un impuesto al carbono ha de ser efectivo, necesitaría ser mucho más alto que la tasa actual en muchos países, que se basa en un precio implícito de 30-50 dólares por tonelada de CO2.</s>
    <s id="28">Y, aún entonces, los responsables de las políticas y los activistas climáticos tendrán que avanzar un poco más.</s>
    <s id="29">Si bien un impuesto alentará a las empresas a buscar fuentes de energía más limpias, no es un gatillo lo suficientemente poderoso para el desarrollo de tecnologías alternativas de bajo consumo de carbono.</s>
    <s id="30">Así las cosas, los impuestos al carbono deberían estar complementados con “subsidios verdes” bien diseñados para las empresas y los investigadores que desarrollan tecnologías eólicas, solares y geotermales, y para aquellos que trabajan en nuevas maneras de limitar las emisiones de las tecnologías existentes.</s>
  </p>
  <p id="9">
    <s id="31">Al igual que los impuestos al carbono, los subsidios verdes potencian el poder del mercado.</s>
    <s id="32">No es casual que la mayoría de los principales avances tecnológicos del siglo XX –antibióticos, tecnología informática, Internet, nanotecnología- provengan de gobiernos que lideraron y crearon mercados.</s>
    <s id="33">Si bien la investigación y los subsidios financiados por el gobierno fueron instrumentales a la hora de crear los incentivos, poco se habría logrado sin el sector privado.</s>
    <s id="34">Para ver cómo es un respaldo estatal sin un mecanismo de mercado robusto detrás, consideremos la desastrosa experiencia de la Unión Soviética en los años 1970 y 1980.</s>
  </p>
  <p id="10">
    <s id="35">Finalmente, los jóvenes activistas climáticos de hoy no deberían suponer que el futuro de la humanidad en este planeta depende de interrumpir o recortar seriamente el crecimiento económico.</s>
    <s id="36">Una transición a una economía de bajo consumo de carbono por cierto requerirá sacrificios.</s>
    <s id="37">(Los argumentos de que un “Nuevo Trato Verde” puede reducir las emisiones y al mismo tiempo impulsar el empleo en el corto plazo no son creíbles).</s>
    <s id="38">Pero, en definitiva, el crecimiento económico se puede ver beneficiado por políticas verdes bien diseñadas.</s>
    <s id="39">Es más, las políticas destinadas a enfrentar el cambio climático tal vez no sean sostenibles en ausencia de crecimiento, teniendo en cuenta que las dificultades económicas pueden disminuir el respaldo público de reformas de amplio alcance.</s>
  </p>
  <p id="11">
    <s id="40">De todos modos, el futuro del crecimiento no puede descansar en producir productos cada vez más manufacturados.</s>
    <s id="41">Nuestra tarea es encontrar maneras mejores y más creativas, y que exijan menos recursos, para satisfacer las diversas necesidades de más de siete mil millones de personas.</s>
    <s id="42">Una vez que se haya concluido la transición a una economía más limpia, el crecimiento puede continuar sin agravar nuestra huella climática.</s>
  </p>
  <p id="12">
    <s id="43">Los activistas climáticos tienen razón de pujar para que exista un entendimiento compartido sobre la necesidad de encontrar mejores maneras de producir y consumir energía.</s>
    <s id="44">Pero, más precisamente aún, necesitamos que el crecimiento económico continúe –y no sólo para mantener el respaldo político de una agenda de políticas verdes-.</s>
    <s id="45">En un mundo donde más de mil millones de personas todavía viven en condiciones de extrema pobreza, y donde miles de millones más aspiran a un nivel de vida más alto, una promesa realista de crecimiento compartido será mucho más atractiva que los reclamos para que se frene el progreso económico.</s>
  </p>
  <p id="13">
    <s id="46">Tenemos con los activistas jóvenes de hoy una inmensa deuda por haber encendido la señal de alarma.</s>
    <s id="47">Ahora, necesitamos convertir su entusiasmo en una fuerza política institucionalizada, y desarrollar un plan para una agenda económica potente, bien diseñada y productiva.</s>
    <s id="48">Los mercados no tienen que interponerse en nuestro camino.</s>
    <s id="49">Por el contrario, podrían ser un aliado poderoso.</s>
  </p>
</document>
