<?xml version="1.0" encoding="utf-8"?>
<document>
  <HEADLINE>
    <s id="1">La colonización de Palestina es un obstáculo para la paz</s>
  </HEADLINE>
  <p id="1">
    <s id="2">Durante más de un cuarto de siglo, la política israelí ha estado en conflicto con la de los Estados Unidos y de la comunidad internacional.</s>
    <s id="3">La ocupación de Palestina por Israel ha constituido un obstáculo para un acuerdo amplio de paz en Tierra Santa, independientemente de que los palestinos no tuvieran un gobierno oficial o tuviesen uno encabezado por Yaser Arafat o Mamoud Abbas o con Abbas de Presidente y Hamas controlando el Parlamento y el gobierno.</s>
  </p>
  <p id="2">
    <s id="4">La posición inquebrantable de los Estados Unidos desde el gobierno de Dwight Eisenhower ha sido la de que las fronteras de Israel deben coincidir con las establecidas en 1949 y, desde 1967, la resolución 242 de las Naciones Unidas ha exigido la retirada de Israel de los territorios ocupados.</s>
    <s id="5">Incluso Israel volvió a confirmar esa política en 1978 y 1993 y todos los presidentes americanos la han subrayado, incluido George W. Bush.</s>
    <s id="6">Este último, como parte del Cuarteto, del que forman parte Rusia, las Naciones Unidas y la Unión Europea, ha refrendado una "hoja de ruta" para la paz, pero Israel ha rechazado oficialmente sus premisas básicas con salvedades y requisitos previos claramente inaceptables.</s>
  </p>
  <p id="3">
    <s id="7">El Centro Carter ha supervisado, con la aprobación de Israel, las tres elecciones palestinas.</s>
    <s id="8">Todas ellas, supervisadas por una comisión selecta de presidentes de universidades y juristas distinguidos, han sido justas, ecuánimes y pacíficas y vencedores y perdedores han aceptado sus resultados.</s>
  </p>
  <p id="4">
    <s id="9">Hamas controlará el gobierno y la oficina del Primer Ministro, pero Mahmoud Abbas conserva toda la autoridad y el poder ejercidos por Yaser Arafat.</s>
    <s id="10">Sigue siendo el jefe de la OLP, única entidad palestina reconocida por Israel, y como tal podría tratar con los dirigentes israelíes con independencia del control de Hamas.</s>
    <s id="11">Ha refrendado inequívocamente la hoja de ruta del Cuarteto.</s>
    <s id="12">Las encuestas de opinión posteriores a las elecciones muestran que el 80 por ciento de los palestinos siguen queriendo un acuerdo de paz con Israel y casi el 70 por ciento apoya a Abbas como Presidente.</s>
  </p>
  <p id="5">
    <s id="13">Israel ha anunciado una política de aislamiento y desestabilización del nuevo gobierno (tal vez con el concurso de los Estados Unidos).</s>
    <s id="14">Se denegarán los permisos para viajar a los funcionarios elegidos, se impedirá la entrada en Israel a los trabajadores de la aislada Gaza y se están adoptando toda clase de medidas para bloquear los fondos a los palestinos.</s>
    <s id="15">El enviado especial del Cuarteto, James Wolfensohn, ha propuesto que los donantes ayuden al pueblo palestino sin violar las leyes antiterroristas que prohíben el envió directo de fondos a Hamas.</s>
  </p>
  <p id="6">
    <s id="16">A corto plazo, la mejor actitud es la de seguir la recomendación de Wolfensohn, dejar pasar la tormenta en Palestina y esperar a que se conozcan los resultados de las elecciones que se celebrarán en Israel al final de este mes.</s>
    <s id="17">Hamas quiere ahora consolidar sus triunfos políticos, mantener el orden y la estabilidad internos y abstenerse de celebrar contacto alguno con Israel.</s>
    <s id="18">Sería una tragedia –en particular para los palestinos– que promoviera o aprobara el terrorismo.</s>
  </p>
  <p id="7">
    <s id="19">El obstáculo principal para la paz es la colonización de Palestina por Israel.</s>
    <s id="20">Cuando yo pasé a ser Presidente, había sólo unos centenares de colonos en la Ribera Occidental y Gaza, pero el gobierno del Likud aumentó la actividad colonizadora después de que yo abandonara mi cargo.</s>
    <s id="21">El Presidente Ronald Reagan condenó esa política y reafirmó que la resolución 242 seguía siendo "el elemento fundamental del empeño de los Estados Unidos en pro de la paz en Oriente Medio".</s>
    <s id="22">El Presidente George H. W. Bush amenazó incluso con reducir la ayuda americana a Israel.</s>
  </p>
  <p id="8">
    <s id="23">Aunque el Presidente Bill Clinton se esforzó al máximo para fomentar la paz, durante su gobierno hubo un aumento en gran escala de los colonos hasta alcanzar la cifra de 225.000, la mayoría mientras Ehud Barak fue Primer Ministro.</s>
    <s id="24">Su mejor oferta oficial a los palestinos fue la de retirar el 20 por ciento de ellos, con lo que habrían dejado 180.000 en 209 asentamientos, que abarcarían el cinco por ciento de las tierras ocupadas.</s>
  </p>
  <p id="9">
    <s id="25">La cifra del cinco por ciento es extraordinariamente engañosa, pues las zonas circundantes están tomadas o marcadas para su expansión, hay carreteras que comunican los asentamientos entre sí y con Jerusalén y amplias arterias que suministran agua, alcantarillado, electricidad y comunicaciones.</s>
    <s id="26">Esa intrincada maraña divide toda la Ribera Occidental en múltiples fragmentos, muchos de ellos inhabitables o incluso inaccesibles.</s>
  </p>
  <p id="10">
    <s id="27">Recientemente, los dirigentes israelíes han adoptado medidas unilaterales sin la participación de los Estados Unidos ni de los palestinos, la primera de las cuales ha sido la retirada de Gaza.</s>
    <s id="28">Esta última, circunscrita y aislada como está actualmente, sin acceso por aire ni por mar y sin comunicación con la Ribera Occidental, es una entidad política y económica inviable.</s>
  </p>
  <p id="11">
    <s id="29">El futuro de la Ribera Occidental es igualmente sombrío.</s>
    <s id="30">Particularmente problemática es la construcción por Israel de enormes muros divisorios de hormigón en zonas pobladas y de vallas altas en zonas rurales... situados enteramente en territorio palestino y en muchos casos con intrusiones profundas para abarcar más territorio y asentamientos.</s>
    <s id="31">El muro está concebido para que rodee completamente una Palestina truncada y una red de carreteras exclusivas atravesará lo que queda de Palestina para conectar Israel con el valle del río Jordán.</s>
  </p>
  <p id="12">
    <s id="32">Eso nunca será aceptable para los palestinos ni para la comunidad internacional y precipitará inevitablemente un aumento de la tensión y de la violencia dentro de Palestina y un mayor resentimiento y animosidad del mundo árabe contra los Estados Unidos, que serán acusados de la difícil situación de los palestinos.</s>
  </p>
  <p id="13">
    <s id="33">El primer ministro en funciones Ehud Olmert y otros señalaron hace años que la ocupación permanente por Israel resultaría cada vez más difícil, pues el número relativo de ciudadanos judíos disminuye su demografía dentro de Israel y en Palestina.</s>
    <s id="34">Es algo que resulta evidente para la mayoría de los israelíes, que también consideran ese papel dominante como una distorsión de su antigua moral y sus valores religiosos.</s>
    <s id="35">A lo largo de los años, las encuestas de opinión han mostrado constantemente que el 60 por ciento, aproximadamente, de los israelíes son partidarios de la retirada de la Ribera Occidental a cambio de una paz permanente.</s>
    <s id="36">Asimismo, un número abrumador de israelíes y palestinos quieren una solución duradera mediante la existencia de dos Estados.</s>
  </p>
  <p id="14">
    <s id="37">En los últimos años han aumentado las víctimas, al imponer las fuerzas ocupantes controles más estrictos.</s>
    <s id="38">Desde septiembre de 2000 hasta marzo de 2006, 3.982 palestinos y 1.084 israelíes han muerto de resultas del conflicto, entre ellos muchos niños: 708 palestinos y 123 israelíes.</s>
  </p>
  <p id="15">
    <s id="39">No cabe duda de que un acuerdo con los palestinos puede propiciar un reconocimiento pleno de Israel y de su derecho a vivir en paz por parte de los árabes.</s>
    <s id="40">Cualesquiera políticas de rechazo por parte de Hamas o de cualquier grupo terrorista serán derrotadas por un compromiso árabe general para limitar la violencia y fomentar el bienestar del pueblo palestino.</s>
  </p>
  <p id="16">
    <s id="41">A lo largo de los años, he visto que la desesperación y la frustración evolucionaban hacia el optimismo y la consecución de avances e incluso ahora no debemos abandonar la esperanza de una paz permanente para los israelíes y de libertad y justicia para los palestinos, si se cumplen tres premisas básicas:</s>
  </p>
  <p id="17">
    <s id="42">1.</s>
    <s id="43">Los palestinos y todos los demás vecinos deben reconocer el derecho de Israel a existir y vivir en paz;</s>
  </p>
  <p id="18">
    <s id="44">2.</s>
    <s id="45">No se puede aprobar la muerte de personas inocentes por atentados suicidas con bombas u otros actos de violencia; y</s>
  </p>
  <p id="19">
    <s id="46">3.</s>
    <s id="47">Los palestinos deben vivir en paz y con dignidad y los asentamientos israelíes permanentes en su territorio constituyen un importante obstáculo para la consecución de ese objetivo.</s>
  </p>
</document>
