<?xml version="1.0" encoding="utf-8"?>
<document>
  <HEADLINE>
    <s id="1">Justicia política en América Latina</s>
  </HEADLINE>
  <p id="1">
    <s id="2">PARIS – En abril, el ex presidente brasileño Luiz Inácio Lula da Silva se rindió a la policía para comenzar a cumplir una sentencia de prisión de 12 años por corrupción pasiva y lavado de dinero.</s>
    <s id="3">Fue el último de una serie de arrestos y procesamientos de líderes políticos y económicos latinoamericanos, una tendencia que comenzó hace cuatro años, con el estallido del escándalo de sobornos del grupo brasileño Odebrecht.</s>
    <s id="4">Pero si bien se necesita con urgencia una acción contra la corrupción, el enfoque cada vez más politizado de estos procedimientos está colocando a toda la región en una pendiente resbaladiza.</s>
  </p>
  <p id="2">
    <s id="5">Con los gobiernos y las legislaturas de América Latina enfrentando una profunda crisis de credibilidad, la judicatura se ha convertido en un actor importante en algunos países.</s>
    <s id="6">En Brasil, por ejemplo, figuras involucradas en la operación Lava Jato (una investigación en curso sobre la corrupción a gran escala en la petrolera estatal Petrobras), como Deltan Dallagnol, el coordinador del grupo de trabajo en el Ministerio Publico, y Sergio Moro, el juez a cargo de la investigación - se han convertido en verdaderos actores políticos.</s>
    <s id="7">Su influencia ahora excede por mucho su papel como abogados, magistrados o jueces de tribunales de primera instancia.</s>
  </p>
  <p id="3">
    <s id="8">El problema real, sin embargo, es que funcionarios como Moro han transformado la acción judicial contra la corrupción en una cruzada moral y política, por la cual están dispuestos a doblegar la ley.</s>
    <s id="9">Los magistrados de la Corte Suprema argumentan que, para poder encarcelar a Lula antes de la campaña presidencial de 2018, Moro ha desobedecido las reglas del procedimiento penal y manipulado los mecanismos de detención preventiva.</s>
    <s id="10">Moro admite en su veredicto que está condenando a Lula sin ninguna evidencia directa de un acto ilícito.</s>
  </p>
  <p id="4">
    <s id="11">Enfrentar a políticos corruptos y líderes empresariales es el tipo de causa que generalmente recibiría un amplio apoyo popular.</s>
    <s id="12">Sin embargo, debido al enfoque activista de la judicatura, el 51% de los brasileños desaprueba las acciones de Moro, que incluyen la condena por corrupción de Lula en 2017.</s>
  </p>
  <p id="5">
    <s id="13">América Latina tiene una larga historia de justicia politizada y política judicializada.</s>
    <s id="14">Como dijo el presidente mexicano, Benito Juárez, en el siglo diecinueve: "Para mis amigos, gracia y justicia; para mis enemigos, la ley.</s>
    <s id="15">"Desafortunadamente, ese sentimiento sigue siendo muy popular en gran parte de Latinoamérica en la actualidad.</s>
  </p>
  <p id="6">
    <s id="16">En México, la oficina del procurador general de la Republica, que lleva meses acéfala, ha sido reacia a perseguir a políticos cercanos al gobierno que, según el Departamento de Justicia de los EE.</s>
    <s id="17">UU., estaban involucrados en sobornos relacionados con Odebrecht.</s>
    <s id="18">Por el contrario, la misma oficina ha realizado ansiosamente una investigación de lavado de dinero contra Ricardo Anaya, uno de los candidatos presidenciales de la oposición.</s>
  </p>
  <p id="7">
    <s id="19">Sin embargo, incluso cuando Anaya ha sido víctima del activismo judicial, uno de sus principales asesores es Santiago Creel, que orquestó la acusación hace 13 años en contra del ex alcalde de la ciudad de México, Andrés Manuel López Obrador, para evitar que éste se postule a la presidencia.</s>
  </p>
  <p id="8">
    <s id="20">En otro ejemplo más de la politización de las investigaciones sobre corrupción, el presidente peruano, Pedro Pablo Kuczynski, renunció en vísperas de un voto de destitución precipitado por sus vínculos con Odebrecht, luego del lanzamiento de grabaciones de video que mostraban a aliados clave tratando de comprar el apoyo de los legisladores de la oposición.</s>
    <s id="21">Pero esos videos no fueron expuestos como resultado de una investigación judicial independiente, sino más bien como parte de una disputa política entre los hijos del ex dictador Alberto Fujimori sobre el control del Congreso (y efectivamente sobre el país).</s>
  </p>
  <p id="9">
    <s id="22">Pero Brasil es el que sirve de modelo por excelencia para los procedimientos judiciales impulsados por motivos políticos.</s>
    <s id="23">La mayoría de la opinión pública brasileña cree que la ex presidenta Dilma Rousseff fue acusada por corrupción.</s>
    <s id="24">En los hechos, fue acusada de usar una maniobra contable, utilizada por presidentes anteriores sin mayores consecuencias, para reducir los déficits del gobierno de manera temporal.</s>
    <s id="25">Según un fiscal del ministerio público, Rousseff no cometió ningún crimen de responsabilidad que justifique su destitución.</s>
  </p>
  <p id="10">
    <s id="26">No se puede decir lo mismo del reemplazo de Rousseff, Michel Temer, que ha logrado evitar dos intentos de juicio político comprando apoyo político en el Congreso.</s>
    <s id="27">De hecho, hay grabaciones de Temer que supuestamente autoriza pagos de silencio a Eduardo Cunha, un ex presidente de la Cámara Baja que está en prisión por su participación en el escándalo de Petrobras.</s>
  </p>
  <p id="11">
    <s id="28">Aécio Neves, quien perdió las elecciones presidenciales ante Rousseff en 2014, será juzgado por cargos de corrupción y obstrucción a la justicia.</s>
    <s id="29">Pero los jueces a cargo de la investigación no se han movido tan rápido como lo hicieron Moro y sus colegas en el caso Lula, a pesar de que el caso Neves está respaldado por pruebas mucho más sólidas.</s>
  </p>
  <p id="12">
    <s id="30">"La ley es para todos", declararon los partidarios de Sergio Moro.</s>
    <s id="31">Están en lo correcto.</s>
    <s id="32">Pero eso significa que la ley también debe ser para Lula, quien ha sido víctima de una verdadera persecución judicial, mediática y política en los últimos cuatro años.</s>
    <s id="33">Es por eso que líderes mundiales, académicos globales y ganadores del Premio Nobel de la Paz, incluidos el ex presidente francés François Hollande, el economista Thomas Piketty y el activista Adolfo Pérez Esquivel, firmaron varios desplegados en favor de Lula.</s>
  </p>
  <p id="13">
    <s id="34">Nada de esto quiere decir que no sea necesario que la justicia enjuicie a los políticos y a otras figuras poderosas por corrupción.</s>
    <s id="35">Por el contrario, la operación Lava Jato ha dejado en evidencia la relación incestuosa entre el dinero y la política en América Latina.</s>
  </p>
  <p id="14">
    <s id="36">Pero cuando los jueces eluden el estado de derecho, lo debilitan.</s>
    <s id="37">Y cuando esas tácticas sirven para fines políticos, como lo han hecho en Brasil, los jueces ponen en peligro la democracia misma.</s>
  </p>
  <p id="15">
    <s id="38">En cualquier caso, la ola de activismo judicial que los escándalos recientes han estimulado hasta ahora ha producido poco o ningún cambio real.</s>
    <s id="39">En particular, no ha habido una reforma electoral o de financiamiento de campaña, porque eso requeriría el apoyo de los agentes del poder político y económico que se benefician del sistema actual.</s>
    <s id="40">La declaración de Moro de que la operación Lava Jato puede estar llegando a su fin ha debilitado aún más su incentivo para actuar.</s>
  </p>
  <p id="16">
    <s id="41">Desde Brasil hasta México, quienes tienen la tarea de defender el estado de derecho están cada vez más ejerciendo la administración de la justicia con fines partidistas.</s>
    <s id="42">En un momento de intensificación de la polarización política, esto no es un buen augurio para el futuro de América Latina.</s>
  </p>
</document>
