<?xml version="1.0" encoding="utf-8"?>
<document>
  <HEADLINE>
    <s id="1">Llanto por la Birmania amada</s>
  </HEADLINE>
  <p id="1">
    <s id="2">YANGON – Las órdenes religiosas de monjes han sido el rostro de Birmania desde que se introdujo el budismo hace más de 1,000 años.</s>
    <s id="3">El que un monje se involucre en política o que tenga un cargo público va en contra del budismo theravada.</s>
    <s id="4">Pero en la Birmania de hoy, esta filosofía espiritual, basada en la compasión y la no violencia, ha adquirido dimensiones inesperadas de desafío y obstinación con las que los monjes impugnan la hegemonía de la junta militar que gobierna nuestro país.</s>
  </p>
  <p id="2">
    <s id="5">Nosotros somos monjes budistas –un líder de la coalición All Burma Sangha que encabezó las protestas recientes, y un académico que da clases en Estados Unidos.</s>
    <s id="6">Uno de nosotros se oculta actualmente porque el gobierno militar de Birmania respondió a las protestas pacíficas de nuestros hermanos y hermanas budistas con violencia y crueldad.</s>
  </p>
  <p id="3">
    <s id="7">Muchos monjes y monjas han sido objeto de abusos y golpes y miles de los que han sido arrestados siguen soportando atrocidades.</s>
    <s id="8">Más de mil están desaparecidos y se cree que muchos están muertos.</s>
  </p>
  <p id="4">
    <s id="9">Hace unas semanas, los monjes de Birmania empezaron a marchar, rezar y propagar bondad en un esfuerzo para resolver pacíficamente los problemas de nuestra nación.</s>
    <s id="10">Birmania es un país rico en recursos naturales, pero su pueblo es pobre.</s>
    <s id="11">Cuando el gobierno aumentó el precio de los combustibles de forma súbita y caprichosa hasta en un 500% de la noche a la mañana, todos resultaron afectados y su situación se hizo aún más desesperada.</s>
  </p>
  <p id="5">
    <s id="12">Como monjes, creemos en aliviar el sufrimiento donde quiera que esté, como parte de los votos que hemos hecho.</s>
    <s id="13">No podíamos ignorar el sufrimiento de nuestro pueblo.</s>
    <s id="14">Formamos la coalición Sangha cuando vimos que los monjes del país estaban unidos.</s>
  </p>
  <p id="6">
    <s id="15">Aquéllos de nosotros que estudian y enseñan en el extranjero comparten esta unidad y se han agrupado para apoyar a los que estamos en Birmania.</s>
    <s id="16">Y no sólo los monjes están unidos.</s>
    <s id="17">Cuando empezamos nuestras marchas pacíficas por el cambio se nos unieron los estudiantes, los jóvenes, los intelectuales y la gente común, en las calles, bajo la lluvia.</s>
  </p>
  <p id="7">
    <s id="18">Creímos que podríamos apelar a algunos, si no es que a todos, los generales que controlan nuestro país –budistas ellos mismos—para que se nos unieran con el fin de intentar corregir los muchos males que aquejan a Birmania.</s>
    <s id="19">Al principio tratamos de mostrar nuestro descontento negándonos a recibir limosnas de ellos.</s>
    <s id="20">Pusimos boca abajo nuestros cuencos de limosna como muestra de nuestros sentimientos.</s>
    <s id="21">No hemos perdido nuestra bondad hacia los soldados comunes, ni siquiera hacia los líderes que les ordenaron atacar a su propia gente, pero queríamos instarlos a que cambiaran mientras todavía había tiempo.</s>
  </p>
  <p id="8">
    <s id="22">Sabemos que algunas personas en el ejército y en las organizaciones cercanas al régimen se han mostrado reacias a utilizar la violencia contra los monjes.</s>
    <s id="23">Queremos decirle a la gente que es violenta con sus compatriotas que se detenga a reflexionar si sus acciones van de acuerdo con el dharma, si están actuando por el bien del pueblo de Birmania.</s>
    <s id="24">Algunos de los soldados a quienes se ordenó que nos golpearan y nos detuvieran se negaron a hacerlo, porque entendieron la verdad de lo que estábamos haciendo.</s>
  </p>
  <p id="9">
    <s id="25">Esperábamos darle una salida a los líderes militares, una forma de iniciar un diálogo real con los líderes del pueblo y los líderes de los grupos étnicos en aras de la unidad de la nación.</s>
    <s id="26">Pero esa esperanza duró poco.</s>
    <s id="27">Ahora el régimen está cazando a quienes participaron en las manifestaciones y cometiendo actos abominables de violencia.</s>
  </p>
  <p id="10">
    <s id="28">Han atacado monasterios y arrestado por la fuerza a monjes y monjas.</s>
    <s id="29">Los guardias están por todas partes, en todas las calles, alrededor de las pagodas y las zonas residenciales.</s>
    <s id="30">Se ha informado de manifestantes heridos que han sido enterrados vivos en fosas comunes.</s>
    <s id="31">Y hay informes confirmados de cuerpos que aparecen en las orillas de las vías acuáticas cerca de Yangon (Rangún).</s>
    <s id="32">El régimen comete atrocidades contra el pueblo de Birmania y miente al mundo sobre sus acciones.</s>
  </p>
  <p id="11">
    <s id="33">El general brigadier Kyaw Hsan, un representante de los militares, dijo recientemente al enviado especial de la ONU, Ibrahim Gambari, que los manifestantes eran “monjes falsos”.</s>
    <s id="34">Pero somos genuinos y miles de nosotros –en Rangún, Mandalay, Pegu, Arakan, Magwe, y Sagaing—nos manifestamos por la paz.</s>
  </p>
  <p id="12">
    <s id="35">Algunos han dicho que el levantamiento en Birmania ya terminó.</s>
    <s id="36">Eso es lo que la junta quiere que el mundo crea.</s>
    <s id="37">Pero creemos que las protestas representan el principio del fin del gobierno militar en nuestro país.</s>
    <s id="38">Los generales que ordenaron la represión no sólo están atacando al pueblo de Birmania, sino también a sus corazones, sus almas y sus creencias espirituales.</s>
    <s id="39">Los monjes son los guardianes del dharma; al atacarlos, los generales atacan al budismo mismo.</s>
  </p>
  <p id="13">
    <s id="40">Sabemos que la comunidad internacional está tratando de ayudarnos, pero necesitamos que esa ayuda sea más efectiva.</s>
    <s id="41">Agradecemos a las muchas personas y organizaciones extranjeras que nos están ayudando a recuperar los derechos que se nos han negado durante más de 40 años.</s>
    <s id="42">Pero también hacemos un llamado a la comunidad internacional para que sus acciones sean prácticas y efectivas.</s>
  </p>
  <p id="14">
    <s id="43">El gobierno militar hará cualquier cosa para permanecer en el poder y es necesario exhibir ante el mundo sus actos violentos.</s>
    <s id="44">Podrán controlar las calles y los monasterios, pero nunca controlarán nuestros corazones y nuestra resolución.</s>
  </p>
</document>
