<?xml version="1.0" encoding="utf-8"?>
<document>
  <HEADLINE>
    <s id="1">Los riesgos del consenso económico</s>
  </HEADLINE>
  <p id="1">
    <s id="2">PRINCETON – La Iniciativa sobre Mercados Globales, con sede en la Universidad de Chicago, realiza una encuesta periódica sobre temas de actualidad a economistas académicos de primer nivel con diferentes ideas políticas.</s>
    <s id="3">En la última edición, se les preguntó si creían que el plan de estímulo del presidente Barack Obama había ayudado a reducir el desempleo en Estados Unidos.</s>
  </p>
  <p id="2">
    <s id="4">El plan, conocido oficialmente como Ley de Reinversión y Recuperación de Estados Unidos de 2009, implicó más de 800.000 millones de dólares de gasto público en infraestructura, educación, salud, energía, incentivos fiscales y diversos programas sociales.</s>
    <s id="5">Fue una clásica respuesta keynesiana implementada en medio de una crisis económica.</s>
  </p>
  <p id="3">
    <s id="6">La opinión de los economistas fue prácticamente unánime.</s>
    <s id="7">Treinta y seis de los 37 importantes economistas que respondieron la encuesta dijeron que el plan había logrado su objetivo declarado de reducir el desempleo.</s>
    <s id="8">Justin Wolfers, economista de la Universidad de Michigan, celebró el consenso en su blog en New York Times y lamentó que el virulento debate público sobre la efectividad del plan de estímulo fiscal haya perdido toda conexión con aquello que los expertos saben y en lo que están de acuerdo.</s>
  </p>
  <p id="4">
    <s id="9">Es cierto que los economistas coinciden en muchas cosas, y algunas de ellas son políticamente controvertidas.</s>
    <s id="10">En 2009, Greg Mankiw, economista de Harvard, elaboró una lista con diversas tesis apoyadas por al menos un 90% de los economistas, entre ellas: imponer aranceles y cuotas a las importaciones reduce el bienestar económico general; el control de alquileres reduce la oferta de vivienda; la flotación cambiaria permite un sistema monetario internacional eficaz;</s>
    <s id="11">Estados Unidos no debe impedir que las empresas relocalicen puestos de trabajo a otros países; y la política fiscal estimula la economía cuando no hay pleno empleo.</s>
  </p>
  <p id="5">
    <s id="12">Este consenso en torno de tantas cuestiones importantes parece contradecir la percepción general de que los economistas rara vez se ponen de acuerdo.</s>
    <s id="13">Es famosa la ironía que les dedicó George Bernard Shaw: “Si todos los economistas se pusieran en fila, aun así no llegarían a ninguna conclusión”.</s>
    <s id="14">Dicen que cierta vez, frustrado por los consejos contradictorios y llenos de reservas que le daban sus asesores, el presidente Dwight Eisenhower pidió que le trajeran un “economista que esté de un solo lado”.</s>
  </p>
  <p id="6">
    <s id="15">Hay muchas cuestiones de política pública que sin duda son objeto de un encendido debate económico.</s>
    <s id="16">¿Cuál debe ser la máxima tasa impositiva?</s>
    <s id="17">¿Hay que elevar el salario mínimo?</s>
    <s id="18">¿Qué es mejor para reducir el déficit fiscal: aumentar los impuestos o recortar el gasto?</s>
    <s id="19">¿Las patentes alientan o impiden la innovación?</s>
    <s id="20">En estas y muchas otras cuestiones, los economistas tienden a ser muy buenos para ver la cuestión desde los dos lados; sospecho que si se hiciera una encuesta sobre estos temas no habría mucho consenso.</s>
  </p>
  <p id="7">
    <s id="21">El acuerdo entre economistas puede ser bueno o malo.</s>
    <s id="22">A veces es bastante inocuo, como cuando nos advierten que hay que tener siempre en cuenta los incentivos.</s>
    <s id="23">¿Quién podría disentir?</s>
    <s id="24">A veces, se limita a un caso particular y se basa en evidencia obtenida después del hecho: sí, el sistema económico soviético era enormemente ineficiente; claro, el plan de estímulo fiscal de Obama en 2009 redujo el desempleo.</s>
  </p>
  <p id="8">
    <s id="25">Pero cuando se crea consenso en torno de la aplicabilidad universal de un modelo determinado, cuyos supuestos fundamentales probablemente no se cumplan en muchos contextos, tenemos un problema.</s>
  </p>
  <p id="9">
    <s id="26">Veamos algunas de las áreas que mencioné antes, en las que hay acuerdo casi unánime.</s>
    <s id="27">La tesis de que las barreras comerciales reducen el bienestar económico ciertamente no es válida en todos los casos, ya que no se cumple si se dan determinadas condiciones (por ejemplo, externalidades o rendimientos crecientes a escala).</s>
    <s id="28">Además, requiere que los economistas hagan juicios de valor sobre los efectos distributivos, algo que es mejor dejárselo al electorado.</s>
  </p>
  <p id="10">
    <s id="29">Asimismo, la tesis de que el control de alquileres reduce la oferta de vivienda no se cumple en condiciones de competencia imperfecta.</s>
    <s id="30">Y la tesis de que la flotación cambiaria es un sistema eficaz depende de supuestos sobre el funcionamiento de los sistemas monetarios y financieros cuya validez está en duda; sospecho que si hoy se hiciera una encuesta sobre esto, habría mucho menos consenso.</s>
  </p>
  <p id="11">
    <s id="31">Puede ser que los economistas tiendan a coincidir en que ciertos supuestos se aplican al mundo real la mayoría de las veces.</s>
    <s id="32">O que piensen que un conjunto de modelos funciona mejor “en promedio” que otro.</s>
    <s id="33">Aun así, cuando dan su apoyo a tal o cual tesis, ¿no deberían incluir las debidas salvedades, siendo científicos como son?</s>
    <s id="34">¿No deberían tener en cuenta que afirmaciones categóricas como las anteriores pueden ser erróneas en, al menos, algunos contextos?</s>
  </p>
  <p id="12">
    <s id="35">El problema es que los economistas suelen confundir un modelo con el modelo.</s>
    <s id="36">Y en esos casos, que haya consenso no es nada para celebrar.</s>
  </p>
  <p id="13">
    <s id="37">De ese consenso pueden derivarse dos clases de perjuicios.</s>
    <s id="38">En primer lugar, errores de omisión: cuando los puntos ciegos del consenso impiden a los economistas ver problemas que se presentarán más adelante.</s>
    <s id="39">Un ejemplo reciente fue cuando no se dieron cuenta de la peligrosa confluencia de circunstancias que produjo la crisis financiera global.</s>
    <s id="40">Esta omisión no se debió a que no hubiera modelos que hablaran de burbujas, información asimétrica, incentivos distorsionados o corridas bancarias, sino a que no se les prestó atención y se favoreció el uso de otros modelos que hacían hincapié en la eficiencia de los mercados.</s>
  </p>
  <p id="14">
    <s id="41">Luego están los errores de comisión: cuando la fijación de los economistas con un modelo particular del mundo los hace cómplices de la implementación de políticas cuyo fracaso era previsible.</s>
    <s id="42">A esta categoría pertenece la defensa de los economistas a las políticas neoliberales del “Consenso de Washington” y a la globalización financiera.</s>
    <s id="43">En ambos casos, no tuvieron en cuenta serias complicaciones analizadas por la teoría del segundo óptimo (externalidades de aprendizaje, fallas institucionales) que restaron eficacia a las reformas y, en algunos casos, las tornaron contraproducentes.</s>
  </p>
  <p id="15">
    <s id="44">El desacuerdo entre economistas es saludable.</s>
    <s id="45">Refleja el hecho de que la disciplina económica abarca una colección de modelos muy variada, y que emparejar la realidad con el modelo es una ciencia imperfecta con amplio margen de error.</s>
    <s id="46">Es mejor mostrarle a la opinión pública esta incertidumbre que transmitirle una falsa sensación de seguridad basada en una apariencia de contar con conocimiento infalible.</s>
  </p>
  <SOURCE TRANSLATOR="Esteban Flamini" />
</document>
