<?xml version="1.0" encoding="utf-8"?>
<document>
  <HEADLINE>
    <s id="1">Problemas en medio del desarrollo en el África emergente</s>
  </HEADLINE>
  <p id="1">
    <s id="2">NUEVA YORK – África está cambiando radicalmente, tanto como las actitudes de los extranjeros hacia ella: finalmente, Estados Unidos parece haberse decidido a igualar el nivel de interés de China, Europa e India por el continente.</s>
    <s id="3">La reciente cumbre del Presidente Barack Obama con 40 jefes de estado y 200 líderes de los negocios estadounidenses y africanos parece indicar un estado de ánimo nuevo y más confiado.</s>
    <s id="4">Resulta estimulante, pero mientras haya partes del África subsahariana que sigan sumidas en conflictos violentos, pobreza y corrupción, no se aprovechará todo el potencial económico del continente.</s>
  </p>
  <p id="2">
    <s id="5">Las oportunidades comerciales y de crecimiento económico de África son atractivas e interesantes.</s>
    <s id="6">La clase media de la región, compuesta por unos 300 millones de personas, está creciendo en más de un 5% al año.</s>
    <s id="7">El consumo per cápita se acerca a los niveles de China y la India.</s>
    <s id="8">África puede lograr el impulso de base amplia al desarrollo que tanto necesita si la inversión extranjera llega a sectores clave, como la educación, la sanidad y la infraestructura.</s>
  </p>
  <p id="3">
    <s id="9">Pero la inversión y el crecimiento (“el ascenso de África”) son solamente una parte de la historia: gran parte del continente también sufre conflictos y crisis, en especial las decenas de millones de seres humanos que habitan en una franja de países desde Mali a Somalia.</s>
    <s id="10">Incluso antes del brote de ébola en Liberia y Sierra Leona, Sudán del Sur, la República Centroafricana y Mali corrían el riesgo de sumarse a una larga lista de estados frágiles o fallidos del que ya forman parte Somalia y la República Democrática del Congo.</s>
    <s id="11">Demasiado a menudo los conflictos étnicos, religiosos, económicos y de otros tipos dificultan los objetivos de alcanzar una gobernanza eficaz y proporcionar niveles básicos de servicios.</s>
  </p>
  <p id="4">
    <s id="12">Estos países reciben la atención del mundo, y brevemente, solamente cuando ocurre una masacre o una crisis de refugiados.</s>
    <s id="13">Y una vez la atención pasa a otro tema, los problemas siguen allí y las condiciones de vida empeoran.</s>
    <s id="14">En Sudán del Sur, el país de más reciente creación del planeta, la unidad política se mantuvo más allá de las líneas étnicas durante la lucha por la independencia, pero estalló este año: cerca de 1,5 millones de personas han perdido sus hogares y 400.000 han escapado a los países vecinos.</s>
  </p>
  <p id="5">
    <s id="15">Nadie está seguro en esta situación de terror generalizado.</s>
    <s id="16">En abril, dos miembros de mi propia organización murieron dentro de un centro de las Naciones Unidas para refugiados y a principios de agosto fueron ejecutados siete cooperantes locales.</s>
  </p>
  <p id="6">
    <s id="17">En la República Centroafricana, los ataques a los cristianos por parte de combatientes musulmanes que antes habían pertenecido al grupo Seleka se han visto ensombrecidos por los ataques de las milicias cristianas y animistas anti-balaka contra otros musulmanes que huían.</s>
    <s id="18">Se estima que la población musulmana de este país ha descendido del 15% al 5%.</s>
    <s id="19">Como ya es habitual, las mayores víctimas son las mujeres y los niños.</s>
    <s id="20">Sólo en los últimos tres meses, los centros del Comité Internacional de Rescate en Bangui, la capital, han visto una fuerte alza del número de mujeres que huyen de la violencia y las agresiones.</s>
  </p>
  <p id="7">
    <s id="21">Se necesita ayuda con urgencia, pero esta tarda en llegar.</s>
    <s id="22">Solo se ha logrado reunir el 39% de los $565 que la ONU ha pedido recaudar para la República Centroafricana y la mitad del objetivo de su llamado de fondos para Sudán del Sur, que se enfrenta a la hambruna tras los combates que impidieron a los agricultores cultivar sus cosechas.</s>
    <s id="23">Se está evidenciando la fatiga de los donantes ante la multitud de crisis globales a las que hoy se enfrentan los gobiernos y funcionarios.</s>
  </p>
  <p id="8">
    <s id="24">Sin duda, es necesario realizar acciones humanitarias para enfrentar las crisis en lo inmediato, pero es igual de importante reconocer que, así como las crisis políticas suelen producir crisis humanitarias, éstas a su vez pueden provocar inestabilidad política: los éxodos masivos de países vecinos asolados por crisis pueden desestabilizar regiones enteras.</s>
    <s id="25">De hecho, raramente las guerras civiles se quedan en los países donde comienzan.</s>
  </p>
  <p id="9">
    <s id="26">Los problemas de refugiados tienen raíces profundas.</s>
    <s id="27">Por ejemplo, la mitad de las personas que en el mundo sufren de pobreza viven en estados frágiles y en conflicto (20% más que hace una década) y el 75% de los refugiados viven entre habitantes locales en áreas urbanas.</s>
    <s id="28">Existe un estrecho nexo entre crisis y subdesarrollo.</s>
  </p>
  <p id="10">
    <s id="29">Cada vez sabemos mejor los tipos de medidas humanitarias que funcionan bien.</s>
    <s id="30">Las iniciativas de base comunitaria que crean confianza son mejores que los proyectos que se manejan de manera externa o centralizada.</s>
    <s id="31">Algunas las maneras más efectivas para lograr la recuperación son empoderar a las mujeres para que se protejan de la violencia o enseñar a los niños refugiados a manejar su trauma.</s>
    <s id="32">También sabemos que no puede haber desarrollo sin seguridad.</s>
    <s id="33">En la actualidad hay más de 100.000 fuerzas de paz de la ONU y la Unión Africana en los estados africanos que sufren conflictos.</s>
    <s id="34">Se necesitan más, especialmente en la República Centroafricana y Sudán del Sur.</s>
  </p>
  <p id="11">
    <s id="35">La inversión económica en África es importante y merece que se le dedique una planificación detallada y de largo plazo.</s>
    <s id="36">El gobierno de Obama tiene razón al promover oportunidades comerciales en el continente, pero eso por sí solo no dará respuesta a las causas de los violentos conflictos que afectan a millones de personas.</s>
    <s id="37">La ayuda humanitaria debe ir a la par de la buena gobernanza y el desarrollo económico como pilares del pleno desarrollo del potencial de África.</s>
  </p>
  <SOURCE LANG="inglés" TRANSLATOR="David Meléndez Tormen" />
</document>
