<?xml version="1.0" encoding="utf-8"?>
<document>
  <HEADLINE>
    <s id="1">Aprovechar al máximo una mayor ayuda</s>
  </HEADLINE>
  <p id="1">
    <s id="2">PARÍS – Los esfuerzos para erradicar la pobreza mundial son los más intensos que se hayan desplegado.</s>
    <s id="3">En 2014, por segundo año consecutivo, la asistencia oficial para el desarrollo (AOD) alcanzó un récord histórico de 135 mil millones de dólares, de acuerdo con nuevos datos emitidos por la OCDE.</s>
    <s id="4">Esto indica que las economías avanzadas mantienen su compromiso de promover el desarrollo global, a pesar de sus propios problemas actuales.</s>
  </p>
  <p id="2">
    <s id="5">Sumemos a este total el gasto significativo de China, los Estados árabes y países latinoamericanos mediante inversiones y créditos, y se nota claramente que los flujos de AOD hacia el mundo en desarrollo han alcanzado niveles sin precedentes.</s>
    <s id="6">Con todo, no se debe permitir que el optimismo generado por estos datos titulares opaquen las oportunidades de canalizar estos fondos más efectivamente.</s>
  </p>
  <p id="3">
    <s id="7">La AOD de países donantes ha ayudado a reducir a la mitad la pobreza extrema y la mortalidad infantil, y también ha sido motor de progreso en muchos otros frentes.</s>
    <s id="8">Sin embargo, es cada vez más claro que los flujos sostenidos de asistencia al desarrollo no serán suficientes para erradicar la extrema pobreza para 2030 y poner en aplicación los nuevos objetivos de desarrollo sostenible de las Naciones Unidas, cuyo consenso se deberá hacer más adelante en el año.</s>
  </p>
  <p id="4">
    <s id="9">El dinero que hoy se gasta en asistencia podría tener un impacto sustancialmente mayor si se usara para movilizar flujos fiscales internos e inversión privada en países dependientes de asistencia.</s>
    <s id="10">Este uso de la AOD se puede capturar mejor en el nuevo indicador lanzado el 8 de abril por la OCDE: ayuda oficial total para el desarrollo.</s>
  </p>
  <p id="5">
    <s id="11">En promedio, los países en desarrollo obtienen 17% de su PIB mediante recaudación fiscal, en comparación con el 34% en los países de la OCDE.</s>
    <s id="12">Para algunos países la proporción es de solo 10%.</s>
    <s id="13">Gran parte de las pérdidas de la recaudación fiscal desaparecen en flujos ilícitos que tienen como destino final el extranjero.</s>
  </p>
  <p id="6">
    <s id="14">Por ejemplo, África pierde alrededor de 50 mil millones de dólares al año en flujos ilícitos, mucho más de lo que recibe en ayuda para el desarrollo.</s>
    <s id="15">Posibilitar que los países en desarrollo generen tan solo 1% más del PIB mediante impuestos movilizaría el doble del dinero que representa la AOD total –y todo se podría dirigir hacia la educación, la salud, la seguridad o en programas de ayuda en efectivo.</s>
  </p>
  <p id="7">
    <s id="16">Los rendimientos derivados del gasto en el fortalecimiento de sistemas fiscales pueden ser impresionantes.</s>
    <s id="17">En Kenia, el proyecto dirigido por la OCDE, Inspectores fiscales sin fronteras, mostró que cada dólar gastado en trabajar con las autoridades para impedir la evasión fiscal resulta en 1290 dólares más en ingresos fiscales.</s>
    <s id="18">De igual manera, en las Filipinas, los 500 mil dólares destinados a apoyar la reforma fiscal produjeron más de mil millones de dólares adicionales en recaudación fiscal.</s>
    <s id="19">Con todo, actualmente solo 0.1% del total de la ayuda para el desarrollo, poco menos de 120 millones de dólares, se destina al fortalecimiento de sistemas fiscales en países en desarrollo.</s>
  </p>
  <p id="8">
    <s id="20">Si se canaliza adecuadamente, la ayuda para el desarrollo también ofrece el potencial de movilizar la inversión privada si se gasta en reducir el riesgo.</s>
    <s id="21">Las garantías, préstamos en condiciones favorables e inversiones de capital respaldadas con ayuda para el desarrollo pueden ayudar a atraer inversionistas, como ocurrió con los proyectos de energía solar en Mali y las plantas de manufactura en Etiopía.</s>
    <s id="22">En 2014, el entonces Comisario de Desarrollo de la Unión Europea, Andris Piebalgs informó que el total de programas de ayuda de 2,1 mil millones de euros (2,2 mil millones de dólares) habían “logrado un apalancamiento estimado de 40,7 mil millones de euroes en 226 proyectos desde 2007 ”.</s>
  </p>
  <p id="9">
    <s id="23">Es importante también destinar la ayuda a áreas donde más se necesita.</s>
    <s id="24">Incluso cuando la ayuda se mantuvo en niveles históricos el año pasado, los fondos hacia los países menos desarrollados en realidad cayeron.</s>
    <s id="25">Programas de larga data en países más prósperos recibieron mayores cantidades de dinero, mientras que los candidatos más pobres una vez más fueron ignorados.</s>
  </p>
  <p id="10">
    <s id="26">Cuando los dirigentes mundiales se encuentren en Addis Abeba en julio para la Cumbre de financiamiento de desarrollo sostenible, tienen que acordar dirigir ayuda a aquellos países que tienen menos acceso a otras fuentes de financiamiento, más dificultades para atraer inversionistas y sistemas fiscales más vulnerables.</s>
    <s id="27">Los grupos vulnerables como las minorías étnicas y religiosas y las poblaciones indígenas rurales que están luchando para romper el círculo de pobreza, deben recibir atención especial.</s>
  </p>
  <p id="11">
    <s id="28">Los 29 países miembros del Comité de Asistencia para el Desarrollo de la OCDE han prometido revertir la disminución de la ayuda a los países más pobres del mundo.</s>
    <s id="29">Estos países donantes también han prometido cumplir el objetivo de las Naciones Unidas de gasto de al menos 0.15% de su PIB en ayuda para el desarrollo hacia los países menos desarrollados.</s>
    <s id="30">Asimismo, han acordado nuevas reglas que permitirían canalizar más recursos bajo condiciones más flexibles a los países más pobres, y poner en aplicación nuevas salvaguardias para asegurar la sostenibilidad de deuda.</s>
  </p>
  <p id="12">
    <s id="31">Somos la primera generación en la historia de la humanidad con los medios para sacar de la pobreza extrema a todas las personas del planeta.</s>
    <s id="32">Hay suficiente dinero en el mundo.</s>
    <s id="33">Es crucial que lo usemos más inteligentemente.</s>
  </p>
  <SOURCE TRANSLATOR="Kena Nequiz" />
</document>
