<?xml version="1.0" encoding="utf-8"?>
<document>
  <HEADLINE>
    <s id="1">Finanzas digitales para un mundo más justo después de la pandemia</s>
  </HEADLINE>
  <p id="1">
    <s id="2">JOHANNESBURGO/NUEVA YORK – La inédita crisis de la COVID‑19 llevó a miles de millones de personas a trabajar, socializar y consumir en forma digital.</s>
    <s id="3">Este cambio crea una oportunidad histórica para liberar el potencial de la digitalización aplicada a la financiación de un desarrollo más inclusivo y sostenible.</s>
  </p>
  <p id="2">
    <s id="4">Broadly defined, intervention refers to actions that influence the domestic affairs of another sovereign state, and they can range from broadcasts, economic aid, and support for opposition parties to blockades, cyber attacks, drone strikes, and military invasion.</s>
    <s id="5">Which ones will the US president-elect favor?</s>
  </p>
  <p id="3">
    <s id="6">After 15 years as chancellor of the European Union's largest member state, Angela Merkel will leave the political stage later this year, creating uncertainty about what lies ahead for Germany.</s>
    <s id="7">Five recent books on the issues dominating German political debates offer some answers, but also more questions.</s>
  </p>
  <p id="4">
    <s id="8">La digitalización está transformando cada aspecto de las finanzas.</s>
    <s id="9">Más de mil millones de personas en todo el mundo ya usan plataformas móviles de pago, que han convertido los teléfonos móviles en herramientas financieras.</s>
    <s id="10">Las finanzas digitales ponen el análisis de macrodatos y la inteligencia artificial al servicio de avances en una variedad de áreas: criptomonedas, criptoactivos, préstamos entre particulares, microfinanciación colectiva, mercados virtuales, etcétera.</s>
    <s id="11">Las ruidosas salas de bolsa de antaño se están volviendo silenciosas gracias a los algoritmos: hoy muchas transacciones bursátiles en Estados Unidos se ejecutan sin ninguna intervención humana.</s>
  </p>
  <p id="5">
    <s id="12">El motor de esta transformación es la inversión en tecnología financiera (fintech).</s>
    <s id="13">En 2018, la inversión de capitales de riesgo en el sector fintech llegó a la cifra récord de 120 000 millones de dólares, un tercio del total mundial.</s>
    <s id="14">Y los inversores financieros están volcando en el sector grandes cantidades de dinero todos los años.</s>
  </p>
  <p id="6">
    <s id="15">La pandemia dio un gran estímulo a estos cambios.</s>
    <s id="16">La transferencia digital de dinero permite a los gobiernos ofrecer ayuda financiera inmediata a la ciudadanía.</s>
    <s id="17">Plataformas de microfinanciación colectiva han movilizado recursos para la compra de insumos médicos y la provisión de ayudas de emergencia.</s>
    <s id="18">Los algoritmos de crédito aceleran la obtención de fondos vitales para las pequeñas empresas.</s>
    <s id="19">Y las plataformas de comercio electrónico permiten a la gente comprar ahora y consumir más tarde para ayudar a las empresas locales y proteger el empleo.</s>
  </p>
  <p id="7">
    <s id="20">Pero estos ejemplos alentadores son una ínfima parte de lo que es urgentemente necesario y posible.</s>
    <s id="21">El mundo rebosa literalmente de billones de dólares.</s>
    <s id="22">Se trata en definitiva del dinero de las personas, dinero ganado y prestado, dinero que la gente gasta, ahorra, invierte y entrega a los gobiernos para que lo usen en su nombre.</s>
    <s id="23">Pero muy a menudo, estos fondos no se destinan a cubrir las necesidades y deseos de la gente.</s>
    <s id="24">La desigualdad ya estaba en aumento antes de la crisis y ahora se está acelerando.</s>
    <s id="25">Además, el sector financiero no está actuando como un canal eficaz del dinero y los ahorros hacia la solución de problemas de desarrollo a largo plazo como el cambio climático y la destrucción de la biodiversidad.</s>
  </p>
  <p id="8">
    <s id="26">Una transformación impulsada por las tecnologías digitales puede compatibilizar mejor las finanzas con las necesidades de la gente, expresadas en los Objetivos de Desarrollo Sostenible (ODS).</s>
    <s id="27">En noviembre de 2018, el secretario general de las Naciones Unidas, António Guterres, estableció un grupo de trabajo formado por representantes de las finanzas, de la formulación de políticas y del área del desarrollo, y le encomendó la tarea de identificar formas de poner la digitalización al servicio de la financiación de los ODS.</s>
    <s id="28">El panel (copresidido por los autores) acaba de finalizar sus deliberaciones y presentó un informe final al secretario general, tras dialogar con miles de personas e instituciones de numerosos países.</s>
  </p>
  <p id="9">
    <s id="29">Enjoy unlimited access to the ideas and opinions of the world's leading thinkers, including weekly long reads, book reviews, and interviews;</s>
    <s id="30">The Year Ahead annual print magazine; the complete PS archive; and more – All for less than $9 a month.</s>
  </p>
  <p id="10">
    <s id="31">Nuestra conclusión central es que el poder de la transformación digital ofrece una oportunidad extraordinaria para reconfigurar las finanzas públicas y privadas en formas que ayuden a concretar los ODS.</s>
    <s id="32">Y estamos convocando a los actores de los mercados y a las autoridades (incluidos bancos centrales e instituciones de ayuda al desarrollo) para la implementación de una agenda de recomendaciones prácticas.</s>
  </p>
  <p id="11">
    <s id="33">Esta agenda identifica cinco oportunidades sistémicas de mejorar el impacto social y ambiental de los flujos financieros a través de las tecnologías digitales y recomienda modos de fomentar avances en cada una de ellas.</s>
  </p>
  <p id="12">
    <s id="34">Para empezar, la digitalización puede ser una herramienta esencial para asegurar que los mercados globales de capitales, cuyo valor actual llega a unos 185 billones de dólares, estén más atentos a los riesgos y efectos sociales y ambientales.</s>
    <s id="35">En segundo lugar, el análisis algorítmico y de macrodatos puede acelerar la provisión de los 5,2 billones de dólares de financiación anual que necesitan las pequeñas y medianas empresas de los países en desarrollo, fuente de buena parte de los empleos del mundo.</s>
  </p>
  <p id="13">
    <s id="36">En tercer lugar, las nuevas herramientas digitales, desde el teléfono móvil hasta el seguimiento de inversiones en infraestructura a través de la tecnología blockchain, pueden dar a la ciudadanía un modo de canalizar una parte mayor de sus ahorros anuales (que en todo el mundo han crecido a más del triple en las últimas dos décadas, a más de 23 billones de dólares) hacia la inversión en energías limpias, transporte y atención de la salud.</s>
    <s id="37">Además, la digitalización de pagos permitiría a los gobiernos de los países en desarrollo (que en conjunto gastan casi el 20% del PIB global en nombre de sus ciudadanos) ahorrarse unos 220 a 320 mil millones de dólares al año.</s>
    <s id="38">Finalmente, la aceleración del gasto electrónico de los consumidores ofrece nuevas formas de comunicación basada en datos a través de las cuales alentar elecciones favorables a los objetivos ambientales y sociales en general.</s>
  </p>
  <p id="14">
    <s id="39">El panel es consciente de los obstáculos y riesgos implícitos, en particular el poder de exclusión de las disparidades en materia de infraestructura digital y la distribución desigual de habilidades.</s>
    <s id="40">La digitalización supone riesgo de perpetuar la discriminación contra las mujeres y otros colectivos.</s>
    <s id="41">Las finanzas digitales, además, generan ocasiones de intrusión informática, malversación y fraude, y pueden intensificar el cortoplacismo y la concentración de los mercados.</s>
  </p>
  <p id="15">
    <s id="42">La agenda que proponemos recomienda posibles soluciones a muchos de estos problemas.</s>
    <s id="43">En el nivel nacional, los gobiernos deben invertir en infraestructuras digitales, hacerlas más accesibles, dar protección a la ciudadanía y a sus datos, y lograr una mejor coordinación entre los cambiantes ecosistemas financieros digitales y la planificación para el desarrollo sostenible en general.</s>
    <s id="44">En el plano internacional, deben cooperar para que la gobernanza global del sector fintech sea más inclusiva y esté a tono con las necesidades de desarrollo más amplias.</s>
  </p>
  <p id="16">
    <s id="45">Las recomendaciones del panel, a la vez ambiciosas y prácticas, llegan en el momento justo.</s>
    <s id="46">Las finanzas digitales pueden ayudar al mundo a enfrentar los desafíos de esta crisis, aprovechar sus oportunidades y resolver las necesidades de desarrollo a largo plazo.</s>
  </p>
  <SOURCE TRANSLATOR="Esteban Flamini" />
</document>
