<?xml version="1.0" encoding="utf-8"?>
<document>
  <HEADLINE>
    <s id="1">La locura del rey Donald</s>
  </HEADLINE>
  <p id="1">
    <s id="2">WASHINGTON, DC – En la capital de Estados Unidos se siente algo parecido al pánico.</s>
    <s id="3">La conducta del presidente Donald Trump estos últimos días ha sido más extraña que nunca, y una pregunta ronda las mentes de políticos y ciudadanos por igual, aunque pocos la mencionen en voz alta: ¿qué se hace con este hombre?</s>
    <s id="4">¿Puede Estados Unidos darse el lujo de esperar a que el fiscal especial Robert Mueller concluya su investigación (suponiendo que hallará que el presidente es culpable de algo)?</s>
    <s id="5">Eso todavía llevará algún tiempo.</s>
  </p>
  <p id="2">
    <s id="6">Lo del tiempo es cada vez más apremiante, porque ha aumentado el riesgo de que Estados Unidos acabe metido, por error o deliberadamente, en una guerra con Corea del Norte.</s>
    <s id="7">Ese riesgo, sumado a la conducta cada vez más peculiar de Trump, tiene a Washington en un nivel de tensión que yo nunca había visto (ni siquiera en los oscuros días del Watergate).</s>
    <s id="8">Digámoslo sin rodeos: el temor es que un presidente mentalmente desequilibrado pueda llevar a Estados Unidos a una guerra nuclear.</s>
  </p>
  <p id="3">
    <s id="9">Sólo la semana pasada, las pruebas de la inestabilidad de Trump se acumularon.</s>
    <s id="10">Durante una ceremonia en la Oficina Oval en honor de excombatientes navajos de la Segunda Guerra Mundial, pronunció un ofensivo comentario racista.</s>
    <s id="11">Inició una pelea inédita e innecesaria con la primera ministra del Reino Unido (supuestamente el mayor aliado de Estados Unidos) al retuitear comentarios antimusulmanes de un grupo neofascista británico.</s>
    <s id="12">Para conseguir que una senadora demócrata votara a favor de su proyecto de rebajas impositivas, viajó al estado que representa y dijo mentiras sobre el historial de la senadora (pero el proyecto es tan favorable al 1% de estadounidenses más ricos que ningún senador demócrata lo votó).</s>
    <s id="13">Y siguió provocando al líder norcoreano, Kim Jong-un, quien parece igual de inestable.</s>
  </p>
  <p id="4">
    <s id="14">En tanto, el Washington Post y el New York Times publicaron noticias preocupantes sobre la conducta privada del presidente.</s>
    <s id="15">Este habría dicho a personas de su entorno que cree que la infame filmación donde aparece bromeando fuera de cámara acerca de manosear genitales femeninos está fraguada, pese a que cuando el Post la publicó, en el último tramo de la campaña presidencial, admitió que era auténtica y pidió disculpas por ella.</s>
  </p>
  <p id="5">
    <s id="16">Trump también volvió a insistir con la mentira que lanzó su carrera política y a la que, bajo presión de sus asesores, renunció antes de la elección: que Barack Obama no nació en Estados Unidos.</s>
    <s id="17">Tuiteó que la revista Time le ofreció nombrarlo “Personaje del Año” 2017, pero que rechazó la propuesta porque no era segura (Trump da mucha importancia a esas apariciones en la tapa de Time).</s>
    <s id="18">Un representante de la revista negó que eso hubiera ocurrido.</s>
  </p>
  <p id="6">
    <s id="19">La posibilidad de que Trump padezca algún trastorno mental creó un dilema para psiquiatras, políticos y periodistas.</s>
    <s id="20">La Asociación Estadounidense de Psiquiatría tiene por regla que sus miembros no pueden diagnosticar a personas que no examinaron.</s>
    <s id="21">Pero en vista de lo que algunos psiquiatras ven como una emergencia nacional, muchos ignoraron la regla y expresaron públicamente su evaluación profesional del estado mental de Trump, incluso por escrito.</s>
  </p>
  <p id="7">
    <s id="22">La opinión más aceptada es que sufre un trastorno de personalidad narcisista (lo cual es mucho más grave que ser simplemente narcisista).</s>
    <s id="23">Mayo Clinic define ese trastorno como “una afección mental en la que las personas tienen una idea exagerada de su importancia, una profunda necesidad de atención y admiración excesivas, relaciones turbulentas y falta de empatía”.</s>
    <s id="24">Además, “tras esta máscara de extrema seguridad se oculta una autoestima frágil incapaz de aceptar la menor crítica”.</s>
  </p>
  <p id="8">
    <s id="25">Esta definición se parece demasiado a lo que Trump muestra todo el tiempo.</s>
    <s id="26">Otra idea, defendida por numerosos profesionales médicos sobre la base de comparar entrevistas que Trump dio a fines de los ochenta con la falta de vocabulario y fluidez con que se expresa en la actualidad, es que el presidente está en la fase inicial de la demencia.</s>
    <s id="27">Según UpToDate, una base de datos clínicos por suscripción muy usada y respetada por profesionales, los síntomas de la demencia incluyen agitación, agresión, delirios, alucinaciones, apatía y desinhibición.</s>
  </p>
  <p id="9">
    <s id="28">Numerosos congresistas republicanos ya están muy preocupados por la capacidad de Trump para manejar la presidencia (un trabajo increíblemente demandante).</s>
    <s id="29">Incluso el secretario de Estado, Rex Tillerson (a quien los rumores dan por destituido en breve), habría calificado a Trump de “imbécil”.</s>
  </p>
  <p id="10">
    <s id="30">Algunos atribuyen la cada vez más errática conducta reciente de Trump a que está preocupado por la investigación de Mueller sobre la campaña y la posible colusión con Rusia para inclinar la elección de 2016 a su favor, que podría dar lugar a cargos de conspiración (Trump parece ser la única figura importante en Washington que no admite las interferencias rusas).</s>
    <s id="31">Y el presidente ya se comportaba raro antes del 1 de diciembre, cuando se publicó que el primer asesor de seguridad nacional y miembro del comando de campaña de Trump, general retirado Michael Flynn, aceptó declararse culpable de un cargo de perjurio ante el FBI y cooperar con la investigación.</s>
  </p>
  <p id="11">
    <s id="32">La importancia de este hecho está en que Flynn es, lejos, el exfuncionario de más alto rango al que Mueller consiguió convertir en “arrepentido”.</s>
    <s id="33">De hecho, el generoso acuerdo con que Flynn conseguirá una sentencia menor deja claro que está dispuesto a dar nombres de personas con rango superior al que él tenía en la campaña y en la Casa Blanca.</s>
  </p>
  <p id="12">
    <s id="34">Esas personas no son muchas.</s>
    <s id="35">Algunos especulan, fundadamente, con que Flynn señalará al yerno y alto asesor de Trump, Jared Kushner.</s>
    <s id="36">Pero los varios intentos que hizo Trump de desviar la investigación de Flynn son una señal clara de que este sabe algo que Trump quiere evitar a toda costa que los fiscales descubran.</s>
    <s id="37">Tal vez sepamos muy pronto de qué se trata.</s>
  </p>
  <p id="13">
    <s id="38">En tanto, Estados Unidos y el mundo aguardan con nerviosismo la reacción de Trump a este último giro de los acontecimientos que lo deja muy mal parado.</s>
  </p>
  <SOURCE TRANSLATOR="Esteban Flamini" />
</document>
