<?xml version="1.0" encoding="utf-8"?>
<document>
  <HEADLINE>
    <s id="1">Morir para vivir</s>
  </HEADLINE>
  <p id="1">
    <s id="2">FREETOWN, SIERRA LEONA – Yo era un joven médico asignado a la Unidad de Emergencias del Hospital de Niños Ola During, en Sierra Leona, cuando tuve que aconsejar a la madre de una niña gravemente enferma de malaria que dijera una mentira flagrante.</s>
    <s id="3">Su hija Mariama, de cuatro años, necesitaba una transfusión de sangre para no morir, pero la madre no tenía dinero para pagar las pruebas de detección de infecciones y compensar al donante.</s>
    <s id="4">Yo había visto a muchos niños morirse mientras sus padres buscaban desesperadamente los fondos necesarios.</s>
  </p>
  <p id="2">
    <s id="5">Decidido a salvar la vida de Mariama, dije a la madre que volviera a casa y anunciara que su hija había muerto.</s>
    <s id="6">Yo sabía que eso provocaría la compasión de sus parientes, que exprimirían sus magros recursos para garantizar un funeral adecuado.</s>
    <s id="7">La mujer aceptó; seis horas después volvió al hospital con dinero suficiente para cubrir todo lo necesario: una transfusión y tratamiento para la malaria y los gusanos que infestaban el cuerpo de Mariama.</s>
    <s id="8">Pocos días después, le di el alta, todavía débil, pero ya en recuperación.</s>
  </p>
  <p id="3">
    <s id="9">La enfermedad de Mariama no impulsó a sus parientes a actuar, pero su muerte sí.</s>
    <s id="10">Lo mismo ocurrió, en escala mucho mayor, durante la epidemia de ébola en África occidental.</s>
  </p>
  <p id="4">
    <s id="11">Se cree que la epidemia se declaró en las regiones boscosas de Guinea en diciembre de 2013, y que luego se extendió gradualmente a Sierra Leona y Liberia.</s>
    <s id="12">La comunidad internacional vio cómo la enfermedad asolaba los tres países, diezmando aldeas, aniquilando familias enteras y paralizando las economías; pero al principio, nadie prestó mucha atención.</s>
    <s id="13">El mundo se desentendió de la verdad hasta que la epidemia se extendió tanto que ya no pudo seguir haciéndolo.</s>
    <s id="14">Entonces ya era demasiado tarde para evitar una catástrofe.</s>
  </p>
  <p id="5">
    <s id="15">Todavía no terminamos de asimilar la magnitud del desastre del ébola en África occidental.</s>
    <s id="16">El temor al contagio llevó a que se cerraran las escuelas y a que estudiantes y maestros se quedaran en casa.</s>
    <s id="17">Lo mismo hicieron muchos trabajadores; restaurantes, bares y hoteles dejaron de funcionar y la economía se paralizó.</s>
    <s id="18">Se perdió la mitad de los empleos en el sector privado.</s>
    <s id="19">El autoaislamiento de los agricultores redujo un 30% la producción agrícola.</s>
  </p>
  <p id="6">
    <s id="20">La parálisis también afectó la vida social.</s>
    <s id="21">En muchos distritos se impuso el toque de queda, y se desaconsejó viajar a gran distancia.</s>
    <s id="22">En varias ciudades, recibir visitantes en casa exponía al anfitrión a severas multas.</s>
  </p>
  <p id="7">
    <s id="23">Aun así, la enfermedad se extendió a las áreas urbanas; como un incendio forestal, atravesó los tres países y se propagó a otros.</s>
    <s id="24">Hasta el día de hoy, solo en Sierra Leona se han contabilizado más de 8500 infecciones y 3500 muertes.</s>
  </p>
  <p id="8">
    <s id="25">Tal vez el más golpeado fue el sector sanitario.</s>
    <s id="26">La muerte de más de 220 trabajadores de la salud dejó solo 3,4 profesionales por cada 10 000 ciudadanos.</s>
    <s id="27">Conforme el temor al ébola se intensificaba, muchos ciudadanos dejaron de usar los servicios sanitarios, lo que se tradujo en una caída del 23% en la cantidad de nacimientos en hospitales o clínicas, un 21% de reducción en la vacunación infantil básica y un 39% menos de niños tratados por malaria.</s>
    <s id="28">En consecuencia, estos países experimentaron un resurgimiento de enfermedades vacunables, malaria, muerte materna e infantil, y desnutrición aguda.</s>
    <s id="29">En este sentido, puede ser que lo peor todavía esté por venir.</s>
  </p>
  <p id="9">
    <s id="30">Pero Sierra Leona se está poniendo de nuevo en pie, y ha lanzado un plan bienal de recuperación.</s>
    <s id="31">La prioridad principal es reducir a cero y mantener en esa cifra la incidencia del ébola.</s>
    <s id="32">Esto implica modificar las condiciones que le permitieron extenderse tan rápidamente en primer lugar.</s>
  </p>
  <p id="10">
    <s id="33">El primer paso es reconstruir el sistema de atención médica.</s>
    <s id="34">El plan demanda la restauración de los servicios sanitarios en 40 hospitales y 1300 centros de atención primaria en todo el país, para que niños y madres puedan recibir gratis atención básica, vacunas y tratamiento para enfermedades como la tuberculosis, el HIV/SIDA y la malaria.</s>
    <s id="35">Además, para reforzar la seguridad del sistema sanitario y restaurar su confiabilidad, el plan convoca a aplicar mejores prácticas de control de infecciones y formar una nueva camada de trabajadores capacitados.</s>
    <s id="36">También incluye una cooperación más estrecha con los grupos comunitarios, a los que es preciso asignar una misión de vigilancia y respuesta sanitaria.</s>
  </p>
  <p id="11">
    <s id="37">La recuperación no será rápida, fácil ni barata.</s>
    <s id="38">Solo en Sierra Leona, se prevé que costará 1300 millones de dólares (de los que todavía falta conseguir 896,2 millones).</s>
    <s id="39">Para cubrir el faltante, necesitamos ayuda de nuestros socios africanos y de la comunidad internacional en su conjunto.</s>
  </p>
  <p id="12">
    <s id="40">Hace muchos años, si no fuera por una mentira, Mariama se hubiera muerto.</s>
    <s id="41">Hoy no necesitamos mentiras.</s>
    <s id="42">Lo que necesitamos es compromiso auténtico, comunicación franca y responsabilidad recíproca en los niveles local, nacional, regional y global.</s>
    <s id="43">Ya hemos visto cómo la falta de servicios sanitarios esenciales puede devastar un país, cobrarse miles de vidas y trastornar muchas más.</s>
  </p>
  <p id="13">
    <s id="44">Nos hemos unido como país para vencer al ébola, y estamos decididos a prevenir futuras epidemias.</s>
    <s id="45">Y lo haremos, con la ayuda continua de la comunidad internacional.</s>
  </p>
  <SOURCE TRANSLATOR="Esteban Flamini" />
</document>
