<?xml version="1.0" encoding="utf-8"?>
<document>
  <HEADLINE>
    <s id="1">Las generaciones perdidas</s>
  </HEADLINE>
  <p id="1">
    <s id="2">NUEVA YORK – El éxito económico de un país depende de la educación, las aptitudes y la salud de su población.</s>
    <s id="3">Cuando sus jóvenes están sanos y bien educados, pueden encontrar empleos bien remunerados, lograr la dignidad y conseguir ajustarse a las fluctuaciones del mercado laboral mundial.</s>
    <s id="4">Las empresas invierten más cuando saben que sus trabajadores serán productivos.</s>
    <s id="5">Sin embargo, muchas sociedades de todo el mundo no cumplen con el imperativo de garantizar una salud básica y una educación decorosa para todas las generaciones de niños.</s>
  </p>
  <p id="2">
    <s id="6">¿Por qué no se cumple con el imperativo de la educación en tantos países?</s>
    <s id="7">Algunos son, sencillamente, demasiado pobres para disponer de escuelas decorosas.</s>
    <s id="8">Los propios padres pueden adolecer de una ecuación insuficiente, lo que les impide ayudar a sus hijos más allá del primer o segundo año de escuela, con lo que el analfabetismo y la falta de conocimientos básicos de aritmética se transmiten de una generación a la siguiente.</s>
    <s id="9">La situación más difícil es la de las familias numerosas (de seis o siete hijos, pongamos por caso), porque los padres invierten poco en la salud, la nutrición y la educación de cada uno de los hijos.</s>
  </p>
  <p id="3">
    <s id="10">Sin embargo, también los países ricos fallan.</s>
    <s id="11">Los Estados Unidos, por ejemplo, permiten cruelmente el sufrimiento de sus niños más pobres.</s>
    <s id="12">Los pobres viven en barrios pobres con escuelas pobres.</s>
    <s id="13">Con frecuencia los padres están desempleados, enfermos, divorciados o incluso encarcelados.</s>
    <s id="14">Los niños quedan atrapados en un persistente ciclo generacional de pobreza, pese a la riqueza general de la sociedad.</s>
    <s id="15">Con demasiada frecuencia, los niños que se crían en la pobreza acaban siendo adultos pobres.</s>
  </p>
  <p id="4">
    <s id="16">Un nuevo y notable documental, The house I Live In (“La casa en la que vivo”), muestra que el caso de los Estados Unidos es incluso más triste y cruel, a consecuencia de unas políticas desastrosas.</s>
    <s id="17">Hace unos cuarenta años, los políticos de los Estados Unidos declararon una “guerra a las drogas” aparentemente para luchar contra el uso de drogas adictivas como la cocaína.</s>
    <s id="18">Sin embargo, como muestra claramente el documental, la guerra contra las drogas se convirtió en una guerra contra los pobres, en particular los grupos minoritarios pobres.</s>
  </p>
  <p id="5">
    <s id="19">En realidad, la guerra contra las drogas provocó la encarcelación en masa de jóvenes pobres de grupos minoritarios.</s>
    <s id="20">Actualmente en los Estados Unidos hay 2,3 millones de personas encarceladas en todo momento, una mayor parte de los cuales son pobres que fueron detenidos por vender drogas para poder costearse su adicción.</s>
    <s id="21">A consecuencia de ello, los EE.UU. han acabado con la tasa más elevada de encarcelación del mundo: ¡la escandalosa de 743 personas por 100.000 habitantes!</s>
  </p>
  <p id="6">
    <s id="22">El documental retrata un mundo de pesadilla, en el que la pobreza de una generación se transmite a la siguiente, con la facilitación del proceso por la cruel, costosa e ineficiente “guerra contra las drogas”.</s>
    <s id="23">Los pobres, con frecuencia afroamericanos, no pueden encontrar empleos o han vuelto del servicio militar sin aptitudes ni contactos laborales.</s>
    <s id="24">Caen en la pobreza y se entregan a las drogas.</s>
  </p>
  <p id="7">
    <s id="25">En lugar de recibir asistencia social y médica, son detenidos y convertídos en delincuentes.</s>
    <s id="26">A partir de ese momento, no cesan de entrar y salir del sistema penitenciario y tienen pocas posibilidades de conseguir jamás un puesto de trabajo legal que les permita escapar de la pobreza.</s>
    <s id="27">Sus hijos crecen sin un padre en casa… y sin esperanza ni apoyo.</s>
    <s id="28">Los hijos de los usuarios de drogas con frecuencia llegan a serlo, a su vez; también ellos acaban con frecuencia en la cárcel o sufren violencia o una muerte temprana.</s>
  </p>
  <p id="8">
    <s id="29">Lo demencial de esta situación es que los EE.UU. no han advertido una evidencia… y durante cuarenta años.</s>
    <s id="30">Para acabar con el ciclo de la pobreza, un país debe invertir en el futuro de sus hijos, no en el encarcelamiento de 2.3 millones de personas al año, muchas de ellas por delitos no violentos que son síntomas de pobreza.</s>
  </p>
  <p id="9">
    <s id="31">Muchos políticos son cómplices entusiastas de esa locura.</s>
    <s id="32">Juegan con los miedos de la clase media, en particular con el miedo de la clase media a los grupos minoritarios, para perpetuar ese extravío de las medidas sociales y el gasto estatal.</s>
  </p>
  <p id="10">
    <s id="33">La cuestión general es la siguiente: a los gobiernos corresponde un papel excepcional para velar por que todos los jóvenes de una generación –los niños pobres igual que los ricos– tengan una oportunidad.</s>
    <s id="34">Si no existen programas estatales sólidos y eficaces que apoyen la enseñanza y la atención de salud de la máxima calidad y la nutrición adecuada, no es probable que un niño pobre se libre de la pobreza de sus padres,</s>
  </p>
  <p id="11">
    <s id="35">Ése es el genio de la “democracia social”, la filosofía cuya adelantada fue Escandinavía, pero que también se ha plasmado en muchos países en desarrollo, como, por ejemplo, Costa Rica.</s>
    <s id="36">La idea es sencilla y sólida: todas las personas merecen una oportunidad, por lo que la sociedad debe ayudar a todo el mundo a conseguirla.</s>
    <s id="37">Lo más importante es que las familias necesitan ayuda para criar a niños sanos, bien alimentados y educados.</s>
    <s id="38">Las inversiones sociales son importantes, se financian con impuestos altos, que los ricos pagan de verdad, en lugar de evadirlos.</s>
  </p>
  <p id="12">
    <s id="39">Ése es el método básico de acabar con la transmisión intergeneracional de la pobreza.</s>
    <s id="40">Un niño pobre en Suecia tiene subsidios desde el principio.</s>
    <s id="41">Sus padres tienen una licencia de maternidad o paternidad para ayudarlos a criar al niño.</s>
    <s id="42">Además, el Estado brinda guarderías de la máxima calidad, lo que permite a la madre –por saber que el niño se encuentra en un ambiente seguro– volver al trabajo.</s>
    <s id="43">El Estado vela por que todos los niños tengan una plaza en la enseñanza preescolar, a fin de que estén listos para la escolarización oficial a la edad de seis años, y la atención de salud es universal, para que el niño pueda criarse sano.</s>
  </p>
  <p id="13">
    <s id="44">Así, pues, una comparación entre los EE.UU. y Suecia es reveladora.</s>
    <s id="45">Si recurrimos a datos y definiciones comparables facilitados por la Organización de Cooperación y Desarrollo Económicos, vemos que los EE.UU. tienen una tasa de pobreza del 17,3 por ciento, el doble, aproximadamente, de la de Suecia, que es del 8,4 por ciento.</s>
    <s id="46">Y la tasa de encarcelación de los Estados Unidos es diez veces la de Suecia, que asciende a 70 personas por 100.000 habitantes.</s>
    <s id="47">Los Estados Unidos son, por término medio, más ricos que Suecia, pero el desfase en ingresos entre los más ricos y los más pobres de los Estados Unidos es mucho mayor que el de Suecia y los EE.UU. tratan a sus pobres con una actitud punitiva y no de apoyo.</s>
  </p>
  <p id="14">
    <s id="48">Una de las realidades escandalosas de los últimos años es la de que los Estados Unidos tienen ahora el menor grado de movilidad social de los países con grandes ingresos.</s>
    <s id="49">Lo más probable es que los niños nacidos pobres sigan siendo pobres y que los niños nacidos en la abundancia sean adultos acomodados.</s>
  </p>
  <p id="15">
    <s id="50">Esa distancia entre generaciones equivale a un profundo despilfarro de talentos humanos.</s>
    <s id="51">Los Estados Unidos pagarán el precio a largo plazo, a no ser que cambien de rumbo.</s>
    <s id="52">La inversión en sus niños y jóvenes brinda el mayor rendimiento que una sociedad puede obtener, tanto económica como humanamente.</s>
  </p>
  <SOURCE LANG="inglés" TRANSLATOR="Carlos Manzano." />
</document>
