<?xml version="1.0" encoding="utf-8"?>
<document>
  <HEADLINE>
    <s id="1">Una propuesta disparatada para el FMI</s>
  </HEADLINE>
  <p id="1">
    <s id="2">GINEBRA – En la película Dangerous Minds, la actriz Michelle Pfeiffer interpreta a una ex marine de los Estados Unidos que se convierte en profesora de secundaria en un barrio marginado.</s>
    <s id="3">En ese entorno difícil, en el que el desempeño académico dista de ser prioritario para los rebeldes adolescentes, al personaje de Pfeiffer se le ocurre una idea heterodoxa (y eficaz): cada estudiante comenzará el año con la nota más alta, pero de lo que haga luego dependerá que no la pierda.</s>
    <s id="4">En un momento en que muchas economías emergentes están tan desalentadas como los alumnos de Pfeiffer, tal vez el guión de la película pueda servir de inspiración al Fondo Monetario Internacional.</s>
  </p>
  <p id="2">
    <s id="5">Las economías emergentes habitan un mundo peligroso, caracterizado por la volatilidad de los flujos de capitales.</s>
    <s id="6">Pero en vez de fiarse de que el FMI cumplirá su mandato de protegerlas de crisis de liquidez, prefieren protegerse solas acumulando grandes reservas de divisas internacionales.</s>
    <s id="7">En este momento, las economías emergentes y en desarrollo tienen casi 7,5 billones de dólares prestados al Tesoro de los Estados Unidos; recursos que podrían usarse para financiar muy necesarios proyectos de infraestructura.</s>
  </p>
  <p id="3">
    <s id="8">Lo curioso de este estado de cosas es que el historial de manejo de crisis financieras del FMI, aunque dista de ser perfecto, es bastante bueno.</s>
    <s id="9">¿Por qué entonces la renuencia a confiar en el Fondo?</s>
  </p>
  <p id="4">
    <s id="10">Tal vez la razón más obvia sea el tiempo.</s>
    <s id="11">Por razones históricas, los instrumentos del Fondo suelen ser más aptos para manejar crisis ya declaradas que para prevenirlas.</s>
    <s id="12">Cuando los países piden ayuda al FMI, ya perdieron acceso a los mercados internacionales de capitales.</s>
    <s id="13">Y aun así, tienen que embarcarse en largas negociaciones, durante las cuales la situación seguirá empeorando.</s>
    <s id="14">Echar mano de reservas propias no será una opción ideal, pero al menos es rápida.</s>
  </p>
  <p id="5">
    <s id="15">Pero el FMI también tiene una opción rápida.</s>
    <s id="16">Su Línea de Crédito Flexible (LCF) otorga acceso inmediato e incondicional a los recursos del Fondo.</s>
    <s id="17">Es el equivalente de un préstamo preaprobado que los países habilitados pueden obtener cuando quieran, según la fortaleza de sus fundamentos económicos y su historial de políticas.</s>
    <s id="18">Esto lo convierte en la herramienta perfecta para evitar que el mero temor a una crisis de liquidez se convierta por sí mismo en realidad.</s>
  </p>
  <p id="6">
    <s id="19">Pero los miembros del FMI no parecen interesados en la LCF.</s>
    <s id="20">Siete años después de la creación de este instrumento, sólo lo usan tres países (Colombia, México y Polonia).</s>
    <s id="21">Aunque no todos los 189 miembros del Fondo reúnen los requisitos de la LCF, hay mucho más que tres países habilitados.</s>
    <s id="22">Otro instrumento similar, la Línea de Precaución y Liquidez, es todavía más accesible, pero sólo tiene dos participantes.</s>
  </p>
  <p id="7">
    <s id="23">El problema es la estigmatización.</s>
    <s id="24">Los países temen que inscribirse para la preaprobación (proceso de cuyas garantías de confidencialidad desconfían) enviará señales de riesgo de problemas económicos.</s>
    <s id="25">Para peor, la solicitud puede ser rechazada, al momento de hacerla o en las sucesivas revisiones (cada uno o dos años), lo cual, en caso de divulgarse, causaría un perjuicio cierto a la confianza en sus economías.</s>
  </p>
  <p id="8">
    <s id="26">Aquí es donde podría ser útil la estrategia de Pfeiffer.</s>
    <s id="27">En vez de obligar a los países a ganarse la aprobación, el FMI podría crear un nuevo instrumento similar a la LCF para el que todos sus miembros ya estén preaprobados, salvo aquellos que no cumplan ciertos criterios en materia de políticas y fundamentos económicos.</s>
    <s id="28">Las excepciones podrían identificarse como parte del proceso de supervisión pautado por el artículo 4 del convenio constitutivo del Fondo, lo que fortalecería dicho mecanismo.</s>
    <s id="29">En cuanto al resto, el hecho de contar con crédito preaprobado reduciría considerablemente la tentación de autoprotegerse acumulando reservas.</s>
  </p>
  <p id="9">
    <s id="30">Como cualquier intento de cambiar el statu quo, esta estrategia conlleva algunas dificultades.</s>
    <s id="31">Para empezar, puede exponer al personal del FMI a presiones políticas de los países excluidos de la línea de crédito (sobre todo si estuvieran entre los miembros del FMI más influyentes).</s>
    <s id="32">Pero como propusieron Tito Cordella y Eduardo Levy Yeyati en 2006, este riesgo podría mitigarse con la aplicación de criterios específicos, medibles y transparentes.</s>
    <s id="33">La desventaja de esta estrategia es que impediría análisis más elaborados y específicos de cada país que incluyan evaluaciones cualitativas.</s>
  </p>
  <p id="10">
    <s id="34">Además, en caso de publicarse, las evaluaciones negativas podrían acelerar la aparición de una crisis.</s>
    <s id="35">Algo que ayudaría a evitarlo es asegurar que los criterios de aprobación sean claros y específicos.</s>
    <s id="36">Un método más directo para prevenir crisis en economías débiles sería crear una escala de aprobación continua, similar a la calificación de la deuda soberana (que no afecta mucho al riesgo país); según su posición en la escala, cada país tendría acceso a diferentes tipos de instrumentos preventivos.</s>
  </p>
  <p id="11">
    <s id="37">El último riesgo es que muchos países reúnan los requisitos y el Fondo no tenga recursos suficientes para cumplir sus compromisos en una crisis.</s>
    <s id="38">Este problema se podría resolver mejorando la capacidad de endeudamiento del Fondo y reduciendo al mismo tiempo la cantidad de recursos que debe apartar para instrumentos del tipo de la LCF.</s>
    <s id="39">Después de todo, una línea de crédito preventiva es exitosa cuando no se usa nunca (o casi nunca).</s>
  </p>
  <p id="12">
    <s id="40">La globalización financiera demanda una red de seguridad financiera mundial más fuerte.</s>
    <s id="41">Economistas y políticos vienen haciendo retoques a la arquitectura financiera internacional desde mediados de los noventa, sin mucho éxito.</s>
    <s id="42">La idea de una redefinición total del statu quo puede sonar disparatada, pero como dijo el físico Niels Bohr, tal vez sólo sea suficientemente disparatada para ser correcta.</s>
  </p>
  <SOURCE TRANSLATOR="Esteban Flamini" />
</document>
