<?xml version="1.0" encoding="utf-8"?>
<document>
  <HEADLINE>
    <s id="1">El poder de la financiación pública para la transición verde</s>
  </HEADLINE>
  <p id="1">
    <s id="2">LUXEMBURGO – Funcionarios y expertos han estado muy preocupados por las crisis que afligen a la Unión Europea; dicen que está rezagada en la confrontación de grandes amenazas que ponen en riesgo su supervivencia a largo plazo.</s>
    <s id="3">Pero en lo referido al cambio climático, es todo lo contrario.</s>
    <s id="4">A mediados de noviembre, los estados miembros de la UE demostraron que pueden unirse en pos de una visión compartida para un futuro descarbonizado.</s>
    <s id="5">Algunas instituciones europeas ya lideran la lucha mundial contra el cambio climático.</s>
    <s id="6">Y una de ellas, el Banco Europeo de Inversiones, tendrá a partir de ahora un papel más importante como instrumento para descarbonizar la economía y mantener el calentamiento global lo más lejos posible de 2 °C por encima de los niveles preindustriales.</s>
  </p>
  <p id="2">
    <s id="7">El cambio climático es el tema político número uno de nuestro tiempo.</s>
    <s id="8">Los científicos calculan que de seguir por la senda actual, a fines de siglo tendremos un calentamiento global de entre 3 y 4 °C, momento en el cual grandes áreas del planeta serán inhabitables.</s>
    <s id="9">En combinación con el crecimiento demográfico, esto supone un efecto catastrófico sobre el bienestar humano y los flujos migratorios.</s>
    <s id="10">Las emisiones de carbono alcanzaron en 2018 un máximo histórico, lo que indica que es urgente acelerar la respuesta.</s>
  </p>
  <p id="3">
    <s id="11">La transición a una economía descarbonizada no será posible sin inversiones a gran escala.</s>
    <s id="12">Pero los recursos públicos son escasos y no bastarán para financiarlas.</s>
    <s id="13">En vez de eso, hay que potenciar los fondos públicos usándolos para movilizar el capital privado.</s>
    <s id="14">La nueva Comisión Europea con la presidencia de Ursula von der Leyen lo comprende.</s>
    <s id="15">En el contexto de un futuro Pacto Verde Europeo, von der Leyen pidió que el BEI se convierta en el motor financiero de esa transición.</s>
  </p>
  <p id="4">
    <s id="16">Con ese objetivo, el BEI usará sus programas de financiación para movilizar más de un billón de dólares en inversiones para la acción climática y la sostenibilidad ambiental a lo largo de la próxima década, además de aumentar la proporción que supone la inversión climática dentro de su cartera general de préstamos a 50% de aquí a 2025.</s>
    <s id="17">A fines de 2020, todos sus programas de financiación estarán en línea con los objetivos del acuerdo climático de París (2015), y un año después dejará de financiar proyectos que dependan exclusivamente de los combustibles fósiles.</s>
    <s id="18">De ahora en adelante, el banco estará comprometido con la estrategia de inversión climática más ambiciosa de cualquier organismo de financiación pública del mundo.</s>
  </p>
  <p id="5">
    <s id="19">Esos organismos no deben limitarse a seguir a los mercados financieros, sino que deben marcarles el camino, creando canales para la inversión en las tecnologías verdes del futuro: desde granjas eólicas flotantes y nuevas formas de producción de energía a partir de las mareas a mejoras de las baterías y edificios más eficientes.</s>
    <s id="20">Los bancos públicos deben ingresar en sectores de los que el capital privado todavía rehuye (de lo cual el BEI ya dio un ejemplo en el área de la generación eólica de energía en altamar).</s>
  </p>
  <p id="6">
    <s id="21">Además, hay buenos motivos financieros para priorizar la inversión en la transición verde.</s>
    <s id="22">Los inversores y las agencias de calificación están cada vez más atentos a la posible presencia en las carteras de inversión de activos sin valor efectivo, por ejemplo proyectos gaspetroleros que se volverán obsoletos conforme nuevas tecnologías de energía renovable se vuelvan comercialmente viables.</s>
    <s id="23">La vida útil de muchos proyectos actuales de explotación de combustibles fósiles ya es menor a lo que se esperaba, y las carteras financieras que dependan mucho de esos activos correrán cada vez más riesgo de devaluación.</s>
  </p>
  <p id="7">
    <s id="24">Ahora que algunos gobiernos han abandonado sus compromisos previos de reducir las emisiones, se podría pensar que la lucha internacional contra el cambio climático está perdiendo fuerza.</s>
    <s id="25">Pero no hay que subestimar el poder que tiene la presión financiera para generar cambios, ni ignorar la determinación de los gobiernos locales y del sector privado para actuar allí donde no lo hagan los gobiernos nacionales.</s>
  </p>
  <p id="8">
    <s id="26">Sin embargo, para conseguir y sostener el compromiso de todos los gobiernos, la transición a una economía descarbonizada debe ser inclusiva.</s>
    <s id="27">La nueva política del BEI para la financiación de proyectos energéticos recibió el voto favorable de países que aportan más del 90% del capital de la institución, pero algunos países votaron en contra: tienen inquietudes legítimas respecto de las consecuencias económicas para sus electorados.</s>
    <s id="28">No podemos desestimar la posición de países que dependen de combustibles fósiles como el carbón, o que planean aumentar la producción de gas natural para tener un combustible para la transición.</s>
    <s id="29">En vez de eso, debemos ayudarlos a acelerar la transición, asegurando que el proceso sea justo y equitativo.</s>
    <s id="30">El BEI, por ejemplo, acordó extender (hasta fines de 2021) el plazo hasta el cual dará apoyo a proyectos de explotación de gas que ya están en evaluación.</s>
  </p>
  <p id="9">
    <s id="31">Como hemos visto en años recientes, por más bien diseñadas que estén las políticas climáticas, si se olvidan de la población generarán rechazo y probablemente fracasarán.</s>
    <s id="32">Ahora mismo, al menos diez estados miembros de la UE tienen problemas que no es posible ignorar relacionados con la inversión en proyectos energéticos.</s>
  </p>
  <p id="10">
    <s id="33">Para ayudarlos a encontrar una salida, el BEI trabajará codo a codo con la Comisión Europea y con el nuevo “Fondo para una Transición Justa” (lo cual incluye la provisión de asesoramiento).</s>
  </p>
  <p id="11">
    <s id="34">Bien manejada, una transición a una economía verde generará abundantes oportunidades económicas en todas las áreas relacionadas con la energía, incluidas la generación, la transmisión, la distribución y el almacenamiento.</s>
    <s id="35">Además, la necesidad de tecnologías no contaminantes en los sectores industriales con alto uso de energía y en transporte creará más campo de acción para empresas innovadoras.</s>
  </p>
  <p id="12">
    <s id="36">Nuevos participantes están entrando al mercado, los consumidores se están volviendo más activos, y las organizaciones de la sociedad civil se están movilizando.</s>
    <s id="37">Con nuestra influencia en los mercados y guiando la inversión privada hacia sectores que aseguren una transición justa y equitativa para todos, el BEI espera demostrar lo mucho que puede hacerse con un aprovechamiento inteligente de los fondos públicos.</s>
  </p>
  <SOURCE TRANSLATOR="Esteban Flamini" />
</document>
