<?xml version="1.0" encoding="utf-8"?>
<document>
  <HEADLINE>
    <s id="1">Einstein, el realista</s>
  </HEADLINE>
  <p id="1">
    <s id="2">OXFORD – Hace poco se descubrió que la expansión del universo se está acelerando, en vez de disminuir, como se pensaba antes.</s>
    <s id="3">La luz proveniente de distantes estrellas en explosión reveló que una fuerza desconocida (apodada «energía oscura») sobrepasa con creces a la gravedad en términos cosmológicos</s>
  </p>
  <p id="2">
    <s id="4">Inesperada para los investigadores, una fuerza tal había sin embargo sido anticipada en 1915 por una modificación que Albert Einstein propuso para su propia teoría de la gravedad, la teoría general de la relatividad.</s>
    <s id="5">Pero luego desechó la modificación, conocida como la «constante cosmológica», considerándola la «mayor metida de pata» de su vida.</s>
  </p>
  <p id="3">
    <s id="6">Así que los titulares proclaman: «Einstein tenía razón después de todo», como si los científicos debieran compararse como uno lo haría con los clarividentes: ¿Quién se diferencia del rebaño por conocer lo incognoscible, como los resultados de experimentos que aún estar por ser inventados (ni que hablar de su implementación)?</s>
    <s id="7">¿Quién, en retrospectiva, ha profetizado correctamente?</s>
  </p>
  <p id="4">
    <s id="8">Pero la ciencia no es una competencia entre científicos; es un concurso de ideas, es decir, explicaciones de lo que realmente existe, sobre cómo se comporta y por qué.</s>
    <s id="9">Esas explicaciones inicialmente se someten a prueba, pero no mediante experimentos sino a través de criterios de razonamiento, lógica, aplicabilidad y singularidad para resolver los misterios de la naturaleza de los que se ocupan.</s>
    <s id="10">Las predicciones solo se utilizan para contrastar la pequeña minoría de explicaciones que sobreviven a esos criterios.</s>
  </p>
  <p id="5">
    <s id="11">La historia de por qué Einstein propuso la constante cosmológica, por qué la desechó, y por qué actualmente los cosmólogos actualmente la han recuperado, ilustra este proceso.</s>
    <s id="12">Einstein procuró evitar la implicación de la relatividad general no modificada respecto de la imposibilidad de un universo estático: que puede expandirse (desacelerando, contra su propia gravedad), colapsar, o mantenerse inmóvil por un instante, pero que no puede estar sin asistencia.</s>
  </p>
  <p id="6">
    <s id="13">Esta predicción específica no puede comprobarse (ninguna observación podría establecer que el universo está inmóvil, incluso si lo estuviese), pero es imposible cambiar las ecuaciones de la relatividad general en forma arbitraria.</s>
    <s id="14">Están fuertemente restringidas por la sustancia explicativa de la teoría de Einstein, que mantiene que la gravedad se debe a la curvatura del espacio-tiempo, que la luz viaja a igual velocidad para todos los observadores, etc.</s>
  </p>
  <p id="7">
    <s id="15">Pero Einstein se dio cuenta de que es posible agregar un término específico –la constante cosmológica– y ajustar su magnitud para predecir un universo estático, sin estropear ninguna de explicaciones restantes.</s>
    <s id="16">Todas las demás predicciones basadas en la teoría anterior de la gravedad –la de Isaac Newton– comprobables en esa época, eran buenas aproximaciones a las de la relatividad general sin modificaciones, con esa única excepción: El espacio newtoniano era un fondo inmóvil contra el cual se movían los objetos.</s>
    <s id="17">Aún no había evidencia que contradijese la visión de Newton, ninguna misteriosa expansión que explicar.</s>
    <s id="18">Más aún, todo aquello que fuese más allá de esa concepción tradicional del espacio exigía un salto conceptual considerable, mientras que la constante cosmológica no implicaba una diferencia mensurable para las predicciones restantes.</s>
    <s id="19">Así que Einstein la agregó.</s>
  </p>
  <p id="8">
    <s id="20">Luego, en 1929, Edwin Hubble descubrió que el universo se expande, coherentemente (considerando la precisión de las observaciones de ese tiempo) con la teoría general de la relatividad no modificada.</s>
    <s id="21">Así que Einstein desechó la constante cosmológica.</s>
    <s id="22">Su decisión no tuvo nada que ver con que Hubble fuese menos proclive a equivocarse; y tampoco defería Einstein por las superiores habilidades proféticas de Hubble.</s>
    <s id="23">Se trataba sencillamente de que el problema que debía solucionar la constante ya no existía.</s>
  </p>
  <p id="9">
    <s id="24">Las nuevas observaciones no refutaban la existencia de una constante cosmológica.</s>
    <s id="25">Simplemente la convertían en una mala explicación.</s>
    <s id="26">Luego, en 1998, llegaron las nuevas observaciones que indicaban un universo cuya expansión se está acelerando.</s>
    <s id="27">Como consecuencia, la constante cosmológica que se ha «reincorporado» para explicar las nuevas observaciones no es exactamente igual a la que propuso y luego retiró Einstein.</s>
    <s id="28">Es mayor, ya que ahora debe explicar no solo por qué el universo no está colapsando, sino por qué la expansión se acelera.</s>
  </p>
  <p id="10">
    <s id="29">El comentario de Einstein sobre su «metida de pata» es tan engañoso como la idea de que «está en lo cierto después de todo».</s>
    <s id="30">La constante cosmológica no es algo que nunca debió ser propuesto.</s>
    <s id="31">Su inclusión representa un avance en la comprensión de la realidad, así como su abandono a la luz del descubrimiento de Hubble y su reincorporación en forma revisada para explicar las nuevas observaciones.</s>
  </p>
  <p id="11">
    <s id="32">De igual forma, el «debate Bohr-Einstein» de mediados del siglo veinte sobre la teoría cuántica a menudo se interpreta como una batalla personal entre genios.</s>
    <s id="33">Las predicciones de la teoría cuántica son tan antiintuitivas que, bajo el liderazgo de uno de sus pioneros, Neils Bohr, creció el mito de que no hay una realidad subyacente que las explique.</s>
    <s id="34">Las partículas llegan de A a B sin pasar por el espacio intermedio, donde no tienen suficiente energía para existir; «piden prestada» brevemente la energía, porque «no estamos seguros» sobre qué es su energía.</s>
    <s id="35">La información pasa de A a B sin que pase nada en el medio, lo que Einstein llamó una «espeluznante acción a distancia».</s>
    <s id="36">Y así sucesivamente.</s>
  </p>
  <p id="12">
    <s id="37">Lo que estas paradójicas interpretaciones comparten es que abandonan el realismo, la doctrina de que un mundo físico y que verdaderamente existe explica toda nuestra experiencia.</s>
    <s id="38">El antirrealismo mantiene su popularidad y aparece de distintas formas en libros de texto y explicaciones populares de la teoría cuántica.</s>
    <s id="39">Pero Einstein insistía en que los fenómenos físicos tienen explicaciones en términos de lo que él llamó «elementos de realidad».</s>
  </p>
  <p id="13">
    <s id="40">Afortunadamente, una minoría de físicos, entre los que me incluyo, también nos ubicamos inequívocamente del lado del realismo, a través de la adopción de la interpretación de la teoría cuántica propuesta por Hugh Everett, la de universos paralelos.</s>
    <s id="41">Según esta explicación, no existen partículas cuando no tienen suficiente energía para ser; sencillamente en algunos universos tienen más energía que el promedio y, en otros, menos.</s>
    <s id="42">Todas las supuestas «paradojas» de la teoría cuántica se resuelven en forma semejante.</s>
  </p>
  <p id="14">
    <s id="43">Así que, mientras la mayoría afirma que Bohr ganó el debate, mi opinión es que Einstein, como de costumbre, buscaba una explicación de la realidad, mientras que sus rivales simplemente abogaban por absurdos.</s>
    <s id="44">La interpretación de Everett no convierte a Einstein en un semidiós.</s>
    <s id="45">Pero sí le da la razón.</s>
  </p>
</document>
