<?xml version="1.0" encoding="utf-8"?>
<document>
  <HEADLINE>
    <s id="1">La debacle científica de Europa</s>
  </HEADLINE>
  <p id="1">
    <s id="2">Tras la Segunda Guerra Mundial, la mayoría de los europeos estaban de acuerdo con que la investigación científica no sólo impulsaría sus economías, sino que les permitiría lograr una gran autonomía tecnológica en relación con los Estados Unidos y actuaría como un catalizador del cambio social.</s>
    <s id="3">La Real Sociedad Británica propició la creación de la Sociedad alemana Max Planck en el supuesto de que la solidaridad entre las comunidades científicas internacionales podría contribuir a la reconciliación entre los antiguos enemigos.</s>
    <s id="4">Como resultado, se fundaron grandes proyectos como el CERN (Centro Europeo para la Investigación Nuclear), la Agencia Espacial Europea (ESA) y la Organización Europea de Biología Molecular, para ayudar a unificar las iniciativas europeas de investigación en ciencias básicas.</s>
  </p>
  <p id="2">
    <s id="5">Sin embargo, en la actualidad la ciencia europea se encuentra en declive en casi todos los países (Suecia, Finlandia e Islandia son las excepciones), desperdiciando los talentos actuales y perdiendo atractivo para los jóvenes.</s>
    <s id="6">En promedio, un joven científico europeo que trabaje en los EE.UU. recibe 2,5 veces más apoyo para investigación que en Europa.</s>
    <s id="7">No es de sorprender, entonces, que se haya generado una fuga de cerebros.</s>
    <s id="8">De hecho, Europa tiene sólo cinco investigadores por cada 1.000 habitantes, en comparación con ocho en los EE.UU. y nueve en Japón.</s>
    <s id="9">A pesar de su sólida tradición científica, las cifras para Europa Central son aún peores, y el costo de la integración a la UE probablemente aleje aún más las prioridades de la ciencia y la educación.</s>
  </p>
  <p id="3">
    <s id="10">La reducción de los presupuestos también está dañando a los científicos ya establecidos.</s>
    <s id="11">Por ejemplo, en las ciencias biológicas, a las fundaciones les cuesta identificar europeos de alto nivel a quienes premiar.</s>
    <s id="12">Esto no se debe a una menor calidad científica, sino a los mayores niveles de apoyo sostenido y constante que se encuentra a disposición de los jefes de equipos estadounidenses para que transformen las nuevas ideas en descubrimientos.</s>
  </p>
  <p id="4">
    <s id="13">Las enormes inversiones en defensa y salud por parte del gobierno de EE.UU. han generado una masa crítica de investigación, que a su vez atrae financiamiento privado que proviene incluso de compañías europeas, particularmente la industria farmacéutica.</s>
    <s id="14">Algo similar puede funcionar (y, de hecho, existe) en Europa.</s>
    <s id="15">En Finlandia, por ejemplo, el constante financiamiento público aportado durante 10 años ha terminado por hacer que los privados también inviertan y está impulsando aumentos regulares en los presupuestos de Investigación y Desarrollo.</s>
  </p>
  <p id="5">
    <s id="16">Edith Cresson, ex Comisionado Europeo para la Investigación, dijo una vez que "financiar directamente la investigación en nanotecnología habría tenido más resultados que crear el CERN".</s>
    <s id="17">Estaba equivocada: la complejidad de la ciencia moderna no permite que ningún actor, y menos que nadie los burócratas, prediga dónde surgirá la innovación.</s>
    <s id="18">Tanto el financiamiento público a las ciencias básicas como las inversiones industriales son elementos igualmente necesarios para lograr un desarrollo tecnológico de largo plazo.</s>
  </p>
  <p id="6">
    <s id="19">Aunque a la mayoría de las entidades de financiamiento les falta imaginación cuando se trata de la cooperación europea, varias instituciones están conscientes del deterioro de la investigación en Europa y de las desventajas que enfrentan los científicos europeos en comparación con los de EE.UU. y Japón (y también, cada vez más, la India y China).</s>
    <s id="20">En un encuentro que organizará el Collège de France en noviembre de 2005, premios Nobel, historiadores de la ciencia y gestores de universidades y centros de investigación de Europa pondrán énfasis en la necesidad de una nueva política científica que incluya a las ciencias sociales y las humanidades, ante ministros y comisionados europeos.</s>
  </p>
  <p id="7">
    <s id="21">Euroscience y la Fundación Científica Europea también han planteado sugerencias tendientes a lograr voluntad política necesaria:</s>
  </p>
  <p id="8">
    <s id="22">· Crear un Consejo Europeo de Investigación.</s>
    <s id="23">Esta iniciativa, presentada originalmente por la Deutsche Forschungsgemeinschaft y la revista Nature , propone crear una agencia paneuropea de financiación para organizar la competencia internacional en ciencias básicas puras y aplicadas.</s>
    <s id="24">La mayoría de las organizaciones de investigación nacionales y la Comisión Europea apoyan la idea, pero persisten las interrogantes: ¿quién proporcionará el presupuesto (se necesitan al menos 2 mil millones de Euros, lo que equivale a cerca de la mitad del aumento prometido por los gobiernos de la UE para I y D, a un 3% del PGB en 2010?)</s>
    <s id="25">¿Qué mecanismos asegurarán la autonomía del Consejo, condición clave para adjudicar los premios de investigación estrictamente en base a la calidad científica?</s>
  </p>
  <p id="9">
    <s id="26">· Implementar planes de formación europeos generales.</s>
    <s id="27">Hay grandes centros que han formado a unas cuantas generaciones de científicos genuinamente europeos.</s>
    <s id="28">Pero cubren una pequeña gama de disciplinas científicas; en la mayoría de las demás instituciones, la educación es todavía abrumadoramente nacional.</s>
    <s id="29">El protocolo de Bolonia, que apunta a armonizar la formación universitaria en toda Europa, podría ser de utilidad en este caso.</s>
    <s id="30">Al mismo tiempo, es necesario reevaluar los planes post-doctorales europeos.</s>
    <s id="31">En los EE.UU., estos planes contribuyen a la diseminación de los conocimientos especializados, mientras que en Europa los laboratorios todavía los utilizan como filas de espera sin poner suficiente énfasis en las trayectorias multinacionales y multidisciplinarias.</s>
  </p>
  <p id="10">
    <s id="32">· Dar un reconocimiento adecuado, buenos salarios y autonomía a los jóvenes científicos.</s>
    <s id="33">Desgraciadamente, los científicos jóvenes son vistos, en gran medida, como una fuente de trabajo barato, lo que hace que los mejores estudiantes se sientan poco inclinados a abrazar carreras científicas.</s>
    <s id="34">La nueva Carta de Científicos que está en discusión en la Comisión Europea podría mejorar la situación, al hacer que las perspectivas profesionales flexibles tengan compatibilidad con beneficios sociales transferibles.</s>
  </p>
  <p id="11">
    <s id="35">Europa necesita políticas proactivas para cumplir los desafíos de las nuevas necesidades de investigación (y aprovechar las oportunidades de empleo subsiguientes) en áreas como el desarrollo sostenible, el cambio climático, los peligros naturales y la salud pública.</s>
    <s id="36">La creación de un espacio de intercambio de conocimientos especializados podría llegar a ser un recurso importante para las universidades europeas, al tiempo que permitiría que las industrias de Europa crearan más empleos.</s>
  </p>
  <p id="12">
    <s id="37">Las políticas científicas europeas también deberían delinear una nueva relación con los países en desarrollo.</s>
    <s id="38">En la actualidad, las relaciones científicas entre los países desarrollados y los países en desarrollo son desiguales; hay importantes descubrimientos genéticos basados en enfermedades del Tercer Mundo que no reportan un reconocimiento adecuado a los científicos locales ni beneficios justos para las poblaciones que los hicieron posibles.</s>
    <s id="39">Más aún, la brecha entre norte y sur en cuanto a salud pública es una importante amenaza para el futuro de la humanidad.</s>
  </p>
  <p id="13">
    <s id="40">Europa debe tratar de hacer que la ciencia sea más abordable tanto para sus propios investigadores y potenciales científicos como para aquellos que viven en países en desarrollo.</s>
    <s id="41">Esperemos que los políticos europeos tengan la visión de futuro que les permita enfrentar estos desafíos antes de que la ciencia de Europa quede irreversiblemente marginada.</s>
  </p>
</document>
