<?xml version="1.0" encoding="utf-8"?>
<document>
  <HEADLINE>
    <s id="1">Juego de Tronos de la UE</s>
  </HEADLINE>
  <p id="1">
    <s id="2">PRINCETON – Las elecciones al Parlamento Europeo que concluyeron el 26 de mayo acabaron siendo una repetición de Juego de Tronos, una larga y compleja historia con un final sorprendente y, para muchos, desilusionante.</s>
    <s id="3">Como con la serie, algunos fanáticos están llamando a cambiar de desenlace.</s>
    <s id="4">Quisieran despedir al autor y reescribir el guion.</s>
  </p>
  <p id="2">
    <s id="5">Los antieuropeos, que esperaban un momento de conquista triunfante de Bruselas de la mano de Matteo Salvini de Italia, Viktor Orbán de Hungría y Steve Bannon de Estados Unidos, fueron repelidos.</s>
    <s id="6">También perdieron los proeuropeos que apoyaban a los partidos establecidos de la Unión Europea.</s>
    <s id="7">Y los políticos que inventaron el proceso de candidatos principales en un intento por influir la elección del próximo jefe de la Comisión Europea quedaron en ridículo a medida que se iban desmoronando los pedazos de los viejos partidos de la UE.</s>
    <s id="8">En resumen, las expectativas convencionales quedaron más que desvirtuadas.</s>
  </p>
  <p id="3">
    <s id="9">Un resultado obvio de las elecciones estaba claro antes del recuento de votos: el prolongado duopolio de las fuerzas de centroizquierda y centroderecha de Europa ya es definitivamente cosa del pasado.</s>
    <s id="10">Este duopolio se expresaba más claramente a nivel nacional, donde un partido ligeramente conservador y uno ligeramente socialista discutían sobre el nivel de las pensiones, las políticas salariales, el grado de las transferencias sociales y asuntos similares.</s>
    <s id="11">Entonces cada partido debía moderar sus posturas para atraer el voto medio.</s>
    <s id="12">Los sistemas que esto producía en cada país eran bastante estables, y algunos esperaban que el mismo mecanismo se tradujera al nivel europeo.</s>
  </p>
  <p id="4">
    <s id="13">Ya a principios de la década de 1990 esa dicotomía izquierda-derecha se rompió en Italia.</s>
    <s id="14">En Francia lo hizo más recientemente, en las elecciones presidenciales de 2017 en que ni los candidatos de la vieja izquierda ni los de la vieja derecha llegaron a segunda vuelta.</s>
    <s id="15">El Partido Socialdemócrata Alemán (SPD) se ha debilitado sistemáticamente por su participación (políticamente responsable) en el gobierno de gran coalición con la Unión Demócrata Cristiana.</s>
    <s id="16">Y en el Reino Unido, el Brexit ha destruido al Partido Conservador, y quizás también al Laborista.</s>
  </p>
  <p id="5">
    <s id="17">En Grecia, el partido gobernante Syriza logró resultados decepcionantes, lo que evidentemente refleja la visión de muchos votantes de que se ha convertido gradualmente en otro partido de centroizquierda más.</s>
    <s id="18">Con algunas excepciones notables –España y Austria, por ejemplo- los socialdemócratas de toda la vida han obtenidos magros resultados.</s>
    <s id="19">Francia y Alemania, los dos países que tradicionalmente están en el centro del proceso europeo, son los dos ejemplos más claros.</s>
    <s id="20">El 6% de los socialistas franceses los ha condenado a la irrelevancia y, por el momento, el SPD no luce mucho más convincente.</s>
  </p>
  <p id="6">
    <s id="21">Las pérdidas sufridas por los partidos de centroizquierda tradicionales reflejan la realidad del mundo abierto de hoy.</s>
    <s id="22">A medida que Europa se vuelve más importante a nivel global, tendrá que hacer más que solo redistribuir riqueza: la simple reproducción de viejos sistemas de bienestar a escala europea es una receta para el surgimiento de interminables conflictos entre las diferentes partes de la Unión.</s>
  </p>
  <p id="7">
    <s id="23">El resultado más interesante de las elecciones fue la relativa debilidad de los partidos nacionalistas y populistas de derecha.</s>
    <s id="24">Por lo general, estos también incluían en sus plataformas muchas medidas de protección social.</s>
    <s id="25">Por ejemplo, la Agrupación Nacional de Marine Le Pen (su nueva fachada para el antiguo Frente Nacional) estuvo más a la izquierda en temas sociales que la lista “Renacimiento” del Presidente francés Emmanuel Macron, a la que derrotó por un estrecho margen.</s>
  </p>
  <p id="8">
    <s id="26">Los votantes de los partidos populistas detectaron correctamente que el estado de bienestar a la antigua solo funciona en un entorno estrictamente nacional.</s>
    <s id="27">Pero en general no sumaron mayorías para regresar a una Europa de naciones estado.</s>
    <s id="28">De hecho, los resultados iniciales indicaban que, si bien Le Pen derrotó a Macron, su partido recibió una menor proporción del voto que en las últimas elecciones al Parlamento Europeo de 2014.</s>
  </p>
  <p id="9">
    <s id="29">Una razón de que los partidos nacionalistas lograran votaciones relativamente débiles fue la facilidad con que los debates sobre sordidez, corrupción y opacidad se propagaron más allá de las fronteras.</s>
    <s id="30">Lo más probable es que el actual escándalo de dinero por contratos, que involucró a nacionalistas austriacos (el curiosamente denominado Partido de la Libertad) haya causado la caída de su proporción del voto popular con respecto a 2014, y la de sus contrapartes en otros países, como Alemania y Dinamarca.</s>
  </p>
  <p id="10">
    <s id="31">De hecho, estas fueron las primeras elecciones al Parlamento Europeo con temas genuinamente europeos.</s>
    <s id="32">Los partidos Verde proeuropeos –con su compromiso con los bienes públicos (de los que el más evidente es la seguridad climática) que sencillamente no se pueden generar a nivel nacional- tuvieron buenos resultados en todos los países.</s>
    <s id="33">Al mismo tiempo, los Verdes se han deshecho de gran parte de la ideología que todavía agobia a los partidos políticos de izquierda y derecha convencionales.</s>
    <s id="34">Su mayor victoria fue en Alemania, donde acabaron en segundo lugar, derrotando con facilidad al SPD, pero también obtuvieron sólidos resultados en el Reino Unido.</s>
  </p>
  <p id="11">
    <s id="35">Los otros grandes ganadores fueron los partidos liberales de la alianza encabezada por el carismático Guy Verhofstadt, que está comprometido a colaborar con Macron.</s>
    <s id="36">Junto con los Verdes, los liberales son casi con toda certeza la voz parlamentaria más potente que dará forma al liderazgo y la agenda de la nueva Comisión.</s>
  </p>
  <p id="12">
    <s id="37">A pesar del carácter fragmentado del nuevo Parlamento Europeo, debería ser fácil lograr una mayoría para una agenda que refleje los temas por los que han votado la mayoría de los ciudadanos de la UE.</s>
    <s id="38">Una de las características más llamativas de las turbulencias políticas post-2016 en el Reino Unido y los Estados Unidos es el modo como los parlamentos nacionales se han reafirmado al enfrentarse a un ejecutivo disfuncional y errático.</s>
    <s id="39">Los parlamentarios europeos deberían seguir el mismo camino.</s>
  </p>
  <p id="13">
    <s id="40">Para comenzar, deberían aprender las lecciones correctas de los escándalos populistas en Austria y otros lugares, y hacer del freno a la corrupción una prioridad en los niveles nacionales y de la UE.</s>
    <s id="41">Además, el nuevo parlamento debería ayudar a desarrollar un enfoque coordinado de la UE para dar respuesta a los desafíos energético y de seguridad, frente a la presión de EE.UU. y Rusia para fijar la agenda política.</s>
    <s id="42">Estas conversaciones también estarán vinculadas al debate sobre la corrupción y las influencias opacas.</s>
  </p>
  <p id="14">
    <s id="43">Puede que Juego de Tronos se haya acabado, pero en la UE hay luchas de poder que están recién comenzando.</s>
    <s id="44">Las elecciones al Parlamento Europeo han cambiado el panorama político continental de maneras importantes, en que los partidos tradicionales se han visto obligados a reagruparse o desaparecer.</s>
    <s id="45">Es probable que merezca mucho la pena ver los capítulos siguientes.</s>
  </p>
  <SOURCE LANG="inglés" TRANSLATOR="David Meléndez Tormen" />
</document>
