<?xml version="1.0" encoding="utf-8"?>
<document>
  <HEADLINE>
    <s id="1">Europeos y japoneses aliados por la esperanza</s>
  </HEADLINE>
  <p id="1">
    <s id="2">TOKIO – Geografía aparte, Japón y la Unión Europea nunca estuvieron tan cerca.</s>
    <s id="3">Con los antiguos vínculos transatlánticos europeos bajo presión y China, que plantea tanto un desafío como una oportunidad, la UE ha buscado aliados con ideas afines en el Pacífico.</s>
    <s id="4">No hay ninguno mejor que Japón.</s>
  </p>
  <p id="2">
    <s id="5">El vínculo entre la UE y Japón trasciende el mero interés: es una relación basada en valores compartidos de libertad, democracia y libre mercado.</s>
    <s id="6">Hoy, esos valores están bajo amenaza.</s>
    <s id="7">Estados Unidos ha decidido hacer negocios con el mundo en vez de liderarlo, mientras China desafía a la democracia en su entorno y reescribe las normas internacionales diseñadas para mantener la paz y la estabilidad mundial.</s>
  </p>
  <p id="3">
    <s id="8">Frente al revisionismo chino y la retirada mundial de Estados Unidos, Europa carece de la fortaleza geopolítica y la unidad necesarias para asumir el lugar de Estados Unidos como defensora de un orden multilateral basado en normas.</s>
    <s id="9">Europa necesita entonces amigos como Japón y es momento de acelerar la marcha en la relación bilateral.</s>
  </p>
  <p id="4">
    <s id="10">Afortunadamente, la UE y Japón ya han realizado importantes preliminares.</s>
    <s id="11">Su reciente acuerdo de libre comercio, junto con una creciente asociación estratégica, están enviando señales a los aislacionistas en todas partes.</s>
    <s id="12">Unas 74 000 compañías de la UE — 78 % de ellas, pequeñas empresas— actualmente exportan a Japón y 550 000 personas en el bloque trabajan para empresas japonesas.</s>
    <s id="13">El acuerdo comercial entre dos de los cuatro mayores mercados del mundo fortalecerá entonces una relación rentable para ambos.</s>
  </p>
  <p id="5">
    <s id="14">Europa y Japón deben ahora aprovechar esto con de iniciativas conjuntas en áreas de interés compartido.</s>
    <s id="15">En especial, destacan cuatro áreas: el comercio internacional, las normas sobre datos y tecnología digital, la inversión en África y la conectividad en Asia.</s>
  </p>
  <p id="6">
    <s id="16">El primero de estos temas tiene que ver con la Organización Mundial del Comercio, que necesita urgentemente una reforma.</s>
    <s id="17">Es cierto, los principios de la OMC siguen sólidos, a pesar de lo que manifiestan algunos líderes en el mundo.</s>
    <s id="18">Pero la maquinaria de esa organización debe actualizarse frente a los intentos de China por reescribir las normas mundiales para que sus monolitos respaldados por el Estado puedan dominar sectores industriales a través de Asia, África y Europa.</s>
    <s id="19">Estados Unidos, mientras tanto, respondió instigando guerras comerciales que sólo generaron perdedores económicos.</s>
    <s id="20">El acuerdo comercial entre la UE y Japón, en cambio, muestra que existe un camino más positivo que mejorará el crecimiento.</s>
  </p>
  <p id="7">
    <s id="21">De hecho, la reciprocidad debiera sustentar las relaciones comerciales y de inversión de toda Europa.</s>
    <s id="22">Queremos comerciar con China, pero en términos justos e igualitarios, y sin ingenuidades frente a la forma en que China está comprando activos estratégicos y conocimiento tecnológico para ampliar su influencia en varios estados miembros de la UE.</s>
    <s id="23">En Europa, recién estamos empezando a tomar conciencia sobre este riesgo.</s>
  </p>
  <p id="8">
    <s id="24">En cuanto a las normas para la tecnología digital, la UE y Japón han alineado sus estándares sobre flujos de datos.</s>
    <s id="25">Esto ha dado como resultado una «decisión de adecuación» que permite el libre flujo de datos, al tiempo que ofrece a los ciudadanos control sobre sus información personal.</s>
  </p>
  <p id="9">
    <s id="26">En las próximas décadas, la mayor difusión de la inteligencia artificial, la tecnología de reconocimiento facial y las redes móviles 5G harán que estos desafíos resulten existenciales.</s>
    <s id="27">En el siglo XIX, quien controlaba los mares, controlaba el mundo.</s>
    <s id="28">En este siglo, regirá el mundo quien fije las normas mundiales para la tecnología digital... y deben ser las democracias quienes lo hagan.</s>
    <s id="29">En esto, nuevamente, la UE y Japón están exactamente donde deben: a la vanguardia para establecer estándares mundiales beneficiosos.</s>
  </p>
  <p id="10">
    <s id="30">La UE debe, por lo tanto, abrazar la propuesta del primer ministro japonés, Shinzo Abe, de usar el acuerdo UE-Japón sobre flujos de datos como un patrón oro sobre el cual construir un consenso mundial.</s>
    <s id="31">El gobierno del Reino Unido también está trabajando en una opción similar para sus acuerdos posbrexit, generando así la masa crítica necesaria para subir a bordo a EE.</s>
    <s id="32">UU.</s>
    <s id="33">Esta emergente «asamblea democrática digital» debiera funcionar para evitar que China recodifique la Internet para ajustarla a sus métodos autoritarios.</s>
  </p>
  <p id="11">
    <s id="34">En África, China lleva una chequera, cuando Europa ofrece un reglamento.</s>
    <s id="35">Mientras que la UE y el Fondo Monetario Internacional aplican condiciones estrictas a sus inversiones, las exigencias chinas son mucho menos transparentes.</s>
    <s id="36">Así, China se ha convertido en prestamista en primera instancia para muchos países africanos, creando estados clientes en el proceso.</s>
  </p>
  <p id="12">
    <s id="37">Muchos estados miembros de la UE tienen vínculos y compromisos históricos con África, pero también para Japón será beneficioso invertir en el desarrollo de ese continente.</s>
    <s id="38">La UE y Japón tienen el deseo común de que África desarrolle economías abiertas de libre mercado, gobernadas según el estado de derecho.</s>
    <s id="39">Debiéramos encontrar nuevas formas para cooperar en esta área.</s>
  </p>
  <p id="13">
    <s id="40">Del mismo modo, Europa debiera apoyar los esfuerzos para mejorar la conectividad entre los aliados democráticos en la región Indopacífico.</s>
    <s id="41">En particular, el importante proyecto del corredor económico indopacífico busca reafirmar las principales democracias asiáticas a través del fortalecimiento de la infraestructura para el comercio y el intercambio.</s>
    <s id="42">Se presenta, entonces, claramente el contraste con la iniciativa china de La Franja y la Ruta, impulsada sólo por el interés propio.</s>
    <s id="43">Así como invertir en África será beneficioso para Japón, lo mismo ocurre con la inversión de Europa en conectividad para la región Indopacífico.</s>
  </p>
  <p id="14">
    <s id="44">La UE está tratando de ganar soberanía en un mundo donde se ve comprimida entre dos grandes potencias con modelos que compiten entre sí.</s>
    <s id="45">Si tenemos en cuenta los grandes obstáculos geopolíticos, hay un creciente llamado a una «Fortaleza Europa» basada en el proteccionismo y el atrincheramiento estratégico.</s>
    <s id="46">Pero debe suceder lo opuesto: Europa no puede ser soberana a menos que lidere uniendo aliados con ideas afines para defender nuestros intereses comunes.</s>
  </p>
  <p id="15">
    <s id="47">Sostengo desde hace mucho que Japón es un socio fundamental en la lucha mundial por la libertad y la democracia.</s>
    <s id="48">Como Secretario General de la OTAN, me enorgulleció firmar un acuerdo de asociación con Abe.</s>
    <s id="49">Para mí, esto fue más que un simple acuerdo, fue un signo de que las democracias deben unirse en la lucha contra la autocracia.</s>
  </p>
  <p id="16">
    <s id="50">Hoy, la UE y Japón deben adoptar esa postura.</s>
    <s id="51">Profundizar nuestra mutua amistad representa la mejor oportunidad para el mundo democrático.</s>
  </p>
  <SOURCE TRANSLATOR="www.Ant-Translation.com" />
</document>
