<?xml version="1.0" encoding="utf-8"?>
<document>
  <HEADLINE>
    <s id="1">Europa en el asiento de atrás</s>
  </HEADLINE>
  <p id="1">
    <s id="2">MADRID – La reforma de la gobernanza económica global sigue siendo un asunto prioritario pendiente entre los encargados del diseño de políticas, pero no hay mucha evidencia de que la Unión Europea haya desarrollado un enfoque de futuro o coherente hacia las nuevas formas que el G-20 ha prometido establecer.</s>
  </p>
  <p id="2">
    <s id="3">El G-20, que tendrá su próxima cumbre en Corea del Sur en noviembre, garantizó que la cooperación multilateral y la interdependencia sacarían al mundo de la crisis.</s>
    <s id="4">Sin embargo, gran parte de las políticas europeas no se adaptan bien al espíritu de esos compromisos.</s>
    <s id="5">Puede que la UE no haya impuesto cuotas y aranceles excesivos, pero al interior ha surgido un poderoso proteccionismo en la forma de subsidios, rescates, mandamientos judiciales para comprar los productos nacionales y nuevas restricciones a la inversión extranjera directa.</s>
    <s id="6">Global Trade Alert, un organismo de supervisión independiente, ha identificado más de 300 nuevas medidas proteccionistas que han introducido los miembros del G-20.</s>
  </p>
  <p id="3">
    <s id="7">Desde que el G-20 se comprometió el año pasado a realizar avances para concluir la Ronda de Doha de negociaciones comerciales mundiales, la UE prácticamente no ha hecho nada para alcanzar este objetivo.</s>
    <s id="8">Se negó a introducir medidas encaminadas a mejorar las normas de la OCDE para liberar los flujos de inversión y la nueva Comisión Europea, dirigida por José Manuel Barroso, tiene menos miembros pro-mercado que durante su primer mandato.</s>
    <s id="9">Gran parte de los comisarios ahora parecen ser partidarios de la flexibilización de las normas de ayuda estatal para financiar las investigaciones en el sector de la investigación y desarrollo.</s>
    <s id="10">Entonces, aunque no se observa una desarticulación del Mercado Único, ciertamente no se están haciendo avances.</s>
  </p>
  <p id="4">
    <s id="11">Además, los gobiernos europeos han usado el G-20 de forma muy instrumental, mediante el cual la mayor parte de los fondos de los rescates se acordaron dentro de la estructura del G-20 y se destinaron a los Estados de ingresos medios dentro o alrededor de Europa.</s>
    <s id="12">La UE no sólo está sobrerepresentada en el G-20, sino también parece que ha usado este grupo como foro para tomar los fondos de emergencia para atender sus propios intereses en lugar de usarlo como un verdadero medio para una cooperación multilateral más extendida y equilibrada.</s>
  </p>
  <p id="5">
    <s id="13">No tiene mucho sentido el gran número de Estados de la UE en el G-20 sin que haya una coordinación sistemática entre los Estados miembros y las posiciones de la Comisión.</s>
    <s id="14">Por ejemplo, la UE no ha aportado mucho al debate sobre el tipo de reglas de gobernanza y estándares que deberían guiar las discusiones sobre el muy necesario reequilibrio entre los países deficitarios y superavitarios.</s>
    <s id="15">En cambio, cada Estado miembro ha actuado con la flexibilidad que mejor le ha convenido para atender su propia recuperación económica inmediata.</s>
  </p>
  <p id="6">
    <s id="16">El crecimiento ya no se producirá en Occidente a expensas de los superávits de las economías emergentes, sino que tendrá que venir del propio mundo emergente, que deberá dejar de depender solamente de políticas económicas orientadas a la exportación.</s>
    <s id="17">Sin embargo, la influencia de la UE en la reevaluación china ha sido nula.</s>
    <s id="18">Esto tiene que cambiar.</s>
  </p>
  <p id="7">
    <s id="19">En conjunto, todas estas deficiencias generan serias dudas sobre la afirmación de la UE de encabezar el debate sobre la redefinición fundamental de una gobernanza económica global.</s>
    <s id="20">Los gobiernos europeos repiten el mantra “multilateralismo eficaz” pero parece que no tienen una estrategia integral para traducirlo en una política coherente.</s>
  </p>
  <p id="8">
    <s id="21">En efecto, cuando los europeos piensan en reformar la gobernanza global, se limitan al número de asientos y participación de votos en los organismos internacionales.</s>
    <s id="22">Los gobiernos europeos apenas ahora aceptan a regañadientes que es necesario reducir su sobrerepresentación en los organismos multilaterales porque reconocen que ello socava la influencia global de la UE en lugar de fortalecerla dado que hace que otras potencias creen acuerdos por separado.</s>
  </p>
  <p id="9">
    <s id="23">Sin embargo, mientras que el debate se centra en cuánto debe disminuir Europa su histórica dominación en los organismos internacionales, no hay una visión que vaya más allá.</s>
    <s id="24">Por ejemplo, la crisis financiera no ha obligado a los Estados miembros a converger sus sistemas nacionales de regulación financiera, omisión que se opone a una visión común europea para remodelar la cooperación financiera mundial.</s>
  </p>
  <p id="10">
    <s id="25">Como consecuencia de la crisis, la UE ha decidido en cambio dar prioridad a las relaciones bilaterales claves.</s>
    <s id="26">Ha establecido asociaciones estratégicas con Brasil, Canadá, China, la India, Japón, México, Rusia, Sudáfrica, los Estados Unidos, la Unión Africana, y la OTAN.</s>
    <s id="27">La mayoría de estas asociaciones tienen poco contenido geopolítico y tan sólo su número degrada su importancia frente a los socios.</s>
    <s id="28">También se están negociando una serie de nuevos acuerdos comerciales bilaterales.</s>
  </p>
  <p id="11">
    <s id="29">La fiebre de los acuerdos bilaterales tal vez es comprensible en la búsqueda de resultados rápidos y un mayor sentido de control de las tendencias internacionales.</s>
    <s id="30">Sin embargo, los costos son altos en la medida en que dichos acuerdos reducen el mismo multilateralismo que en general también funciona para la propia UE.</s>
    <s id="31">¿Cómo pretende la UE que otras potencias apliquen los principios multilaterales que ignora?</s>
  </p>
  <p id="12">
    <s id="32">El resto del mundo ve cada vez más el multilateralismo de la UE como un medio para legitimar la intervención europea en los asuntos de los Estados débiles y excluir la creciente participación de las potencias en los asuntos europeos.</s>
    <s id="33">Las potencias europeas han sido igual de volátiles en la creación de alianzas que cualquiera de las potencias que supuestamente tienen menos principios.</s>
  </p>
  <p id="13">
    <s id="34">A medida que la situación se va apaciguando después de la crisis financiera y con las tendencias que apuntan al eje Los Estados Unidos-China como el principal motor de la economía global, Europa está claramente con una postura más defensiva.</s>
    <s id="35">Lejos de participar en el diseño de una nueva estructura de gobernanza global, la UE se ha visto reducida a adoptar una serie de posturas de retaguardia a fin de mitigar su propia pérdida de importancia.</s>
  </p>
  <p id="14">
    <s id="36">Parece que la UE ha decidido que el mundo será uno de rivalidad entre grandes potencias y que ello requiere de un enfoque de poder político hacia la gobernanza global.</s>
    <s id="37">De hecho, coexisten numerosas y diferentes dinámicas que todavía están en movimiento; la UE aún tiene la oportunidad de dar forma al nuevo orden postoccidental emergente en lugar de aceptar sus parámetros con resignación pasiva.</s>
  </p>
  <p id="15">
    <s id="38">Sin embargo, la UE corre el riesgo de ser muy servil al cortejar nuevas alianzas, con su visión de beneficios de corto plazo –y desprovista de una idea clara de cómo dichas alianzas encajan con el tipo de valores que cree deberían guiar la evaluación de gobernanza global.</s>
    <s id="39">Francia, cuando asuma el liderazgo del G-20 después de la cumbre de Seúl tiene que actuar rápido para abordar estas deficiencias.</s>
  </p>
</document>
