<?xml version="1.0" encoding="utf-8"?>
<document>
  <HEADLINE>
    <s id="1">¿Acabará la apatía de los jóvenes con Europa?</s>
  </HEADLINE>
  <p id="1">
    <s id="2">PARÍS – Nunca ha sido mayor la necesidad de una Europa unida y fuerte, pero el entusiasmo por el proyecto europeo rara vez ha sido tan débil, en particular entre los jóvenes.</s>
    <s id="3">Según una encuesta reciente, cerca de tres cuartos de los votantes franceses de entre 18 y 24 años tiene la intención de usar su privilegio democrático en las elecciones al Parlamento Europeo que se celebrarán esta semana.</s>
    <s id="4">Un cuarenta por ciento de ese grupo ni siquiera sabía que se llevarían a cabo.</s>
  </p>
  <p id="2">
    <s id="5">¿Cómo convencer a los jóvenes que de estas elecciones pueden depender la paz y la prosperidad que han disfrutado sus padres y abuelos?</s>
    <s id="6">Los jóvenes de hoy siempre han tenido libertad: las referencias históricas a Checkpoint Charlie (el más famoso de los cruces fronterizos de la Guerra Fría entre Berlín oriental y occidental) son demasiado distantes y abstractas para afectarles.</s>
    <s id="7">Ante la ausencia de ejemplos obvios de opresión, la única manera de explicarles la libertad es describir su carencia.</s>
    <s id="8">Lo mismo se puede decir de la paz.</s>
    <s id="9">Sí, es la ausencia de guerra, pero ¿qué puede significar eso para alguien que nunca ha sufrido bombardeos?</s>
  </p>
  <p id="3">
    <s id="10">Ante la ausencia de una pedagogía satisfactoria de la libertad y la paz, los jóvenes han caído en una actitud predeterminada de una mezcla de indiferencia y rechazo directo del proyecto europeo.</s>
    <s id="11">Hace poco fui testigo de esto de primera mano al dar una charla en una prestigiosa escuela científica francesa sobre el tema de las elecciones.</s>
    <s id="12">Muchos de los estudiantes ya habían votado con los pies: la cantidad de los que asistieron a mi charla sobre la geopolítica de las series de televisión fue un décimo de lo que había sido tres años antes.</s>
    <s id="13">Aparentemente, este mes los jóvenes estaban más interesados el 20 de mayo, la fecha de difusión europea para el final de la serie Juego de Tronos de HBO, que entre el 23 y el 26 de mayo, cuando ocurrirán las elecciones.</s>
  </p>
  <p id="4">
    <s id="14">Cuando llamé a esta inversión de prioridades un profundo lapso político y ético por parte de los jóvenes, algunos de los estudiantes que asistieron respondieron de un modo más bien brutal.</s>
    <s id="15">Me desafiaron a explicar por qué alguien tendría que preocuparse de una obra mediocre con malos actores.</s>
    <s id="16">Preguntaban por qué defendía yo una “utopía muerta” cuando estaba en riesgo la supervivencia del planeta mismo.</s>
    <s id="17">Expresada en esos términos, la defensa de la democracia representativa, o incluso de la paz, se convierte en una preocupación “secundaria”.</s>
  </p>
  <p id="5">
    <s id="18">¿Cómo acabamos aquí?</s>
    <s id="19">Para comenzar, la Unión Europea en 2019 padece una serie de desconexiones y falacias –por no mencionar la cuasi ruptura de su “motor franco-alemán”-, que han sido absorbidas en la consciencia pública.</s>
    <s id="20">Hay una inmensa brecha entre lo que la UE quería ser inicialmente y lo que se ha convertido.</s>
  </p>
  <p id="6">
    <s id="21">Después de la Segunda Guerra Mundial, el mantra europeo pasó a ser “Nunca más”, y fue clave la reconciliación entre Francia y Alemania.</s>
    <s id="22">Pero ahora, la raison d’être de la UE es una combinación de metas externas e internas.</s>
    <s id="23">Cuando se inició el proyecto europeo, no se concibió una prioridad –y no podría haberlo sido- la respuesta a amenazas ecológicas como el cambio climático y la pérdida de biodiversidad.</s>
    <s id="24">Pero ahora, prácticamente se ha perdido la batalla ecológica.</s>
    <s id="25">En las pasadas décadas, la seguridad europea estuvo garantizada por los Estados Unidos a través de la OTAN.</s>
    <s id="26">Sin embargo, hoy los europeos están más preocupados del terrorismo y el flujo de migrantes por sus fronteras que de las amenazas planteadas por los estados nación.</s>
  </p>
  <p id="7">
    <s id="27">Más allá de estas desconexiones, nos quedaríamos cortos si dijéramos que a los presidentes de la Comisión Europea han carecido de carisma desde que Jacques Delors dejó el cargo en 1995.</s>
    <s id="28">En su búsqueda de evitar cualquier rival a nivel de la UE, los políticos nacionales han seleccionado consistentemente a líderes de la UE basándose en sus limitaciones, en lugar de sus méritos.</s>
    <s id="29">Así, la UE se volvió anónima y abstracta.</s>
  </p>
  <p id="8">
    <s id="30">Las debilidades estructurales de la UE se han visto agravadas por la campaña electoral al Parlamento Europeo.</s>
    <s id="31">En gran medida, no se debatió el proyecto europeo.</s>
    <s id="32">Por ejemplo, en Francia las elecciones se han convertido en un referendo sobre el Presidente Emmanuel Macron.</s>
    <s id="33">El resultado es que las elecciones al Parlamento Europeo cada vez se convierten en el equivalente de las elecciones nacionales de medio mandato.</s>
    <s id="34">Esta evolución es tanto triste como peligrosa, y sin duda explica por qué la participación electoral ha ido bajando a lo largo de los años.</s>
  </p>
  <p id="9">
    <s id="35">Y, sin embargo, por razones geopolíticas e ideológicas, el resto del mundo observa a Europa con el alma en vilo.</s>
    <s id="36">Después de todo, las elecciones al Parlamento Europeo de este año son las más importantes desde 1979.</s>
    <s id="37">Mientras los jóvenes europeos miran para otra parte, el Presidente estadounidense Donald Trump y el Kremlin del Presidente ruso Vladimir Putin esperan ansiosamente un descalabro nacionalista/populista que paralice a la Unión.</s>
  </p>
  <p id="10">
    <s id="38">Si el campo proeuropeo de Macron sufre una derrota en Francia, las fuerzas antieuropeas lo verían como una victoria, como se vio la derrota de la opción “Remain” (Permanecer) en el referendo por el Brexit del Reino Unido en 2016.</s>
    <s id="39">Ciertamente esto sería del agrado de Putin, que ha apoyado a estas fuerzas en Francia y otros países, al igual que de Trump, que se está preparando para la reelección en 2020.</s>
  </p>
  <p id="11">
    <s id="40">A fin de cuentas, lo que ocurra en Europa importa mucho más de lo que parecen opinar los jóvenes europeos.</s>
    <s id="41">En muchos sentidos, las elecciones al Parlamento Europeo son un referendo sobre la democracia y el multilateralismo, sin los cuales nunca lograremos afrontar retos globales como el cambio climático.</s>
    <s id="42">Los votantes jóvenes tienen razón al preocuparse por estos problemas, pero si realmente quieren abordarlos es mejor que presten atención a los ocurra esta semana.</s>
  </p>
  <SOURCE LANG="inglés" TRANSLATOR="David Meléndez Tormen" />
</document>
