<?xml version="1.0" encoding="utf-8"?>
<document>
  <HEADLINE>
    <s id="1">Europa en el país de las maravillas</s>
  </HEADLINE>
  <p id="1">
    <s id="2">BERLÍN – Europa y sus gobiernos nacionales están disfrutando su nueva capacidad para actuar – y con razón.</s>
    <s id="3">¿Quién se habría atrevido a predecir hace apenas unas semanas que al final serían los divididos europeos y no los Estados Unidos quienes decidirían la manera de contener la crisis financiera mundial?</s>
  </p>
  <p id="2">
    <s id="4">Las crisis severas son momentos determinantes en la historia.</s>
    <s id="5">Es cierto que los Estados Unidos están en un interregno hasta que se elija a un nuevo presidente.</s>
    <s id="6">Además, George W. Bush parece estar más débil que cualquier presidente saliente, lo que ha creado un vacío de poder que el presidente francés, Nicolás Sarkozy, quien también es el presidente actual del Consejo Europeo, ha llenado con entusiasmo.</s>
    <s id="7">Sarkozy ya desempeñó ese papel en la crisis de Georgia; ahora lo ha reforzado.</s>
  </p>
  <p id="3">
    <s id="8">Al convocar al grupo del euro, que actualmente incluye a 15 miembros de la Unión Europea, la presidencia francesa pudo contar con un grupo de vanguardia políticamente funcional.</s>
    <s id="9">La UE tiene una sólida base institucional, sobre todo en lo que se refiere a las cuestiones financieras y de divisas –el euro como moneda común, el Banco Central Europeo y los criterios vinculantes en materia de presupuesto y deuda del Tratado de Maastricht.</s>
    <s id="10">En efecto, la actual crisis financiera mundial ha demostrado una vez más que la UE es fuerte en las áreas donde ha logrado integrar los intereses de sus Estados miembros y débil en las que no lo ha conseguido.</s>
  </p>
  <p id="4">
    <s id="11">Por supuesto, la crisis no se ha superado.</s>
    <s id="12">Hemos ganado tiempo y podemos tomarnos un respiro – ni más ni menos.</s>
    <s id="13">Cuando se está al borde del abismo, como lo ha estado el sistema financiero mundial en las últimas semanas, tener un punto de apoyo, aunque sea sólo temporalmente, significa una gran diferencia.</s>
  </p>
  <p id="5">
    <s id="14">No obstante, más allá del mercado hipotecario, otros riesgos enormes acechan, especialmente en el sistema financiero estadounidense: las tarjetas de crédito, los préstamos para comprar automóviles y, es de suponer, varias cosas más.</s>
    <s id="15">Por eso hay razones válidas para dudar que las medidas actuales de los gobiernos y los bancos centrales logren realmente reparar la crisis.</s>
  </p>
  <p id="6">
    <s id="16">En paralelo a esto, se acerca el próximo tsunami, que amenaza con inundar a la economía real.</s>
    <s id="17">Es cierto que todo el mundo se queja de la burbuja especulativa de los Estados Unidos, y tienen razón.</s>
    <s id="18">Pero toda la economía mundial –desde China hasta Alemania—se benefició durante décadas del consumo excesivo de los estadounidenses basado en la deuda .</s>
  </p>
  <p id="7">
    <s id="19">Maquinaria a China y a todas partes del mundo;</s>
    <s id="20">Porsches, Mercedes y BMW a los Estados Unidos – esa fue la fórmula ganadora de Alemania durante ese período.</s>
    <s id="21">Por ello, un deterioro drástico de la economía real tras el colapso del castillo de naipes financiero tendrá consecuencias graves para Alemania y la UE.</s>
    <s id="22">Asia y la estimulación de la actividad económica interna de China no pueden compensar al menos a corto plazo, la descompostura del motor de crecimiento estadounidense.</s>
    <s id="23">Eso significa que la economía mundial se aproxima a una recesión profunda y prolongada.</s>
    <s id="24">Ni siquiera se puede excluir una depresión mundial ante esta crisis fundamental.</s>
  </p>
  <p id="8">
    <s id="25">Hasta ahora, gracias al euro, el Banco Central Europeo, Gordon Banks y Sarkozy, la UE ha funcionado bien en medio de la crisis financiera mundial.</s>
    <s id="26">Pero el vínculo entre esa crisis y la crisis económica planteará a Europa desafíos graves –aunque también le dará una gran oportunidad.</s>
  </p>
  <p id="9">
    <s id="27">En términos simples, los Estados nacionales de Europa son demasiado pequeños para abordar una crisis de estas dimensiones por separado.</s>
    <s id="28">Sólo la UE puede proteger los intereses de todos los europeos –incluidos los que están fuera de la zona del euro e incluso fuera de la Unión.</s>
    <s id="29">Pero si bien los europeos han creado instituciones sólidas como el euro y el BCE, aún no tienen una superestructura política adecuada para enfrentarse a la crisis económica que se aproxima.</s>
  </p>
  <p id="10">
    <s id="30">Durante muchos años, Francia ha hecho llamados a crear un gobierno económico para la zona del euro, que Alemania ha rechazado hasta el momento por razones válidas: la iniciativa de Francia no era más que un ataque encubierto contra el techo anual de déficit fiscal del 3% del PIB para los miembros de la UE y, peor aún, contra la independencia del BCE.</s>
    <s id="31">Y las recientes propuestas mal pensadas del presidente francés sobre propiedad del Estado empeoraron las cosas en Berlín.</s>
    <s id="32">Pero ahora, dada la actual crisis financiera y económica mundial, la pregunta es si Alemania debería abandonar su oposición a un gobierno económico europeo y, en cambio, encabezar los esfuerzos para crearlo.</s>
  </p>
  <p id="11">
    <s id="33">Después de todo, si la crisis en los mercados financieros continúa y se combina con una drástica caída de la economía real, la UE podría encontrarse rápidamente en peligro si no es capaz de responder políticamente.</s>
    <s id="34">Por lo tanto, existe la necesidad urgente de lograr la coordinación macroeconómica y fiscal a nivel de la UE.</s>
  </p>
  <p id="12">
    <s id="35">Esto resulta más evidente porque la Comisión Europea actualmente está demostrando ser un fracaso casi completo.</s>
    <s id="36">Se acaba de renovar el mandato de un presidente incompetente de la Comisión por otro período de cinco años como recompensa a su pasividad.</s>
    <s id="37">Desafortunadamente, eso también es Europa.</s>
  </p>
  <p id="13">
    <s id="38">La Canciller alemana y su ministro de finanzas deben aprender rápido de los errores que cometieron en las últimas semanas.</s>
    <s id="39">Esperar a que los acontecimientos en Europa los obliguen a actuar ha resultado ser una mala estrategia.</s>
    <s id="40">Sería mucho mejor para el gobierno alemán tomar el toro por los cuernos mediante la definición de los principios de un gobierno económico europeo de forma que se mantengan dentro del marco de Maastricht la política de deuda anticíclica y la independencia del BCE.</s>
  </p>
  <p id="14">
    <s id="41">Esto no significa dividir a Europa, sino formar una vanguardia activa e incluyente.</s>
    <s id="42">La UE necesita un gobierno económico para la profunda y larga crisis que se avecina.</s>
    <s id="43">Alemania, la economía más grande e importante de Europa, debería encabezar los esfuerzos con determinación.</s>
  </p>
</document>
