<?xml version="1.0" encoding="utf-8"?>
<document>
  <HEADLINE>
    <s id="1">El espejismo de un euro global</s>
  </HEADLINE>
  <p id="1">
    <s id="2">BRUSELAS – Uno de los grandes argumentos que se hicieron a favor del euro fue que competiría con el dólar estadounidense como segunda moneda de reserva global.</s>
    <s id="3">Esas esperanzas no llegaron a materializarse.</s>
    <s id="4">La importancia del euro en las reservas globales y en los mercados financieros hoy es más o menos la misma que hace veinte años, cuando el euro reemplazó al marco alemán y a otras diez monedas nacionales.</s>
  </p>
  <p id="2">
    <s id="5">Pero la esperanza es lo último que se pierde y, en este espíritu, la Comisión Europea recientemente publicó un comunicado titulado “Hacia un papel internacional más fuerte del euro” (sic).</s>
    <s id="6">La Comisión Europea, al igual que la mayoría de los responsables de políticas públicas europeos, da por sentado que la eurozona se beneficiaría si el euro desempeñara un papel más global.</s>
    <s id="7">Pero no necesariamente es así.</s>
  </p>
  <p id="3">
    <s id="8">Una de esas ventajas supuestamente surge del uso generalizado de billetes de euro fuera de la zona de la moneda única.</s>
    <s id="9">En este sentido al menos, el euro ha sido un gran éxito.</s>
    <s id="10">La moneda en circulación cuando menos se ha duplicado en los últimos 20 años, en términos absolutos y como porcentaje del PIB de la eurozona, y el valor total de los billetes de euro en circulación hoy asciende a 1,2 billones de euros (1,3 billones de dólares).</s>
    <s id="11">Es más, normalmente se calcula que una fracción importante de los billetes de euro se utiliza fuera de la eurozona.</s>
  </p>
  <p id="4">
    <s id="12">Sin embargo, la economía de la emisión de billetes ha cambiado.</s>
    <s id="13">La emisión anteriormente era un negocio rentable para los bancos centrales, porque podían invertir las ganancias en bonos del gobierno con un rendimiento decente.</s>
    <s id="14">Con las tasas de interés en el 5%, y 1,2 billones de euros en billetes en circulación, el Banco Central Europeo podría haber generado un ingreso de unos 60.000 millones de euros al año.</s>
    <s id="15">Aunque pequeña comparada con el PIB general de la eurozona de 10 billones de euros, esta suma equivale a casi la mitad del presupuesto de la UE.</s>
  </p>
  <p id="5">
    <s id="16">Ahora bien, con las tasas de interés negativas de hoy, la emisión de moneda ya no es rentable.</s>
    <s id="17">Ésta podría ser otra razón por la cual el BCE decidió dejar de emitir el billete de 500 euros, que también es mucho más conveniente que el billete de 100 dólares para manejar grandes cantidades de dinero en negro.</s>
    <s id="18">Ofrecer un vehículo manejable para transacciones clandestinas en el exterior no debería considerarse una ventaja del euro.</s>
  </p>
  <p id="6">
    <s id="19">Otro argumento para tener una moneda de reserva global es que el endeudamiento externo se vuelve más barato.</s>
    <s id="20">Este es el “privilegio exorbitante” del cual gozaba Estados Unidos, según dijo Valéry Giscard d’Estaing cuando era ministro de Finanzas de Francia, debido a la condición del dólar como la principal moneda de reserva del mundo.</s>
    <s id="21">Pero si bien emitir deuda denominada en dólares es una ventaja importante para Estados Unidos (el principal deudor del mundo), la eurozona es un acreedor neto.</s>
    <s id="22">Y con tasas de interés reales que tienden a ser más altas en términos de dólar, sería mejor que los activos externos de la eurozona estuvieran denominados en dólares y no en euros.</s>
  </p>
  <p id="7">
    <s id="23">Es más, las consecuencias de ser una moneda de referencia importante serían particularmente problemáticas para el euro.</s>
    <s id="24">Afortunadamente, los países que han optado por una paridad de su moneda con el euro tienen poco peso económico.</s>
    <s id="25">Imaginemos, por ejemplo, que China decidiera que su moneda tuviera una paridad con el euro y no con el dólar.</s>
    <s id="26">Las autoridades chinas luego determinarían el tipo de cambio del euro frente al dólar –la moneda del principal socio comercial y competidor de la UE-.</s>
    <s id="27">Ser una moneda de referencia, en verdad, puede implicar una pérdida de control.</s>
  </p>
  <p id="8">
    <s id="28">Con certeza, existen otros motivos por los que podría resultar beneficioso para Europa que el euro desempeñara un papel global mayor.</s>
    <s id="29">Por ejemplo, la aplicación de sanciones extraterritoriales por parte de Estados Unidos hace que a las compañías europeas les resulte extremadamente difícil mantener vínculos comerciales con Irán, porque la mayor parte del comercio internacional de Irán se factura y se acuerda en dólares.</s>
    <s id="30">Pero la capacidad tan amplia de Estados Unidos de aplicar sanciones se debe, esencialmente, a su poder diplomático y militar.</s>
    <s id="31">Inclusive si el euro jugara un rol mucho más importante en las finanzas globales, Estados Unidos seguiría teniendo una posición dominante en términos de poder duro.</s>
  </p>
  <p id="9">
    <s id="32">Tener una moneda de reserva global tiene sentido para una economía grande que no está demasiado expuesta al resto del mundo.</s>
    <s id="33">Estados Unidos reúne los requisitos.</s>
    <s id="34">Tiene menos sentido para la economía relativamente más pequeña de la eurozona, donde el comercio de bienes y servicios representa más de una cuarta parte del PIB total.</s>
    <s id="35">Es más, el porcentaje de la eurozona en la economía global ha declinado de alrededor del 25% cuando nació el euro hasta el 15% hoy, y pronto caerá por debajo del 10%.</s>
  </p>
  <p id="10">
    <s id="36">El peso relativo de la economía norteamericana por supuesto también decaería en tanto China y la India sigan creciendo a pasos más acelerados.</s>
    <s id="37">Pero el dólar retendrá su poder convencional como la principal moneda para las transacciones comerciales internacionales siempre que China limite los movimientos de capital para mantener el control de su economía doméstica.</s>
    <s id="38">El euro, por otro lado, podría incrementar su papel global sólo si desacelerara la caída relativa de la economía de la eurozona mediante un crecimiento rápido.</s>
  </p>
  <p id="11">
    <s id="39">Pero, aun suponiendo que la caída relativa de la eurozona continúe, esto no necesariamente significaría una caída de los niveles de vida.</s>
    <s id="40">El porcentaje de la economía de Japón en el PIB global se ha reducido a la mitad en los últimos 20 años, mientras que los niveles de vida allí siguieron mejorando, aunque con cierta lentitud.</s>
  </p>
  <p id="12">
    <s id="41">Como sea, es bueno que las esperanzas tempranas de que el euro se convierta en una verdadera moneda global no se hayan concretado.</s>
    <s id="42">La eurozona actualmente enfrenta suficientes desafíos económicos sin la carga adicional de tener que emitir una moneda de reserva global.</s>
  </p>
</document>
