<?xml version="1.0" encoding="utf-8"?>
<document>
  <HEADLINE>
    <s id="1">Acciones en baja: un panorama de la economía estadounidense</s>
  </HEADLINE>
  <p id="1">
    <s id="2">CAMBRIDGE – Tras exhibir grandes fluctuaciones durante 2018, el índice bursátil Standard and Poor’s 500 regresó a casi el mismo nivel que tenía a principios del año.</s>
    <s id="3">La ausencia de una caída neta este año es resultado de la combinación entre un aumento de ganancias corporativas y una caída del 12% en la relación precio/ganancias.</s>
    <s id="4">Esto último da indicios de la probable evolución de las cotizaciones en los próximos años.</s>
  </p>
  <p id="2">
    <s id="5">La relación precio/ganancias (P/G) se encuentra un 40% por encima de la media histórica.</s>
    <s id="6">Su aumento es reflejo de los bajísimos tipos de interés que predominaron desde que la Reserva Federal de los Estados Unidos redujo la tasa de referencia a casi cero en 2008.</s>
    <s id="7">Pero conforme aumenten los tipos de interés a largo plazo, los precios de las acciones serán menos atractivos para los inversores y se reducirán.</s>
  </p>
  <p id="3">
    <s id="8">Una señal clave de esto es que el rendimiento de los bonos del Tesoro estadounidense a diez años se duplicó en los últimos dos años; pero su valor actual, poco más de 3%, apenas supera la tasa de inflación, que promedió un 2,9% en los últimos doce meses.</s>
    <s id="9">El tipo de interés a largo plazo seguirá subiendo, por la acción de tres fuerzas.</s>
  </p>
  <p id="4">
    <s id="10">En primer lugar, la Reserva Federal está aumentando la tasa de referencia a corto plazo, que prevé llevar desde un poco más de 2% hasta cerca del 3,5% a fines de 2020.</s>
  </p>
  <p id="5">
    <s id="11">En segundo lugar, los grandes déficits fiscales proyectados causarán un alza de los tipos a largo plazo, para inducir a los inversores a absorber el volumen adicional de deuda pública.</s>
    <s id="12">Según la Oficina de Presupuesto del Congreso, el volumen de deuda en poder del público crecerá desde alrededor de 15 billones de dólares a casi 30 billones hacia el final de la década.</s>
  </p>
  <p id="6">
    <s id="13">En tercer lugar, la tasa de desempleo es muy baja y está en caída, lo que provocará una aceleración de la inflación.</s>
    <s id="14">Para compensar la pérdida de poder adquisitivo, los inversores demandarán más rentabilidad de los bonos.</s>
  </p>
  <p id="7">
    <s id="15">No sería raro que la tasa de los títulos del Tesoro a diez años aumente a 5% o más en los próximos años.</s>
    <s id="16">Con una inflación del 3%, eso implica que el rendimiento real regrese a un nivel normal histórico superior al 2%.</s>
  </p>
  <p id="8">
    <s id="17">Esta normalización de la tasa a diez años puede provocar un regreso de la relación P/G a su valor de referencia histórico.</s>
    <s id="18">Una caída de semejante magnitud, desde el nivel actual que está un 40% por encima de la media histórica, provocará una reducción del patrimonio de los hogares del orden de unos 8 billones de dólares.</s>
    <s id="19">La relación histórica entre el patrimonio de los hogares y el gasto en consumo implica que el nivel anual de consumo hogareño se reducirá más o menos un 1,5% del PIB.</s>
    <s id="20">Esa caída de la demanda hogareña, y la consiguiente reducción en la inversión de las empresas, llevarían la economía de Estados Unidos a una recesión.</s>
  </p>
  <p id="9">
    <s id="21">En general las recesiones en Estados Unidos han sido relativamente breves y poco profundas, con duraciones de menos de un año entre el inicio de la desaceleración y el comienzo de la recuperación.</s>
    <s id="22">La recesión que comenzó en 2007 fue mucho más larga y profunda porque colapsaron las instituciones financieras.</s>
    <s id="23">Las recuperaciones más rápidas y firmes que siguieron a la mayoría de las recesiones anteriores fueron reflejo de una política monetaria decididamente anticíclica de la Reserva, que redujo muy marcadamente los tipos de interés a corto plazo.</s>
  </p>
  <p id="10">
    <s id="24">Pero si la próxima recesión empieza en 2020, la Reserva no estará en condiciones de reducir mucho la tasa de referencia.</s>
    <s id="25">De hecho, en este momento la Reserva prevé una tasa de referencia menor a 3,5% a fines de 2020.</s>
    <s id="26">En tal caso, no se podrá combatir la desaceleración económica con política monetaria.</s>
  </p>
  <p id="11">
    <s id="27">La alternativa es apelar al estímulo fiscal, mediante una rebaja de impuestos o un aumento del gasto.</s>
    <s id="28">Pero su aprobación será políticamente difícil con un déficit fiscal anual que ronda el billón de dólares y una deuda pública que va camino de llegar al 100% del PIB.</s>
  </p>
  <p id="12">
    <s id="29">De modo que es probable que la próxima desaceleración económica sea más profunda y prolongada que lo habitual.</s>
    <s id="30">Si en ese momento el gobierno decide usar la política fiscal, la relación deuda/PIB futura aumentará por encima del 100% del PIB, lo que provocará un alza de tipos de interés a largo plazo incluso mayor.</s>
    <s id="31">Un panorama nada atractivo.</s>
  </p>
  <SOURCE TRANSLATOR="Esteban Flamini" />
</document>
