<?xml version="1.0" encoding="utf-8"?>
<document>
  <HEADLINE>
    <s id="1">El comienzo de la revolución financiera silenciosa</s>
  </HEADLINE>
  <p id="1">
    <s id="2">LAGUNA BEACH – Ininterrumpida e indiscutiblemente, el sector de servicios financieros –con el que todos interactuamos, como prestatarios, ahorristas, inversores o reguladores– se ha embarcado en una transformación que llevará varios años.</s>
    <s id="3">Este proceso, inicialmente lento, se ha visto impulsado por el impacto combinado de dos conjuntos de fuerzas duraderas.</s>
  </p>
  <p id="2">
    <s id="4">Por una parte, entran en juego factores verticalistas: cambios regulatorios, una fijación inusual de precios y lo que Nouriel Roubini inteligentemente bautizó como la «paradoja de la liquidez».</s>
    <s id="5">Por otra parte, se filtran desde abajo influencias disruptivas: cambios en las preferencias de los clientes y, lo que es más importante, visionarios ajenos al sector que intentan transformarlo y modernizarlo.</s>
  </p>
  <p id="3">
    <s id="6">Entre las decisiones que llegan desde arriba, el péndulo regulatorio aún oscila hacia una supervisión más estrecha de las instituciones financieras tradicionales, especialmente de los grandes bancos y empresas aseguradoras considerados «sistémicamente importantes».</s>
    <s id="7">Por otra parte, el rediseño de los marcos regulatorios, la implementación por etapas y la intensificación de la supervisión se extenderán gradualmente a otros segmentos, incluida la gestión de activos.</s>
    <s id="8">Esto contribuirá a ampliar la reducción del riesgo en los sectores regulados en términos generales, como parte de un movimiento más amplio del sector financiero hacia un «modelo de utilidades» que enfatiza grandes amortiguadores de capital, un menor apalancamiento, una mayor divulgación de información, lineamientos operativos más estrictos y mucha más supervisión.</s>
  </p>
  <p id="4">
    <s id="9">La situación de los precios se suma al impacto de una regulación más estricta.</s>
    <s id="10">Como en el caso de los servicios públicos, las instituciones financieras sólidamente establecidas enfrentan restricciones externas sobre su poder de fijación de precios, aunque no de la manera tradicional.</s>
    <s id="11">En vez de estar sujetas a regulaciones y pautas de precios explícitas, estas instituciones funcionan en un régimen de «represión financiera» dentro del cual las principales tasas de interés de referencia se mantuvieron en niveles inferiores a los que hubieran prevalecido de otro modo.</s>
    <s id="12">Esto erosiona los márgenes de interés netos, aumenta la presión sobre ciertas estructuras tarifarias y lleva a ciertos proveedores a mostrarse más cautos al momento de ingresar en relaciones financieras de largo plazo.</s>
  </p>
  <p id="5">
    <s id="13">Como consecuencia de estos dos factores, las instituciones establecidas –especialmente los grandes bancos– se verán predispuestas a hacer menos y para menos gente, a pesar de verse inundadas con la liquidez provista por los bancos centrales (la «paradoja de la liquidez»).</s>
    <s id="14">Es de esperarse que los bancos y agentes/corredores de bolsa solo brindarían una liquidez limitada a sus clientes si muchos de ellos intentan realinear simultáneamente su posicionamiento financiero.</s>
    <s id="15">Pero esto no solo tiene que ver con ellos, el hecho es que los proveedores de todos los productos financieros de largo plazo –en especial los de seguros de vida y pensiones– no tienen actualmente otra alternativa que optimizar sus ofertas, incluso con la reducción de aquellos que aún proporcionan garantías de largo plazo a clientes que buscan una mayor seguridad financiera.</s>
  </p>
  <p id="6">
    <s id="16">El impacto sobre el sector de los servicios financieros de estos factores verticalistas amplificará gradualmente la importancia de las fuerzas atomizadas.</s>
    <s id="17">Con el tiempo, este segundo conjunto de factores impulsará una provisión de servicios más directa y eficiente a un conjunto de consumidores más amplio y contribuirá a reconfigurar al sector en su conjunto.</s>
  </p>
  <p id="7">
    <s id="18">En primer lugar, las expectativas de los clientes evolucionarán a medida que la generación del milenio represente una porción cada vez mayor de los ingresos, los gastos, los préstamos, el ahorro y la inversión.</s>
    <s id="19">Como muchos de estos nuevos clientes prefieren vivir en forma más «autónoma», los proveedores de servicios financieros se verán presionados a pasar de una mentalidad de colocación ofensiva de sus productos a ofrecer soluciones más holísticas que permitan una mayor personalización individual.</s>
    <s id="20">Las funciones de comunicación de mercado también deberán modernizarse a medida que aumenta la cantidad de clientes que esperan interacciones más creíbles y sustanciales «en todo lugar, en todo momento y a través de todos los canales».</s>
  </p>
  <p id="8">
    <s id="21">Luego tenemos la influencia de los disruptores externos.</s>
    <s id="22">Jamie Dimon, director ejecutivo de JPMorgan Chase, lo expresó bien en su carta de 2015 a los accionistas, cuando observó que «Silicon Valley» está en camino.</s>
    <s id="23">Estos nuevos participantes desean aplicar soluciones tecnológicas más avanzadas y conocimientos de la ciencia conductual a un sector que si bien es rentable, ha tendido a descuidar a sus clientes.</s>
  </p>
  <p id="9">
    <s id="24">Airbnb y Uber han demostrado que la disrupción proveniente de otros sectores es particularmente poderosa, porque implica cambios estructurales que mejoran la eficiencia y aprovechan aquellas competencias y estrategias centrales de las que carecen las empresas que actualmente prestan estos servicios.</s>
    <s id="25">Muchas otras empresas (por ejemplo, Rent the Runway, que proporciona alquileres de corto plazo de moda de alta gama) están haciendo lo mismo.</s>
    <s id="26">Ya sean plataformas entre pares o financiamiento colectivo, los disruptores externos ya están incidiendo en el margen de las finanzas, especialmente al servir a quienes antes fueron marginados por las empresas tradicionales o perdieron su confianza en ellas.</s>
  </p>
  <p id="10">
    <s id="27">El resultado final será un sector que sirve a la gente con una mayor variedad de soluciones personalizables.</s>
    <s id="28">Aunque las empresas tradicionales buscarán adaptarse para mantener su dominio, muchas se enfrentarán al desafío de «autodisrumpir» su manera de pensar y su enfoque operativo.</s>
    <s id="29">Aunque las empresas emergentes ofrecerán mejores servicios, no les resultará fácil superar inmediata y decisivamente la inercia institucional y regulatoria que ancla la posición de mercado de las empresas tradicionales.</s>
    <s id="30">Es probable entonces que haya una proliferación de proveedores de servicios financieros, con perspectivas especialmente prometedoras para las asociaciones institucionales que combinen las plataformas existentes más ágiles con nuevos y emocionantes contenidos y enfoques.</s>
  </p>
  <SOURCE TRANSLATOR="Leopoldo Gurman." />
</document>
