<?xml version="1.0" encoding="utf-8"?>
<document>
  <HEADLINE>
    <s id="1">La resurrección de Francia</s>
  </HEADLINE>
  <p id="1">
    <s id="2">Nicolas Sarkozy ganó las elecciones presidenciales en mayo porque atrajo una parte sustancial de los partidarios de la extrema derecha hacia sus banderas conservadoras.</s>
    <s id="3">De hecho, el apoyo al Frente Nacional ha caído de cerca del 15% al 10%, lo que ha debilitado enormemente a este partido y ha fortalecido a la derecha francesa tradicional.</s>
  </p>
  <p id="2">
    <s id="4">Sarkozy tuvo éxito en su estrategia de abrazar los temas de la identidad nacional y la inmigración.</s>
    <s id="5">Como resultado, muchos vieron su compaña como demasiado inclinada hacia la derecha.</s>
    <s id="6">En Francia y en toda Europa, la gente esperaba un gobierno extremadamente conservador, similar a la administración del Presidente estadounidense George W. Bush.</s>
  </p>
  <p id="3">
    <s id="7">Fue un error.</s>
    <s id="8">El que Sarkozy abordara el tema de que la identidad nacional se encuentra amenazada, algo que vinculó a la inmigración, no es suficiente para convertirlo en un neoconservador al estilo estadounidense, y ha decidido demostrarlo en el campo de la política exterior.</s>
  </p>
  <p id="4">
    <s id="9">Sarkozy formó su gobierno sabiendo que existe una larga tradición de que la política exterior francesa sea de consensos, de modo que dio las llaves de sus áreas más importantes a políticos de izquierdas.</s>
    <s id="10">Bernard Kouchner, un socialista, es Ministro de Relaciones Exteriores.</s>
    <s id="11">Con anterioridad había sido Ministro socialista de Asuntos Humanitarios y Subsecretario de Salud.</s>
  </p>
  <p id="5">
    <s id="12">Otro izquierdista, Jean-Pierre Jouyet, está a cargo de los asuntos europeos.</s>
    <s id="13">Jean-Marie Bockel, alcalde socialista de Mulhouse, es Ministro de Cooperación y Relaciones con el mundo francófono.</s>
    <s id="14">Y otros socialistas han sido nombrados en diferentes áreas del gobierno.</s>
    <s id="15">Fadela Amara, directora de una ONG que defiende los derechos de las mujeres, es secretaria de estado para gestión urbana.</s>
  </p>
  <p id="6">
    <s id="16">La segunda iniciativa importante de Sarkozy fue dar nuevos bríos al proyecto europeo.</s>
    <s id="17">Después del fracaso en 2005 del borrador de Constitución europea, estaba muy lejos de ser claro que la manera correcta de proceder fuera participar en negociaciones que producirían avances sólo parciales en la mejora de los mecanismos de toma de decisiones de la Unión Europea.</s>
    <s id="18">Después de todo, no había urgencias inmediatas y todos habrían comprendido si Sarkozy hubiera esperado otros dos o tres años antes de poner en riesgo su reputación resucitando la idea de una Constitución para Europa.</s>
  </p>
  <p id="7">
    <s id="19">Pero asumió el riesgo y tuvo éxito en convencer a otros líderes europeos de que abrazaran su llamado a un “tratado simplificado”.</s>
    <s id="20">Por supuesto, todavía no se está escrito el texto final del tratado, pero parece posible que tenga éxito.</s>
    <s id="21">Eso que no sólo mejoraría la mecánica de la UE, sino que también enviaría una señal a los euroescépticos, principalmente los británicos y los polacos.</s>
    <s id="22">Francia no ha abandonado su aspiración de una Europa "política" que sea más que meramente un mercado único.</s>
  </p>
  <p id="8">
    <s id="23">La tercera iniciativa de Sarkozy tuvo lugar cuando renunció el jefe del Fondo Monetario Internacional.</s>
    <s id="24">Normalmente ese cargo recae en un europeo.</s>
    <s id="25">Sarkozy sorprendió a todos al ofrecérselo a un socialista francés, Dominique Strauss-Kahn, un hombre con capacidades reales y que goza de un respeto general.</s>
  </p>
  <p id="9">
    <s id="26">La nominación de Strauss-Kahn también fue un golpe eficaz en términos de política interna francesa, ya que probablemente debilite la posición de los socialistas.</s>
    <s id="27">Sin embargo, más importante es el hecho de que optar por Strauss-Kahn es una verdadera toma de posición en los debates económicos globales de hoy.</s>
    <s id="28">Sarkozy está anunciando que es un "regulador" económico, no un liberal global convencido de que el equilibrio actual de las fuerzas del mercado es óptimo y que no es necesaria intervención alguna.</s>
  </p>
  <p id="10">
    <s id="29">La cuarta iniciativa también tiene relación con los asuntos exteriores: la liberación de las seis enfermeras búlgaras encarceladas en Libia bajo falsos cargos de haber infectado deliberadamente a niños con HIV/SIDA.</s>
    <s id="30">Por más de un año habían tenido lugar intensas negociaciones con Libia, impulsadas en particular por Europa, pero no habían llegado a buen término porque el gobernante Libio, el Coronel Khadafi, no confiaba en sus interlocutores.</s>
    <s id="31">Sarkozy comprendió eso.</s>
    <s id="32">Al escoger a su esposa como negociadora ayudó a desbloquear el caso.</s>
  </p>
  <p id="11">
    <s id="33">Más aún, Sarkozy está buscando intensificar la cooperación para el desarrollo en toda el área del Mediterráneo.</s>
    <s id="34">Comenzó con un viaje presidencial a Argelia y luego a Trípoli, seguidos de viajes ministeriales a Beirut.</s>
    <s id="35">Asegurar el desarrollo para esta región será un desafío largo y complejo, pero es uno que es necesario enfrentar.</s>
  </p>
  <p id="12">
    <s id="36">La preparación del gobierno a tomar la iniciativa en conversaciones internacionales sobre el cambio climático es otra señal de que Sarkozy tiene la intención de hacer que Francia vuelva a ser una fuerza global.</s>
  </p>
  <p id="13">
    <s id="37">Después de la relativa parálisis de los últimos años en el cargo del Presidente Jacques Chirac, el dinamismo ha vuelto a la política exterior francesa.</s>
    <s id="38">Se trata de algo que debemos saludar con optimismo no sólo en Francia, porque el activismo de Sarkozy promete impulsar la influencia política de Europa en todo el planeta.</s>
  </p>
</document>
