<?xml version="1.0" encoding="utf-8"?>
<document>
  <HEADLINE>
    <s id="1">El camino que Francia no tomó</s>
  </HEADLINE>
  <p id="1">
    <s id="2">El nuevo presidente de Francia, sea éste Nicolás Sarkozy o Ségolène Royal, enfrentará un duro desafío a la hora de volver a poner a la economía francesa de pie.</s>
    <s id="3">Mientras que la economía mundial está floreciendo por cuarto año consecutivo, con una tasa de crecimiento históricamente sin precedentes de alrededor del 5%, la economía francesa está rengueando.</s>
    <s id="4">En 2006, creció apenas el 2,2%, mientras que para 2007 y 2008 se esperan tasas de crecimiento de sólo el 2,1% y el 1,9% respectivamente, según un pronóstico reciente de los Institutos Alemanes de Investigación Económica.</s>
    <s id="5">Esto se ubica muy por debajo del promedio de los países de la vieja UE para estos tres años -2,7%, 2.6% y 2,4% respectivamente.</s>
  </p>
  <p id="2">
    <s id="6">Hoy en día, Francia es uno de los rezagados de Europa, apenas por delante de Italia y Portugal.</s>
    <s id="7">Incluso Alemania está teniendo un mejor desempeño.</s>
    <s id="8">Con una tasa de crecimiento del 2,7%, la economía alemana a arañazos logró recuperar el promedio de los países de la vieja UE en 2006, y es previsible que crezca el 2,4% en 2007 y 2008, mucho más rápido que Francia.</s>
  </p>
  <p id="3">
    <s id="9">El magro crecimiento de Francia es sorprendente.</s>
    <s id="10">Hasta hace poco, a la economía le estaba yendo razonablemente bien y superaba a muchos países de la UE.</s>
    <s id="11">Mientras que Alemania creció solamente el 14% en diez años entre 1995 y 2005, ubicándose como el segundo país más rezagado de Europa después de Italia, Francia creció el 23,6% -prácticamente cerca del promedio del 24,3% de los países de la vieja UE-.</s>
    <s id="12">En 2001, el ingreso nacional bruto per capita de Francia alcanzó al de Alemania y hoy es el 4% superior.</s>
    <s id="13">Sin embargo, las recientes cifras de crecimiento parecen haber revertido esta tendencia por el momento.</s>
  </p>
  <p id="4">
    <s id="14">Los datos sobre el empleo en Francia han sido preocupantes aún por más tiempo.</s>
    <s id="15">En 2006, la tasa de desempleo de Francia era del 9,4%, un 1% superior a la de Alemania.</s>
    <s id="16">Para 2008, se prevé que el índice francés caiga solamente al 8,2%, mientras que se pronostica que el desempleo alemán caerá al 6,3%.</s>
  </p>
  <p id="5">
    <s id="17">Un patrón similar es aplicable a la deuda pública.</s>
    <s id="18">Mientras que Alemania resolvió su problema de la deuda a tal grado que ya no viola el Pacto de Estabilidad y Crecimiento de la Unión Europea, y se predice que puede tener un presupuesto equilibrado en 2008, los pronósticos para Francia implican déficits del 2,6% y del 2,3% de PIB para este año y 2008.</s>
    <s id="19">Si el auge de la economía mundial flaquea, Francia nuevamente violará el Pacto de Estabilidad y Crecimiento, como lo hizo en 2002, 2003 y 2004.</s>
  </p>
  <p id="6">
    <s id="20">¿Por qué Francia y Alemania tienen un desempeño tan distinto en este auge global?</s>
    <s id="21">Entre las posibles explicaciones, se destacan las especializaciones disímiles de cada país.</s>
    <s id="22">Mientras que Francia se especializó en bienes de consumo como productos alimenticios y farmacéuticos, Alemania es un exportador líder de bienes de capital.</s>
    <s id="23">Dado que el apogeo actual de la economía mundial está propiciado principalmente por la demanda de inversión más que por la demanda de consumo, sólo Alemania lo aprovecha plenamente.</s>
  </p>
  <p id="7">
    <s id="24">Alemania es el proveedor de maquinaria del mundo, con 450 líderes mundiales en el mercado de productos de nicho y otras 500 compañías en la categoría de las tres mejores del mundo.</s>
    <s id="25">En Alemania se llevan a cabo 15 de las 20 ferias de comercio más grandes del mundo (medidas por el espacio de exhibición cubierto) y el país encabeza la lista en materia de exportaciones de bienes a nivel mundial.</s>
    <s id="26">No sorprende entonces que la economía de Alemania levante vuelo cuado se dispara la demanda mundial de bienes de capital.</s>
  </p>
  <p id="8">
    <s id="27">Es verdad, Alemania tiene su cuota de problemas.</s>
    <s id="28">El país gradualmente se está convirtiendo en un bazar industrial que está reubicando su banco de trabajo en los ex países comunistas donde priman los bajos salarios.</s>
    <s id="29">Esta es una de las razones que explican que el auge de 2006 no haya podido crear empleos adicionales en la industria alemana, que Alemania siga teniendo el mayor desempleo de la OCDE entre los trabajadores poco calificados y que el empleo de tiempo completo en conjunto aún no haya recuperado su nivel de 2000.</s>
  </p>
  <p id="9">
    <s id="30">La economía francesa podría ser sensiblemente más estable en el mediano plazo ya que parece tener sectores internos más sólidos.</s>
    <s id="31">Pero Alemania, definitivamente, está participando más que Francia del auge actual.</s>
  </p>
  <p id="10">
    <s id="32">Quizás un error francés fue el de descuidar a sus pequeñas y medianas empresas y especializarse demasiado en las megacompañías controladas por el Estado.</s>
    <s id="33">Airbus, Renault, Crédit Lyonnais y Alstom son ejemplos bien conocidos de una política industrial errónea que despilfarró el dinero de los contribuyentes franceses –y que, en parte, está asociada con el nombre Sarkozy.</s>
  </p>
  <p id="11">
    <s id="34">El verdadero problema de Francia es el gigantesco manojo de empresas estatales que se comportan de manera mecánica sin ser particularmente exitosas en el mercado.</s>
    <s id="35">En Francia, el 25% de los empleados con relación de dependencia trabajan en el sector del gobierno, comparado con el 19% en la vieja UE y el 12% en Alemania.</s>
    <s id="36">La participación del gobierno francés en el PIB es del 54%, mientras que la de Alemania es de apenas el 47%.</s>
  </p>
  <p id="12">
    <s id="37">En Francia, más del 7% de los votantes lo hicieron por candidatos trotskistas y comunistas en la primera ronda de las elecciones presidenciales, mientras que los socialistas, que recibieron el 27% de los votos, son mucho más de izquierda que los social-demócratas de Alemania.</s>
    <s id="38">Las actitudes dirigistas son más populares en Francia que en la mayoría de los otros países europeos.</s>
    <s id="39">En la medida que estas actitudes pueden haber derivado en un sistema político en el que a las pequeñas y medianas empresas les cuesta florecer, tal vez haya contribuido a los problemas de Francia.</s>
  </p>
  <p id="13">
    <s id="40">Resta por verse si el nuevo presidente francés será capaz de embarcarse en un curso más prometedor.</s>
    <s id="41">Las probabilidades no son buenas.</s>
    <s id="42">Royal no hará nada para aumentar la flexibilidad del mercado laboral francés como para facilitar el cambio estructural y permitir la creación de nuevas firmas, mientras que Sarkozy probablemente siga apoyando a los gigantes pesados de Francia, como lo hizo con tanta frecuencia en el pasado.</s>
    <s id="43">Una política sólida destinada a reanimar a la economía parece más allá del alcance de ambos candidatos.</s>
  </p>
</document>
