<?xml version="1.0" encoding="utf-8"?>
<document>
  <HEADLINE>
    <s id="1">Fetichismo del PBI</s>
  </HEADLINE>
  <p id="1">
    <s id="2">NUEVA YORK – Esforzarse por reavivar la economía mundial al mismo tiempo que se responde a la crisis climática global ha planteado un interrogante complejo: ¿las estadísticas nos están dando las "señales" correctas sobre qué hacer?</s>
    <s id="3">En nuestro mundo orientado hacia el desempeño, las cuestiones de medición han cobrado mayor relevancia: lo que medimos afecta lo que hacemos.</s>
  </p>
  <p id="2">
    <s id="4">Si tomamos malas decisiones, lo que intentamos hacer (digamos, aumentar el PBI) en realidad puede contribuir a empeorar los niveles de vida.</s>
    <s id="5">También podemos enfrentarnos a falsas opciones y ver compensaciones entre producción y protección ambiental que no existen.</s>
    <s id="6">Por el contrario, una mejor medición del desempeño económico podría demostrar que las medidas tomadas para mejorar el medio ambiente son buenas para la economía.</s>
  </p>
  <p id="3">
    <s id="7">Hace dieciocho meses, el presidente francés, Nicolas Sarkozy, creó una Comisión Internacional para la Medición del Desempeño Económico y el Progreso Social, debido a su insatisfacción -y la de muchos otros- con el estado actual de la información estadística sobre la economía y la sociedad.</s>
    <s id="8">El 14 de septiembre, la Comisión dará a conocer su tan esperado informe.</s>
  </p>
  <p id="4">
    <s id="9">El gran interrogante implica saber si el PBI ofrece una buena medición de los niveles de vida.</s>
    <s id="10">En muchos casos, las estadísticas sobre el PBI parecen sugerir que a la economía le está yendo mucho mejor que las propias percepciones de la mayoría de los ciudadanos.</s>
    <s id="11">Es más, el foco en el PBI crea conflictos: a los líderes políticos se les dice que lo maximicen, pero los ciudadanos también exigen que se preste atención a mejorar la seguridad, a reducir la contaminación del aire, del agua y el ruido, y demás -lo cual podría reducir el crecimiento del PBI.</s>
  </p>
  <p id="5">
    <s id="12">El hecho de que el PBI pueda ser una medición deficiente del bienestar, o incluso de la actividad del mercado, obviamente es algo que se reconoce desde hace tiempo.</s>
    <s id="13">Pero los cambios en la sociedad y la economía pueden haber agudizado los problemas, al mismo tiempo que los avances en la economía y las técnicas estadísticas pueden haber ofrecido oportunidades para mejorar nuestras mediciones.</s>
  </p>
  <p id="6">
    <s id="14">Por ejemplo, si bien se supone que el PBI mide el valor de la producción de bienes y servicios, en un sector clave -el gobierno- normalmente no tenemos manera de hacerlo, de modo que solemos medir la producción simplemente por las inversiones.</s>
    <s id="15">Si el gobierno gasta más -aún de manera ineficiente- la producción aumenta.</s>
    <s id="16">En los últimos 60 años, el porcentaje de la producción del gobierno en el PBI aumentó del 21,4% al 38,6% en Estados Unidos, del 27,6% al 52,7% en Francia, del 34,2% al 47,6% en el Reino Unido y del 30,4% al 44% en Alemania.</s>
    <s id="17">De manera que lo que era un problema relativamente menor se ha convertido en un problema importante.</s>
  </p>
  <p id="7">
    <s id="18">De la misma manera, las mejoras de calidad -digamos, mejores autos en lugar de más autos- representan gran parte del aumento del PBI hoy en día.</s>
    <s id="19">Pero evaluar las mejoras de calidad resulta difícil.</s>
    <s id="20">La atención médica ejemplifica este problema: gran parte de la medicina se ofrece públicamente, y muchos de los avances son en calidad.</s>
  </p>
  <p id="8">
    <s id="21">Los mismos problemas de hacer comparaciones en el tiempo se aplican a las comparaciones entre países.</s>
    <s id="22">Estados Unidos gasta más en atención sanitaria que cualquier otro país (tanto per capita como en porcentaje de los ingresos), pero obtiene peores resultados.</s>
    <s id="23">Parte de la diferencia entre el PBI per capita en Estados Unidos y algunos países europeos puede ser, en consecuencia, el resultado de la manera en que medimos las cosas.</s>
  </p>
  <p id="9">
    <s id="24">Otro cambio pronunciado en la mayoría de las sociedades es un incremento en la desigualdad.</s>
    <s id="25">Esto significa que existe una creciente disparidad entre el ingreso promedio (medio) y el ingreso mediano (el de la persona "típica", cuyo ingreso se ubica en el medio de la distribución de todos los ingresos).</s>
    <s id="26">Si unos pocos banqueros se vuelven mucho más ricos, el ingreso promedio puede subir, a pesar de que los ingresos de la mayoría de la gente estén decayendo.</s>
    <s id="27">De manera que las estadísticas sobre el PBI per capita tal vez no reflejen lo que les está sucediendo a la mayoría de los ciudadanos.</s>
  </p>
  <p id="10">
    <s id="28">Utilizamos precios de mercado para valuar los bienes y servicios.</s>
    <s id="29">Pero ahora, incluso aquellos que tienen mucha fe en los mercados cuestionan la dependencia de los precios de mercado, ya que están en contra de las valuaciones por ajuste al mercado.</s>
    <s id="30">Las ganancias previas a la crisis de los bancos -una tercera parte de todas las ganancias corporativas- parecen haber sido un espejismo.</s>
  </p>
  <p id="11">
    <s id="31">Entender esto arroja una nueva luz no sólo sobre nuestras mediciones del desempeño, sino también sobre las inferencias que hacemos.</s>
    <s id="32">Antes de la crisis, cuando el crecimiento de Estados Unidos (utilizando mediciones estándar del PBI) parecía mucho más sólido que el de Europa, muchos europeos sostenían que Europa debía adoptar el capitalismo al estilo estadounidense.</s>
    <s id="33">Por supuesto, todo aquel que hubiera querido podría haber visto un creciente endeudamiento de los hogares norteamericanos, lo que habría permitido corregir la falsa impresión de éxito ofrecida por la estadística del PBI.</s>
  </p>
  <p id="12">
    <s id="34">Los recientes avances metodológicos nos han permitido evaluar mejor qué contribuye a la sensación de bienestar de los ciudadanos y reunir los datos necesarios para hacer ese tipo de evaluaciones de manera regular.</s>
    <s id="35">Estos estudios, por caso, verifican y cuantifican lo que debería ser obvio: la pérdida de un empleo tiene un mayor impacto de lo que representa la pérdida del ingreso.</s>
    <s id="36">También demuestran la importancia de la conectividad social.</s>
  </p>
  <p id="13">
    <s id="37">Toda buena medición de lo bien que nos está yendo también debe tener en cuenta la sustentabilidad.</s>
    <s id="38">De la misma manera que una empresa necesita medir la depreciación de su capital, también nuestras cuentas nacionales deben reflejar la sobreexplotación de los recursos naturales y la degradación de nuestro medio ambiente.</s>
  </p>
  <p id="14">
    <s id="39">Los marcos estadísticos están destinados a resumir lo que está sucediendo en nuestra sociedad compleja en unos pocos números fácilmente interpretables.</s>
    <s id="40">Debería haber sido obvio que no se podía reducir todo a un único número, el PBI.</s>
    <s id="41">El informe de la Comisión para la Medición del Desempeño Económico y el Progreso Social, es de esperarse, conducirá a un mejor entendimiento de los usos, y abusos, de esa estadística.</s>
  </p>
  <p id="15">
    <s id="42">El informe también debería servir de guía para crear un conjunto más amplio de indicadores que capturen de manera más precisa tanto el bienestar como la sustentabilidad, a la vez que debería dar impulso para mejorar la capacidad del PBI y las estadísticas relacionadas a la hora de evaluar el desempeño de la economía y la sociedad.</s>
    <s id="43">Estas reformas nos ayudarán a dirigir nuestros esfuerzos (y recursos) de maneras que conduzcan al mejoramiento de ambos.</s>
  </p>
</document>
