<?xml version="1.0" encoding="utf-8"?>
<document>
  <HEADLINE>
    <s id="1">Alemania saldrá perdiendo si a Macron le va mal</s>
  </HEADLINE>
  <p id="1">
    <s id="2">FRÁNCFORT – Cuando Emmanuel Macron ganó la elección presidencial francesa, muchos alemanes respiraron con profundo alivio.</s>
    <s id="3">Un centrista pro-europeo había derrotado de manera contundente a una populista de extrema derecha, Marine Le Pen, del Frente Nacional.</s>
    <s id="4">Pero si realmente se quiere contener la amenaza nacionalista en Europa, Alemania tendrá que trabajar junto con Macron para enfrentar los desafíos económicos que han llevado a tantos votantes a rechazar a la Unión Europea.</s>
  </p>
  <p id="2">
    <s id="5">No será tarea fácil.</s>
    <s id="6">En verdad, a escasos días de la elección, secciones centrales de la plataforma económica de Macron ya eran objeto de ataque en Alemania.</s>
    <s id="7">Por empezar, las reformas que propone para la gobernancia de la eurozona fueron recibidas con una crítica importante.</s>
  </p>
  <p id="3">
    <s id="8">El manifiesto de campaña de Macron abrazaba la idea de un mayor federalismo en la eurozona, caracterizado por un presupuesto compartido para bienes públicos de la eurozona, administrado por un ministro de Economía y Finanzas de la eurozona y responsable ante un parlamento de la eurozona.</s>
    <s id="9">También instaba a una mayor coordinación de regímenes tributarios y controles fronterizos, una mayor protección de la integridad del mercado interno y, en vista de la creciente amenaza del proteccionismo en Estados Unidos, una política de compra de productos con la etiqueta "hecho en Europa".</s>
  </p>
  <p id="4">
    <s id="10">Un intento de reabrir el debate sobre los eurobonos, o la mutualización parcial de los pasivos del sector público de la eurozona, fue recibido como una sugerencia inalcanzable, básicamente como una mera distracción.</s>
    <s id="11">Y, curiosamente, no aparece en ninguna parte en la plataforma de Macron.</s>
    <s id="12">Mucho más perturbador para los analistas y responsables de las políticas en Alemania es el deseo de Macron de que Alemania haga uso de su capacidad fiscal para impulsar la demanda doméstica, reduciendo así su enorme excedente de cuenta corriente.</s>
  </p>
  <p id="5">
    <s id="13">Estas no son ideas nuevas: la Comisión Europea, el Fondo Monetario Internacional, los antecesores de Macron y economistas en toda Europa las han propuesto muchas veces.</s>
    <s id="14">Y, como era previsible, el gobierno de Alemania las ha rechazado rotundamente, basándose en un razonamiento que, como sus contraargumentos, está bien ensayado.</s>
  </p>
  <p id="6">
    <s id="15">En su gran mayoría, los economistas y funcionarios alemanes creen que la política económica debería centrarse casi exclusivamente en el lado de la oferta, diagnosticando y resolviendo problemas estructurales.</s>
    <s id="16">Y las autoridades alemanas además suelen sugerir que el desempeño de su economía ya está cerca de sus límites determinados por la oferta.</s>
  </p>
  <p id="7">
    <s id="17">En verdad, lejos de ver su excedente de cuenta corriente como un problema de políticas, el gobierno alemán lo considera un reflejo de la competitividad subyacente de las empresas alemanas.</s>
    <s id="18">Es el resultado benigno de sindicatos responsables, que permiten una flexibilidad salarial apropiada a nivel de las empresas.</s>
  </p>
  <p id="8">
    <s id="19">La acumulación de activos extranjeros es un corolario lógico de estos excedentes, para no hablar de un imperativo para una sociedad que envejece.</s>
    <s id="20">En verdad, los responsables de las políticas alemanes consideran esencial una reducción del ratio deuda-PIB de Alemania hasta el techo del 60% fijado por las normas europeas.</s>
    <s id="21">¿Cuándo, si no es en los buenos tiempos, uno tiene la posibilidad de ahorrar?</s>
  </p>
  <p id="9">
    <s id="22">Esta postura no se alinea particularmente bien con el programa económico de Macron.</s>
    <s id="23">Si bien el programa de Macron incluye propuestas importantes para ocuparse de cuestiones del lado de la oferta en la economía francesa, también favorece la estabilización de la producción y, más importante, un mayor gasto en áreas como infraestructura pública, digitalización y energía limpia para impulsar un potencial crecimiento.</s>
  </p>
  <p id="10">
    <s id="24">A pesar de su victoria decisiva, Macron enfrenta una batalla cuesta arriba para implementar su agenda económica.</s>
    <s id="25">Aun si la Asamblea Nacional, que será elegida en junio, respalda su programa de reforma, la resistencia en la calle no será menos feroz de lo que ha sido en los últimos años.</s>
  </p>
  <p id="11">
    <s id="26">Alemania, sin embargo, tiene buenos motivos para respaldar las reformas del lado de la oferta y la demanda de Macron.</s>
    <s id="27">Después de todo, Francia y Alemania son profundamente interdependientes, lo que significa que Alemania tiene interés en el destino de Macron.</s>
  </p>
  <p id="12">
    <s id="28">Si bien es cierto que el gobierno alemán no puede (afortunadamente) ajustar los salarios, podría, por puro egoísmo, ocuparse de su futuro invirtiendo más en su capital humano y social -incluido escuelas, desde jardines de infantes hasta universidades, e infraestructura, como caminos, puentes y banda ancha-.</s>
    <s id="29">Esta estrategia reduciría el costo de capital del usuario privado, haciendo así que la inversión privada resulte más atractiva.</s>
    <s id="30">También crearía activos domésticos reales, reduciendo la exposición de Alemania al riesgo crediticio extranjero.</s>
    <s id="31">Un excedente de cuenta corriente más bajo implica una postura de pasivo financiero neto más sustentable para los socios de Alemania.</s>
  </p>
  <p id="13">
    <s id="32">Si Alemania y Macron no encuentran un terreno común, los costos para ambos serán enormes.</s>
    <s id="33">Ningún actor externo malicioso está imponiendo el populismo en Europa; surgió de manera orgánica, alimentado por reclamos reales y generalizados.</s>
    <s id="34">Si bien estos reclamos no son exclusivamente económicos, la geografía del populismo sí concuerda con el malestar económico de la Unión Europea: demasiados europeos han perdido mucho durante demasiado tiempo.</s>
    <s id="35">De modo que, si Macron no cumple con sus promesas, una persona euroescéptica como Le Pen bien podría ganar la próxima elección de Francia.</s>
  </p>
  <p id="14">
    <s id="36">Para evitar este desenlace, Macron debe ser más firme que sus antecesores a la hora de implementar políticas difíciles pero, en definitiva, ventajosas.</s>
    <s id="37">Podría tomar una página del manual del ex canciller alemán Gerhard Schröder.</s>
    <s id="38">En 2003, Schröder priorizó las reformas por sobre la obediencia rigurosa del Pacto de Estabilidad y Crecimiento de la UE.</s>
    <s id="39">Hacía falta una mayor flexibilidad fiscal para suavizar el ajuste de la economía a las reformas audaces del mercado laboral que estaba introduciendo.</s>
    <s id="40">La decisión de priorizar las reformas por sobre un cumplimiento obstinado de las normas resultó ser acertada.</s>
  </p>
  <p id="15">
    <s id="41">Ahora es el momento schröderiano de Macron.</s>
    <s id="42">El también parece haber optado por un pragmatismo razonado por sobre la implementación ciega de reglas rígidas (que no pueden tener sentido bajo ninguna circunstancia).</s>
    <s id="43">Afortunadamente, los principios en materia de políticas no están escritos en piedra, ni siquiera en Alemania.</s>
    <s id="44">Recordemos que el gobierno alemán insistentemente rechazó la unión bancaria de la eurozona y el Mecanismo Europeo de Estabilidad que finalmente fueron lanzados (aunque algunos dicen que fue demasiado poco, demasiado tarde).</s>
  </p>
  <p id="16">
    <s id="45">Europa está experimentando un cambio sísmico.</s>
    <s id="46">Su sistema político está siendo minado desde adentro (y se está volviendo vulnerable a la presión rusa desde afuera).</s>
    <s id="47">El miedo al "otro" y las percepciones del comercio como un juego de suma cero se están afianzando.</s>
    <s id="48">Estas circunstancias exigen una acción audaz y comprometida, no sólo por parte de Francia, sino también de Alemania que, en definitiva, es la que lleva las de perder.</s>
  </p>
</document>
