<?xml version="1.0" encoding="utf-8"?>
<document>
  <HEADLINE>
    <s id="1">La diplomacia de los arrestos</s>
  </HEADLINE>
  <p id="1">
    <s id="2">CAMBERRA – El 19 de noviembre, Carlos Ghosn, presidente del consejo y ex director general de Nissan, fue arrestado en el Aeropuerto Haneda de Tokio por sospechas de no informar todos sus ingresos y desviar fondos corporativos para fines personales; sigue en custodia.</s>
    <s id="3">Menos de dos semanas más tarde, Meng Wanzhou, directora financiera de Huawei e hija de su fundador, fue detenida mientras estaba en tránsito en el aeropuerto de Vancouver, acusada por Estados Unidos de que Huawei había violado las sanciones estadounidenses contra Irán; liberada con fianza, espera ahora la audiencia de extradición.</s>
  </p>
  <p id="2">
    <s id="4">Son dos casos que no tienen relación técnica entre sí.</s>
    <s id="5">Pero ambos subrayan una verdad importante: en un mundo globalizado, los procesos legales nacionales pueden tener importantes repercusiones internacionales.</s>
  </p>
  <p id="3">
    <s id="6">El arresto de Ghosn puso a juicio el sistema judicial japonés en el tribunal de la opinión pública mundial.</s>
    <s id="7">De hecho, Japón carece de muchos de los elementos del debido proceso presentes en la jurisprudencia angloamericana, como el derecho a que haya presente un abogado durante los interrogatorios.</s>
    <s id="8">Makoto Endo, un destacado abogado defensor penal japonés, lo expresó acertadamente: el sistema judicial penal de Japón funciona con el supuesto de que “el acusado es culpable hasta que se demuestre su culpabilidad”.</s>
  </p>
  <p id="4">
    <s id="9">Pero puede ser incluso peor que eso: su tasa de condenas de un 99% (entre los imputados) implica que los fiscales y las cortes japonesas podrían estar coludidos, más que colaborando para hacer justicia.</s>
    <s id="10">Por ejemplo, rara vez se rechazan las peticiones de los fiscales para ampliar la custodia (hasta a 23 días), y no se suelen otorgar fianzas.</s>
    <s id="11">Muchos sospechosos liberados bajo fianza se vuelven a arrestar una y otra vez con nuevas acusaciones hasta que se logra una confesión.</s>
  </p>
  <p id="5">
    <s id="12">Los problemas del sistema judicial japonés han estado en la vitrina mundial desde el arresto de Ghosn.</s>
    <s id="13">El 8 de enero, utilizando una cláusula constitucional raramente invocada, hizo su primera aparición ante el tribunal, en la que rechazó todas las acusaciones como “sin mérito ni fundamento”.</s>
    <s id="14">Ante eso, su impugnación de diez minutos pareció más plausible que el caso de la fiscalía contra él.</s>
    <s id="15">Sin embargo, sigue encarcelado.</s>
  </p>
  <p id="6">
    <s id="16">El modo como apareció en el juicio (esposado, con una cuerda alrededor de la cintura y con sandalias de plástico) agravó lo que ya se estaba tornando un desastre de relaciones públicas para Japón.</s>
    <s id="17">Y, sin embargo, el 10 de enero los fiscales presentaron dos cargos adicionales contra él.</s>
    <s id="18">Podría estar en la cárcel seis meses hasta que comience el juicio.</s>
    <s id="19">El lado positivo es que el caso de Ghosn podría generar una muy necesaria reforma al sistema legal japonés para equilibrar mejor los intereses de los acusadores y los de los acusados.</s>
    <s id="20">Pero eso solo puede ocurrir si resulta absuelto.</s>
  </p>
  <p id="7">
    <s id="21">En lo referido al arresto de Meng, las implicancias internacionales son más palpables: Canadá se ha vuelto un campo de batalla en la guerra comercial-tecnológica entre Estados Unidos y China.</s>
    <s id="22">De hecho, el mismo Presidente estadounidense Donald Trump politizó el caso al declarar que podría intervenir si eso ayudara a reparar las relaciones de su país con China.</s>
    <s id="23">En otras palabras, hizo de Meng una pieza de negociación en el creciente conflicto bilateral.</s>
  </p>
  <p id="8">
    <s id="24">Como observa Jeffrey D. Sachs, el arresto de altos directivos por irregularidades corporativas (a diferencia de delitos de tipo personal, como la malversación) no es muy común en Estados Unidos.</s>
    <s id="25">Huawei es la mayor compañía tecnológica internacional de China, y ha surgido como líder mundial en tecnología de 5G.</s>
    <s id="26">Tras darse cuenta de que está perdiendo su ventaja competitiva, Estados Unidos se está apresurando a recuperarla, usando su poder y prestigio financiero mundial.</s>
  </p>
  <p id="9">
    <s id="27">Así, mientras el caso de Ghosn puso al descubierto lo que Brad Adams, director para Asia de Human Rights Watch, ha llamado el “largamente ignorado sistema judicial de rehenes” de Japón, el arresto de Meng ha sido condenado por algunos como equivalente a un “secuestro” y una “toma de rehenes políticos”.</s>
    <s id="28">No es de sorprender.</s>
    <s id="29">Imaginad que China impusiera sanciones unilaterales a empresas que hicieran negocios con Taiwán y, a continuación, llamara al arresto de sus directivos en terceros países como Japón y Corea del Sur.</s>
  </p>
  <p id="10">
    <s id="30">El caso de Meng plantea tres preguntas clave.</s>
    <s id="31">¿Deberían los pasillos de tránsito internacional en los aeropuertos funcionar como trampas legales para los viajeros?</s>
    <s id="32">¿Por qué Canadá ha dado una preeminencia legal a Estados Unidos por sobre las leyes canadienses, chinas e internacionales?</s>
    <s id="33">¿Por qué tendría China que tolerar el arresto unilateral en Canadá de uno de sus ciudadanos más importantes que no había violado ninguna ley canadiense, china o internacional?</s>
  </p>
  <p id="11">
    <s id="34">Ciertamente, China no se ha tomado a la ligera el arresto de Meng.</s>
    <s id="35">Al igual que Estados Unidos, no tiene ninguna aversión a hacer uso de su influencia diplomática, su poderío militar y su músculo financiero para proteger sus intereses.</s>
    <s id="36">Las autoridades chinas ya han arrestado a dos canadienses como represalia y este mes se resentenció al canadiense Robert Lloyd Schellenberg a muerte por un delito de tráfico de drogas, después de haber recibido inicialmente una condena de 15 años de prisión.</s>
  </p>
  <p id="12">
    <s id="37">Haciéndose eco de la postura del Primer Ministro Justin Trudeau sobre el arresto de Meng, la vocera del ministerio de exteriores de China Hua Chunying (que había criticado el caso de Meng como “un abuso de los procedimientos judiciales”) rechazó el llamado de Canadá a tener clemencia con Schellenberg.</s>
    <s id="38">Hua dijo que, por respeto al estado de derecho, el gobierno de China no interferiría en las diligencias judiciales.</s>
  </p>
  <p id="13">
    <s id="39">La represalia de China contra los canadienses es tan injustificada como predecible.</s>
    <s id="40">Después de todo, le es menos costoso y menos riesgoso apuntar a Canadá que a Estados Unidos.</s>
    <s id="41">Sin embargo, esto no significa que China no esté dispuesta a desafiar a EE.UU., especialmente si esta potencia continúa impulsando su naciente estrategia de contención.</s>
  </p>
  <p id="14">
    <s id="42">China no está sola.</s>
    <s id="43">Los países no occidentales no han apoyado a Canadá sobre el asunto Meng, lo que subraya un choque de culturas políticas más general.</s>
    <s id="44">De hecho, un creciente número de países no democráticos, China entre ellos, han estado probando últimamente los estándares de comportamiento estatal creados, impuestos y arbitrados por Occidente.</s>
  </p>
  <p id="15">
    <s id="45">Los gobiernos canadiense y japonés no han podido manejar con eficacia las ramificaciones reputacionales, económicas y geopolíticas de los casos Meng y Ghosn.</s>
    <s id="46">Es improbable que sean los últimos de su tipo, dada la interconectividad del mundo actual.</s>
    <s id="47">Para asegurar que no crezcan hasta convertirse en incidentes internacionales potencialmente desestabilizantes, será vital desarrollar una diplomacia creativa que se centre en encontrar un equilibrio adecuado entre valores legales e intereses geopolíticos.</s>
  </p>
  <SOURCE LANG="inglés" TRANSLATOR="David Meléndez Tormen" />
</document>
