<?xml version="1.0" encoding="utf-8"?>
<document>
  <HEADLINE>
    <s id="1">Mundialización y antiamericanismo</s>
  </HEADLINE>
  <p id="1">
    <s id="2">Los sentimientos antiamericanos están aumentando en todo el mundo.</s>
    <s id="3">Los demócratas americanos dicen que las políticas del Presidente Bush han dilapidado el atractivo de los Estados Unidos.</s>
    <s id="4">Los republicanos replican que los Estados Unidos están condenados a inspirar resentimiento por su tamaño y su asociación con la mundialización.</s>
    <s id="5">Según dicen, el antiamericanismo persistirá, porque algunos ven a los Estados Unidos como una amenaza cultural.</s>
    <s id="6">Creo que esas opiniones carecen de perspectiva histórica.</s>
  </p>
  <p id="2">
    <s id="7">Al contrario de la opinión establecida, la mundialización no está homogenizando ni americanizando las culturas del mundo.</s>
    <s id="8">Aunque los Estados Unidos están en la vanguardia de la actual revolución de la información, que está creando muchas semejanzas en los hábitos culturales y sociales (como, por ejemplo, los de ver la televisión o utilizar la red Internet) que se atribuye a la americanización, correlación no es lo mismo que causalidad.</s>
  </p>
  <p id="3">
    <s id="9">Para ver por qué, imaginemos un país que hubiera introducido las computadoras y las comunicaciones a un ritmo rápido en un mundo en el que no existieran los Estados Unidos.</s>
    <s id="10">Igualmente habrían sido de esperar cambios culturales y sociales importantes de semejante modernización.</s>
    <s id="11">Naturalmente, como los Estados Unidos existen y están en la vanguardia de la revolución de la información, hay un grado de americanización, pero es probable que disminuya a lo largo del siglo XXI, a medida que se propague la tecnología y las culturas locales se modernicen a su respectivo modo.</s>
  </p>
  <p id="4">
    <s id="12">Podemos ver la prueba histórica de que la mundialización no significa necesariamente homogenización en el caso del Japón, país que se asiló deliberadamente de anteriores olas de mundialización.</s>
    <s id="13">A mediados del siglo XIX, el Japón fue el primer país asiático que abrazó la mundialización y aceptó con éxito influencias del mundo sin perder su excepcionalidad.</s>
  </p>
  <p id="5">
    <s id="14">Durante la Restauración Meiji, el Japón buscó con amplitud de miras instrumentos e innovaciones que le permitieran llegar a ser una potencia importante y no una víctima del imperialismo occidental.</s>
    <s id="15">Envió a jóvenes a estudiar en Occidente.</s>
    <s id="16">Sus delegaciones recurrieron el mundo en busca de ideas en materia de ciencia, tecnología e industria.</s>
  </p>
  <p id="6">
    <s id="17">En la esfera política, los reformadores Meiji estaban perfectamente versados en las ideas e instituciones angloamericanas, pero recurrieron deliberadamente a modelos alemanes, porque los consideraron más idóneos para un país con un emperador.</s>
    <s id="18">La lección que el Japón enseña al resto del mundo es no sólo que un país asiático puede competir, sino también que, después de un siglo y medio de mundialización, es posible adaptarse sin por ello dejar de preservar una cultura excepcional.</s>
  </p>
  <p id="7">
    <s id="19">Y lo que es más esencial: la idea de unos Estados Unidos homogenizadores refleja una visión erróneamente estática de la cultura.</s>
    <s id="20">Los intentos de representar las culturas locales como inmutables reflejan con frecuencia estrategias políticas reaccionarias más que descripciones de la realidad.</s>
    <s id="21">Como ha dicho el escritor peruano Mario Vargas Llosa, quienes defienden la identidad cultural y atacan la mundialización, revelan una actitud de estancamiento en relación con la cultura que la realidad histórica no abona.</s>
    <s id="22">¿Conocemos culturas que hayan permanecido inmutables en el tiempo?</s>
    <s id="23">Para encontrarlas, tenemos que viajar hasta pequeñas comunidades primitivas y mágico-religiosas... compuestas de personas que, por su condición primitiva, resultan cada vez más vulnerables a la explotación y la exterminación.</s>
  </p>
  <p id="8">
    <s id="24">Las culturas cargadas de vitalidad están cambiando constantemente y aceptando influencias de otras culturas... y no siempre de los Estados Unidos.</s>
    <s id="25">Por ejemplo, después del fin de la guerra fría: muchos más países recurrieron al modelo del Canadá y no al de los Estados Unidos como ejemplo para elaborar sus constituciones.</s>
  </p>
  <p id="9">
    <s id="26">"Mundialización" es también una palabra de doble sentido.</s>
    <s id="27">En algunos sectores, no sólo hay una reacción negativa contra las importaciones culturales procedentes de los Estados Unidos, sino también un intento de cambiar la propia cultura americana.</s>
    <s id="28">La pena capital puede contar ahora con el apoyo de una mayoría de americanos, pero en toda Europa -y, de hecho en todo el mundo- está considerada una violación atroz de los derechos humanos.</s>
  </p>
  <p id="10">
    <s id="29">Las actitudes medioambientales americanas relativas al cambio climático o la modificación genética de los alimentos inspiran críticas similares.</s>
    <s id="30">De forma más sutil, la apertura de los Estados Unidos a la inmigración enriquece y al tiempo cambia la cultura americana.</s>
  </p>
  <p id="11">
    <s id="31">Por último, la mundialización y la revolución de la información pueden reforzar más que reducir la diversidad cultural.</s>
    <s id="32">Algunos comentaristas franceses expresan su temor de que en un mundo de comercialiación mundial por la red Internet, dejará de haber lugar para una cultura que aprecia centenares de clases diferentes de quesos.</s>
    <s id="33">Pero es al contrario: la red Internet permite a los clientes dispersos reunirse de un modo que fomenta los mercados para sectores minoritarios, incluidos centenares de sitios en dicha red dedicados al queso exclusivamente.</s>
  </p>
  <p id="12">
    <s id="34">La red Internet permite también a las personas establecer un conjunto más diverso de comunidades políticas.</s>
    <s id="35">El uso de la lengua galesa en Gran Bretaña y del gaélico en Irlanda es mayor en la actualidad que hace cincuenta años.</s>
    <s id="36">Gran Bretaña, Bélgica y España, entre otros países de Europa, han transferido más poder a las regiones y autonomías.</s>
    <s id="37">La era de la información mundial puede fortalecer en lugar de debilitar las culturas locales.</s>
  </p>
  <p id="13">
    <s id="38">La mundialización económica y social produce semejanzas superficiales en los logotipos de las camisetas y en las marcas de refrescos, pero seguirá existiendo una diversidad cultural subyacente.</s>
    <s id="39">La cultura americana sobresale en la actualidad y contribuye al atractivo de los Estados Unidos -su "poder blando"- en muchas esferas, pero no en todas.</s>
    <s id="40">Al mismo tiempo, los inmigrantes, las ideas y los acontecimientos que se producen fuera de las fronteras de este país están cambiando la cultura americana dentro de sus fronteras.</s>
  </p>
  <p id="14">
    <s id="41">A medida que la mundialización difunde capacidades técnicas y la tecnología de la información permite una mayor participación en las comunicaciones mundiales, la preponderancia económica y cultural americana puede disminuir.</s>
    <s id="42">Un poco menos de predominio puede significar un poco menos de ansiedad sobre la americanización, menos quejas sobre la arrogancia americana y menos intensidad en la reacción antiamericana.</s>
    <s id="43">Los Estados Unidos pueden tener menos control en el futuro, pero pueden verse viviendo en un mundo algo más acorde con sus valores básicos de democracia, libertad de mercados, libertades individuales y derechos humanos.</s>
  </p>
</document>
