<?xml version="1.0" encoding="utf-8"?>
<document>
  <HEADLINE>
    <s id="1">Grecia para adultos</s>
  </HEADLINE>
  <p id="1">
    <s id="2">LONDRES – Grecia y sus socios europeos pueden haber acordado una nueva cláusula de rescate, pero de qué manera terminará realmente la tragedia económica griega sigue siendo un misterio.</s>
    <s id="3">Con todo, algo es seguro: los gobiernos de la eurozona terminarán pasando a pérdida un gran porcentaje de sus préstamos a Grecia.</s>
    <s id="4">Su reticencia a reconocer esa realidad ha aumentado las pérdidas que sufrirán.</s>
  </p>
  <p id="2">
    <s id="5">Sin duda, el gobierno griego, por momentos, ha sido provocador y poco realista.</s>
    <s id="6">No aceptó, por ejemplo, la necesidad de una reforma seria del sistema de pensiones.</s>
    <s id="7">Pero la renuencia por parte de las autoridades de la eurozona a aceptar la necesidad de un alivio de la deuda ha estado igualmente divorciada de la realidad.</s>
    <s id="8">Hace tres semanas, la directora general del Fondo Monetario Internacional, Christine Lagarde, llamó a que se reanudaran las conversaciones "con adultos en la sala".</s>
    <s id="9">Eso significa enfrentar los hechos.</s>
  </p>
  <p id="3">
    <s id="10">En este sentido, el último Análisis de Sostenibilidad de Deuda del FMI, publicado el 26 de junio, es un documento adulto.</s>
    <s id="11">Deja en claro que las deudas de Grecia no serán sostenibles sin mayores préstamos concesionales y una extensión de los vencimientos de la deuda existente.</s>
    <s id="12">Quizá, sugiere, también sea necesario pasar a pérdida unos 50.000 millones de euros (US$55.000 millones).</s>
    <s id="13">Pero inclusive estos cálculos están basados en presunciones poco realistas.</s>
  </p>
  <p id="4">
    <s id="14">Los acuerdos de rescate anteriores suponían que Grecia experimentaría un excedente presupuestario primario (antes de pagos de intereses) de 4,5% del PIB casi de manera permanente.</s>
    <s id="15">El FMI revisó esa precisión hacia abajo, a 3,5%.</s>
    <s id="16">Pero esto aún sigue ignorando la realidad de que los griegos pueden no pagar sus deudas -no solo metafóricamente, incumpliendo en el pago, sino también literalmente, migrando a Alemania, por ejemplo.</s>
  </p>
  <p id="5">
    <s id="17">Mientras Grecia siga siendo miembro de la Unión Europea, sus contribuyentes marcharse, como lo hicieron los de Detroit en las décadas previas a su quiebra.</s>
    <s id="18">Si permanecer en Grecia significa vivir en un país donde los impuestos son siempre un 10% más altos que los gastos públicos, muchos -especialmente los jóvenes y talentosos- se irán.</s>
  </p>
  <p id="6">
    <s id="19">Durante cinco años fue evidente que las deudas de Grecia eran insostenibles.</s>
    <s id="20">También fue obvio que luego de la condonación de deuda del sector privado de 2012 tendría que haber habido una oficial.</s>
    <s id="21">Pero las autoridades de la eurozona se negaron a ofrecer alivio de la deuda al gobierno griego anterior y, en cambio, impusieron una austeridad más severa de lo que era necesario.</s>
  </p>
  <p id="7">
    <s id="22">En consecuencia, la recesión de Grecia se agudizó.</s>
    <s id="23">Su deuda ya insostenible se infló aún más y el partido Syriza anti-austeridad llegó al poder.</s>
    <s id="24">La prolongada incertidumbre llevó a los griegos a retirar sus depósitos bancarios, cuyo efectivo provino de los 90.000 millones de euros de la asistencia de liquidez de emergencia ofrecida por el Banco Central Europeo.</s>
    <s id="25">Ese dinero será redenominado en nuevas dracmas devaluadas si Grecia abandona la eurozona.</s>
  </p>
  <p id="8">
    <s id="26">Al prometer que Alemania no se vería afectada por una condonación de deuda, la canciller Angela Merkel hizo una promesa que no podía cumplir.</s>
    <s id="27">Peor aún, al mantener esa posición terca, los negociadores de la eurozona han garantizado que las deudas que, llegado el caso, se pasen a pérdida serán aún mayores.</s>
  </p>
  <p id="9">
    <s id="28">Esa posición negociadora podría llegar a ser racional si las eventuales deudas griegas que pasen a pérdida fueran compensadas por condonaciones reducidas en otras partes o en otro momento.</s>
    <s id="29">Después de todo, si Grecia recibe un alivio de deuda, Irlanda o España podrían exigir lo mismo, y todos los gobiernos de la eurozona tendrían un incentivo más débil para adherir a la disciplina fiscal en el futuro.</s>
    <s id="30">Un banquero racional podría provocar deliberadamente una quiebra y sufrir grandes pérdidas si fuera necesario, para enseñar una lección y crear mejores incentivos futuros.</s>
  </p>
  <p id="10">
    <s id="31">Pero Grecia no es un deudor más.</s>
    <s id="32">Es un estado potencialmente frágil en el extremo de una Europa que enfrenta una crisis de migración enorme y un liderazgo ruso peligrosamente nacionalista que busca oportunidades para causar problemas.</s>
    <s id="33">La eurozona debe encontrar la manera de asegurar una futura disciplina en materia de deuda, sin provocar una crisis aún más profunda en Grecia.</s>
  </p>
  <p id="11">
    <s id="34">Inclusive en Estados Unidos, imponer una disciplina fiscal a las entidades subfederales suele ser difícil.</s>
    <s id="35">Por más claro que sea su status no garantizado, las ciudades o estados en apuros financieros -ya sea Nueva York en los años 1970 o Puerto Rico hoy- pueden ejercer una presión considerable para que los líderes políticos nacionales les ofrezcan asistencia.</s>
    <s id="36">En la eurozona, los vínculos entre los gobiernos y los sistemas bancarios nacionales hacen que resulte mucho más difícil alcanzar una disciplina de mercado.</s>
  </p>
  <p id="12">
    <s id="37">Imaginemos si alguien sugiriera que a los bancos que operan en Illinois se les exigiera mantener carteras importantes de bonos del estado de Illinois, que sus depósitos estuvieran asegurados por un esquema de seguro del estado de Illinois y que el gobierno del estado de Illinois fuera responsable de cualquier recapitalización, si fuera necesaria.</s>
    <s id="38">La propuesta sería descartada por considerársela una demencia económica.</s>
    <s id="39">En un sistema de esas características, una recesión crearía una espiral retroalimentada de deterioro de las finanzas públicas, crecientes temores de una insolvencia bancaria y una caída del otorgamiento de créditos.</s>
    <s id="40">Y, sin embargo, si reemplazamos "Illinois" por Irlanda, España o Grecia, es así como funcionan las cosas en la eurozona.</s>
  </p>
  <p id="13">
    <s id="41">Este sistema hizo que una estrategia basada en el mercado para resolver situaciones de deuda insostenible resultase imposible.</s>
    <s id="42">En lugar de correr el riesgo de pasar a pérdida deuda gubernamental o bancaria, los gobiernos de la eurozona y el BCE absorbieron las deudas trasladadas en un principio por el sector privado a los balances públicos de los estados miembro de la eurozona.</s>
    <s id="43">En Irlanda y España, el sector privado salió ileso.</s>
    <s id="44">En Grecia, hubo cierta "participación del sector privado", pero hasta muchas entidades de crédito irresponsables se las ingeniaron para trasladar su exposición a los gobiernos de la eurozona.</s>
  </p>
  <p id="14">
    <s id="45">Para asegurar una disciplina fiscal futura, la eurozona debe disociar a sus bancos de los gobiernos nacionales y crear una verdadera unión bancaria.</s>
    <s id="46">Deberían utilizarse requerimientos altos de capital o límites cuantitativos ajustados para restringir las tenencias por parte de los bancos de bonos del gobierno nacional; los bancos deberían en cambio tener activos líquidos como bonos a nivel de la eurozona, billetes o reservas de efectivo en el BCE.</s>
    <s id="47">Y la deuda pública nacional debería estar en manos del sector privado no bancario, que debería sufrir grandes pérdidas si la deuda aumentara a niveles insostenibles.</s>
    <s id="48">El efecto deseado sería que a los gobiernos les resulte más difícil acumular deudas que no podrían afrontar.</s>
  </p>
  <p id="15">
    <s id="49">Pero las reformas apropiadas que se implementen en el futuro no pueden cambiar el hecho de que, hoy, las deudas de Grecia son insostenibles.</s>
    <s id="50">Los negociadores adultos tendrán que enfrentar dos realidades: las grandes condonaciones de deuda son inevitables y seguir castigando a Grecia no pondrá a la eurozona en el sendero de la disciplina fiscal.</s>
    <s id="51">Para eso, es esencial una reforma sistémica.</s>
  </p>
</document>
