<?xml version="1.0" encoding="utf-8"?>
<document>
  <HEADLINE>
    <s id="1">La trayectoria de la atención de salud</s>
  </HEADLINE>
  <p id="1">
    <s id="2">Uno de los esfuerzos más importantes en materia de investigación sobre la atención de salud a lo largo del próximo decenio será el de integrar los avances de la biología, las ciencias de la materia y la ingeniería química y biológica para crear una nueva generación revolucionaria de dispositivos médicos y sistemas de administración de medicamentos.</s>
    <s id="3">De hecho, la mayor dificultad que afrontan los investigadores en esos diversos sectores puede no ser la falta de avances científicos, sino una escasez de formación interdisciplinaria adecuada.</s>
  </p>
  <p id="2">
    <s id="4">Un sector decisivo para la investigación será el de la ingeniería de los tejidos, que en general entraña la combinación de las células de mamíferos (incluidas las células madre) con materiales de polímeros para crear nuevos tejidos u órganos.</s>
    <s id="5">Ahora se calcula que casi la mitad de los costos de atención de salud de una nación pueden atribuirse a la pérdida de tejidos o al fallo de órganos.</s>
    <s id="6">La capacidad para crear nuevos hígados, médulas espinales, corazones, riñones y muchos otros sistemas de tejidos o de órganos podría reducir radicalmente el período de hospitalización, aliviar el sufrimiento y prolongar la vida.</s>
  </p>
  <p id="3">
    <s id="7">Naturalmente, las dificultades al respecto son enormes.</s>
    <s id="8">En particular, hay que encontrar una fuente idónea para producir un gran suministro de células diferenciadas con la suficiente rapidez.</s>
    <s id="9">Las células madre representan una posible fuente potencialmente importante, pero primero hay que superar los problemas para controlar su diferenciación y crecimiento, como también el rechazo por parte del sistema inmune humano.</s>
  </p>
  <p id="4">
    <s id="10">Otra vía posible es la de la creación de sistemas mecánicos microeléctricos que se puedan utilizar para la administración de los medicamentos.</s>
    <s id="11">Esos microdispositivos estarían hechos de silicona u otros materiales que se pueden cargar con medicamentos (o sensores) y cubrir con capas de oro u obras substancias.</s>
    <s id="12">Una señal eléctrica dirigida al implante disolvería la capa de oro para soltar el medicamento.</s>
  </p>
  <p id="5">
    <s id="13">Esos sistemas ofrecen posibilidades para la administración de nuevos tipos de medicamentos en regímenes complejos que podrían ser útiles para la quimioterapia del cáncer, por ejemplo.</s>
    <s id="14">También podrían brindar nuevos medios de administración localizada de los medicamentos que podrían ser útiles en varios sectores, incluido el de la administración de múltiples medicamentos.</s>
    <s id="15">Por último, esos sistemas podrían brindar también nuevas oportunidades para dispositivos biosensores que se podrían colocar en una microplaqueta de computadora.</s>
  </p>
  <p id="6">
    <s id="16">También hay en el horizonte nuevos tipos de biomateriales para dispositivos médicos.</s>
    <s id="17">Actualmente, la mayoría de los biomateriales están en venta y originalmente se utilizaron en aplicaciones de consumo.</s>
    <s id="18">Por ejemplo, el material para el corazón artificial se utilizó originalmente para hacer fajas para mujeres.</s>
    <s id="19">Algunos materiales para implantes en mamas se utilizaron originalmente para el relleno de colchones.</s>
  </p>
  <p id="7">
    <s id="20">Un sector potencialmente importante a este respecto es el del desarrollo de materiales que tienen una "memoria de forma".</s>
    <s id="21">Por ejemplo, un cirujano podría introducir algo así como una cuerda por un agujerito endoscópico; en presencia de un estímulo apropiado (por ejemplo, temperatura o luz), se convertiría en un dispositivo médico con la forma apropiada, como, por ejemplo, una endoprótesis o una lámina para impedir la adherencia.</s>
    <s id="22">Otro posible utilización de esa clase de material podrían ser suturas autoadhesivas que se podrían emplear en la cirugía mínimamente invasiva.</s>
  </p>
  <p id="8">
    <s id="23">También serán necesarios materiales nuevos para superar uno de los principales obstáculos con vistas a lograr la terapia genética: la falta de sistemas apropiados de administración.</s>
    <s id="24">Si bien los virus son un medio muy eficiente, plantean riesgos para la seguridad.</s>
    <s id="25">Asimismo, la administración no invasiva de moléculas complejas como los péptidos o las proteínas sigue siendo un problema importante.</s>
    <s id="26">Actualmente, esas moléculas se administran mediante inyección, pero, si los científicos pueden crear sistemas mejores de administración o agentes sintéticos que sean más seguros y más fáciles de fabricar, surgirán oportunidades enormes para la creación de medicamentos complejos que se podrían administrar sin inyecciones.</s>
  </p>
  <p id="9">
    <s id="27">Los nuevos avances en la ingeniería médica pueden contribuir a la asignación de medicamentos para células específicas, en particular las células cancerosas, cosa que ha resultado extraordinariamente difícil por varias razones.</s>
    <s id="28">Un problema es el de diseñar macropartículas o nanopartículas que puedan recorrer la corriente sanguínea sin ser absorbidas por otras células durante su recorrido.</s>
    <s id="29">Si se puede lograr, algún día sería posible la existencia de "balas mágicas" para luchar contra el cáncer, las enfermedades del corazón y otros trastornos.</s>
  </p>
  <p id="10">
    <s id="30">Todos esos cambios en perspectiva tendrán probablemente enormes repercusiones en la creación de medicamentos y en los diagnósticos.</s>
  </p>
  <p id="11">
    <s id="31">Sin embargo, para la creación y la explotación de toda la panoplia de posibles nuevas armas para luchar contra las enfermedades, harán falta científicos e ingenieros excepcionales, incluidos los encargados de la información interdisciplinaria.</s>
  </p>
</document>
