<?xml version="1.0" encoding="utf-8"?>
<document>
  <HEADLINE>
    <s id="1">Helicópteros al rescate de economías náufragas</s>
  </HEADLINE>
  <p id="1">
    <s id="2">BERKELEY – Para países donde el tipo de interés nominal es cero o casi, la ecuación del estímulo fiscal debería ser muy simple.</s>
    <s id="3">En tanto el tipo de interés que paga un gobierno para endeudarse sea menor que la suma de la inflación y del crecimiento de la fuerza laboral y de su productividad, el costo de amortización de los pasivos adicionales será negativo.</s>
    <s id="4">Al mismo tiempo, las ventajas de aumentar el gasto pueden ser considerables.</s>
    <s id="5">Se cree que el multiplicador fiscal keynesiano para grandes economías industriales o expansiones coordinadas es aproximadamente dos: es decir, cada dólar extra de expansión fiscal da al PIB real un aumento de dos dólares.</s>
  </p>
  <p id="2">
    <s id="6">Algunos apuntan al riesgo de que cuando la economía se recupere y suban los tipos de interés, los gobiernos no hagan los ajustes correspondientes a la política fiscal.</s>
    <s id="7">Pero es un argumento falaz.</s>
    <s id="8">Si un gobierno quiere aplicar malas políticas, lo hará independientemente de las decisiones que se tomen hoy.</s>
    <s id="9">Y en la medida en que dicho riesgo exista, se compensa por los muy tangibles beneficios económicos del estímulo: aumento de capacidades de la fuerza laboral, más inversión de las empresas, desarrollo más veloz de modelos de negocios y creación de infraestructuras útiles.</s>
  </p>
  <p id="3">
    <s id="10">El rechazo a la expansión fiscal no surge de consideraciones pragmáticas sino de la lisa y llana ideología.</s>
    <s id="11">Son pocos los economistas competentes que no hayan llegado a la conclusión de que en Estados Unidos, Alemania y el Reino Unido los multiplicadores fiscales son suficientemente grandes y hay buenas oportunidades de derrame para programas de estímulo a la demanda, inversión e infraestructura, además de suficiente margen financiero para recomendar el uso de políticas considerablemente más expansivas.</s>
  </p>
  <p id="4">
    <s id="12">La cuestión no es si el estímulo fiscal es adecuado, sino cuánto de él.</s>
    <s id="13">Para responder a esa pregunta debería bastar un simple cálculo tecnocrático de costos y beneficios.</s>
    <s id="14">Pero en la mayoría de los países a los que el estímulo fiscal podría ayudarlos, no se está haciendo nada.</s>
  </p>
  <p id="5">
    <s id="15">A la luz de todo esto, mi exprofesor y viejo colega Barry Eichengreen está decididamente preocupado: “La economía del mundo se hunde a la vista de todos, y las autoridades que deberían hacerse cargo están cada vez más enredadas”.</s>
  </p>
  <p id="6">
    <s id="16">Según Eichengreen, la experiencia de Alemania con la hiperinflación en la década de 1920 y su posterior adopción del “ordoliberalismo” (por el cual el Estado se abstiene de intervenir en la economía) generó en los alemanes alergia a la macroeconomía.</s>
    <s id="17">A la vez que en Estados Unidos, la profunda desconfianza hacia el poder del gobierno federal (especialmente en el Sur, donde se usó para abolir la esclavitud e imponer los derechos civiles) dio lugar a hostilidad hacia las políticas macroeconómicas anticíclicas.</s>
  </p>
  <p id="7">
    <s id="18">Eichengreen concluye señalando que: “Para poner fin al estancamiento actual habrá que superar prejuicios ideológicos y políticos profundamente arraigados en la historia.</s>
    <s id="19">Si no los enfrentamos en un período prolongado de escaso crecimiento después de una crisis, ¿cuándo lo haremos?”.</s>
  </p>
  <p id="8">
    <s id="20">Por desgracia, este debate ya no es un ejercicio intelectual (si alguna vez lo fue).</s>
    <s id="21">Es probable que se necesiten acciones audaces.</s>
    <s id="22">Es hora de que los bancos centrales asuman la responsabilidad e implementen la idea de arrojar “dinero del helicóptero”, es decir, entregar efectivo directamente a personas que lo gasten.</s>
  </p>
  <p id="9">
    <s id="23">Los partidarios de la austeridad en Alemania, Estados Unidos y el Reino Unido desconfían de los bancos centrales por los mismos motivos ideológicos por los que rechazan a las legislaturas que aprueban déficits presupuestarios.</s>
    <s id="24">Pero en el caso de los bancos centrales, sus objeciones son mucho más débiles, porque como señaló David Glasner, economista de la Comisión Federal de Comercio de los Estados Unidos, todos los intentos de crear un sistema monetario automático (sea sobre la base del patrón oro, la regla del k por ciento de Milton Friedman o la “política monetaria basada en reglas” del economista John Taylor de la Universidad de Stanford) fracasaron espectacularmente.</s>
  </p>
  <p id="10">
    <s id="25">La historia refutó el llamado del economista Henry Simons de la Universidad de Chicago a que la política monetaria esté supeditada a “reglas en vez de autoridades”.</s>
    <s id="26">La tarea de diseño de la política monetaria no es formular reglas sino más bien instituir autoridades con objetivos, valores y competencia tecnocrática razonables.</s>
  </p>
  <p id="11">
    <s id="27">Las acciones de los bancos centrales siempre han sido “política fiscal” en todo su sentido, simplemente porque sus intervenciones modifican el valor actual de los pagos futuros de capital e intereses de los títulos de deuda pública.</s>
    <s id="28">Pero los bancos centrales pueden hacer mucho más para promover la recuperación económica.</s>
    <s id="29">Tienen inmensos poderes regulatorios para obligar a los bancos bajo su órbita a conservar capital, prestar dinero a destinatarios históricamente discriminados y servir a las comunidades de las que forman parte.</s>
    <s id="30">Y tienen muy buenos abogados.</s>
  </p>
  <p id="12">
    <s id="31">El rescate podría adoptar muchas formas; la implementación exacta dependerá de la estructura jurídica de cada banco central y de la mayor o menor disposición de sus administradores para tomar medidas que exceden su mandato tradicional (con la garantía, implícita o explícita, de que las otras autoridades harán la vista gorda).</s>
  </p>
  <p id="13">
    <s id="32">La reactivación de la economía dependerá de asegurar que el efectivo extra vaya a personas cuyo nivel de gastos está restringido por bajos ingresos y falta de activos utilizables como garantía.</s>
    <s id="33">Y lo mismo que con los gobiernos que encaran programas de estímulo fiscal, la clave del éxito está en disipar hasta el más mínimo temor de que la devolución de lo prestado pueda volverse insostenible.</s>
  </p>
  <SOURCE TRANSLATOR="Esteban Flamini" />
</document>
