<?xml version="1.0" encoding="utf-8"?>
<document>
  <HEADLINE>
    <s id="1">Una solución euroasiática para las crisis de Europa</s>
  </HEADLINE>
  <p id="1">
    <s id="2">MOSCÚ – Más de dieciocho meses después de que el ex Presidente Viktor Yanukovych fuera derrocado (y se exiliara), la crisis de Ucrania está en un punto muerto.</s>
    <s id="3">Crimea ha sido reabsorbida por Rusia (lo que muchos consideran una anexión), gran parte de la Ucrania oriental está en manos de los rebeldes prorrusos y las relaciones entre Occidente y Rusia son más tensas que en cualquier momento desde los primeros tiempos de la Guerra Fría.</s>
  </p>
  <p id="2">
    <s id="4">Pero, ¿puede alguien afirmar que ha obtenido alguna ventaja?</s>
    <s id="5">Quienes querían ver a Ucrania anclada en Occidente o imaginaban que las sanciones aplicadas a Rusia incitarían a un cambio de régimen en el Kremlin, mediante un golpe de palacio o un levantamiento popular, han visto frustradas sus esperanzas: la popularidad del Presidente Vladimir Putin es tanta como siempre.</s>
    <s id="6">En Rusia, quienes predecían el inmediato colapso de Ucrania y la creación en sus provincias orientales y meridionales de una Novorossia prorrusa han quedado igualmente decepcionados.</s>
  </p>
  <p id="3">
    <s id="7">La tragedia estriba en que el precio de esas falsas ilusiones ha sido extraordinariamente oneroso desde el punto de vista humano –la cifra de muertos causados por la inobservancia del cese del fuego en la Ucrania oriental ha ascendido a más de 6.000 desde abril de 2014– y peligrosamente alto también desde el punto de vista geoestratégico.</s>
    <s id="8">Parece que los dos bandos están dispuestos a combatir “hasta el último ucraniano”.</s>
  </p>
  <p id="4">
    <s id="9">Como he sostenido desde hace mucho, nunca fue probable que Rusia cediera.</s>
    <s id="10">Después de verse empujada contra la pared por más de dos decenios de expansión occidental –ya fuera por la ampliación de la Unión Europea o de la OTAN– en una parte de Europa que considera decisiva para su seguridad nacional, los rusos creen que tienen la altura moral para defender sus intereses.</s>
  </p>
  <p id="5">
    <s id="11">Ahora, con los dos bandos intercambiándose acusaciones en una atmósfera de desconfianza mutua, el peligro radica en que el actual punto muerto provoque una crisis mucho más profunda entre Rusia y Occidente.</s>
    <s id="12">Las dos partes necesitan encontrar una solución; sin embargo, pese a haber resultado victorioso en la Guerra Fría, Occidente no sólo parece haber perdido la paz, sino, además, estar a punto de volver a dividir a Europa y eso está ocurriendo en un momento en el que todo el continente, incluidos Rusia y muchos otros Estados euroasiáticos, afronta la amenaza del extremismo islámico.</s>
  </p>
  <p id="6">
    <s id="13">También está sucediendo en un momento en el que las dos partes de Europa están buscando una nueva identidad geopolítica o incluso espiritual.</s>
    <s id="14">Mientras la UE lidia con problemas de migración e integración, Rusia se aleja de un rumbo económico y cultural eurocéntrico hacia una opción euroasiática.</s>
    <s id="15">Y los Estados Unidos –al menos durante la presidencia de Barack Obama– se han retirado a un semiaislamiento y han dejado atrás zonas de inestabilidad preocupantes y crisis irresueltas.</s>
  </p>
  <p id="7">
    <s id="16">Entonces, ¿qué ocurrirá a continuación?</s>
    <s id="17">Como tanto la Europa occidental como la oriental están plagadas de conflictos y estancamiento económico, los cinco siglos de predominio europeo en el mundo están tocando a su fin.</s>
    <s id="18">Ahora la realidad, tras el fin de la supremacía bipolar de los EE.UU. y la Unión Soviética y una breve fase “unipolar” a raíz del desplome de la Unión Soviética, es la de que estamos en un mundo “multipolar”.</s>
  </p>
  <p id="8">
    <s id="19">Ésta puede resultar también pasajera, cuando dos nuevos macrobloques geopolíticos cobran fuerza en el siglo XXI.</s>
    <s id="20">Uno esta centrado en los EE.UU. y su ambición de concluir el Acuerdo de Asociación Transpacífica (AAP) y la Asociación Transatlántica de Comercio e Inversión (ATCI).</s>
  </p>
  <p id="9">
    <s id="21">El segundo macrobloque es la “Gran Eurasia”, compuesta por China, Rusia, Kazajstán, el Irán y posiblemente la India.</s>
    <s id="22">En mayo de 2015 se establecieron unos sólidos cimientos para ese proyecto con el acuerdo entre Rusia y China para coordinar la Unión Económica Euroasiática (UEE), encabezada por Rusia, y la iniciativa de Xi Jinping sobre la “Ruta de la Seda”, encaminada a acercar más a China las economías del Asía central y las de más al Oeste.</s>
  </p>
  <p id="10">
    <s id="23">La cuestión es si esa Gran Eurasia puede ayudar a Europa a encontrar una vía para abandonar su actual callejón sin salida en materia de seguridad.</s>
    <s id="24">No cabe duda de que en Europa algunos preferirán fortalecer la Organización para la Seguridad y la Cooperación en Europa (OSCE), pero la verdad es que ésta, por cargar con su historia en la Guerra Fría y su incapacidad para mantener la paz después de ella, está demasiado empañada para desempeñar un papel decisivo.</s>
  </p>
  <p id="11">
    <s id="25">Una opción substitutiva podría ser un diálogo entre la UE y la UEE, pero seria complicado, porque la UEE persigue una relación más estrecha con China y sus aliados de la Ruta de la Seda.</s>
    <s id="26">Un método mejor sería del de invitar –lo antes posible– a China y los Estados euroasiáticos a crear con el tiempo un espacio económico común desde Shanghái hasta Lisboa.</s>
    <s id="27">Existen posibilidades evidentes de que la UE se relacione constructivamente con la Organización de Cooperación de Shanghái (creada en 2001 por China, Rusia, Kazajstán, Kirguizstán, Tayikistán y Uzbekistán y en la que está previsto que en el año próximo ingresen la India y el Pakistán).</s>
    <s id="28">El fracaso del antiguo marco requiere un esfuerzo para crear uno nuevo, comenzando con un diálogo sobre la cooperación euroasiática para el desarrollo y la seguridad, en el que participen China y los países europeos y euroasiáticos.</s>
  </p>
  <p id="12">
    <s id="29">Nada de todo ello convertirá en superfluas la OSCE y la OTAN y ése no debería ser el objetivo de nadie.</s>
    <s id="30">Lo que importa para resolver los conflictos actuales –ya estén activos o supuestamente “congelados”– es la creación de un marco más amplio de cooperación y diálogo entre la UE y lo que yo llamo Gran Eurasia.</s>
  </p>
  <p id="13">
    <s id="31">La cuestión pendiente en esa situación hipotética se refiere al papel de los EE.UU.</s>
    <s id="32">¿De verdad quieren permanecer en un semiaislamiento con la esperanza de ser llamados a ocupar el centro del escenario en algún improbable “momento unipolar” futuro?</s>
    <s id="33">Esperemos que haya unos Estados Unidos listos para actuar como coparticipes responsables en un mundo más justo.</s>
  </p>
  <SOURCE LANG="inglés" TRANSLATOR="Carlos Manzano." />
</document>
