<?xml version="1.0" encoding="utf-8"?>
<document>
  <HEADLINE>
    <s id="1">La Pseudodemocracia de la India</s>
  </HEADLINE>
  <p id="1">
    <s id="2">Hace poco, el Primer Ministro de la India, Atal Behari Vajpayee, dijo que a pesar de su saludable aspecto exterior, la democracia del país se ha vuelto hueca, con elecciones reducidas a una farsa y un "sistema de partidos erosionado por prácticas poco éticas".</s>
    <s id="3">Según Vajpayee, "La capa exterior de la democracia está intacta, sin duda, pero por dentro, parece estar apolillada".</s>
  </p>
  <p id="2">
    <s id="4">En efecto, en el prefacio de una colección reciente de discursos suyos, Vajpayee se preguntaba si la democracia verdaderamente había prendido en la India.</s>
    <s id="5">"¿Cómo pueden las instituciones democráticas funcionar de manera adecuada cuando la política es cada vez más corrupta?"</s>
  </p>
  <p id="3">
    <s id="6">Esto es sorprendente, ya que la democracia parlamentaria ha sido motivo de orgullo para la mayoría de los indios desde hace mucho tiempo.</s>
    <s id="7">El país tal vez no se pueda comparar con sus vecinos asiáticos en cuanto a prosperidad, pero los indios siempre han podido vanagloriarse de la vitalidad de su sistema parlamentario.</s>
    <s id="8">Actualmente, esos alardes se escuchan con mucho menos frecuencia.</s>
  </p>
  <p id="4">
    <s id="9">No sólo los fracasos económicos de la India resultan más obvios al compararlos con las renovadas aplanadoras económicas de Asia; también las fallas de su sistema político.</s>
    <s id="10">Una política sin principios, cultos de violencia, ira comunitaria y asesinatos macabros de minorías religiosas se han combinado para socavar la fe del pueblo en la viabilidad del sistema político.</s>
    <s id="11">No es sorprendente, entonces, que la gente se empiece a preguntar si la India necesita un sistema de gobierno distinto.</s>
  </p>
  <p id="5">
    <s id="12">Parte del problema yace en la desarraigada política de partidos de la India.</s>
    <s id="13">Durante décadas, el Partido del Congreso de Nehru y su hija, Indira Gandhi, básicamente gobernó el país sin rivales.</s>
    <s id="14">Pero con los asesinatos de Indira Gandhi y su hijo, el ex Primer Ministro Rajiv Gandhi, el Partido del Congreso se desintegró y no se ha recuperado.</s>
    <s id="15">En vez de haber inaugurado una era de política multipartidista reconocible, la democracia india sigue careciendo de un sistema político de partidos digno de ese nombre.</s>
  </p>
  <p id="6">
    <s id="16">Una de las razones detrás de eso es que casi no hay partidos nacionales.</s>
    <s id="17">Por el contrario, la India está llena de grupos altamente volátiles dirigidos por cabecillas.</s>
    <s id="18">Cuando el liderazgo es carismático y fuerte, el partido es un instrumento servil.</s>
    <s id="19">A falta de principios coherentes o de una ideología dominante, esos grupos se fragmentan cuando los líderes cambian o se dividen, como le pasó al Partido del Congreso.</s>
  </p>
  <p id="7">
    <s id="20">Cuando los partidos son débiles, no puede haber disciplina de partido.</s>
    <s id="21">El parlamento de la India está plagado de deserciones de diputados que se cambian tranquilamente de una facción parlamentaria a otra.</s>
    <s id="22">Tan endémica es la compra y venta de legisladores que el parlamento parece un mercado de ganado.</s>
    <s id="23">Los premios que se otorgan a los desertores oportunistas no sólo minan al sistema de partidos, sino que debilitan los cimientos del parlamento al hacer que una oposición organizada resulte imposible.</s>
  </p>
  <p id="8">
    <s id="24">El resultado inevitable es una apatía pública que raya en el fatalismo.</s>
    <s id="25">Eso es peligroso, porque la apatía no se manifiesta en un alejamiento de la vida pública, sino que con mayor frecuencia se expresa en conflictos sectarios y religiosos.</s>
    <s id="26">Por supuesto, los políticos pueden incitar esos conflictos, utilizando castas, sectas y religiones (no ideas políticas) para conseguir la lealtad de sus electores.</s>
    <s id="27">Pero la apatía sobre la democracia es lo que hace que tantos indios comunes presten oído a llamados insidiosos.</s>
  </p>
  <p id="9">
    <s id="28">Esta susceptibilidad es el signo más claro de que el experimento indio con el modelo de democracia parlamentaria de Westminster no ha podido justificar las expectativas que prevalecían hace cincuenta años cuando se proclamó la constitución.</s>
    <s id="29">En ese entonces, se veía al parlamento como un medio para superar las divisiones de casta, religión y región.</s>
    <s id="30">La creciente incapacidad del parlamento para resolver esos problemas (de hecho, la forma en que ha contribuido a que empeoren) está alimentando una preferencia creciente entre los indios por un sistema presidencialista de gobierno que retire las funciones ejecutivas del control de una institución que ha estado plagada y ha quedado impotente por facciones indisciplinadas.</s>
  </p>
  <p id="10">
    <s id="31">Por supuesto, los políticos no son los únicos culpables.</s>
    <s id="32">Lamentablemente, la sociedad india nunca hizo suyos los valores consensuales que proclama la constitución del país: una democracia participativa, descentralizada; una sociedad igualitaria con disparidades sociales y económicas mínimas; una forma de gobierno secular; la supremacía del Estado de derecho; una estructura federal que garantizara autonomía parcial a las provincias; pluralismo cultural y religioso; armonía entre zonas rurales y urbanas; y una administración eficiente y honesta tanto a nivel nacional como local.</s>
  </p>
  <p id="11">
    <s id="33">En lugar de eso, las razas y las castas siguen tan fuertes como siempre.</s>
    <s id="34">La riqueza está tan mal distribuida como siempre.</s>
    <s id="35">La corrupción impera en muchos gobiernos estatales y ministerios nacionales.</s>
    <s id="36">Las zonas rurales y urbanas se debilitan mutuamente.</s>
  </p>
  <p id="12">
    <s id="37">Pero, para funcionar, los parlamentos requieren de un consenso nacional mínimo, ya que son órganos de negociación para la toma de decisiones.</s>
    <s id="38">Por otra parte, los gobiernos ejecutivos son órganos de decisión: un presidente elegido por el pueblo es responsable ante sus electores, no ante sus compañeros de partido.</s>
  </p>
  <p id="13">
    <s id="39">La mera elección por sufragio nacional de un ejecutivo ofrece el tipo de consenso mínimo que los parlamentos facciosos de la India desgraciadamente nunca han logrado cultivar.</s>
    <s id="40">Por supuesto, un presidente tendrá que negociar con su legislatura, pero la aprobación general que se obtiene mediante elecciones populares implica al menos un consenso más amplio detrás de la plataforma que defendió en su campaña.</s>
  </p>
  <p id="14">
    <s id="41">Es claro que no hay soluciones fáciles para eliminar las fuerzas que dividen a la India.</s>
    <s id="42">Pero al menos algunos de los problemas del sistema parlamentario actual, como las deserciones, el sectarismo, la inestabilidad política inherente y la debilitadora política de coaliciones, podrían minimizarse, si no eliminarse, mediante la adopción de un modelo de democracia presidencial dominado por el ejecutivo.</s>
    <s id="43">Al adoptar un sistema de ese tipo, los indios no tendrían nada que perder más que la corrupción y el caos del desacreditado parlamento de hoy en día.</s>
  </p>
</document>
