<?xml version="1.0" encoding="utf-8"?>
<document>
  <HEADLINE>
    <s id="1">Las nuevas promesas económicas de la India</s>
  </HEADLINE>
  <p id="1">
    <s id="2">MUMBAI – Es probable que pronto la economía de la India esté andando otra vez.</s>
    <s id="3">El nuevo gobierno decidió restablecer la disciplina fiscal y vigorizar la burocracia, lo que alienta esperanzas de que mejore la confianza empresarial y se reactive la inversión, particularmente en infraestructuras.</s>
    <s id="4">Pero entre las posibilidades de crecimiento económico se oculta un mosaico de oportunidades económicas poco conocidas, repartidas por distintos estados, distritos, ciudades e incluso pueblos, que las empresas sólo podrán descubrir investigando a fondo.</s>
  </p>
  <p id="2">
    <s id="5">Los datos económicos de la India son prometedores.</s>
    <s id="6">De aquí a 2025, se prevé un crecimiento anual promedio del PIB de entre 6,4% y 7,7%.</s>
    <s id="7">Esto es una mejora respecto del 4,7% del año pasado, y está cerca del 7,7% promedio de los diez años anteriores a 2012.</s>
    <s id="8">Además, se destaca en comparación con el estancamiento secular previsto en los países desarrollados.</s>
    <s id="9">Esta aceleración colocaría a la India entre las grandes economías de más rápido crecimiento y aumentaría la cantidad de consumidores indios con capacidad para la compra discrecional, de veintisiete millones en 2012 a ochenta y nueve millones en 2025.</s>
  </p>
  <p id="3">
    <s id="10">Pero el potencial es muy desparejo.</s>
    <s id="11">Un informe reciente indica que de aquí a 2025 más de la mitad del crecimiento del PIB del país saldrá de ocho estados (Gujarat, Haryana, Himachal Pradesh, Kerala, Maharashtra, Tamil Nadu, Andhra Pradesh y Uttarakhand), donde vive apenas el 31% de la población.</s>
    <s id="12">Estos estados y cuatro dinámicas ciudades-Estado (Nueva Delhi, Goa, Chandigarh y Pondicherry) albergarán a cincuenta millones de consumidores (el 57% de las familias de clase media del país).</s>
  </p>
  <p id="4">
    <s id="13">De hecho, el PIB per cápita de las regiones más pujantes de la India puede llegar a ser el doble del nivel nacional, por motivos como la veloz urbanización, la inversión sostenida en capacitación e infraestructuras, y el paso de la agricultura a las industrias de producción de piezas para automóviles, petroquímica, farmacéutica, financiera y de servicios basados en la informática.</s>
  </p>
  <p id="5">
    <s id="14">En 2025 las economías de estas regiones se parecerán a las de los países de ingresos medios.</s>
    <s id="15">Los ciento veintiocho millones de consumidores de Maharashtra dispondrán de un poder adquisitivo similar al que ahora vemos en Brasil.</s>
    <s id="16">Los veintidós millones de habitantes de Nueva Delhi gozarán de niveles de vida similares a los de la Rusia actual.</s>
  </p>
  <p id="6">
    <s id="17">Otras tendencias no tan espectaculares pero igualmente significativas permiten prever que el PIB per cápita de Chhattisgarh, Odisha, Bengala occidental, Rajastán y Madhya Pradesh alcanzará un valor entre 0,7 y 1,2 veces el promedio nacional de aquí a 2025, con lo que la cantidad de consumidores de clase media se cuadruplicará hasta los dieciséis millones.</s>
    <s id="18">En cambio, los estados rezagados, como Bihar, Uttar Pradesh y Jharkhand, con un PIB per cápita inferior a 0,7 veces el promedio, se enfrentarán a bajos niveles de ingreso y altos niveles de crecimiento poblacional, a menos que mejoren significativamente la gobernanza y las inversiones.</s>
  </p>
  <p id="7">
    <s id="19">Pero los inversores que quieran encontrar las mejores oportunidades deben buscar fuera de los estados conocidos y estudiar más a fondo los distritos indios, especialmente las concentraciones urbanas y las áreas internas menos desarrolladas.</s>
    <s id="20">Hemos identificado en todo el país cuarenta y nueve zonas de alto crecimiento en ciento ochenta y tres distritos.</s>
    <s id="21">En 2012, estas áreas tenían la mitad de la población india, el 70% de su PIB y el 71% de los consumidores.</s>
    <s id="22">También incluyen 250 de las 450 ciudades indias cuya población supera los cien mil habitantes.</s>
  </p>
  <p id="8">
    <s id="23">Cabe señalar que de estas áreas, una de cada tres se encuentra en estados de desempeño económico bajo o medio, o cerca de ciudades más pequeñas y menos conocidas en estados de mejor desempeño.</s>
    <s id="24">Por ejemplo, la zona de Nellore, en Andhra Pradesh, produce arroz, tabaco, maní, mango y caña de azúcar.</s>
    <s id="25">La zona de Bikaner en Rajastán es rica en semillas oleaginosas y tiene la extracción y producción de piedra caliza y mármol de Makarana.</s>
    <s id="26">La zona de Aurangabad en Maharashtra tiene más variedad y cuenta con algunas de las empresas semilleras más grandes de la India, una pujante industria automotriz, farmacéutica y azucarera, y atracciones turísticas como las cuevas de Ajanta y Ellora.</s>
  </p>
  <p id="9">
    <s id="27">La ubicación de estas zonas menos conocidas muestra que los inversores en busca de inmuebles baratos y mano de obra capacitada deberían analizar con más cuidado la geografía económica de la India al momento de decidir dónde radicar sus actividades.</s>
    <s id="28">Estos lugares pueden convertirse en centros de servicios o industrias basadas en el conocimiento similares a los de ciudades indias de mayor tamaño como Bangalore, Hyderabad, y Pune, sólo que menos costosos.</s>
  </p>
  <p id="10">
    <s id="29">El desarrollo de estos dinámicos centros económicos de la India los obligará a invertir en sistemas hídricos y sanitarios modernos, educación y salud, aeropuertos, ferrocarriles y carreteras.</s>
    <s id="30">Esto ofrece a los inversores oportunidades en muchos sectores, por ejemplo bienes de consumo, servicios financieros, vivienda e infraestructura.</s>
  </p>
  <p id="11">
    <s id="31">Estas áreas ya tienen ventajas estructurales (en algunos casos, la proximidad a grandes centros urbanos) que prometen niveles de rentabilidad de entre los mejores de la India.</s>
    <s id="32">Las empresas que quieran aprovechar la próxima ola de crecimiento de la India deberían tener en cuenta lugares que casi nunca se publicitan como destinos de inversión pero pueden resultar más valiosos.</s>
  </p>
  <SOURCE TRANSLATOR="Esteban Flamini" />
</document>
