<?xml version="1.0" encoding="utf-8"?>
<document>
  <HEADLINE>
    <s id="1">La desigualdad e Internet</s>
  </HEADLINE>
  <p id="1">
    <s id="2">BERKELEY – La conclusión de que Estados Unidos se ha vuelto inmensamente más desigual en los últimos 35 años es indudable.</s>
    <s id="3">Desde 1979, el patrón ha sido claro: cuanto más rico es uno, mucho más rico se vuelve.</s>
    <s id="4">Y si uno es pobre, probablemente lo siga siendo.</s>
  </p>
  <p id="2">
    <s id="5">Sin embargo, el mismo período también ha sido una era de rápido cambio tecnológico.</s>
    <s id="6">Estados Unidos está atravesando una tercera revolución industrial, una agitación de la era de la información que podría ser tan crucial como las que la precedieron y que transformaron a la sociedad a través de la introducción del vapor, el hierro, el algodón y la maquinaria, y luego la combustión interna, la electricidad y el acero.</s>
  </p>
  <p id="3">
    <s id="7">Hoy, casi todos los residentes de un país desarrollado -y pronto la mayoría del resto del mundo- fácilmente pueden comprarse un teléfono inteligente, ganando así un acceso de bajo costo a un universo de conocimiento y entretenimiento humano que, hasta hace una generación, estaba mucho más allá del alcance de todos, excepto de los ricos.</s>
    <s id="8">¿Es posible que las mediciones convencionales de desigualdad e ingresos subestimen marcadamente lo bien que lo pasamos?</s>
  </p>
  <p id="4">
    <s id="9">Según la economía convencional, la respuesta, a primera vista, parece ser no.</s>
    <s id="10">Los cálculos de crecimiento económico que revelan una creciente desigualdad ya tienen en cuenta el gasto en telecomunicaciones, procesamiento de información y entretenimiento audiovisual.</s>
    <s id="11">A menos que los beneficios de los bienes y servicios de la era de la información superen marcadamente lo que gastamos en ellos, el bienestar que ofrecen ya se habrá considerado.</s>
  </p>
  <p id="5">
    <s id="12">Ahora bien, ¿ese “a menos que” realmente es tan disparatado?</s>
    <s id="13">Cuando invertimos en nuestro bienestar, no sólo gastamos dinero para comprar bienes y servicios; asignamos una porción de nuestro tiempo libre a usarlos correctamente.</s>
    <s id="14">Una entrada de cine no nos hará demasiado bien si nos vamos del cine antes de que se levante el telón.</s>
    <s id="15">El tiempo, al igual que el dinero, es un recurso escaso; y, como los bienes y servicios relacionados con la información requieren de nuestra atención, demandan mucho tiempo.</s>
    <s id="16">Desde que Homero cantaba su Ilíada alrededor del fuego después de oscurecer, hemos estado dispuestos a pagar muchísimo por historias, entretenimiento e información.</s>
  </p>
  <p id="6">
    <s id="17">La tecnología de la era de la información nos ha dado la posibilidad de invertir nuestro tiempo de maneras que alguna vez sólo podían permitirse los más poderosos.</s>
    <s id="18">Si, en el siglo XVII, alguien quería ver Macbeth en su casa, tenía que llamarse James Stuart, contratar a William Shakespeare y su compañía de actores y tener un teatro grande en su palacio real.</s>
  </p>
  <p id="7">
    <s id="19">Nosotros, en promedio, pasados dos horas por día con nuestros dispositivos de audio y video.</s>
    <s id="20">Supongamos por un minuto que las oportunidades ofrecidas por la introducción de Internet de banda ancha hubieran como mínimo duplicado la utilidad –el placer- que obtenemos durante ese tiempo.</s>
    <s id="21">Es el equivalente de recibir dos horas adicionales de tiempo libre todos los días, además de las diez horas promedio que pasamos despiertos y no en el trabajo.</s>
    <s id="22">En términos económicos, es un incremento adicional del 0,6% por año en los niveles de vida desde 1990, un aumento mucho mayor que el 0,2% por año al que nos llevarían las mediciones convencionales.</s>
  </p>
  <p id="8">
    <s id="23">El interrogante luego es si nuestros teléfonos inteligentes, Kindles, tabletas y computadoras realmente nos brindan esa utilidad adicional.</s>
    <s id="24">¿Valoramos lo que nos ofrece Netflix, YouTube, Facebook y la biblioteca de la humanidad online de Internet mucho más de lo que aprendíamos, escuchábamos, mirábamos o comentábamos anteriormente a través de medios tradicionales?</s>
    <s id="25">¿Mirar televisión a pedido es más gratificante que ir al cine?</s>
    <s id="26">¿Las conversaciones de Twitter son más iluminadoras que ir a una biblioteca cercana?</s>
    <s id="27">¿Los amigos de Facebook son más valiosos que, digamos, los amigos?</s>
  </p>
  <p id="9">
    <s id="28">Sea cual fuere la respuesta a esas preguntas, hay otra vuelta de tuerca.</s>
    <s id="29">No consumimos bienes y servicios en un vacío.</s>
    <s id="30">Parte del placer que recibimos de ellos surge de una sensación de que nuestro status crece en relación al de nuestros pares.</s>
    <s id="31">La era de la información no sólo nos ha ofrecido opciones de entretenimiento nuevas; también nos permitió darle un vistazo a los estilos de vida de nuestros vecinos –y lo que hemos visto es que algunos de ellos se están volviendo más y más ricos.</s>
  </p>
  <p id="10">
    <s id="32">Si tuviera que aventurar una suposición, diría que, como sociedad, los beneficios que hemos recibido de la tecnología de la era de la información han sido neutralizados por la envidia y el resentimiento que resultan de vivir en un mundo que es cada vez más desigual.</s>
  </p>
</document>
