<?xml version="1.0" encoding="utf-8"?>
<document>
  <HEADLINE>
    <s id="1">¿La crisis económica de Rusia terminó?</s>
  </HEADLINE>
  <p id="1">
    <s id="2">MOSCÚ – ¿La crisis económica de Rusia ha terminado?</s>
    <s id="3">Eso depende de a quién se le pregunte.</s>
    <s id="4">Si se le pregunta al primer ministro Vladimir Putin, o a cualquier funcionario de su partido Rusia Unida, dirá "Por supuesto que terminó".</s>
    <s id="5">Incluso brindará pruebas reflejadas en una tasa de desempleo que no aumenta, en incrementos sin precedentes en las pensiones y en un fuerte crecimiento en la construcción y la metalurgia.</s>
  </p>
  <p id="2">
    <s id="6">Por supuesto, todas estas comparaciones se hacen con cómo estaban las cosas el mes pasado y no con el desempeño económico del país antes de la crisis.</s>
    <s id="7">Asimismo, existe otro "milagro" del cual el gobierno está empezando a hacer alarde, que se descubrió en agosto de 2009: un incremento en la población de Rusia.</s>
    <s id="8">Desafortunadamente, en ningún mes antes o desde entonces los nacimientos superaron a las muertes.</s>
  </p>
  <p id="3">
    <s id="9">Si se le pregunta a un miembro de la oposición si la crisis ha terminado, dirá que es sólo el comienzo.</s>
    <s id="10">La producción de Gazprom está cayendo a un ritmo vertiginoso; las "mono-ciudades" del país que viven de una sola industria están muriendo.</s>
  </p>
  <p id="4">
    <s id="11">Ambas visiones tienen algo de cierto respecto del estado de la economía rusa, pero como el gobierno controla los principales canales de televisión, logra imponer su visión de la situación.</s>
    <s id="12">De hecho, la oposición sólo tiene acceso a unos pocos periódicos y estaciones de radio, con lo cual Internet es el único espacio de libertad que queda en Rusia.</s>
    <s id="13">Pero allí se pueden leer estimaciones muy pesimistas del futuro económico del país.</s>
    <s id="14">Entonces el Kremlin enceguece a sus ciudadanos con escenarios prometedores, mientras que Internet exagera la realidad.</s>
  </p>
  <p id="5">
    <s id="15">La verdad, claramente, está en un punto medio.</s>
    <s id="16">Lo que está más allá de todo debate es que la salud económica de Rusia depende de factores externos.</s>
    <s id="17">Pero, fuera de Rusia, ningún economista responsable puede decir si la crisis realmente terminó.</s>
    <s id="18">Sólo saben que los mercados relativamente calmos no significan que el crecimiento económico sólido esté a la vuelta de la esquina.</s>
  </p>
  <p id="6">
    <s id="19">La economía de Rusia hoy es rehén del potencial crecimiento global.</s>
    <s id="20">Es evidente por qué: el presupuesto estatal depende casi enteramente de los precios de la energía.</s>
    <s id="21">Ahora que el precio del petróleo alcanzó los 80 dólares por barril, el banco central de Rusia puede empezar a comprar divisas extranjeras nuevamente.</s>
    <s id="22">Las reservas en oro y monedas extranjeras están aumentando, lo que implica la apreciación del rublo.</s>
    <s id="23">Pero el presupuesto de Rusia para 2010 sigue encaminado a un déficit importante, debido al alto nivel de gasto.</s>
  </p>
  <p id="7">
    <s id="24">El rápido crecimiento del ingreso en los primeros años de Putin es cosa del pasado.</s>
    <s id="25">Mientras persistía, los gastos se inflaron pero resultaban manejables -hasta que, de pronto, los precios de la energía colapsaron-.</s>
    <s id="26">El Kremlin, dedicado a su fetiche clave -los índices de aprobación de Putin-, demostró no estar en absoluto preparado para reducir el gasto público tras la caída de los ingresos estatales.</s>
    <s id="27">El déficit presupuestario, como cabe de esperar, se disparó.</s>
  </p>
  <p id="8">
    <s id="28">El difunto Yegor Gaidar, el primer primer ministro pro-reforma de Rusia, advirtió al gobierno sobre las consecuencias de los precios inflados del petróleo.</s>
    <s id="29">Su reiterado argumento era que el crecimiento excesivo del gasto minaría la voluntad política de una reducción presupuestaria cuando se tornara necesario.</s>
    <s id="30">Gaidar murió el año pasado y sus advertencias desatendidas se hicieron realidad, lo que demostró una vez más que nadie es profeta en su tierra.</s>
  </p>
  <p id="9">
    <s id="31">En los últimos meses, el gobierno de Rusia finalmente redujo la inflación al 8%.</s>
    <s id="32">A veces esto se presenta como otro hito que demuestra que la crisis está próxima a su fin.</s>
    <s id="33">Pero eso es un error.</s>
    <s id="34">La inflación cayó como resultado de la crisis, que revirtió la dirección de los flujos de capital.</s>
    <s id="35">Mientras que la inversión extranjera alcanzó los 20.000 millones de dólares en 2008, las fugas de capitales totalizaron 20.000 millones de dólares en 2009.</s>
    <s id="36">El banco central compra menos divisas extranjeras, y así emite menos rublos, reduciendo la inflación.</s>
  </p>
  <p id="10">
    <s id="37">Un indicador mucho más inercial es el desempleo que, según predicen los expertos, crecerá en 2010.</s>
    <s id="38">El problema es que la mano de obra rusa es menos móvil que en Europa y Estados Unidos.</s>
    <s id="39">Los rusos prefieren menores salarios -o simplemente esperar directamente sin salario alguno- que trasladarse en busca de un nuevo empleo.</s>
  </p>
  <p id="11">
    <s id="40">La situación en el fabricante de autos AUTOVaz es un ejemplo llamativo.</s>
    <s id="41">El año pasado, la producción cayó a 300.000 vehículos, de 800.000 en 2008.</s>
    <s id="42">Esta caída drástica en las ventas normalmente exigiría despidos masivos o salarios más bajos.</s>
    <s id="43">Sin embargo, de los 102.000 empleados de la compañía, sólo 27 aceptaron los despidos.</s>
    <s id="44">En consecuencia, los salarios se recortaron a la mitad.</s>
    <s id="45">El estado, que intenta rescatar a la industria automotriz doméstica, asignó a la firma más créditos a través de bancos estatales.</s>
  </p>
  <p id="12">
    <s id="46">Ahora bien, ¿cuánto puede durar una situación así?</s>
    <s id="47">Un día, ya no será posible disfrazar el desempleo a través de semanas laborales más cortas, licencias forzadas y reducciones salariales.</s>
    <s id="48">Cuando eso suceda -y existe una fuerte probabilidad de que pase el año próximo-, la crisis recién estará empezando para Rusia.</s>
  </p>
  <p id="13">
    <s id="49">En todo el mundo -en Estados Unidos, Europa y China- los programas de estímulo han surtido efecto, tal como se esperaba.</s>
    <s id="50">Pero todavía no se sabe con certeza si el motor de la economía global podrá funcionar sin liquidez adicional, lo que posiblemente mine la estabilidad fiscal a nivel mundial.</s>
    <s id="51">En otras partes, eso se aclarará en la primera mitad de 2010; en Rusia, las señales de recuperación, si es que llegan a aparecer, se rezagarán muy por detrás del resto del mundo.</s>
  </p>
</document>
