<?xml version="1.0" encoding="utf-8"?>
<document>
  <HEADLINE>
    <s id="1">¿Está sobrevaluado el euro?</s>
  </HEADLINE>
  <p id="1">
    <s id="2">CAMBRIDGE – A los estadounidenses que viajan a Paris o a Berlín continuamente les llama la atención los altos precios en comparación con los de su país.</s>
    <s id="3">Un cuarto de hotel, un simple almuerzo o una camiseta de hombre, todos esos productos cuestan más al tipo de cambio actual que lo que costarían en Nueva York o Chicago.</s>
    <s id="4">Para reducir el costo de dichos bienes y servicios al nivel del de los Estados Unidos, el euro tendría que descender en relación con el dólar en un 15%, a alrededor de 1.10 dólares.</s>
  </p>
  <p id="2">
    <s id="5">Es fácil que estos datos lleven a concluir que el euro está sobrevaluado y que es probable que continúe el descenso que empezó en diciembre pasado.</s>
    <s id="6">No obstante, tal conclusión sería errónea.</s>
    <s id="7">Mirando hacia adelante, es más probable que el euro suba de nuevo al nivel de 1.60 dólares que alcanzó en 2008.</s>
  </p>
  <p id="3">
    <s id="8">Hay tres razones por las que la impresión del viajero de que el euro está sobrevaluado es equivocada.</s>
    <s id="9">Primero, los precios que ve el viajero por lo general son más altos debido al impuesto al valor agregado (IVA), que es universal en Europa pero desconocido en los Estados Unidos.</s>
    <s id="10">Si se descuenta el IVA, que típicamente es del 15% o más, los precios en Europa son similares a los de los Estados Unidos.</s>
  </p>
  <p id="4">
    <s id="11">Segundo, los productos y servicios que el viajero adquiere son sólo una pequeña muestra de la gama de bienes y servicios que se comercializan a nivel internacional.</s>
    <s id="12">Los bienes que Europa exporta incluyen la maquinaria, productos químicos y una variedad de otros productos que los consumidores no compran directamente.</s>
    <s id="13">Para juzgar si los precios son “muy altos” al tipo de cambio actual, tendríamos que ver la balanza comercial.</s>
  </p>
  <p id="5">
    <s id="14">Alemania, el mayor exportador de Europa, tiene un superávit comercial muy grande con el resto del mundo.</s>
    <s id="15">Como las exportaciones alemanas son atractivas para los compradores extranjeros al tipo de cambio actual, Alemania fue en 2009 el segundo exportador más grande del mundo (después de China).</s>
    <s id="16">Las exportaciones de Alemania superaron sus importaciones en casi 200,000 millones de dólares en los últimos doce meses, un superávit equivalente a casi el 6% del PIB.</s>
    <s id="17">Es claro que las exportaciones netas de Alemania seguirán siendo elevadas incluso si el euro se aprecia sustancialmente respecto de su nivel actual.</s>
  </p>
  <p id="6">
    <s id="18">Los otros países de la zona euro no son tan competitivos como Alemania al tipo de cambio actual.</s>
    <s id="19">Pero la zona euro en conjunto, no obstante, ha tenido un superávit comercial de más de 30,000 millones de dólares en los últimos 12 meses.</s>
    <s id="20">Además, con el descenso significativo del euro con respecto a muchas otras monedas en el último año, la balanza comercial de Europa puede aumentar aún más en los próximos meses.</s>
    <s id="21">Para limitar ese aumento el euro debe subir.</s>
  </p>
  <p id="7">
    <s id="22">Ello me lleva al tercer y más fundamental factor, el cual es probable que haga que el euro se fortalezca sustancialmente respecto de su nivel actual: las condiciones económicas globales requieren que la zona euro tenga un déficit en cuenta corriente y comercial significativo para que se convierta en una gran importadora neta de fondos procedentes del resto del mundo.</s>
  </p>
  <p id="8">
    <s id="23">Lo anterior se explica por dos razones.</s>
    <s id="24">En primer lugar, los países productores de petróleo y China continuarán exportando mucho más de lo que importan.</s>
    <s id="25">Sus ingresos externos netos deberán ser invertidos en acciones y bonos de países extranjeros.</s>
    <s id="26">Si bien gran parte de esa inversión fluirá a los Estados Unidos, los países con excedentes desearán diversificar la inversión de estos ingresos netos nuevos.</s>
    <s id="27">La eurozona ofrece el único mercado de capital grande, además del de los Estados Unidos para tales inversiones.</s>
  </p>
  <p id="9">
    <s id="28">Pero la eurozona puede aumentar sus entradas de capital extranjero sólo si tiene un déficit en cuenta corriente, por ejemplo, si incrementa sus importaciones en relación con sus exportaciones.</s>
    <s id="29">Y eso requerirá de un euro menos competitivo –más alto respecto del dólar y otras monedas.</s>
    <s id="30">El flujo de ingresos netos por exportaciones de los productores de petróleo y otros en euros hará que suba el valor de esa divisa y permitirá que tenga lugar la transferencia de fondos.</s>
  </p>
  <p id="10">
    <s id="31">Segundo, los países que han acumulado grandes reservas de dólares cambiarán porciones sustanciales de dichas reservas a euros.</s>
    <s id="32">Los bancos centrales de Asia y Medio Oriente tradicionalmente han tenido sus reservas en dólares.</s>
    <s id="33">Eso tenía sentido cuando necesitaban que esas reservas fueran muy líquidas para poder cubrir déficit comerciales temporales.</s>
    <s id="34">Sin embargo, esos excedentes de divisas extranjeras han crecido mucho más allá del nivel necesario de reservas de emergencia.</s>
  </p>
  <p id="11">
    <s id="35">Corea del Sur y Taiwán, por ejemplo, tienen reservas de divisas extranjeras de más 250,000 millones de dólares cada uno, y las de China suman más de 2 billones de dólares.</s>
    <s id="36">Estos y otros países con grandes excedentes de divisas extranjeras están empezando a diversificar sus reservas de dólares a euros, un proceso que continuará e inevitablemente provocará una subida del euro con relación al dólar.</s>
  </p>
  <p id="12">
    <s id="37">Entonces, aunque seguiré quejándome de los precios que hay que pagar cuando viajo a Europa, entiendo que los precios que importan para el comercio son más competitivos que los precios del almuerzo.</s>
    <s id="38">También sé que las presiones complementarias sobre Europa para importar fondos, y las presiones sobre los países con superávit para diversificar sus reservas de divisas, harán el viaje a Europa cada vez más caro en términos de dólar.</s>
  </p>
</document>
