<?xml version="1.0" encoding="utf-8"?>
<document>
  <HEADLINE>
    <s id="1">Las consecuencias de la paz entre Israel y los Emiratos Árabes</s>
  </HEADLINE>
  <p id="1">
    <s id="2">TEL AVIV – El primer ministro israelí Benjamín Netanyahu celebró el acuerdo que normaliza las relaciones entre Israel y los Emiratos Árabes Unidos —que ambos países firmarán en una ceremonia en la Casa Blanca el 15 de septiembre— como un paso histórico igual a los anteriores acuerdos de paz de Israel con Egipto y Jordania.</s>
    <s id="3">El líder israelí también presumió de que el acuerdo con los EAU reivindicó su «doctrina Netanyahu» de paz a cambio de paz, en vez de tierras a cambio de paz.</s>
  </p>
  <p id="2">
    <s id="4">Broadly defined, intervention refers to actions that influence the domestic affairs of another sovereign state, and they can range from broadcasts, economic aid, and support for opposition parties to blockades, cyber attacks, drone strikes, and military invasion.</s>
    <s id="5">Which ones will the US president-elect favor?</s>
  </p>
  <p id="3">
    <s id="6">After 15 years as chancellor of the European Union's largest member state, Angela Merkel will leave the political stage later this year, creating uncertainty about what lies ahead for Germany.</s>
    <s id="7">Five recent books on the issues dominating German political debates offer some answers, but also more questions.</s>
  </p>
  <p id="4">
    <s id="8">Pero incluso lograr la paz con un país con el que Israel no comparte ninguna frontera y nunca estuvo en guerra obligó a Netanyahu a renunciar a sus planes de anexar gran parte de Cisjordania.</s>
    <s id="9">Así que, después de todo, sí hubo un factor de «tierra por paz».</s>
  </p>
  <p id="5">
    <s id="10">Más importante aún, la «doctrina» de Netanyahu prácticamente sepulta el concepto que subyace a la Iniciativa de Paz Árabe de 2002: la paz entre Israel y Palestina debe ser la precondición para normalizar las relaciones de los estados árabes con Israel.</s>
    <s id="11">La propia Liga Árabe rechazó la solicitud de los palestinos para que condene el acuerdo entre Israel y los EAU; y el pacto también señala la derrota de la visión de la izquierda israelí, que considera a Palestina como la clave para lograr la paz con el mundo árabe.</s>
  </p>
  <p id="6">
    <s id="12">A lo largo de muchas décadas de antagonismo entre árabes e israelíes, los estados árabes no han traicionado a los palestinos menos veces que los israelíes.</s>
    <s id="13">En su acuerdo de paz de 1979 con el presidente egipcio Anwar Sadat, el primer ministro israelí Menájem Beguín hizo compromisos de mucho mayor alcance sobre la cuestión palestina.</s>
    <s id="14">Ambos líderes sabían que la suya era una paz por separado impulsada por necesidades estratégicas fundamentales, como quedó demostrado por su persistencia a pesar del aumento de la ocupación y los asentamientos israelíes en tierras palestinas.</s>
  </p>
  <p id="7">
    <s id="15">¿Por qué, entonces, Mohamed bin Zayed, el gobernante de los EAU, se arriesgó a enfurecer a los traicionados palestinos normalizando las relaciones con el Estado judío?</s>
    <s id="16">En primer lugar, demostró ser un hombre con el coraje para llamar a las cosas por su nombre.</s>
    <s id="17">Los estados del Golfo, incluidos los EAU y Arabia Saudita, mantuvieron discretas relaciones de seguridad con Israel durante años.</s>
    <s id="18">En su condición de gran potencia militar y tecnológica en Oriente Medio, Israel se ha convertido en un aliado necesario para los regímenes conservadores afectados por la Primavera Árabe de 2011, la amenaza del radicalismo islámico y la creciente influencia regional iraní.</s>
  </p>
  <p id="8">
    <s id="19">Pero es principalmente el temor a que Estados Unidos se retire de la región lo que acerca a los estados árabes a Israel.</s>
    <s id="20">Vieron como el presidente estadounidense Donald Trump evitó cualquier tipo de respuesta militar directa ante el devastador ataque iraní en 2019 a las instalaciones petrolíferas de Arabia Saudita.</s>
    <s id="21">Más aún, Trump ni siquiera respondió cuando Irán derribó unos pocos meses antes un sofisticado dron de vigilancia estadounidense sobre el estrecho de Ormuz.</s>
  </p>
  <p id="9">
    <s id="22">Enjoy unlimited access to the ideas and opinions of the world's leading thinkers, including weekly long reads, book reviews, and interviews;</s>
    <s id="23">The Year Ahead annual print magazine; the complete PS archive; and more – All for less than $9 a month.</s>
  </p>
  <p id="10">
    <s id="24">La idea de que la paz con Israel también significa paz con Estados Unidos siempre fue un motivo fundamental tras la decisión de los árabes de considerar reconciliarse con el estado judío.</s>
    <s id="25">Sadat firmó el acuerdo de paz de 1979 porque deseaba cambiar la orientación estratégica de Egipto hacia la Unión Soviética y alinearse con EE.</s>
    <s id="26">UU.</s>
    <s id="27">Los 2000 millones de dólares en asistencia militar que Egipto aún recibe anualmente de EE.</s>
    <s id="28">UU. es resultado directo de esa paz.</s>
    <s id="29">Siria, el enemigo árabe acérrimo de Israel, solo se interesó por la paz después del colapso de la Unión Soviética.</s>
  </p>
  <p id="11">
    <s id="30">Los Emiratos no necesitan el dinero estadounidense, pero sí su continua participación en los asuntos de Oriente Medio.</s>
    <s id="31">Israel es la garantía de que Estados Unidos siempre estará presente y ofrece a los EAU una vía de acceso al congreso estadounidense, donde se aprueban los acuerdos de armas y paquetes financieros.</s>
  </p>
  <p id="12">
    <s id="32">La aparente decisión del gobierno de Trump de vender aviones de combate furtivos F-35 a los EAU ha sido un objetivo importante en la estrategia de paz de los emiratíes frente a Israel.</s>
    <s id="33">Estos aviones de guerra avanzados —que actualmente solo Estados Unidos e Israel poseen— garantizarán el involucramiento estadounidense en los EAU y otorgarán poder a un país pequeño con ambiciones globales y muchos enemigos.</s>
  </p>
  <p id="13">
    <s id="34">Entre esos enemigos se destacan Catar y Turquía.</s>
    <s id="35">Ambos países apoyan a la Hermandad Musulmana, némesis de los EAU, lo que explica la violenta reacción del presidente turco Recep Tayyip Erdoğan ante el acuerdo de normalización.</s>
    <s id="36">En Libia, los EAU luchan junto con Egipto y Rusia para apoyar al Ejército Nacional Libio con sede en Tobruk, liderado por el mariscal de campo Jalifa Hafter, mientras Turquía y Catar respaldan al gobierno internacionalmente reconocido en Trípoli.</s>
    <s id="37">Los EAU también intentaron frenar las incursiones turcas de represalia contra las fuerzas kurdas en el norte de Siria.</s>
  </p>
  <p id="14">
    <s id="38">Enmarcar el acuerdo entre Israel y los EAU como parte de un esfuerzo continuo para contener a Irán, como hacen Netanyahu y el gobierno de Trump, es una manera conveniente para que el acuerdo de armas de los F-35 resulte más aceptable para la opinión pública estadounidense, cada vez más aislacionista.</s>
    <s id="39">La realidad es que los EAU han seguido una estrategia prudente frente a Irán, recientemente abandonaron la coalición liderada por los sauditas en la guerra contra los representantes hutíes de Irán en Yemen, y hasta dejaron de participar en el régimen de sanciones de Trump contra Irán.</s>
  </p>
  <p id="15">
    <s id="40">Aun así, Netanyahu está en lo correcto cuando afirma que los palestinos están perdiendo su activo estratégico más importante: el poder de veto de la paz de todos los árabes con Israel.</s>
    <s id="41">Baréin ya anunció que seguirá los pasos de los EAU y muchos países árabes probablemente también lo hagan.</s>
    <s id="42">La región está cambiando y los árabes están aceptando que Israel es un actor estratégico legítimo.</s>
    <s id="43">Palestina, el supuesto epicentro de las preocupaciones de la región, se convirtió en una causa descartable.</s>
  </p>
  <p id="16">
    <s id="44">Los palestinos deben reconocer que ellos mismos generaron esta situación gracias a su rechazo en serie de las ofertas de paz en el pasado.</s>
    <s id="45">¿Cómo podían suponer que los estados árabes hipotecarían para siempre sus intereses nacionales en una región cambiante para satisfacer las inverosímiles expectativas palestinas?</s>
    <s id="46">¿No debieran alterar ahora su estrategia, detener el «boicot» a los EE.</s>
    <s id="47">UU. e incluir a Israel en la búsqueda de un plan de paz realista?</s>
  </p>
  <SOURCE TRANSLATOR="www.Ant-Translation.com" />
</document>
