<?xml version="1.0" encoding="utf-8"?>
<document>
  <HEADLINE>
    <s id="1">Es un mundo más pequeño de lo que creemos</s>
  </HEADLINE>
  <p id="1">
    <s id="2">Imagínese mirando a través de un poderoso microscopio y descubriendo que máquinas increíblemente pequeñas apartan la materia que hay alrededor de ellas, molécula por molécula, reorganizándola para hacer réplicas exactas de si mismas.</s>
    <s id="3">Las réplicas, por supuesto, harán exactamente lo mismo.</s>
    <s id="4">Después de 20 generaciones, cada máquina habrá llegado al millón de copias.</s>
    <s id="5">¿Es posible detenerlas, o se apoderarán del mundo?</s>
  </p>
  <p id="2">
    <s id="6">Esta no es una historia futurista de ciencia ficción acerca de la tecnología fuera de control.</s>
    <s id="7">Este es el mundo en que vivimos hoy en día, en donde en todos lados hay máquinas así.</s>
    <s id="8">Incontables millones de ellas habitan en las entrañas de cada ser humano.</s>
    <s id="9">Las llamamos bacterias, y se apoderaron del mundo millones de años antes de que aparecieran los humanos.</s>
    <s id="10">Las tratamos con respeto, o de lo contrario nos matan.</s>
  </p>
  <p id="3">
    <s id="11">Los evolucionistas no están seguros acerca de los progenitores de las bacterias, y no podemos repetir el experimento de la naturaleza.</s>
    <s id="12">Después de todo, la naturaleza puede darse el lujo de disponer de todo el tiempo que desee, miles de millones de años, mientras que nosotros los mortales debemos demostrar avances antes de que se nos agoten los fondos de investigación.</s>
    <s id="13">En todo caso, la más simple de las bacterias es maravillosamente compleja y sus cadenas de ADN contienen completas instrucciones sobre el metabolismo y la reproducción.</s>
  </p>
  <p id="4">
    <s id="14">No obstante, algunos biólogos creen que están a punto de crear un microbio en condiciones de laboratorio.</s>
    <s id="15">Ahora es posible fabricar largas cadenas de ADN y los científicos están identificando qué genes son esenciales.</s>
    <s id="16">Si se crea un nuevo microbio en un laboratorio, ello ocurrirá porque los científicos han aprendido cómo seguir la receta de la naturaleza.</s>
  </p>
  <p id="5">
    <s id="17">Pero ¿qué ocurriría si, en lugar de tratar de imitar a la naturaleza, se pudiera inventar una nueva forma de vida desde cero?</s>
  </p>
  <p id="6">
    <s id="18">¿Qué pasaría si esta vida estuviera más cerca de los aparatos mecánicos que los humanos saben construir, pero en una escala pequeñísima?</s>
  </p>
  <p id="7">
    <s id="19">¿Qué tan pequeña?</s>
    <s id="20">En un encuentro de la Sociedad Estadounidense de Física, en 1959, Richard Feynman, quizás el físico más admirado de nuestra época, dio una charla titulada "Hay un montón de espacio allá abajo".</s>
    <s id="21">Feynman hizo notar que, en la escala de las dimensiones atómicas, los 24 volúmenes de la Enciclopedia Británica pueden caber en la punta de un alfiler.</s>
    <s id="22">Desafió a sus colegas a que desarrollaran la capacidad de manipular y controlar cosas en esa escala.</s>
  </p>
  <p id="8">
    <s id="23">Treinta años después, los científicos de un laboratorio de la IBM en California lograron que 35 átomos de xenón, dispuestos sobre la superficie de un cristal de níquel, formaran la sigla "IBM" en letras mayúsculas.</s>
    <s id="24">Esto se logró con un Microscopio de Efecto Túnel (STM, o Scanning Tunneling Microscope), desarrollado en un laboratorio de la IBM en Zurich, cuyos inventores recibieron el Premio Nobel de física en 1986.</s>
  </p>
  <p id="9">
    <s id="25">Fue saludado como el inicio de la nanorevolución, la llegada de una tecnología a una escala mil veces menor que la del mundo de la microelectrónica.</s>
    <s id="26">En este punto, sin embargo, la palabra "revolución" parece ser una exageración.</s>
    <s id="27">Los científicos de la IBM han probado que es posible manipular átomos individuales, pero hacerlo no tiene utilidad práctica.</s>
  </p>
  <p id="10">
    <s id="28">En 1996, Richar Smalley de la Universidad Rice recibió el Premio Nobel de química por el descubrimiento de los fullerenos, hermosas estructuras de carbono a escala nanométrica con notables propiedades y muchas aplicaciones potenciales.</s>
    <s id="29">Todavía no hay productos a nanoescala en el mercado, pero los gobiernos de todo el mundo están dedicando grandes presupuestos de investigación al poder de la nanotecnología, con la esperanza de transformar el mundo tan profundamente como lo hizo la revolución de la microelectrónica.</s>
  </p>
  <p id="11">
    <s id="30">De hecho, el libro Engines of Creation: The Coming Era of Nanotechnology , publicado en 1986 por el futurista K. Eric Drexler argumenta que la manera de manipular cosas con precisión atómica es a través de máquinas a nanoescala.</s>
    <s id="31">Drexler es presidente del Foresight Institute, dedicado a preparar al mundo para la revolución de la nanotecnología.</s>
    <s id="32">Ve un mundo en que robots autoreplicantes, increíblemente pequeños, a los cuales llama "ensambladores", harán todo el trabajo al guiar reacciones químicas mediante el posicionamiento de moléculas reactivas con precisión atómica.</s>
    <s id="33">Con las materias primas adecuadas, los ensambladores se podrían programar para hacer cualquier cosas que necesitáramos, incluyendo más ensambladores.</s>
  </p>
  <p id="12">
    <s id="34">¿Pero hay un lado oscuro de la nanotecnología?</s>
    <s id="35">Como pregunta Richard Smalley, ¿qué puede detener la autoreplicación de los nanorobots hasta que "la tierra se convierta en una masa indiferenciada de jalea gris"?</s>
    <s id="36">Esto preocupa a suficiente gente, incluyendo al Príncipe Carlos en el Reino Unido, al punto tal que han habido llamados a que se prohíba la investigación futura en el campo de la nanotecnología.</s>
    <s id="37">Pero hacer esto sería un grave error.</s>
  </p>
  <p id="13">
    <s id="38">En primer lugar, la jalea gris es un peligro puramente imaginario.</s>
    <s id="39">No hay ensambladores, y nadie sabe realmente cómo crearlos.</s>
    <s id="40">Y, si existieran, enfrentarían las mismas limitaciones que las bacterias con que comenzamos este artículo: no pueden viajar grandes distancias sin un vehículo que las transporte, y simplemente se les acabaría la materia prima.</s>
  </p>
  <p id="14">
    <s id="41">Más aún, los ensambladores no son la única manera de manipular cosas a una escala atómica.</s>
    <s id="42">En la actualidad no existe investigación financiada por gobiernos que esté apuntando hacia la creación de ensambladores.</s>
    <s id="43">Los científicos que inventaron el STM no estaban tratando de crear ensambladores y nunca escucharon hablar de K. Eric Drexler.</s>
    <s id="44">Sólo estaban tratando de comprender la física básica de superficies.</s>
    <s id="45">Parece ser que proyectarse al futuro no requiere de la ayuda de los futuristas.</s>
  </p>
</document>
