<?xml version="1.0" encoding="utf-8"?>
<document>
  <HEADLINE>
    <s id="1">El largo corto plazo</s>
  </HEADLINE>
  <p id="1">
    <s id="2">BERKELEY – Antes de 2008 enseñaba a mis estudiantes que la economía de los Estados Unidos era flexible.</s>
    <s id="3">Tenía empleadores dispuestos a arriesgarse y contratar trabajadores desempleados que serían productivos; y tenían empleados dispuestos a aprovechar la oportunidad, o intentar algo nuevo a fin de conseguir un empleo.</s>
    <s id="4">Mientras los empleadores y trabajadores emprendedores se arriesgaran, la oferta crearía su propia demanda.</s>
  </p>
  <p id="2">
    <s id="5">Sí, yo solía señalar que las sacudidas adversas al gasto en efecto podrían crear desempleo masivo y capacidad no utilizada, pero sus efectos se limitarían a uno, dos o máximo tres años.</s>
    <s id="6">Y cada año, una vez terminada la desaceleración inicial, la economía estadounidense recuperaría aproximadamente 40% del terreno entre su situación actual y su potencial de pleno empleo.</s>
  </p>
  <p id="3">
    <s id="7">La duración del corto plazo keynesiano (y monetarista), decía yo que era de 0 a 2 años.</s>
    <s id="8">Cuando se analizaban eventos en un horizonte de tres a siete años, uno podía asumir sin duda un modelo “clásico”: la economía regresaría al pleno empleo, mientras que los cambios en política y en el entorno económico alterarían la distribución pero no el nivel del gasto, la producción y el empleo.</s>
    <s id="9">Más allá de siete años era la esfera del crecimiento económico y las instituciones económicas.</s>
  </p>
  <p id="4">
    <s id="10">Ahora se ha revelado que todo esto está mal, al menos por ahora, si no es que en el pasado o el futuro.</s>
    <s id="11">Desde principios de los años noventa, Japón ofrece evidencias contundentes de que el corto plazo puede durar décadas y luego vendría no un retorno a la vieja normalidad sino una transición hacia una nueva normalidad en la que una nueva depresión de corto plazo keynesiana tiene consecuencias duraderas.</s>
    <s id="12">Lo que hemos visto desde 2008 es que Japón no es la excepción.</s>
  </p>
  <p id="5">
    <s id="13">El marco obligado para analizar estas cuestiones es uno muy viejo: el marco de Geldzins und Guterpreis (“Interés y precios”) de Knut Wicksell que trata de la tasa de interés natural y la de mercado.</s>
    <s id="14">El argumento es que en cualquier economía hay una tasa de interés de mercado determinada por el sistema financiero, y hay una tasa de interés natural –el valor al que los ahorros deseados en condiciones de pleno empleo son iguales a la inversión deseada en condiciones de pleno empleo, y en el que la economía en general no busca ni apalancamiento ni desapalancamiento.</s>
  </p>
  <p id="6">
    <s id="15">Si la economía en general desea un mayor apalancamiento, el resultado es un boom inflacionario.</s>
    <s id="16">Si la economía en general desea un desapalancamiento, lo que sigue es una depresión.</s>
    <s id="17">Es entonces cuando debe intervenir el banco central en el sistema bancario a fin de presionar la tasa de interés de mercado hacia la tasa de interés natural, equilibrando así la economía a pleno empleo sin una inflación excesiva.</s>
  </p>
  <p id="7">
    <s id="18">El problema ahora es que la tasa de interés natural –es decir, la tasa de interés nominal segura y líquida de los valores a corto plazo del Tesoro estadounidense– es inferior a cero.</s>
    <s id="19">Por ende, el banco central no puede presionar la tasa de interés de mercado en esa dirección.</s>
    <s id="20">Hasta que algo pase y provoque el aumento de la tasa de interés natural, estaremos estancados en una economía en recesión.</s>
  </p>
  <p id="8">
    <s id="21">Algunos señalan que el causante de esta situación es el ahorro mundial excesivo y exigen que disminuya.</s>
    <s id="22">Pero si estuviéramos en periodo de pleno empleo, admitiríamos que el mundo sigue teniendo enormes oportunidades de crecimiento, y que sacrificar el futuro crecimiento a cambio de bienestar actual es la segunda mejor opción.</s>
  </p>
  <p id="9">
    <s id="23">Otros señalan que el causante es la escasez de inversión mundial debido a falta de oportunidades tecnológicas.</s>
    <s id="24">Sin embargo, dado que este punto de vista se expresa cada que hay una depresión profunda, parece ser un efecto del estancamiento económico, y no una causa de él.</s>
  </p>
  <p id="10">
    <s id="25">Con todo, otros dicen que el problema se autocorregiría, al menos en los Estados Unidos, si la meta de inflación anual se aumentara de 2% a 5%, porque una pérdida de esa magnitud del poder adquisitivo real que acumulan en efectivo las personas induciría la necesidad de estimular la inversión real.</s>
    <s id="26">Yo pienso que tal vez es correcto, pero banqueros centrales anteriores como Paul Volcker y Alan Greenspan advertirían que una meta de inflación de 5% sería insostenible en última instancia.</s>
    <s id="27">Las personas pueden estar conformes con una meta estable de 2% (que es muy baja y no se nota), pero una inflación anual de 5% aumentaría al final a 10%, y 10% en algún momento iría hasta 20%, y después los Estados Unidos enfrentarían otra recesión profunda, como en 1982, o incluso alternativas más desagradables.</s>
  </p>
  <p id="11">
    <s id="28">Finalmente, de acuerdo con un cuarto grupo de economistas que encabeza Ricardo Caballero del MIT, el problema es la escasez mundial de activos seguros.</s>
    <s id="29">Este punto de vista se traduce en políticas destinadas a movilizar la capacidad de absorción de riesgos financieros de la sociedad, y el uso del sector público para esquivar las fuerzas del tiempo e ignorancia que inhiben la voluntad de hacer inversiones riesgosas.</s>
  </p>
  <p id="12">
    <s id="30">Así pues, tenemos cuatro teorías, todas propugnadas por economistas inteligentes, reflexivos y muy dedicados.</s>
    <s id="31">En un mundo mejor, el debate sofisticado en una esfera pública vibrante dará forma a la política económica.</s>
    <s id="32">En este mundo como es, todos somos Japón de la primera parte de los años noventa y nos esperan dos o más décadas de crecimiento económico perdido.</s>
  </p>
  <SOURCE TRANSLATOR="Kena Nequiz" />
</document>
