<?xml version="1.0" encoding="utf-8"?>
<document>
  <HEADLINE>
    <s id="1">Se Vende Parque Jurásico</s>
  </HEADLINE>
  <p id="1">
    <s id="2">Un gran día de septiembre pasado, Icarosaurus, un famoso fósil de un reptil del periodo Triasico que había ocasionado gran excitación en las salas del American Museum of Natural History una década antes, fue traído de vuelta a Nueva York para encontrar la paz.</s>
    <s id="3">Su regreso fue un triunfo para el museo, pero también una llamada de atención a la educación pública y la ciencia mundiales.</s>
    <s id="4">A menos que se tomen medidas pertinentes, los fósiles seguirán siendo vendidos a quien dé más por ellos.</s>
    <s id="5">Tristemente, Estados Unidos (EU) no es el único país que tiene este problema.</s>
  </p>
  <p id="2">
    <s id="6">La historia inicia en 1961, cuando tres adolescentes recorrían las Empalizadas de New Jersey, los acantilados que bordean el río Hudson al otro lado de Nueva York, buscando fósiles.</s>
    <s id="7">Se estaba ampliando y nivelando una vieja cantera.</s>
    <s id="8">Los muchachos siguieron un bulldozer conforme retiraba la tierra sobrante para revelar la frágil pizarra que había debajo, que contenía fósiles.</s>
    <s id="9">Un día encontraron los restos de un antiguo reptil, único en su clase, que tenía largas costillas que le permitían deslizarse entre los árboles.</s>
  </p>
  <p id="3">
    <s id="10">Los chicos llevaron el espécimen al American Museum, en donde el curador reconoció el valor del descubrimiento y nombró al reptil en honor de uno de los jóvenes.</s>
    <s id="11">Tres décadas después, uno de ellos, para entonces ya un hombre, se enfermó y necesitaba dinero, por lo que pidió una compensación al museo.</s>
    <s id="12">Cuando las personas del museo se rehusaron a satisfacer su multimillonaria petición, él amenazó con tomar medidas legales y les recordó que el espécimen estaba sólo en préstamo.</s>
    <s id="13">Los papeles le dan la razón.</s>
    <s id="14">Así, el museo dejó ir al Icarosaurus.</s>
  </p>
  <p id="4">
    <s id="15">El fósil se puso a la venta al mejor postor.</s>
    <s id="16">Después de casi diez años, como ningún museo ni comprador privado le llegó al precio, el hombre decidió subastar al Icarosaurus, un asunto que tuvo un grave impacto en el mundo de la paleontología.</s>
  </p>
  <p id="5">
    <s id="17">¿En qué ocasiones deberían los individuos tener el derecho de comprar un fósil de tal índole?</s>
    <s id="18">Los jóvenes que encontraron el espécimen no eran dueños de la cantera en donde lo hayaron.</s>
    <s id="19">Entonces ¿por qué "tienen derechos" sobre él?</s>
    <s id="20">¿Por qué no pertenece a todos?</s>
    <s id="21">¿Por qué no ponerlo en una institución pública en donde los científicos puedan estudiarlo y la gente pueda admirarlo siempre?</s>
  </p>
  <p id="6">
    <s id="22">La política estadounidense para artículos fósiles es tomada por sorpresa con mayor frecuencia que las aplicadas por la mayoría de los países tercermundistas.</s>
    <s id="23">Innumerables esqueletos de dinosaurios y fósiles de mamíferos y peces pasan por las aduanas de los aeropuertos cada año y son vendidos al mejor postor a nivel mundial.</s>
    <s id="24">Grandes grupos de comerciantes internacionales de fósiles visitan el oeste de EU y aspiran todo a su paso, incluyendo ornitópodos y ceratópsidos o cualquier cosa que pueda venderse.</s>
    <s id="25">Estos comerciantes pagan a los dueños de ranchos para obtener derechos exclusivos de recolección en sus terrenos, desplazando a los paleontólogos de las tierras en las que han trabajado por décadas y arruinando los programas de investigación y las disertaciones académicas que son financiadas por el gobierno.</s>
  </p>
  <p id="7">
    <s id="26">Se extraen huesos fósiles y arman esqueletos, con frecuencia sin tener la precisión necesaria.</s>
    <s id="27">Algunos son cortados y tallados para usarlos como carátulas de relojes, baratijas o recuerdos.</s>
    <s id="28">Si fueran árboles podríamos plantar más.</s>
    <s id="29">Pero el Parque Jurásico es mera ficción; no habrá más dinosaurios.</s>
  </p>
  <p id="8">
    <s id="30">El Icarosaurus fue rescatado del grupo de la subasta por un hombre de negocios de ideas filantrópicas y conservacionistas que se horrorizó ante la posibilidad de que los tesoros de tal valor no estuvieran a disposición de la ciencia y la educación.</s>
    <s id="31">Los individuos de ese tipo no deberían ser el basamento de la preservación de la herencia natural.</s>
  </p>
  <p id="9">
    <s id="32">Estados Unidos no está solo en este problema.</s>
    <s id="33">Los fósiles de China, Argentina, Brasil y muchos otros países también están terminando en los mercados, en las convenciones de fósiles y en manos de negociantes via Internet.</s>
    <s id="34">Una forma de controlar esta oleada es la cooperación internacional; otra, aplicar leyes internas más estrictas.</s>
    <s id="35">Las prácticas son distintas según el país y a veces incluso según las regiones dentro de los países.</s>
    <s id="36">En Bavaria, por ejemplo, no hay leyes aplicables a la propiedad de fósiles encontrados en tierras privadas.</s>
    <s id="37">Pero en Baden-Württenberg el gobierno paga una cantidad establecida a los propietarios de tierras por los especímenes importantes, los cuales deben entregarse al Estado.</s>
  </p>
  <p id="10">
    <s id="38">Los recolectores comerciales de fósiles están intentando comprar tierras públicas en EU -parques nacionales y zonas inhabitadas- que están tan abiertas a los negocios como las privadas.</s>
    <s id="39">¿Por qué habrían de ser estas personas las que decidan el futuro de los recursos naturales irremplazables?</s>
    <s id="40">¿Cuáles son los límites para la propiedad de la tierra cuado el legado de la naturaleza está en juego?</s>
    <s id="41">La explotación comercial de las tierras públicas debería seguir siendo prohibida.</s>
    <s id="42">Los valiosos especímenes científicos, sin importar quién sea el dueño de la tierra, no deberían estar a disposición de aquellos quienes ven sólo símbolos de dólar en la naturaleza.</s>
  </p>
  <p id="11">
    <s id="43">Ahora bien, los recolectores comerciales podrían trabajar en conjunto con los científicos y con el público general.</s>
    <s id="44">Podrían extraer especímenes en tierras privadas -en las públicas también, bajo cotrol- supervisados por los científicos que saben leer la importante información que brindan las rocas localizadas alrededor del espécimen acerca de la vida de éste.</s>
    <s id="45">Los especímenes originales o únicos en su clase podrían ser enviados a los museos para que se les dé un cuidado continuo (los especímenes comunes o incompletos podrían seguir vendiéndose).</s>
  </p>
  <p id="12">
    <s id="46">Los hombres de negocios podrían hacer moldes y armar esqueletos y vender tanto unos como otros a los museos, las escuelas, las compañías y los centros comerciales.</s>
    <s id="47">De esta manera todos saldrían beneficiados, el público podría obtener un poco de la historia de la vida y el legado natural sería preservado.</s>
    <s id="48">Está por verse si los recolectores comerciales accederán a un plan como ese sin presión legal.</s>
    <s id="49">Así, los científicos, los educadores y el público internacional deben mantenerse firmes en contra de la explotación comercial de tierras públicas y presionar para la creación de leyes y tratados dirigidos a detener el flujo de valiosos fósiles a traves de las fronteras, tanto las físicas como las del sentido común.</s>
  </p>
</document>
