<?xml version="1.0" encoding="utf-8"?>
<document>
  <HEADLINE>
    <s id="1">Cómo librarse del hábito del petróleo</s>
  </HEADLINE>
  <p id="1">
    <s id="2">La canciller Angela Merkel convirtió el tratamiento del cambio climático en una alta prioridad en la agenda de Alemania para sus presidencias de la UE y del G8, que comienzan en enero.</s>
    <s id="3">He aquí una propuesta concreta, lo suficientemente general para que los líderes mundiales la consideren y la acepten, y lo suficientemente clara para que otros gobiernos y empresas la entiendan: nada más que fijar una fecha, en la próxima cumbre del G8, a partir de la cual los autos alimentados a petróleo ya no puedan circular más en los principales países industrializados.</s>
  </p>
  <p id="2">
    <s id="4">Una decisión de esta naturaleza tendría un impacto económico y geopolítico altamente positivo.</s>
    <s id="5">La verdadera causa de las preocupaciones de hoy en materia de energía no es la caída de las reservas mundiales de petróleo, sino más bien que la producción de petróleo interna de los grandes consumidores -Europa, Estados Unidos y China- decaerá en el preciso momento en que la creciente demanda asiática sature el mercado.</s>
    <s id="6">Las reservas disponibles se concentrarán cada vez más en Oriente Medio, sencillamente porque la oferta en el resto de las regiones se agotará antes.</s>
  </p>
  <p id="3">
    <s id="7">Es más, los principales exportadores de petróleo no están dispuestos a subordinar sus políticas de inversión a los requerimientos del mercado.</s>
    <s id="8">Arabia Saudita intenta manejar su producción petrolera de manera independiente, mientras que Irán asusta a los potenciales inversores con sus obstáculos burocráticos y su corrupción.</s>
    <s id="9">Irak padece una falta de seguridad y los inversores extranjeros en Rusia encuentran impedimentos a cada paso.</s>
    <s id="10">Esos cuatro estados albergan la mitad de las reservas petroleras comprobadas del mundo y las dos terceras partes de lo que potencialmente se podría exportar.</s>
    <s id="11">Todo esto, no los costos de producción, es la razón central de los elevados precios del petróleo y las peleas por cerrar contratos petroleros en Asia central y Africa.</s>
  </p>
  <p id="4">
    <s id="12">Creer que los elevados precios del petróleo son buenos porque sirven al medio ambiente es ignorar algunos datos básicos de la política internacional.</s>
    <s id="13">Primero, en muchos de los países africanos y asiáticos más pobres, las importaciones de petróleo representan una porción significativamente mayor del gasto nacional que en los países industrializados, lo que implica que el crecimiento económico y el desarrollo social están en peligro, al mismo tiempo que acechan nuevas crisis de deuda.</s>
  </p>
  <p id="5">
    <s id="14">Las rentas de la producción de petróleo dificultan las reformas en los principales países exportadores.</s>
    <s id="15">Gracias a su lubricada fortaleza financiera, regímenes como los de Venezuela e Irán cada vez se sienten menos restringidos por las reglas internacionales.</s>
    <s id="16">Los recién llegados al universo de las naciones consumidoras, como es el caso de China, imitan los antiguos hábitos del Occidente industrializado, con su largo historial de pasar por alto los abusos de los derechos humanos a fin de poder asegurar acuerdos lucrativos con regímenes autoritarios y ricos en petróleo.</s>
  </p>
  <p id="6">
    <s id="17">Sólo los pesos pesados políticos y económicos del mundo, los principales países industrializados que siguen siendo, por lejos, los mayores consumidores de hidrocarburos, pueden iniciar un cambio a nivel global.</s>
    <s id="18">El cambio debe comenzar por el sector del transporte, que representa más de la mitad del consumo actual de petróleo –una proporción que probablemente aumente en el futuro.</s>
  </p>
  <p id="7">
    <s id="19">Por lo tanto, los países del G8 deberían ponerse de acuerdo para impedir que circule todo automóvil alimentado a petróleo del 2025 en adelante.</s>
    <s id="20">Esta decisión no apuntaría contra la movilidad individual, sino contra la disipación de un recurso escaso que se necesita con más urgencia para producir materiales sintéticos.</s>
  </p>
  <p id="8">
    <s id="21">Los líderes políticos no deberían privilegiar ninguna tecnología en particular.</s>
    <s id="22">Es más, deberían ofrecerle a la industria automotriz incentivos para desarrollar tecnologías alternativas que se basen en combustible de biomasa, hidrógeno y hasta gas natural durante un período de transición.</s>
    <s id="23">Los países líderes desde un punto de vista político les ofrecerán a las industrias internas, como un beneficio colateral, una posición de liderazgo en materia de tecnología energética, asegurando mercados futuros.</s>
  </p>
  <p id="9">
    <s id="24">Llegado el caso, la esperada reducción significativa de las emisiones de dióxido de carbono podría traer aparejado el punto de inflexión necesario en las políticas internacionales en materia de clima.</s>
    <s id="25">Pero también entra en juego el desarrollo económico: curar nuestra “adicción” al petróleo le dejaría más petróleo a los países más pobres, menos desarrollados y recientemente industrializados, al mismo tiempo que forzaría la caída de los precios y aliviaría la competencia geopolítica por la energía.</s>
  </p>
  <p id="10">
    <s id="26">Desde un punto de vista geopolítico, los beneficios serían igualmente obvios, ya que se reduciría marcadamente la capacidad de los principales exportadores de petróleo de chantajear a los países industrializados.</s>
    <s id="27">Esto podría aumentar el poder de negociación de la comunidad internacional en Oriente Medio, y podría fortalecer a las fuerzas sociales en países como Arabia Saudita, Irán y Rusia que seriamente desean promover la reforma política y económica desde adentro.</s>
  </p>
  <p id="11">
    <s id="28">Por ser un país tecnológicamente avanzado y uno de los principales productores de automóviles, Alemania está en condiciones de proponer una iniciativa de esta naturaleza.</s>
    <s id="29">Merkel, que tiene un doctorado en física e inició su carrera política siendo ministra de Medio Ambiente (presidiendo en 1995 la primera conferencia de la Convención Marco de las Naciones Unidas sobre el Cambio Climático), puede tener más credibilidad a la hora de abordar esta cuestión que cualquiera de sus colegas de la UE y del G8.</s>
    <s id="30">Llegó la hora de una muestra valiente de liderazgo.</s>
  </p>
</document>
