<?xml version="1.0" encoding="utf-8"?>
<document>
  <HEADLINE>
    <s id="1">La débil recuperación económica de América Latina</s>
  </HEADLINE>
  <p id="1">
    <s id="2">BOGOTÁ – América Latina llegó al final de su quinto año consecutivo de crecimiento económico anémico.</s>
    <s id="3">Entre 2014 y 2018 el PIB regional creció un 0,5% en promedio, a un ritmo más lento que durante los primeros cinco años de la crisis de la deuda latinoamericana (1981-85) y los cinco que siguieron a la crisis financiera asiática de 1997 (1998-2002).</s>
    <s id="4">Se puede decir que América Latina ha sufrido una "media década perdida".</s>
  </p>
  <p id="2">
    <s id="5">Mientras que algunas economías pequeñas han logrado tasas de crecimiento anual que superan el 4% -en concreto Panamá y República Dominicana y, en menor medida, Bolivia y Paraguay-, las grandes economías de América Latina han experimentado dificultades.</s>
    <s id="6">Venezuela, en particular, ha sufrido no solo el colapso más agudo de ninguna economía latinoamericana en la historia, sino también la hiperinflación más grave.</s>
    <s id="7">(Otras cinco economías latinoamericanas han padecido hiperinflación en el pasado).</s>
  </p>
  <p id="3">
    <s id="8">Luego está Argentina, que en 2018 enfrentó una crisis monetaria, una corrida contra el peso y una inflación de dos dígitos, y tuvo que asegurar un rescate del Fondo Monetario Internacional por un total de más de $ 57 mil millones, el más grande que el FMI ha desembolsado, para ayudar apuntalar sus finanzas.</s>
    <s id="9">En los últimos cinco años, Brasil también sufrió su recesión más profunda, de la que está emergiendo muy lentamente.</s>
    <s id="10">México, por su parte, ha mantenido un registro de crecimiento mediocre durante décadas.</s>
  </p>
  <p id="4">
    <s id="11">Incluso los que tuvieron un desempeño relativamente fuerte en el pasado, como Chile y Colombia, han luchado con un lento crecimiento económico en los últimos cinco años.</s>
    <s id="12">Perú, que se destacó entre las economías grandes y medianas del mundo por su sólido desempeño a principios del siglo XXI, no ha podido recuperar el fuerte crecimiento.</s>
  </p>
  <p id="5">
    <s id="13">La buena noticia es que las perspectivas económicas de América Latina parecen estar mejorando, aunque la recuperación será lenta.</s>
    <s id="14">La Comisión Económica para América Latina y el Caribe de la ONU ha proyectado recientemente una tasa de crecimiento promedio de 1.7% para 2019, medio punto porcentual menos que lo que el FMI había proyectado hace solo dos meses.</s>
  </p>
  <p id="6">
    <s id="15">Aunque se espera que la recuperación de Brasil continúe, el crecimiento se verá limitado por la necesidad de abordar los desequilibrios fiscales, mientras que el crecimiento de México seguirá siendo lento.</s>
    <s id="16">En ambos países, los grandes cambios políticos que acompañan a sus nuevos presidentes generan obvias incertidumbres.</s>
  </p>
  <p id="7">
    <s id="17">Las economías grandes y medianas que obtendrán mejores resultados son Perú, Colombia y Chile, posiblemente en ese orden, aunque sus tasas de crecimiento seguirán siendo mucho más bajas que durante el auge de las materias primas de 2004-2013.</s>
    <s id="18">Los de peor desempeño serán Argentina, donde continuará la recesión, y Venezuela, que no muestra signos de escapar de su difícil situación en el corto plazo.</s>
  </p>
  <p id="8">
    <s id="19">La debilidad de la recuperación de América Latina es en parte resultado de un entorno internacional poco favorable.</s>
    <s id="20">El crecimiento se está desacelerando en los principales países desarrollados, así como en China.</s>
    <s id="21">El proteccionismo está en aumento, con Estados Unidos y China en una intensa guerra comercial, cuyas consecuencias se transmitirán a América Latina principalmente a través de la desviación del comercio.</s>
  </p>
  <p id="9">
    <s id="22">Además, los precios de las materias primas, que comenzaron a recuperarse en 2016 de su colapso en años anteriores, han vuelto a caer en los últimos meses.</s>
    <s id="23">Los precios del petróleo, que aumentaron considerablemente, alcanzaron su punto máximo en octubre y han caído desde entonces.</s>
  </p>
  <p id="10">
    <s id="24">Finalmente, los flujos de capital se han desacelerado, mientras que sus costos han aumentado debido al aumento de las tasas de interés en Estados Unidos -en una tendencia que probablemente continuará-, y al aumento de los márgenes de riesgo.</s>
    <s id="25">Afortunadamente, como he argumentado anteriormente, no hay signos de una "interrupción súbita" en el financiamiento externo, lo que provocó una catástrofe durante la crisis de la deuda de la década de 1980 y después de la crisis financiera asiática de 1997.</s>
  </p>
  <p id="11">
    <s id="26">La solución a los problemas económicos de los países latinoamericanos radica en reformas profundas, aunque no necesariamente en reformas de mercado, que tienen en las últimas décadas un historial relativamente pobre en términos de generar rápido crecimiento.</s>
    <s id="27">Entre 1950 y 1980, cuando América Latina experimentó una rápida industrialización, la tasa de crecimiento promedio fue del 5,5% anual.</s>
    <s id="28">Sin embargo, desde 1990, después de la crisis de la deuda de la década de 1980, la región ha logrado un crecimiento anual de tan solo el 2,8%.</s>
  </p>
  <p id="12">
    <s id="29">La rápida y prematura desindustrialización que ha experimentado América Latina desde la década de 1980 es clave para entender esta situación.</s>
    <s id="30">De hecho, la desaceleración a largo plazo más significativa se ha producido en Brasil y México, las dos economías más grandes de la región y las que aportaron las principales historias de éxito de la industrialización.</s>
  </p>
  <p id="13">
    <s id="31">Ante esto, América Latina debe buscar reformas que apoyen la producción industrial, incluso mientras continúa explotando su fuerte ventaja comparativa en recursos naturales, una ventaja que ha propiciado unos lazos cada vez más estrechos con China.</s>
    <s id="32">Dichas reformas deberían incluir una mayor inversión en infraestructura, que, según CAF –el Banco de Desarrollo de América Latina-, actualmente representa aproximadamente la mitad de lo que necesita la región.</s>
  </p>
  <p id="14">
    <s id="33">En un momento de rápido cambio tecnológico, América Latina también necesita invertir mucho más en investigación y desarrollo.</s>
    <s id="34">La UNESCO informa que la región actualmente gasta solo alrededor del 0,7% del PIB en I + D, en comparación con el 2,1% en Asia oriental y el 2,4% en países de ingresos altos (OCDE).</s>
  </p>
  <p id="15">
    <s id="35">Finalmente, América Latina debe consolidar sus procesos de integración regional.</s>
    <s id="36">Sin duda, ha habido algunos éxitos, especialmente la Alianza del Pacífico (con Chile, Colombia, México y Perú como miembros de pleno derecho).</s>
    <s id="37">La integración centroamericana también ha hecho un progreso constante.</s>
    <s id="38">Pero los dos mayores proyectos de integración sudamericanos, Mercosur y la Comunidad Andina, no han logrado últimamente salvar las divisiones políticas entre sus miembros.</s>
  </p>
  <p id="16">
    <s id="39">Con el enfoque correcto, América Latina podría mejorar considerablemente sus perspectivas económicas, evitando potencialmente otra media década perdida.</s>
    <s id="40">La pregunta es si reunirá la voluntad política para tomar las medidas necesarias.</s>
  </p>
</document>
