<?xml version="1.0" encoding="utf-8"?>
<document>
  <HEADLINE>
    <s id="1">Una estrategia para los liberales</s>
  </HEADLINE>
  <p id="1">
    <s id="2">PARÍS – ¿Ha ganado el populismo?</s>
    <s id="3">Sería fácil concluir que sí lo ha hecho, especialmente a la luz de lo que está sucediendo en el corazón de Europa.</s>
    <s id="4">Italia, uno de los primeros defensores de la integración europea, ahora está liderada por una coalición populista con un índice de aprobación del 61%, mientras que el presidente de Francia, Emannuel Macron, alguna vez considerado el antídoto del populismo, ha visto caer su popularidad al 29% -el nivel más bajo desde que asumió en 2017.</s>
  </p>
  <p id="2">
    <s id="5">Y, sin embargo, la batalla entre el “partido de la razón” y el “partido de la emoción” –progresistas versus populistas- está lejos de haber acabado.</s>
    <s id="6">El populismo todavía puede ser derrotado, pero sólo si sus opositores admiten lo obvio: necesitan una nueva estrategia.</s>
  </p>
  <p id="3">
    <s id="7">Cinco temas deberían guiar cualquier revisión estratégica.</s>
    <s id="8">El primero es la responsabilidad.</s>
    <s id="9">Las llamadas elites que se preocupan por preservar la democracia y por el estado de derecho deben aprender a lidiar con la furia, el miedo y la desesperación que han asolado a los votantes desde la crisis financiera de 2008-2009.</s>
    <s id="10">Ha pasado una década desde el estallido de la Gran Recesión y todavía no se han abordado sus causas de manera apropiada.</s>
  </p>
  <p id="4">
    <s id="11">Demasiados líderes políticos, financieros y empresariales dan la impresión de que lo único que importa para una economía es el crecimiento agregado.</s>
    <s id="12">Pero en un mundo globalizado y transparente, la creciente brecha entre los ricos y los pobres importa más.</s>
    <s id="13">La desigualdad, especialmente cuando va de la mano de la corrupción, es devastadora para el status quo.</s>
  </p>
  <p id="5">
    <s id="14">Es por este motivo que la justicia –el segundo tema de una nueva estrategia política- es tan crítica.</s>
    <s id="15">Sin justicia económica, los electorados siempre le echarán la culpa de sus males al partido en el poder.</s>
    <s id="16">Fue precisamente este razonamiento el que llevó a la elección del presidente Donald Trump en Estados Unidos.</s>
  </p>
  <p id="6">
    <s id="17">El tercer tema es la unidad.</s>
    <s id="18">Dicho simplemente, los progresistas deben ofrecer una alternativa viable a la división del populismo.</s>
    <s id="19">A fines de los años 1990, Madeleine Albright, entonces secretaria de Estado norteamericana, instó a los gobiernos de Europa a respaldar una “alianza de democracias” que reforzaría los valores occidentales después de la caída del Muro de Berlín y el colapso de la Unión Soviética.</s>
    <s id="20">Muchos países respondieron a Estados Unidos entonces; necesitamos una promesa similar para la unidad hoy.</s>
  </p>
  <p id="7">
    <s id="21">Desafortunadamente, también necesitamos un nuevo liderazgo global.</s>
    <s id="22">Estados Unidos está en retirada, Italia sufre un retroceso y Gran Bretaña se perdió en la niebla del Brexit, de modo que las responsabilidades de construir una alianza recaerán en otros actores.</s>
    <s id="23">Una opción es el llamado club de los cuatro del G-7 –Francia, Alemania, Canadá y Japón-.</s>
    <s id="24">Si se pretende frenar la propagación del autoritarismo y del antiliberalismo, estas democracias liberales deben asumir la responsabilidad de renovar la visión de Albright.</s>
  </p>
  <p id="8">
    <s id="25">Cuarto, las democracias deben hablar con más claridad.</s>
    <s id="26">Por ejemplo, ¿cómo podría el club de los cuatro defender y promover los valores liberales?</s>
    <s id="27">Cuestiones como la migración son universales, pero la vaguedad política y la jerga tecnócrata muchas veces enturbian el debate público.</s>
    <s id="28">Si el liberalismo pretende ganarle al populismo en el terreno de la razón, los votantes tienen que poder entender lo que están ofreciendo los liberales.</s>
  </p>
  <p id="9">
    <s id="29">Finalmente, las fuerzas anti-populistas necesitan coraje.</s>
    <s id="30">Sin él, ninguna dosis de responsabilidad, justicia, unidad o claridad revertirá la ola populista.</s>
    <s id="31">Por ejemplo, Macron debería ser elogiado por su voluntad de oponerse a la política del odio abrazada por el viceprimer ministro de Italia, Matteo Salvini, o por el primer ministro de Hungría, Viktor Orbán.</s>
    <s id="32">Pero el verdadero coraje para Macron residiría en adoptar políticas que se correspondan con su retórica.</s>
    <s id="33">La migración, que se está perfilando como la cuestión definitoria de las próximas elecciones europeas de mayo, sería el lugar obvio para empezar.</s>
  </p>
  <p id="10">
    <s id="34">¿Quién podría haber previsto que 75 años después de la caída del fascismo en Italia ahora tendríamos un líder en Roma que actúa como Mussolini?</s>
    <s id="35">¿O que en Alemania –y particularmente en el este excomunista del país- regresaría el sentimiento de “pogrom” contra los extranjeros?</s>
    <s id="36">¿O que, en Suecia, la extrema derecha ganaría respaldo denigrando a los judíos?</s>
  </p>
  <p id="11">
    <s id="37">El historiador británico A.J.P Taylor tenía una opinión cínica de la capacidad de la gente para aprender de sus errores.</s>
    <s id="38">“La historia no puede enseñarnos nada ya que contiene todo, con una excepción”, escribió una vez –“no se debería invadir Rusia al final del verano”.</s>
    <s id="39">Y, sin embargo, la humanidad parece que siempre es atraída por el frío.</s>
  </p>
  <p id="12">
    <s id="40">Los líderes liberales de hoy pueden probar que Taylor estaba equivocado.</s>
    <s id="41">Todavía se puede derrotar al populismo.</s>
    <s id="42">Pero para ganar en el clima político actual, las fuerzas democráticas tendrán que adoptar una nueva narrativa.</s>
  </p>
</document>
