<?xml version="1.0" encoding="utf-8"?>
<document>
  <HEADLINE>
    <s id="1">De tal palo, tal astilla</s>
  </HEADLINE>
  <p id="1">
    <s id="2">LONDRES – “El enemigo de ayer es el amigo de hoy... fue una verdadera guerra, pero esos hermanos son hombres libres ahora”.</s>
    <s id="3">Así habló Saif el Islam el Gadafi en marzo de 2010, refiriéndose a los dirigentes del Grupo de Combate Islámico Libio (GCIL), organización armada que había intentado asesinar a su padre, Muamar el Gadafi, en tres ocasiones a medidos del decenio de 1990.</s>
  </p>
  <p id="2">
    <s id="4">Puede parecer sorprendente.</s>
    <s id="5">Hace unos días, el mismo hombre prometió a los libios un “mar de sangre”, si se derribaba el régimen de su padre.</s>
    <s id="6">De hecho, Saif el Islam, elegante licenciado de la London School of Economics que habla con voz suave, ha pasado a ser ahora un sospechoso principal de crímenes en masa contra la Humanidad.</s>
  </p>
  <p id="3">
    <s id="7">A personas como yo, que estudiamos las tácticas de las dictaduras árabes y las causas de su persistencia, nos extraña menos –por no decir nada– este nuevo cariz de los acontecimientos.</s>
    <s id="8">Los regímenes autoritarios árabes, a diferencia de otros que han dado paso a la democracia, no pueden autorreformarse; sin embargo, han dominado las tácticas necesarias para prolongar la duración de sus envejecidos despotismos.</s>
  </p>
  <p id="4">
    <s id="9">La creación de un aparato de seguridad con cabeza de hidra, el asesinato en masa de oponentes (tanto reales como imaginarios), la tortura generalizada y una censura y una represión continuas son algunas de las tácticas comunes utilizadas por Gadafi, el ex Presidente egipcio Hosni Mubarak, el ex Presidente tunecino Zine el Abidine Ben Ali, el Presidente sirio Bashar el Assad y otros autócratas árabes.</s>
  </p>
  <p id="5">
    <s id="10">Pero el régimen de Gadafi pasó a ser un paria internacional principalmente por una serie de conspiraciones terroristas, no por crímenes contra la Humanidad cometidos contra libios.</s>
    <s id="11">Los intereses petroleros y la máscara “conciliadora” que adoptó en los últimos años lograron prolongar su vida.</s>
  </p>
  <p id="6">
    <s id="12">El período conciliador de Gadafi coincidió con el ascenso a una posición prominente de su segundo hijo, Saif el Islam, y de su hermana Ayesha, que pasó a ser embajadora de buena voluntad pàra las Naciones Unidas.</s>
    <s id="13">Saif cultivó una reputación de “reformador”: hizo un llamamiento en pro de un proceso de reconciliación nacional con grupos de la oposición, liberalizó, supuestamente, los medios de comunicación, apoyó iniciativas benéficas y en pro del desarrollo y –lo más importante– se volvió un rostro con el que Occidente podía hablar.</s>
  </p>
  <p id="7">
    <s id="14">Los dos frentes públicos para dichas iniciativas fueron Libia Mañana y la Fundación El Gadafi para el Desarrollo.</s>
    <s id="15">Sin embargo, tras ellas, la Inteligencia Militar Libia, dirigida por Abdula el Sanosi, estaba dando apoyo condicional y estableciendo la orientación general para sus actividades.</s>
  </p>
  <p id="8">
    <s id="16">Entre las “reformas” propuestas por Saif el Islam, figuraba la liberación de algunos presos políticos, en particular los que, como los del GCIL, declararon su lealtad al régimen de Gadafi, pero medidas concretas que propiciaran la transparencia y la rendición de cuentas del Gobierno, como, por ejemplo, indagaciones sobre la riqueza resultante del petróleo e investigaciones en serio sobre los gastos del Estado o sobre crímenes contra la Humanidad, no estaban la alcance de su voluntad y su imaginación</s>
  </p>
  <p id="9">
    <s id="17">Pese al carácter cosmético de las “reformas”, otras facciones del régimen, muy en particular las encabezadas por los hermanos de Saif el Islam, Mutassim, El Saadi y Jamis, se opusieron a ellas.</s>
    <s id="18">Tras los hermanos estaban otros organismos de seguridad: las Fuerzas de Seguridad Interior, los Comités Revolucionarios y, en menor medida, el Aparato de Seguridad de la Jamahiriya (Servicio de Inteligencia Exterior).</s>
  </p>
  <p id="10">
    <s id="19">Cuando yo visité Trípoli en marzo de 2010 para asistir a una conferencia de “reconciliación nacional”, me asombraron las encontradas declaraciones formuladas por Saif el Islam, por un lado, y, por otro, por funcionarios de seguridad.</s>
    <s id="20">El jefe de las Fuerzas de Seguridad Interior, coronel El Tuhami Jaled, otro principal sospechoso de los crímenes que se están cometiendo actualmente contra libios, se negó a llamar “reconciliación” al proceso.</s>
    <s id="21">Para él, era “arrepentimiento de la herejía”.</s>
  </p>
  <p id="11">
    <s id="22">En vista de la reciente ola de levantamientos, resulta más evidente que nunca que cualesquiera iniciativas anteriores de “reforma” emprendidas en el mundo árabe iban encaminadas exclusivamente a sostener dictaduras represivas y escapar del castigo por el abuso criminal del poder.</s>
    <s id="23">El “debate” sobre la reforma dentro de esos regímenes se redujo a una lucha entre diferentes ramas del aparato de seguridad militar sobre la forma mejor de preservar el status quo.</s>
  </p>
  <p id="12">
    <s id="24">Naturalmente, los árabes han sabido durante muchos años que sus gobernantes eran irreformables.</s>
    <s id="25">Ésa es la razón por la que, para tener una oportunidad de recuperar el retraso respecto del resto del mundo libre y desarrollado, muchos de ellos están arriesgando ahora su vida al intentar derrocar a esos regímenes.</s>
    <s id="26">Lo que está ocurriendo actualmente en el mundo árabe es la Historia en marcha, escrita con sangre, sudor y lágrimas de las víctimas de decenios de represión violenta.</s>
  </p>
  <p id="13">
    <s id="27">Cuando un periodista me preguntó qué me gustaría decir a Saif el Islam, si alguna vez lo conociera, respondí: “Espero verlo ante el Tribunal Penal Internacional, junto a Mubarak y Ben Ali”.</s>
    <s id="28">Millones de árabes de mi generación y más jóvenes probablemente dieran la misma respuesta, si se les preguntara qué se debería hacer con los hombres que dominaron su presente y procuraron destruir su futuro.</s>
  </p>
</document>
