<?xml version="1.0" encoding="utf-8"?>
<document>
  <HEADLINE>
    <s id="1">¡Escúchenme!</s>
  </HEADLINE>
  <p id="1">
    <s id="2">SAN FRANCISCO – La semana pasada, escribí una crítica de 140 caracteres de un hotel en Twitter: "Galleria Park Hotel SF rechaza queja por ruido de huésped mal informado: ´La próxima vez pida habitación interna, no habitación tranquila´".</s>
  </p>
  <p id="2">
    <s id="3">Estaba frustrada porque la gerencia del hotel no me escuchó cuando pedí una habitación tranquila -o más tarde, cuando me quejé-.</s>
    <s id="4">En lugar de capacitar a sus empleados para escuchar, me estaban diciendo que no había hecho el pedido correcto.</s>
    <s id="5">Y los gerentes del hotel probablemente tampoco me estaban escuchando más tarde vía Twitter.</s>
  </p>
  <p id="3">
    <s id="6">Por supuesto, antes resultaba difícil escuchar a los clientes; como compañía, no se podía poner gente en todas partes para recoger comentarios al azar, y eran pocos los clientes que se preocupaban por escribir cartas de verdad -positivas o negativas-.</s>
    <s id="7">Las compañías de servicios como las aerolíneas podían pedirles a los empleados que recogieran comentarios, pero era algo excesivamente complicado.</s>
  </p>
  <p id="4">
    <s id="8">Hoy en día, en cambio, los clientes hacen comentarios en todas partes, y lo único que tiene que hacer una compañía es escuchar -electrónica o humanamente-.</s>
    <s id="9">No obstante, la mayoría de las empresas todavía piensan que todas las nuevas tecnologías sobre las que escribo son esencialmente dispositivos para enviar mensajes -maneras de promover su marca, crear una imagen y vender su producto-.</s>
    <s id="10">Las empresas invierten mucho tiempo en mirar a los clientes, en un intento por determinar cómo son, pero muy poco tiempo en escucharlos.</s>
  </p>
  <p id="5">
    <s id="11">De hecho, existen muchas estadísticas deprimentes sobre lo poco que escuchan las empresas.</s>
    <s id="12">No responden de manera efectiva a los comentarios o a las preguntas enviadas a través de sus sitios web.</s>
    <s id="13">Muchas simplemente optan por no responder.</s>
    <s id="14">Otras envían mensajes blandos -"Gracias por escribirnos"-, sin responder a la pregunta o comentario particular.</s>
  </p>
  <p id="6">
    <s id="15">Y luego invierten miles o hasta millones de dólares para intentar descifrar qué quieren realmente estos mismos clientes.</s>
  </p>
  <p id="7">
    <s id="16">Todo lo que las empresas realmente necesitan hacer para mejorar su desempeño es escuchar mejor las conversaciones que ya existen ahí afuera, en Internet.</s>
    <s id="17">Pueden escuchar para muchos fines -desde determinar qué productos o servicios ofrecer, entender qué cliente quiere qué cosa, hasta reparar el daño ocasionado cuando algo sale mal.</s>
  </p>
  <p id="8">
    <s id="18">Existen dos maneras de escuchar.</s>
    <s id="19">Está la manera de escuchar que uno ejercita para aprender, que, en términos ideales, puede ser bastante automatizada.</s>
    <s id="20">Uno puede apelar a herramientas que detectan sensaciones -desde herramientas que miden la prevalencia de palabras negativas o positivas sobre lo que uno ofrece en Twitter y Facebook, hasta encuestas de clientes que generan datos precisos y estructurados-.</s>
    <s id="21">Uno se puede enterar, por ejemplo, de que el mes pasado el 56% de sus usuarios recomendaron su producto a un amigo, comparado con el 79% en el mismo período el año pasado.</s>
    <s id="22">¡Qué pena!</s>
    <s id="23">¡Cuánto mejor sería escuchar un poco más!</s>
  </p>
  <p id="9">
    <s id="24">Luego están las señales más sutiles para escuchar estadísticamente -ya sean un feedback directo en su sitio web, correos electrónicos, menciones en la prensa, o comentarios en Twitter y Facebook-.</s>
    <s id="25">¿Cuáles son las características -positivas o negativas- que se mencionan con más frecuencia?</s>
    <s id="26">¿Qué competidores están destacados?</s>
    <s id="27">¿Qué otras compañías o productos se mencionan junto con el suyo?</s>
    <s id="28">¿Podrían ser posibles socios de marketing?</s>
  </p>
  <p id="10">
    <s id="29">Todo eso es importante, pero también está la manera de escuchar para que sus clientes se sientan escuchados.</s>
    <s id="30">Eso es algo que una computadora no puede hacer.</s>
    <s id="31">Hace falta una persona.</s>
  </p>
  <p id="11">
    <s id="32">Usted de alguna manera puede reducir la carga creando una comunidad de sus usuarios (y posibles clientes) para que puedan escucharse entre sí.</s>
    <s id="33">Tomemos el caso de un sitio que acabo de visitar esta mañana que promociona Fitbit, una herramienta de auto-monitoreo que le permite a uno medir su actividad física, y por consiguiente, su ejercicio, su consumo de calorías, su tiempo de sueño y otros factores.</s>
  </p>
  <p id="12">
    <s id="34">Si no le resulta claro, visite el sitio y haga preguntas; otros usuarios responderán a la mayoría de ellas y a veces el personal (identificado con una credencial roja bajo sus nombres, ocasionalmente el gerente) se sumará a la conversación para agregar información "oficial".</s>
    <s id="35">Fitbit no es la única; es una de muchas empresas nuevas que recurren a sus propios clientes en busca de ayuda para aprender a escuchar mejor.</s>
    <s id="36">(Sí, la conversación fue lo suficientemente motivadora como para que me decidiera a comprar un aparato).</s>
  </p>
  <p id="13">
    <s id="37">Pero lo más importante es saber escuchar como para decir "Lo sentimos" de una manera convincente.</s>
    <s id="38">No "Lamentamos que no haya apreciado nuestro servicio maravilloso", sino "Lamentamos haber hecho mal las cosas y haberle dado una habitación ruidosa".</s>
    <s id="39">En otras palabras, hay que responder con suficiente detalle como para demostrar que estamos escuchando al otro.</s>
  </p>
  <p id="14">
    <s id="40">Devolverle al cliente su dinero -u ofrecerle como compensación un desayuno gratis- es fácil.</s>
    <s id="41">¿Pero cómo se le puede compensar a alguien el dolor de cabeza que tuvo todo el día por culpa de la falta de sueño?</s>
    <s id="42">Es imposible -pero manifestar que usted se dio cuenta de lo mal que hizo sentir al otro ya es mucho-.</s>
    <s id="43">Esa es la manera de pensar que se esconde detrás de una de mis propuestas favoritas de atención al cliente: que el equipaje perdido debería tener sus propias millas aéreas -haciéndole así sentir al cliente que la aerolínea reconoce el error y lo sufre junto con el cliente.</s>
  </p>
  <p id="15">
    <s id="44">Al fin y al cabo, escuchar cuidadosamente es la mejor manera de mostrar respeto por el otro, cliente o socio, amigo o jefe.</s>
    <s id="45">Aunque las empresas lo hagan para fines comerciales, tienen que hacerlo con sinceridad humana.</s>
    <s id="46">Una de mis caricaturas favoritas -de The New Yorker - muestra a un vendedor de un negocio parado junto a una vitrina con un cartel que dice "Tecnología de comunicación".</s>
    <s id="47">¿Dentro de la vitrina?</s>
    <s id="48">Orejas humanas.</s>
  </p>
</document>
