<?xml version="1.0" encoding="utf-8"?>
<document>
  <HEADLINE>
    <s id="1">¿Habrá sido en vano la muerte de Liu Xiaobo?</s>
  </HEADLINE>
  <p id="1">
    <s id="2">HONG KONG – La relativamente súbita muerte (a los 61 años) de Liu Xiaobo, el disidente y Premio Nobel de la Paz chino encarcelado, supone una gran pérdida.</s>
    <s id="3">También dejó algo bien claro: que la dirigencia del Partido Comunista de China (PCC) está decidida a defender por los medios que sea y a cualquier costo su monopolio político.</s>
  </p>
  <p id="2">
    <s id="4">Liu, un ex crítico literario y conocido promotor de los derechos humanos y la resistencia no violenta, pasó los últimos ocho años de vida tras las rejas, bajo acusaciones de “subversión” inventadas.</s>
    <s id="5">Su verdadero delito fue pedir democracia en China.</s>
    <s id="6">Incluso antes de ser encarcelado, ya era víctima de acoso y vigilancia policial todo el tiempo.</s>
    <s id="7">Cuando en 2010 obtuvo el premio Nobel, las autoridades chinas no sólo impidieron a su familia viajar a Oslo para recibir el galardón, sino que también impusieron a su esposa arresto domiciliario.</s>
  </p>
  <p id="3">
    <s id="8">La última afrenta del gobierno chino a Liu se produjo el mes pasado, al rechazar su petición de recibir tratamiento para el avanzado cáncer de hígado que sufría.</s>
    <s id="9">Fue un acto de crueldad sin sentido, que llevó a Liu a la muerte, en custodia policial, apenas un mes después de recibir el diagnóstico.</s>
    <s id="10">La última vez que un Premio Nobel halló un destino similar fue en 1938, cuando el pacifista alemán Carl von Ossietzky murió prisionero de los nazis.</s>
  </p>
  <p id="4">
    <s id="11">Parece inexplicable que China, que en años recientes gastó una fortuna en proyectar “poder blando” en el extranjero, esté dispuesta a ponerse en semejante compañía.</s>
    <s id="12">Pero la aspiración de la dirigencia china a tener un papel de liderazgo en la escena internacional es aun inferior a su deseo de suprimir el disenso.</s>
    <s id="13">Y es probable que previera poca reacción de las democracias occidentales, muchas de las cuales hoy están sumidas en la confusión.</s>
  </p>
  <p id="5">
    <s id="14">Hasta ahora, parece que el cálculo de las autoridades chinas fue correcto.</s>
    <s id="15">El maltrato al que sometieron a un respetado defensor de los derechos humanos y la democracia suscitó algunos murmullos de descontento en las capitales occidentales; la canciller alemana Angela Merkel lamentó la muerte de un “valiente luchador”.</s>
    <s id="16">Pero ningún líder occidental importante denunció públicamente la conducta del gobierno chino.</s>
  </p>
  <p id="6">
    <s id="17">Negando a Liu su último deseo de pasar libre y en el extranjero los días que le quedaban, el gobierno chino también se ahorró un espectáculo vergonzante: miles de decenas de simpatizantes y admiradores de Liu asistiendo a su funeral público.</s>
    <s id="18">La tumba de Liu se hubiera convertido en un monumento político, símbolo eterno de rebeldía ante la autocracia.</s>
    <s id="19">En tanto, la censura china trabajó a destajo para asegurar que la muerte de Liu pasara inadvertida.</s>
  </p>
  <p id="7">
    <s id="20">Pero el régimen chino podía tolerar esa vergüenza y sobrevivir a un clamor internacional.</s>
    <s id="21">El PCC sigue siendo un mastodonte político, con casi 90 millones de miembros, y cuenta con amplia capacidad para defender su poder.</s>
    <s id="22">Décadas de mejora de los niveles de vida acrecentaron su legitimidad a un punto que pocos hubieran imaginado allá por 1989, cuando Liu se hizo conocido en las protestas de la plaza Tiananmen.</s>
  </p>
  <p id="8">
    <s id="23">Pero el régimen del PCC no es invencible ni mucho menos.</s>
    <s id="24">Por el contrario, adolece de debilidades fundamentales desde el nivel más alto de gobierno.</s>
  </p>
  <p id="9">
    <s id="25">Bajo el presidente Xi Jinping, el “liderazgo colectivo” que prevaleció desde la muerte de Mao Zedong fue cediendo paso al gobierno del hombre fuerte.</s>
    <s id="26">La purga política dirigida por Xi y presentada como una campaña anticorrupción se ha intensificado, dejando a los cuadros del Estado unipartidista desmoralizados por la desaparición de sus prebendas y temerosos de ser los próximos blancos.</s>
    <s id="27">La erosión de la unidad de la élite política aumenta día a día la fragilidad del régimen.</s>
  </p>
  <p id="10">
    <s id="28">Otro factor debilitante es la desaceleración del crecimiento de los ingresos.</s>
    <s id="29">El reclamo de legitimidad del PCC se funda en la promesa de mayor prosperidad material.</s>
    <s id="30">Pero el modelo de crecimiento basado en la inversión que sostuvo el milagro económico chino de los últimos treinta años ya está agotado.</s>
  </p>
  <p id="11">
    <s id="31">También agrega incertidumbre al futuro económico de China el rechazo a la globalización en años recientes, reflejado en el Brexit y en la elección de Donald Trump como presidente de los Estados Unidos.</s>
    <s id="32">Aunque la dirigencia china esté tratando de pasar a un modelo de crecimiento basado en el consumo interno, la realidad es que la economía sigue siendo sumamente dependiente de las exportaciones.</s>
    <s id="33">Si en los principales mercados extranjeros de China se afianzara el proteccionismo, las perspectivas económicas del país (y con ellas la legitimidad del PCC) podrían decaer rápidamente.</s>
  </p>
  <p id="12">
    <s id="34">Irónicamente, a la par que varias décadas de crecimiento económico fortalecieron al PCC, el aumento de la prosperidad también creó condiciones estructurales favorables para una transición democrática.</s>
    <s id="35">China ya alcanzó el nivel de ingresos per cápita en el que casi todas las autocracias en países no productores de petróleo se derrumban.</s>
  </p>
  <p id="13">
    <s id="36">Por supuesto, en momentos de crecimiento económico vacilante (como ahora), el PCC puede recurrir a la represión despiadada y a azuzar el nacionalismo para rechazar desafíos a su poder.</s>
    <s id="37">Pero la efectividad de esta estrategia es limitada; los costos económicos y morales de una escalada represiva llevarían tarde o temprano a un grado de agitación interna que ni el sistema de partido único más poderoso del mundo podría ocultar.</s>
  </p>
  <p id="14">
    <s id="38">En este contexto, resulta evidente que en vez de una señal de fuerza, el maltrato del régimen chino a Liu es prueba de su debilidad, inseguridad y temor.</s>
    <s id="39">En algún punto (probablemente en los próximos dos decenios), la combinación de disgregación interna y presión externa por parte de una población en demanda de libertad acabará con el gobierno de un único partido y, esperemos, dará inicio a la clase de sociedad abierta por la que Liu luchó toda la vida.</s>
  </p>
  <SOURCE TRANSLATOR="Esteban Flamini" />
</document>
