<?xml version="1.0" encoding="utf-8"?>
<document>
  <HEADLINE>
    <s id="1">El nuevo comienzo de Argentina</s>
  </HEADLINE>
  <p id="1">
    <s id="2">BUENOS AIRES – Durante los últimos 99 años la presidencia de Argentina ha estado ocupada sucesivamente por peronistas – Juan Domingo Perón y sus seguidores populistas – y generales reaccionarios.</s>
    <s id="3">De vez en cuando, el cargo estuvo en manos de un político centrista de la Unión Cívica Radical, pero esos gobiernos duraron poco, ya fuera a causa de la renuncia del presidente o de un golpe militar.</s>
  </p>
  <p id="2">
    <s id="4">En las elecciones del domingo pasado, los votantes argentinos rompieron el patrón: por primera vez en casi un siglo, el presidente no va a ser peronista, radical, ni general de ejército.</s>
    <s id="5">Es difícil exagerar la importancia del acontecimiento.</s>
    <s id="6">De acuerdo a Héctor Schamis, politólogo de la Universidad de Georgetown, si un cambio político semejante hubiera ocurrido en Francia o en Brasil, sus ciudadanos estarían celebrando el nacimiento de una nueva república.</s>
  </p>
  <p id="3">
    <s id="7">La prensa internacional suele describir al nuevo presidente electo de Argentina, Mauricio Macri, ingeniero de profesión, como de "centro-derecha".</s>
    <s id="8">Sin embargo, esta calificación no es del todo correcta.</s>
    <s id="9">En Argentina, la división izquierda-derecha se ha desdibujado como consecuencia de las políticas de la hidra de múltiples cabezas que es el Partido Justicialista, de corte peronista, el cual privatizó las empresas estatales en la década de 1990, sólo para volver a nacionalizarlas posteriormente.</s>
    <s id="10">Todavía más, "centro-derecha" con frecuencia significa "conservador", y la victoria de Macri no va a "conservar" el estatus quo.</s>
  </p>
  <p id="4">
    <s id="11">La mejor palabra para describir a Macri es "liberal", en el sentido europeo del término.</s>
    <s id="12">Esto significa, en primer lugar, respeto por las instituciones democráticas de Argentina, gravemente dañadas luego de diez años de maltrato por parte de los presidentes Néstor y Cristina Kirchner.</s>
    <s id="13">También significa una política económica más amigable con el mercado.</s>
  </p>
  <p id="5">
    <s id="14">Uno de los primeros pronunciamientos de Macri después de las elecciones, fue que desea un ministro de hacienda de perfil "desarrollista".</s>
    <s id="15">En América Latina, esto quiere decir un economista preocupado del crecimiento, el empleo y las exportaciones, y no sólo del equilibrio presupuestario y el pago de la deuda.</s>
    <s id="16">Macri va a eliminar, aunque de modo gradual, las estrictos controles de precios y de capital que impusieron los peronistas.</s>
    <s id="17">Y es poco probable que su ministro de comercio e industria repita la gracia de un predecesor reciente, quien solía poner una pistola sobre la mesa mientras negociaba cuotas de importaciones y exportaciones con los productores locales.</s>
  </p>
  <p id="6">
    <s id="18">Sin embargo, el mundo no debe esperar fanatismo pro libre mercado por parte de Macri, quien encabeza una amplia coalición que incluye su propio partido, Propuesta Republicana, de tendencia liberal, la Unión Cívica Radical y otras agrupaciones de centro.</s>
    <s id="19">Esta coalición no tendrá mayoría en ninguna de las dos cámaras del congreso, de modo que para legislar va a ser necesario formar alianzas temporales ad hoc.</s>
  </p>
  <p id="7">
    <s id="20">Durante la campaña, Macri desplegó un fino oído político.</s>
    <s id="21">Comprendió que los argentinos estaban cansados del imperioso (casi se podría decir autoritario) estilo político de los Kirchner, según el cual, quien no estuviera de acuerdo con ellos inmediatamente pasaba a ser un lacayo de oscuras fuerzas imperialistas.</s>
    <s id="22">Incluso para un país con una historia política tan tumultuosa como Argentina, la polarización partidista y la acidez de las declaraciones y contra-declaraciones habían alcanzado un nivel extremo.</s>
  </p>
  <p id="8">
    <s id="23">El contraste ha sido notable desde el mismo primer día de Macri como presidente electo.</s>
    <s id="24">A diferencia de Cristina Kirchner, cuyos discursos han sido largos y complejos, pero quien no ha dado conferencias de prensa ni aceptado preguntas de los periodistas, Macri dio respuestas a los reporteros hasta que se cansaron de preguntar.</s>
  </p>
  <p id="9">
    <s id="25">Como presidente, Macri va a heredar una grave situación económica.</s>
    <s id="26">La economía de Argentina está en contracción.</s>
    <s id="27">La inflación llega a más del 20% (nadie sabe con precisión cuánto más porque las cifras se han adulterado).</s>
    <s id="28">El peso está sobrevalorado.</s>
    <s id="29">Las reservas internacionales van en rápida disminución.</s>
    <s id="30">Y el déficit fiscal alcanza el 7% del PIB.</s>
    <s id="31">Cierto ajuste es inevitable.</s>
  </p>
  <p id="10">
    <s id="32">Afortunadamente, también hay buenas noticias.</s>
    <s id="33">La cuenta corriente está casi equilibrada, de manera que no es necesario comprimir más las importaciones.</s>
    <s id="34">Y debido a que nadie quiso otorgarle créditos a Argentina después de su impago a principios de este siglo, la deuda pública es relativamente baja.</s>
    <s id="35">Al permitir la depreciación del peso, Macri podría lograr dos metas de una vez.</s>
    <s id="36">Una moneda más débil estimularía las exportaciones y permitiría el aumento las importaciones a medida que se supriman los controles cambiarios.</s>
    <s id="37">Entretanto, dado que parte importante del ingreso fiscal está vinculado al dólar, mientras que el gasto es mayormente en pesos, la devaluación ayudaría a reducir el déficit presupuestario.</s>
  </p>
  <p id="11">
    <s id="38">Es probable que la luna de miel de Macri sea de corta duración; la oposición peronista, habiéndose librado de los Kirchner, no dudará en atacar al nuevo gobierno.</s>
    <s id="39">No obstante, si el presidente emplea su capital político de manera acertada, tiene una buena posibilidad de estabilizar la economía y de mantener, al mismo tiempo, un nivel razonable de apoyo político.</s>
  </p>
  <p id="12">
    <s id="40">Esto daría un giro a la perspectivas políticas no sólo de Argentina, sino también del resto de América Latina.</s>
    <s id="41">En el país vecino de Brasil, el gobierno de Dilma Rousseff no realizó mayores esfuerzos por ocultar que su preferencia era el opositor de Macri.</s>
    <s id="42">A medida que su popularidad baja en picada en las encuestas de opinión, la oposición centrista se ha ido abriendo poco a poco camino hacia el poder.</s>
    <s id="43">Es posible que la elección de Macri acelere este proceso.</s>
  </p>
  <p id="13">
    <s id="44">Asimismo, la victoria de Macri podría darles a los venezolanos – que se pronuncian en elecciones parlamentarias el 6 de diciembre – el coraje que necesitan para emitir sus votos en contra de un gobierno cada vez más autoritario.</s>
    <s id="45">Macri ha anunciado que, en respuesta a las violaciones de los derechos humanos en Venezuela, va a invocar la llamada "cláusula democrática" de los estatutos del Mercosur, los que podría llevar a la suspensión de este país del bloque comercial regional.</s>
  </p>
  <p id="14">
    <s id="46">Esta actitud contrasta con el silencio cobarde y cómplice de otros gobiernos de la región.</s>
    <s id="47">Si Macri la hace efectiva, esta acción, por sí sola, garantizará la mención de su presidencia en los libros de historia.</s>
  </p>
  <SOURCE LANG="inglés" TRANSLATOR="Ana María Velasco" />
</document>
