<?xml version="1.0" encoding="utf-8"?>
<document>
  <HEADLINE>
    <s id="1">El bello espejismo</s>
  </HEADLINE>
  <p id="1">
    <s id="2">BUENOS AIRES – Los ojos del mundo, y especialmente los de Sudamérica, estarán puestos en Brasil durante el campeonato mundial de fútbol, del que este país será anfitrión entre junio y julio.</s>
    <s id="3">Varias semanas antes del torneo, los periódicos comenzaron a llenarse de noticias de fútbol, y no solamente en las páginas deportivas.</s>
    <s id="4">Los publicistas adoran el mundial; las empresas modifican sus líneas de producción para aprovechar las oportunidades que genera; los políticos posponen para después de la final toda reunión que no sea esencial.</s>
  </p>
  <p id="2">
    <s id="5">Pronto la atracción magnética del fútbol arrastrará a aficionados de todo el mundo a intrincadas discusiones acerca de la validez de un gol, las faltas intencionales y las oportunidades de ataque que fueron desaprovechadas.</s>
    <s id="6">Debates que serán especialmente acalorados en los tres países sudamericanos donde el fútbol genera más pasiones (Brasil, Argentina y Uruguay), para cuyos habitantes un triunfo en el campo de juego es mucho más que una simple proeza deportiva.</s>
  </p>
  <p id="3">
    <s id="7">Un ex director técnico de la selección argentina, Daniel Passarella, me dijo cierta vez: “El fútbol es el único ámbito en el que podemos competir de igual a igual con los grandes países”.</s>
    <s id="8">Esto es sin duda cierto en el caso de Argentina y Uruguay; en el de Brasil (campeón del mundo cinco veces, más que cualquier otro país) es casi una subestimación de la realidad.</s>
  </p>
  <p id="4">
    <s id="9">El orgullo latinoamericano se justifica.</s>
    <s id="10">Los uruguayos todavía recuerdan con inmensa alegría sus éxitos futbolísticos, que incluyen haber ganado dos veces la copa del mundo (aunque hace ya mucho, en 1930 y 1950) y haber llegado a la semifinal en Sudáfrica 2010.</s>
    <s id="11">Argentina también ganó el trofeo dos veces, pero además puede alardear de haber producido a dos de los más grandes jugadores de todos los tiempos, Diego Maradona y Lionel Messi.</s>
    <s id="12">El panteón heroico de Brasil incluye a Pelé, Garrincha, Ronaldo, Ronaldinho y Neymar, por nombrar unos pocos.</s>
  </p>
  <p id="5">
    <s id="13">Pero el mundial también tiene detractores.</s>
    <s id="14">Es un tiempo en que la gente no habla de otra cosa, mientras las cuestiones sociales, económicas y políticas apremiantes quedan relegadas a segundo plano.</s>
    <s id="15">En Brasil, los manifestantes antimundial están muy organizados y quieren que una parte de las enormes sumas gastadas en el torneo se derive hacia programas sociales.</s>
    <s id="16">En Argentina, la oposición teme que el gobierno aproveche estas semanas cruciales para ocultar malas noticias.</s>
  </p>
  <p id="6">
    <s id="17">No hay duda de que estas preocupaciones son válidas, pero aquí hay una cuestión más amplia: la de si protestar, boicotear o prohibir estos eventos puede obrar a favor o en contra de los cambios sociales y políticos.</s>
    <s id="18">Por ejemplo, el mundial de 1978 en Argentina fue organizado por la dictadura militar, que intentó afirmarse en el poder haciéndose partícipe de la victoria obtenida por el equipo anfitrión.</s>
    <s id="19">Pero gracias a que la atención de la prensa mundial estaba puesta en Argentina, periodistas holandeses pudieron dar a conocer los sufrimientos de las Madres de Plaza de Mayo (que buscaban a sus hijos desaparecidos) y así exponer ante los ojos del mundo la naturaleza grotesca del régimen militar.</s>
  </p>
  <p id="7">
    <s id="20">Separar el activismo político del amor al deporte es una falsa antinomia.</s>
    <s id="21">Ambos suelen estar muy vinculados, hasta en las circunstancias más extremas.</s>
    <s id="22">Los opositores a la junta militar argentina también querían conocer el resultado de los partidos, incluso estando encerrados en centros de detención clandestinos.</s>
    <s id="23">Hasta hubo casos de sobrevivientes de torturas que relataron conversaciones espeluznantes con sus torturadores acerca de las formaciones de los equipos y los goles marcados.</s>
  </p>
  <p id="8">
    <s id="24">Tal vez hoy los activistas no deberían plantearse estar a favor o en contra del torneo, sino más bien cómo usarlo para promover sus objetivos.</s>
    <s id="25">Es evidente que contar con una atención mundial sin precedentes les dará oportunidades.</s>
    <s id="26">Las empresas entienden muy bien el potencial del evento, de lo que dan testimonio la enorme oferta de bienes de consumo relacionados con el fútbol, el encarecimiento de la vestimenta deportiva en las tiendas y la publicidad de marcas dentro y fuera del terreno de juego.</s>
    <s id="27">Las organizaciones no gubernamentales que trabajan a favor de mejoras sociales pueden hallar modos (y a veces los hallan) de dar a conocer sus campañas a través del fútbol.</s>
  </p>
  <p id="9">
    <s id="28">Además, no hay que exagerar el efecto a largo plazo de la “euforia” futbolística sobre los asuntos políticos y sociales.</s>
    <s id="29">Después de todo, la odiada junta militar de Argentina cayó apenas cuatro años después del mundial ganado por el país (a continuación de la derrota militar en la guerra con Gran Bretaña).</s>
    <s id="30">Si bien a veces una victoria futbolística puede unir a los adversarios más enconados, tales treguas siempre son efímeras, y por lo general se terminan poco después de que suene el último silbato del mundial.</s>
  </p>
  <p id="10">
    <s id="31">Es tentador buscarle al fútbol significados sociales, políticos o económicos más amplios.</s>
    <s id="32">Pero lo cierto es que no es más que un juego, un entretenimiento hermoso y escapista, pero juego al fin.</s>
    <s id="33">El fútbol puede tener el poder narrativo de una novela, el ritmo de la poesía, la fascinación hipnótica del ballet y la adrenalina de un concierto de rock; pero, a diferencia del gran arte, su influencia es escasa más allá de su ámbito inmediato.</s>
  </p>
  <p id="11">
    <s id="34">No es razonable esperar que un mundial de fútbol genere cambios permanentes.</s>
    <s id="35">Es indudable que la capacidad del torneo para enfocar todos los ojos del planeta en una sola pelota es impresionante, pero en definitiva no significa nada.</s>
    <s id="36">Mientras dure el partido, estaremos en trance, pero después, todo volverá a ser como era.</s>
  </p>
  <SOURCE TRANSLATOR="Esteban Flamini" />
</document>
