<?xml version="1.0" encoding="utf-8"?>
<document>
  <HEADLINE>
    <s id="1">NOTA PARA EL BCE: NO IMITEN A LA RESERVA FEDERAL</s>
  </HEADLINE>
  <p id="1">
    <s id="2">El actual dilema de la Reserva Federal de EE.UU. de tener que seguir aumentando las tasas de interés a pesar de una economía afectada por los huracanes, contiene un potente mensaje para el Banco Central Europeo.</s>
  </p>
  <p id="2">
    <s id="3">Tras un largo periodo de estabilidad monetaria a tasas de interés inusualmente bajas, esperar demasiado a elevarlas a niveles más normales y adecuados tiene peligrosas consecuencias.</s>
    <s id="4">La Reserva Federal, después de haber llevado las tasas de interés a niveles espectacularmente bajos (en parte debido a temores equivocados a que se produjera una deflación) comenzó demasiado tarde el proceso de normalización de las mismas.</s>
    <s id="5">Ahora debe seguir aumentando las tasas a pesar de que hay señales, como la baja en la confianza de los consumidores estadounidenses, de que la economía de EE.UU. puede estar flaqueando.</s>
    <s id="6">EL BCE no debe cometer el mismo error.</s>
  </p>
  <p id="3">
    <s id="7">En la economía de la zona del euro abundan los signos de advertencia acerca de una inflación inminente.</s>
    <s id="8">De un tiempo a esta parte, el crecimiento de la oferta de dinero ha estado muy por encima de los niveles planteados como objetivo, lo que indica una situación de exceso de liquidez.</s>
    <s id="9">La inflación anunciada para octubre, de un 2,5%, está por sobre el 2% que el BCE se ha puesto como objetivo, al igual que la última proyección de inflación para 2006 (las proyecciones actualizadas se harán públicas el primero de diciembre).</s>
    <s id="10">El alza de los precios de la energía amenaza con traspasarse al proceso de inflación general.</s>
  </p>
  <p id="4">
    <s id="11">¿Por qué esperar?</s>
    <s id="12">Si el BCE sigue dilatando la normalización de las tasas de interés, bien podría producirse una grave explosión inflacionaria.</s>
    <s id="13">Esto sería desastroso, especialmente para la recuperación económica de Europa.</s>
    <s id="14">En tales circunstancias, el BCE no tendría otra opción que aplicar fuertes frenos en su política monetaria.</s>
  </p>
  <p id="5">
    <s id="15">Nadie quiere esto.</s>
    <s id="16">Es mejor un aumento de 50 puntos base ahora, que permita que prosiga la recuperación económica al mantener la inflación a raya, que padecer tres o cuatro veces esta cifra más adelante, lo que congelaría abruptamente la tan deseada recuperación.</s>
    <s id="17">“Más vale prevenir que curar” es un dicho que se aplica con particular fuerza a los temas de política monetaria.</s>
  </p>
  <p id="6">
    <s id="18">A juzgar por la reunión de noviembre del Consejo de Gobierno del BCE, la "prevención" parece estar a la vuelta de la esquina para la economía de la eurozona.</s>
  </p>
  <p id="7">
    <s id="19">En los últimos meses se ha acelerado el ritmo de las advertencias del BCE acerca de los riesgos de la inflación, desde un “estamos particularmente atentos” en septiembre a “se garantiza una gran vigilancia acerca de los riesgos al alza a la estabilidad de los precios” en la reunión de octubre en Atenas.</s>
  </p>
  <p id="8">
    <s id="20">Más aún, el presidente del BCE, Jean-Claude Trichet, adoptó en Atenas un tono más duro.</s>
    <s id="21">Por primera vez, estuvo dispuesto a declarar públicamente que el Consejo de Gobierno había debatido las ventajas y desventajas de un aumento de las tasas.</s>
    <s id="22">Parecía estar haciendo un llamado a un enfoque preventivo de los efectos de segunda ronda cuando dijo que “no debemos permitir que se materialicen los efectos de segunda ronda”.</s>
  </p>
  <p id="9">
    <s id="23">A pesar de esto, en su reunión más reciente de noviembre, el BCE continuó describiendo las tasas de interés actuales como “todavía adecuadas”, dando señales de que el banco no había llegado al umbral necesario para tomar medidas.</s>
    <s id="24">Sin embargo, Trichet advirtió que “claramente, podemos tomar medidas en cualquier momento.</s>
    <s id="25">No estamos haciendo promesas”.</s>
    <s id="26">Como mínimo, el BCE ha dejado en claro a todos (políticos, sindicatos y mercados) que su largo periodo de inactividad monetaria está llegando a su fin.</s>
  </p>
  <p id="10">
    <s id="27">No todos están contentos con estas noticias.</s>
    <s id="28">Los políticos -como el presidente Jacques Chirac en Francia, el Primer Ministro Silvio Berlusconi en Italia y varios ministros de finanzas europeos- siguen presionando para que haya tasas de interés fijas e incluso más bajas.</s>
    <s id="29">Es fácil para los políticos ser irresponsables en lo referente a la política monetaria.</s>
    <s id="30">No son ellos a quienes se culpará por las indiscreciones inflacionarias.</s>
    <s id="31">Tampoco son quienes tendrán que meter al genio de la inflación nuevamente en su botella una vez que salga de ella.</s>
  </p>
  <p id="11">
    <s id="32">De modo que no importa demasiado si no están contentos con la inminente alza de las tasas.</s>
    <s id="33">El muy celebrado comentario de Wim Duisenberg sobre los políticos y los funcionarios de los bancos centrales (“Oigo pero no escucho”) es tan pertinente hoy como lo era cuando pronunció esas palabras.</s>
  </p>
  <p id="12">
    <s id="34">Sin embargo, el BCE debe actuar de acuerdo a su propio estilo, exclusivamente europeo, y no imitar a la Reserva Federal al salir de su prolongado periodo de inactividad monetaria.</s>
    <s id="35">La Reserva Federal procedió a elevar las tasas en aumentos graduales de 25 puntos bases en 13 reuniones consecutivas (y aún quedan más por realizarse) después de salir de su prolongado periodo de bajas tasas de interés.</s>
    <s id="36">Un sencillo aumento de 50 puntos base podría funcionar bien en este momento para el BCE, después de lo cual las tasas se podrían mantener sin cambios por algún tiempo.</s>
  </p>
  <p id="13">
    <s id="37">La Reserva Federal esperó demasiado tiempo para comenzar el proceso de normalización y, debido a que mostraba más iniciativa en la reducción de las tasas en la fase descendente del ciclo de las tasas de interés, tuvo que ser más activa para elevarlas en la fase ascendente.</s>
  </p>
  <p id="14">
    <s id="38">Este no es el tipo de política monetaria volátil que Europa desea ni necesita.</s>
  </p>
</document>
