<?xml version="1.0" encoding="utf-8"?>
<document>
  <HEADLINE>
    <s id="1">El desafío distributivo</s>
  </HEADLINE>
  <p id="1">
    <s id="2">MILÁN – Evaluar el pasado reciente y esperar ansiosamente el próximo período es un ejercicio natural de fin de año.</s>
    <s id="3">Cuando se trata de la economía global en 2013 y 2014, quizá también sea un ejercicio necesario.</s>
  </p>
  <p id="2">
    <s id="4">En el pasado año, el riesgo sistémico decayó.</s>
    <s id="5">Europa se unió frente a la necesidad de estabilizar la eurozona, mientras que el Banco Central Europeo y Alemania desempeñaron los papeles protagónicos.</s>
    <s id="6">Se completó la transición de liderazgo de China y se estableció una dirección relativamente clara en materia de políticas, lo que presenta un campo de juego mucho más nivelado para los sectores privado y estatal y un rol en expansión –de hecho, “decisivo”- para los mercados.</s>
    <s id="7">La elección general de Alemania apuntó a una continuidad en lo que concierne a las políticas, aunque parece inevitable un período prolongado de crecimiento lento y desempleo elevado.</s>
  </p>
  <p id="3">
    <s id="8">Las economías emergentes (excluida China) sólo se vieron desestabilizadas temporariamente por la expectativa de una retracción monetaria en Estados Unidos.</s>
    <s id="9">Sin embargo, se están preparando para un mundo de tasas de interés más altas, signado por una desaceleración transicional del crecimiento.</s>
  </p>
  <p id="4">
    <s id="10">En Estados Unidos, la tasa de crecimiento anual creció sigilosamente y el desempleo bajó con lentitud.</s>
    <s id="11">La indignación pública generalizada frente a un Congreso polarizado y disfuncional puede haber contribuido a un acuerdo presupuestario bipartidario y a una reducción del riesgo político.</s>
    <s id="12">Aunque sería prematuro anunciar una tendencia, es de esperarse que el pragmatismo y el acuerdo se impongan a la rectitud moral de los extremos políticos.</s>
    <s id="13">A nadie le gusta vivir con la segunda o tercera mejor alternativa, pero ésa es la realidad de Estados Unidos por ahora.</s>
  </p>
  <p id="5">
    <s id="14">De cara al futuro, se puede prever un proceso gradual de reparación de los balances y de patrones de crecimiento equilibrados en un amplio rango de economías.</s>
    <s id="15">Pero esto no representa una recuperación plena.</s>
    <s id="16">En Europa, una mayor convergencia en los costos laborales por unidad y reformas que apunten a la adaptabilidad estructural siguen en la lista de asignaturas pendientes.</s>
    <s id="17">En Estados Unidos, la desinversión persistente en el sector público es el factor principal que impide que se concrete plenamente el crecimiento potencial.</s>
  </p>
  <p id="6">
    <s id="18">Una propuesta reciente del economista Martin Feldstein apunta en la dirección correcta: financiar una inversión expandida en el sector público con un estímulo fiscal de corto y mediano plazo en conjunción con un plan de consolidación fiscal de varios años.</s>
    <s id="19">Todavía está por verse si el nuevo espíritu de bipartidismo llega tan lejos; claramente, el desafío político de plantear compromisos creíbles a varios años sigue siendo descorazonador.</s>
  </p>
  <p id="7">
    <s id="20">Sin embargo, si bien un optimismo cauteloso tal vez resulte posible, los patrones de crecimiento de muchos países avanzados y en desarrollo –tanto antes como desde la crisis de 2008- han apuntalado un cambio drástico de los ingresos y la riqueza hacia el cuartil superior de la distribución.</s>
    <s id="21">Esto no sólo produce niveles elevados y crecientes de desigualdad en los ingresos; también puede estar contribuyendo a una menor movilidad económica y social y a una mayor desigualdad de oportunidades –podría decirse una amenaza aún más seria para la cohesión social y la estabilidad política.</s>
  </p>
  <p id="8">
    <s id="22">Conocemos algunas de las causas de estas tendencias.</s>
    <s id="23">En Estados Unidos, por ejemplo, la tecnología que ahorra mano de obra está reduciendo el empleo de rutina en el sector administrativo y entre los operarios en toda la economía, empujando el empleo hacia actividades manuales o cognitivas que no son de rutina.</s>
    <s id="24">Esto sin duda contribuyó a una presión a la baja en los ingresos de los hogares en el rango de ingresos medios del voluminoso lado no comercializable de la economía.</s>
    <s id="25">En el lado comercializable, la automatización y el cambio de los empleos de rango medio (en términos de valor agregado) a países en desarrollo hicieron que el crecimiento del empleo se detuviera, mientras que el valor agregado por persona y los ingresos promedio crecieron rápidamente.</s>
  </p>
  <p id="9">
    <s id="26">El sistema educativo desparejo de Estados Unidos –en el que la calidad va de la mano de los niveles de ingresos del vecindario y la capacitación laboral no está sincronizada con las necesidades de rápida evolución de los empleadores- es el segundo factor que alimenta una mayor desigualdad.</s>
    <s id="27">Esto refleja tanto una deficiencia en la inversión pública como una brecha en la información: invertir en capacitación laboral en una estructura industrial de rápida evolución es como dispararle a un blanco móvil.</s>
    <s id="28">Considerando la información imperfecta sobre las necesidades futuras, los mercados laborales están fuera de equilibrio.</s>
  </p>
  <p id="10">
    <s id="29">Las poderosas fuerzas tecnológicas y de mercado globales no están confinadas a un solo país.</s>
    <s id="30">Las mismas cuestiones se plantean en todas partes.</s>
    <s id="31">Las diferencias en los resultados reflejan una variabilidad en la flexibilidad del mercado y en las elecciones en materia de políticas sociales.</s>
  </p>
  <p id="11">
    <s id="32">Estas tendencias adversas se remontan aproximadamente a 1980.</s>
    <s id="33">Antes de eso, el patrón de crecimiento de posguerra mostraba una divergencia mucho menor entre los ingresos medios y medianos que muchas economías están experimentando hoy.</s>
    <s id="34">Al mismo tiempo, es improbable que estas tendencias disminuyan en el futuro cercano.</s>
  </p>
  <p id="12">
    <s id="35">Un mejoramiento de los ingresos distributivos desfavorables inevitablemente implicará o bien una intervención directa en el mercado (mediante, por ejemplo, políticas comerciales y de salarios mínimos), o bien una alteración de los incentivos (a expensas del seguro de desempleo y la redistribución a través del sistema tributario o una provisión directa de servicios).</s>
    <s id="36">Como la oportunidad sigue estando relacionada al crecimiento, el desafío consiste en diseñar y experimentar con estrategias multifacéticas que permitan alcanzar, o al menos fomentar, objetivos distributivos con un daño mínimo a la flexibilidad estructural y la eficiencia dinámica de la economía.</s>
    <s id="37">Y aquí, no hay que permitir que lo perfecto se convierta en enemigo de lo bueno.</s>
  </p>
  <p id="13">
    <s id="38">La mayoría de los países intentan encarar los problemas distributivos combinando un suministro social de servicios básicos (como educación, capacitación práctica y atención médica) con un salario mínimo, impuestos progresivos sobre los ingresos e impuestos a la propiedad (que mitigan los incentivos adversos asociados con tasas de impuesto a las ganancias marginales elevadas).</s>
    <s id="39">En algunos países, una restricción ampliamente compartida sobre el crecimiento de los ingresos y los salarios parece haber sido importante para restablecer la competitividad e impulsar la producción potencial.</s>
  </p>
  <p id="14">
    <s id="40">También existen medidas que protegen en parte a las industrias negociables domésticas de la competencia externa o, en el caso del tipo de cambio y la gestión de la cuenta de capital, que alteran los términos comerciales.</s>
    <s id="41">Por supuesto, los acuerdos internacionales limitan este tipo de medidas para preservar una economía global relativamente abierta, lo cual ofrece grandes beneficios agregados (incluso cuando la distribución de beneficios y costos sigue siendo un desafío para los responsables de las políticas).</s>
    <s id="42">Y todas estas medidas tienen implicancias para la eficiencia y la adaptabilidad de las economías.</s>
  </p>
  <p id="15">
    <s id="43">A fines de 2013, uno de nuestros grandes líderes políticos y defensores de la justicia social y económica de nuestro tiempo, Nelson Mandela, dejó de estar entre nosotros.</s>
    <s id="44">La búsqueda de patrones sostenibles de crecimiento equitativo e inclusivo será una característica determinante de las políticas económicas en todo el mundo en 2014 y después.</s>
    <s id="45">Es de esperar que los líderes empresariales y laborales puedan aunarse con el gobierno, los establecimientos educativos y los emprendedores sociales para promover esta agenda.</s>
    <s id="46">El ejemplo y la generosidad de espíritu de Mandela deberían servirnos de guía.</s>
  </p>
</document>
