<?xml version="1.0" encoding="utf-8"?>
<document>
  <HEADLINE>
    <s id="1">El conflicto en Medio Oriente entra a otra fase</s>
  </HEADLINE>
  <p id="1">
    <s id="2">TEL AVIV – Con la expulsión de Estado Islámico (ISIS) de sus bastiones en Siria e Irak mediante las batallas de Mosul y Raqqa, y la guerra civil siria convertida en una guerra de desgaste, los conflictos más agudos de Medio Oriente comienzan a evolucionar rápidamente.</s>
    <s id="3">Pero eso no implica que su solución esté cerca.</s>
  </p>
  <p id="2">
    <s id="4">El autoproclamado califato de ISIS nunca fue un estado al que fuera posible forzar a una rendición incondicional; por eso las batallas de Mosul y Raqqa nunca iban a ser decisivas, incluso logrando la eliminación de los santuarios de la milicia.</s>
    <s id="5">La expansión de ISIS a Libia y la península del Sinaí en Egipto revela la abundancia de áreas poco controladas en las que la banda puede penetrar.</s>
  </p>
  <p id="3">
    <s id="6">Por el momento, ISIS pasó a una estrategia de planear e inspirar atentados terroristas en Medio Oriente, Europa e incluso el sudeste de Asia.</s>
    <s id="7">Tal vez su próximo paso sea desestabilizar los regímenes árabes desde dentro (una estrategia que las coaliciones internacionales que están cerrando el cerco en torno de Raqqa no pueden contrarrestar).</s>
  </p>
  <p id="4">
    <s id="8">La incoherencia y fragilidad de estas coaliciones reafirma este hecho.</s>
    <s id="9">El presidente estadounidense Donald Trump basó toda su estrategia para Medio Oriente en el temor saudita no sólo de ISIS, sino también de Irán.</s>
    <s id="10">Las potencias sunitas de la región, envalentonadas por la estrategia de Trump, se han unido contra ISIS e Irán a la vez, olvidando por un tiempo su encarnizada enemistad habitual.</s>
  </p>
  <p id="5">
    <s id="11">Irán, por su parte, sabe que los territorios liberados del control de ISIS difícilmente volverán a sus anteriores soberanos.</s>
    <s id="12">Por eso se dedicó a reforzar su control de Siria meridional, a lo largo de la frontera con Jordania, como parte de una campaña más amplia que busca crear una media luna bajo dominio shiita extendida desde Irán, a través de Irak (que ya es prácticamente un fideicomiso iraní) hasta Siria y Líbano.</s>
  </p>
  <p id="6">
    <s id="13">Pero Israel, miembro tácito de la alianza sunita patrocinada por Estados Unidos, no esperará sentado, viendo esa media luna formarse.</s>
    <s id="14">Por el contrario, ya puso en claro que una presencia iraní al lado de las Alturas del Golán aumentaría el riesgo de guerra.</s>
  </p>
  <p id="7">
    <s id="15">Estados Unidos también está haciendo su parte para impedir que las potencias shiitas logren contigüidad territorial desde el Golfo hasta el Mediterráneo; esto incluye bombardeos en la triple frontera de Irak, Jordania y Siria.</s>
    <s id="16">Las fuerzas estadounidenses también derribaron un bombardero sirio y dos drones armados iraníes operados por Hezbollah.</s>
  </p>
  <p id="8">
    <s id="17">Irán no es el único país que intenta redibujar las fronteras regionales en provecho propio.</s>
    <s id="18">Hay pruebas del apoyo explícito del presidente turco Recep Tayyip Erdoğan al desafío de ISIS al centenario esquema de Sykes-Picot, creado por los ingleses y los franceses tras la caída del Imperio Otomano.</s>
  </p>
  <p id="9">
    <s id="19">Los kurdos (aliados clave de Estados Unidos en la lucha contra ISIS) también quieren introducir cambios al mapa regional, aunque no los mismos que Turquía.</s>
    <s id="20">Aspiran a un estado propio y, hasta cierto punto, están confiados de obtenerlo, dada su contribución a la derrota de ISIS.</s>
    <s id="21">Masoud Barzani, presidente de la región autónoma del Kurdistán iraquí, anunció la convocatoria a un referendo independentista para los kurdos iraquíes en septiembre.</s>
  </p>
  <p id="10">
    <s id="22">Para Turquía, evitar esa eventualidad es más prioritario que derrotar a ISIS o derrocar al régimen del presidente Bashar al-Assad.</s>
    <s id="23">Erdoğan teme que la independencia de los kurdos iraquíes pueda llevar a los rebeldes kurdos de Turquía (el Partido de los Trabajadores del Kurdistán, PKK) a revivir sus viejas luchas independentistas.</s>
    <s id="24">Al gobierno de Ankara le preocupa que el respeto que se han ganado en el campo de batalla las milicias kurdas sirias afiliadas al PKK les confiera legitimidad internacional, y de allí sus intentos de suprimirlas.</s>
  </p>
  <p id="11">
    <s id="25">Dados esos temores, es probable que las fuerzas turcas ya desplegadas en el norte de Siria se queden allí incluso tras la caída de Raqqa, para crear un cordón entre los kurdos sirios y los de Turquía.</s>
    <s id="26">Pero aunque la inquietud turca sobre la resistencia kurda no es infundada, el surgimiento de un estado kurdo es sumamente improbable, porque quedaría encerrado entre cuatro países (Irán, Irak, Turquía y Siria) que se oponen firmemente a ello.</s>
  </p>
  <p id="12">
    <s id="27">Otro actor clave en el Medio Oriente actual es Rusia, pero el Kremlin no parece muy interesado en inmiscuirse en el conflicto sunita‑iraní (y mucho menos intervenir en la relación entre Turquía y el PKK).</s>
    <s id="28">Lo que sí está haciendo el Kremlin, por ahora, es compartir con Irán el objetivo de evitar la caída del régimen del presidente sirio Bashar al-Assad.</s>
    <s id="29">Pero en cuanto la situación se estabilice, es seguro que la alianza tácita se disolverá y dará paso a una competencia encarnizada por el control político de Siria.</s>
  </p>
  <p id="13">
    <s id="30">En un contexto tan complejo, no hay margen para más incertidumbre.</s>
    <s id="31">Eso explica la reciente decisión de Arabia Saudita (con Bahréin, Egipto y los Emiratos Árabes Unidos) de cortar relaciones diplomáticas y vínculos comerciales con Qatar, al que acusan de desestabilizar la región con su apoyo simultáneo a grupos representantes de Irán y a las milicias sunitas de Al Qaeda e ISIS.</s>
    <s id="32">Los sauditas y sus socios creen que es hora de que Qatar defina su postura en relación con Irán y con los islamistas.</s>
  </p>
  <p id="14">
    <s id="33">Pero por ahora, Qatar se las está arreglando, con un poco de ayuda de los amigos que le quedan.</s>
    <s id="34">Irán y Turquía han ofrecido compensar las pérdidas comerciales impuestas por la coalición saudita.</s>
    <s id="35">Turquía también ha enviado tropas a su base militar en Qatar.</s>
  </p>
  <p id="15">
    <s id="36">En cualquier caso, el problema real de Arabia Saudita no es Qatar, ni tampoco Irán.</s>
    <s id="37">El uso de enemigos externos para desviar la atención de problemas internos irresueltos es una táctica sacada del manual del autócrata.</s>
    <s id="38">Para convertir un reino feudal en una nación‑estado moderna, lo que necesita Arabia Saudita es resolver sus debilidades internas, no más alianzas beligerantes y contratos de armamento astronómicos como los que la dirigencia saudita firmó con Trump durante su reciente visita a Riad.</s>
  </p>
  <p id="16">
    <s id="39">Egipto también necesita concentrarse en reducir sus graves tensiones sociales y políticas internas.</s>
    <s id="40">Sólo entonces podrá afirmar el control de la península del Sinaí, base de operación de varios grupos terroristas (incluido el ISIS).</s>
  </p>
  <p id="17">
    <s id="41">Los aliados sunitas de Estados Unidos se sienten atraídos por Trump, en parte por el escaso interés que muestra en la clase de reformas democráticas promovidas por su predecesor, Barack Obama.</s>
    <s id="42">Pero por la senda que llevan se exponen a estallidos sociopolíticos fronteras adentro y a una profundización de conflictos fronteras afuera.</s>
  </p>
  <SOURCE TRANSLATOR="Esteban Flamini" />
</document>
