<?xml version="1.0" encoding="utf-8"?>
<document>
  <HEADLINE>
    <s id="1">Obama e Irán</s>
  </HEADLINE>
  <p id="1">
    <s id="2">NUEVA YORK.- Hace poco en Teherán, mientras escuchaba a un funcionario iraní, sus palabras me hicieron recordar la afición del ayatola Jomeini a comparar la relación de los Estados Unidos e Irán con la de un lobo y un cordero.</s>
    <s id="3">Sin embargo, el funcionario agregó su toque personal, “han pasado casi treinta años y nosotros ya no somos ese cordero, y tal vez los Estados Unidos tampoco sean el lobo de antes”.</s>
    <s id="4">El funcionario quería decir que Irán ya no cree que exista la pronunciada desigualdad de antes con los Estados Unidos, y que tal vez sea hora de iniciar un diálogo.</s>
  </p>
  <p id="2">
    <s id="5">En las últimas tres décadas, cinco presidentes estadounidenses se han esforzado por encontrar la solución al problema de Irán.</s>
    <s id="6">Los cinco han fracasado.</s>
    <s id="7">A medida que el Presidente electo Barack Obama y sus asesores analicen sus prioridades de política exterior, se toparán con el desafío inmediato que representa el programa nuclear de Irán y la creciente importancia estratégica de ese país en Medio Oriente y en Asia meridional.</s>
  </p>
  <p id="3">
    <s id="8">Pronto tendrán que aceptar la realidad de que para poder velar por los intereses estadounidenses en la región, incluida la estabilización de Iraq y Afganistán, el estancamiento actual con Irán no puede continuar, y que es inevitable un mayor grado de cooperación.</s>
    <s id="9">Si no quieren repetir los fracasos de administraciones anteriores, harán bien en hacer lo que ninguno de sus predecesores ha intentado.</s>
  </p>
  <p id="4">
    <s id="10">Deben de tomar una decisión estratégica para hacer que Irán participe –sin condiciones previas- en conversaciones sobre una amplia gama de temas de importancia para ambas partes.</s>
    <s id="11">Durante su campaña Obama dijo sobre Irán que “de nada nos sirve no tener conversaciones con Irán”.</s>
    <s id="12">Ahora tiene la oportunidad de actuar.</s>
  </p>
  <p id="5">
    <s id="13">Este enfoque no significa que pronto Obama tendrá que sentarse a conversar con el líder supremo iraní, Alí Jamenei, o con el Presidente Mahmoud Ahmadinejad.</s>
    <s id="14">Antes, será necesario realizar un trabajo intenso para preparar el terreno.</s>
    <s id="15">Este trabajo lo puede realizar un grupo reducido que defina los detalles de un marco mutuamente aceptable para entablar un diálogo amplio e incondicional que permita a ambos gobiernos producir los primeros resultados y gradualmente construir la confianza necesaria para encontrar soluciones a los problemas más complejos.</s>
    <s id="16">Este proceso podría incluir el nombramiento de un enviado estadounidense a Irán.</s>
    <s id="17">En última instancia, el diálogo directo de alto nivel debería ser un objetivo primordial.</s>
  </p>
  <p id="6">
    <s id="18">Esto no será fácil.</s>
    <s id="19">Al centro del conflicto entre Estados Unidos e Irán existe una profunda desconfianza recíproca de que la contraparte no está dispuesta a aceptar la presencia de la otra en la escena mundial.</s>
    <s id="20">Cada nación siente que la otra la ha humillado y satanizado.</s>
    <s id="21">Lo que se necesita es un proceso que restablezca la confianza y la comunicación para permitir que el toma y daca de las negociaciones se perciba como un proceso que responde a los intereses de ambas partes y no como un insulto a la dignidad o identidad nacionales.</s>
  </p>
  <p id="7">
    <s id="22">Aunque no se trate de un precedente exacto, el histórico Comunicado de Shangai firmado por China y los Estados Unidos en 1972, que permitió a ambos gobiernos “aceptar sus diferencias” en varios temas y al mismo tiempo participar en un diálogo al más alto nivel, es un modelo prometedor.</s>
    <s id="23">La efectividad de este esquema visionario se ha comprobado con el paso de los años.</s>
  </p>
  <p id="8">
    <s id="24">Inevitablemente el diálogo con Irán será frustrante y difícil, pero es la única forma de establecer las bases de una cooperación constructiva y de concebir una estrategia que evite una potencial confrontación de efectos desastrosos.</s>
    <s id="25">Un diálogo que se enfoque solamente en el programa nuclear de Irán o en Irak no funcionará.</s>
    <s id="26">En cambio, se debe poner en la mesa la amplia gama de asuntos que son importantes para la relación entre los Estados Unidos e Irán.</s>
  </p>
  <p id="9">
    <s id="27">A fin de manejar las profundas diferencias, este enfoque requerirá que cada parte sepa autocontrolarse y tolerar la ambigüedad que significa trabajar con un adversario fuerte.</s>
    <s id="28">La desconfianza continuará, las señales serán confusas, los reveses serán frecuentes, pero los resultados podrían conducir, con el tiempo, a un entendimiento mutuo y a la capacidad adquirida de trabajar en algunos de los problemas más urgentes, como lo aprendieron los Estados Unidos en el caso de la Unión Soviética y China.</s>
  </p>
  <p id="10">
    <s id="29">La cooperación diplomática y estratégica directa entre Estados Unidos e Irán al más alto nivel es una propuesta que todavía hay que probar.</s>
    <s id="30">Al seguir esta ruta cuando tome posesión, Obama obligará a Irán a elegir entre ser un Estado plenamente integrado en la economía global, o una “ideología” de tipo paria.</s>
    <s id="31">Es hora de que el mundo conozca su elección.</s>
  </p>
</document>
