<?xml version="1.0" encoding="utf-8"?>
<document>
  <HEADLINE>
    <s id="1">Obama y su pasaje a la India</s>
  </HEADLINE>
  <p id="1">
    <s id="2">CAMBRIDGE – Los observadores se sorprendieron por la vigorosa política exterior del Primer Ministro de la India Narendra Modi durante los siete meses que transcurrieron desde que asumió el cargo.</s>
    <s id="3">Tras invitar a los líderes de Pakistán y de otros países vecinos a su toma de posesión, se embarcó en viajes a China, Australia y Estados Unidos.</s>
    <s id="4">Más recientemente, dio la bienvenida al presidente ruso Vladimir Putin a Nueva Delhi y firmó un gran número de acuerdos comerciales y pedidos para importar reactores nucleares rusos.</s>
    <s id="5">India, según señala Modi a sus conciudadanos, es fuerte y tiene muy buena reputación en todo el mundo.</s>
  </p>
  <p id="2">
    <s id="6">El próximo mes, el presidente estadounidense, Barack Obama, viajará a Nueva Delhi como invitado especial de Modi para asistir a los actos conmemorativos del Día de la República, la fiesta nacional de la India – esto ocurrirá sólo tres meses después de que los dos líderes sostuvieron importantes conversaciones en Washington, D.C. Por lo tanto, la visita debe considerarse como una clara señal de la voluntad de Obama, que no es menor a la de Modi, por fortalecer las relaciones entre Estados Unidos y la India.</s>
  </p>
  <p id="3">
    <s id="7">Entonces, ¿qué es lo que probablemente vaya a estar en la mente de Obama cuando se reúna, nuevamente, con su homólogo de la India?, y ¿qué es lo que él cree que se puede hacer para consolidar las relaciones bilaterales?</s>
    <s id="8">Tres temas se destacan – empezando con el tema comercial, que es un tema que reviste igual importancia en lo político como en lo económico.</s>
  </p>
  <p id="4">
    <s id="9">Obama espera que se culmine el establecimiento del Acuerdo Estratégico Trans-Pacífico de Asociación Económica (TPP) en el año 2015 y que el mismo sea ratificado por el Senado de Estados Unidos.</s>
    <s id="10">El TPP no será un acuerdo de libre comercio tan poderoso como estaba previsto originalmente, debido a las exclusiones y a un largo período de introducción.</s>
    <s id="11">Sin embargo, este acuerdo va a vincular a EE.UU. y a otros 11 países de la Cuenca del Pacífico (incluyéndose a Japón, pero excluyéndose a China), uniéndolos en un nuevo bloque económico.</s>
    <s id="12">Obama debería estar ávido por insistir que la exclusión de la India del TPP es un asunto exclusivamente geográfico – India no colinda con el Océano Pacífico – y que los EE.UU. quiere aumentar el comercio bilateral y las inversiones directas de las empresas estadounidenses.</s>
  </p>
  <p id="5">
    <s id="13">El segundo tema es el terrorismo.</s>
    <s id="14">A las autoridades estadounidenses les preocupa que los ciudadanos estadounidenses que han estado luchando junto al Estado Islámico y el grupo Al Qaeda en el Medio Oriente vayan a regresar a casa para cometer actos terroristas.</s>
    <s id="15">India ha experimentado horribles actos de terrorismo en su propio territorio.</s>
    <s id="16">La cooperación continua entre EE.UU. y las agencias de inteligencia indias puede ayudar a que ambos países prevengan futuros incidentes.</s>
  </p>
  <p id="6">
    <s id="17">El terrorismo no sólo incluye violencia física, sino que también ataques en el ciberespacio.</s>
    <s id="18">China, Rusia e Irán han sido la fuente de frecuentes ataques cibernéticos en bancos, empresas y agencias gubernamentales;</s>
    <s id="19">EE.UU. alega que Corea del Norte estuvo detrás de la reciente violación sufrida por las computadoras de la empresa Sony Pictures.</s>
    <s id="20">No obstante que Obama presentó ante el presidente chino Xi Jinping evidencia relativa a robo de tecnología realizado por piratas informáticos con sede en China, las autoridades chinas continúan negando tales hechos.</s>
    <s id="21">Más recientemente, Rusia y otros han venido introduciendo malware en los sistemas de control de la red de energía eléctrica de Estados Unidos y en otras redes importantes.</s>
  </p>
  <p id="7">
    <s id="22">De cara al futuro, EE.UU. se preocupa por los ataques cibernéticos que son perpetrados por actores no estatales, como por ejemplo el Estado Islámico y Al Qaeda.</s>
    <s id="23">A pesar de que los miembros de estos grupos pueden carecer de la sofisticación para cometer tales actos, ellos pueden tratar de contratar a personas con las habilidades necesarias.</s>
    <s id="24">La India tiene un gran número de talentosos ingenieros informáticos, incluyendo algunos que podrían ser simpatizantes de la causa islamista.</s>
    <s id="25">EE.UU. y la India podrían beneficiarse de la cooperación para prevenir y desbaratar esos esfuerzos de reclutamiento.</s>
  </p>
  <p id="8">
    <s id="26">El tercer tema en la mente de Obama está vinculado al firme objetivo que tiene China con relación al establecimiento del domino de este país en el Asia y la exclusión de EE.UU. de dicha región.</s>
    <s id="27">La ambición hegemónica china va también en contra de los intereses estratégicos de la India – esta es razón suficiente para que Modi se encuentre ávido por fortalecer las relaciones de su país con sus vecinos, así como también con EE.UU. Obama ya puso en clara que EE.UU. entiende que la disposición que tiene Modi en cuanto a cooperar con Rusia, a pesar de las sanciones occidentales impuestas a dicho país, procede del deseo que tiene la India por desalentar una alianza entre China y Rusia en contra de la India.</s>
  </p>
  <p id="9">
    <s id="28">Modi obtuvo una aplastante victoria en una elección que refleja la decepción del público indio con las políticas y el desempeño del gobierno anterior, liderado por el Partido del Congreso Nacional Indio.</s>
    <s id="29">No obstante que la India había experimentado un crecimiento anual del PIB real de más del 8% durante varios años, el crecimiento se ralentizó desde el año 2010, llegando a menos del 5% en 2013, debido a un cambio populista en las políticas dictadas por Sonia Gandhi, la líder del Partido del Congreso.</s>
  </p>
  <p id="10">
    <s id="30">Por el contrario, el gobierno Modi planea trabajar en el logro de una agenda pro-crecimiento que incluye la reducción de las demoras burocráticas, el aumento de la inversión en infraestructura, el estímulo de la actividad manufacturera, y el cambio hacia un sistema fiscal unificado más simple.</s>
    <s id="31">La agenda de Modi evidentemente también incluye – tal como debería ser – una política exterior activa.</s>
  </p>
  <p id="11">
    <s id="32">Así mismo, para EE.UU., cultivar a la India como un socio de confianza en la economía global y en los asuntos internacionales tiene una alta prioridad.</s>
    <s id="33">La visita de Obama a la India puede ayudar a desarrollar el potencial de esa relación.</s>
  </p>
  <SOURCE LANG="inglés" TRANSLATOR="Rocío L. Barrientos." />
</document>
