<?xml version="1.0" encoding="utf-8"?>
<document>
  <HEADLINE>
    <s id="1">Un aplauso ahogado para Ben Bernanke</s>
  </HEADLINE>
  <p id="1">
    <s id="2">WASHINGTON, DC – La nominación por parte del Presidente Barack Obama de Ben Bernanke para un segundo período como Presidente de la Reserva Federal de Estados Unidos representa una decisión sensata y pragmática, pero no es nada para celebrar.</s>
    <s id="3">En lugar de ello, debería ser una ocasión para reflexionar sobre el papel del pensamiento ideológico colectivo entre los economistas, incluido Bernanke, y cómo eso ha contribuido a la crisis financiera y económica global.</s>
  </p>
  <p id="2">
    <s id="4">La decisión de nombrar a Bernanke es sensata en dos aspectos.</s>
    <s id="5">Primero, las economías estadounidense y mundial siguen sumidas en la recesión.</s>
    <s id="6">Si bien puede que ya haya pasado lo peor en términos de que se ha evitado un colapso evidente, la economía sigue vulnerable.</s>
    <s id="7">Por eso, tiene sentido evitar el riesgo de un golpe a la confianza que pudiera generar una nueva caída.</s>
  </p>
  <p id="3">
    <s id="8">En segundo lugar, Bernanke es el mejor entre sus pares.</s>
    <s id="9">Finalmente llegó a entender la gravedad y la naturaleza de la crisis, y luego dio pasos decisivos que contribuyeron a detener la caída libre de la economía.</s>
    <s id="10">Esos antecedentes, combinados con dudas de que cualquiera de sus colegas pudiera haberlo hecho mejor, significan que no tiene mucho sentido reemplazarlo por otro candidato convencional.</s>
  </p>
  <p id="4">
    <s id="11">Estos dos factores justifican el renombramiento de Bernanke, pero las escasas alabanzas son indicadoras de los problemas más profundos que ha expuesto su dirección, relacionados con el estado de la economía y la asesoría sobre políticas económicas.</s>
  </p>
  <p id="5">
    <s id="12">Uno de esos problemas es el veto implícito de Wall Street sobre la Fed.</s>
    <s id="13">Después de todo, una razón importante de renombrar a Bernanke es evitar que los mercados financieros se vean afectados negativamente.</s>
    <s id="14">Esto explica también por qué sus únicos rivales provienen de su grupo de pares, las únicas personas a quienes los mercados financieros estarían dispuestos a aceptar.</s>
  </p>
  <p id="6">
    <s id="15">En los años 90, aplacar los mercados financieros también se invocó como razón para justificar el renombramiento del predecesor de Bernanke, Alan Greenspan, y hoy se argumenta constantemente para bloquear cambios en la Fed y otros bancos centrales.</s>
    <s id="16">De hecho, los mercados financieros han establecido un veto implícito sobre gran parte de la política económica y quienes pueden desempeñar cargos importantes para la definición de ésta, y ha llegado el momento de pensar en cómo podemos librarnos de esa camisa de fuerza.</s>
  </p>
  <p id="7">
    <s id="17">Un segundo problema tiene relación con el estado de la economía.</s>
    <s id="18">Aunque puede que Bernanke sea el mejor entre sus pares, el hecho es que la crisis económica demostró que estaban equivocados.</s>
    <s id="19">Como grupo, se unieron a las adulaciones a Greenspan, a quien un importante economista proclamó "el más grande banquero central que jamás haya existido".</s>
    <s id="20">Casi sin excepciones, los economistas convencionales no previeron la crisis, e incluso los pocos que sí lo hicieron se equivocaron acerca de la lógica y el desarrollo de los acontecimientos.</s>
  </p>
  <p id="8">
    <s id="21">Por su parte, Bernanke encabezó la carga intelectual contra la política enfocada en la inflación por parte de los bancos centrales, argumentando que establecer un objetivo inflacionario anual era un marco suficiente para la política monetaria.</s>
    <s id="22">Este tipo de pensamiento contribuyó a la falta de examen de los mercados crediticios y de activos, promovió el desdén intelectual hacia la regulación, y estimuló los excesos del laissez-faire, porque la creencia macroeconómica en la suficiencia de establecer objetivos inflacionarios iba lógicamente a la par con la creencia microeconómica de que los mercados crediticios se cuidarían a sí mismos.</s>
    <s id="23">En palabras de Greenspan, el "propio interés de las instituciones crediticias" protegería a los accionistas y a la economía de los excesos del crédito.</s>
  </p>
  <p id="9">
    <s id="24">Este pensamiento explica por qué la Fed, bajo la dirección de Bernanke, demostró tanta lentitud en responder a la crisis, que comenzó en agosto de 2007 pero no generó una respuesta completa y coherente sino hasta noviembre de 2008.</s>
    <s id="25">Ciertamente, la Fed habría reaccionado antes si no hubiera estado permeada por un modelo bancario más propio de los años 50.</s>
  </p>
  <p id="10">
    <s id="26">La Fed, ciega al papel del sistema bancario en las sombras, no comprendió cómo esta implosión socavaría el sistema bancario tradicional.</s>
    <s id="27">Sencillamente, no cayó en cuenta de la significación de las grandes carteras de los bancos tradicionales de activos a valor del mercado y su propia participación en la banca en las sombras a través de "vehículos de inversión estructurados" que no constaban en las hojas de balance.</s>
  </p>
  <p id="11">
    <s id="28">Cualquier evaluación desapasionada del pensamiento de la Fed antes de la crisis -y una vez que ya se encontraba bien metida en ella- demuestra que no comprendió la lógica económica de su propio dominio, los mercados bancarios y financieros.</s>
    <s id="29">Más aún, la Fed promovió la profundización de las opiniones económicas acerca de la desregulación y la naturaleza autoestabilizante de los mercados, nociones que la crisis ha desacreditado.</s>
  </p>
  <p id="12">
    <s id="30">Aunque las circunstancias señalan que Bernanke es el mejor candidato y se debe volver a nombrar en el cargo, el verdadero reto es asegurar una completa limpieza intelectual en la Fed con el fin de abrir espacios para visiones económicas alternativas.</s>
    <s id="31">El gran peligro es que volver a nombrar a Bernanke se interprete como una luz verde para un status quo fracasado.</s>
  </p>
  <p id="13">
    <s id="32">Aquí es donde cobran importancia las audiencias de confirmación de Bernanke en el Senado y el debate público en torno al tema.</s>
    <s id="33">Estas audiencias darán la ocasión para un examen crítico de lo que no funcionó, y por qué.</s>
    <s id="34">Si eso ocurre, el renombramiento de Bernanke puede gatillar un cambio constructivo en lugar de un visto bueno a un paradigma desacreditado.</s>
  </p>
</document>
