<?xml version="1.0" encoding="utf-8"?>
<document>
  <HEADLINE>
    <s id="1">¿Goebbels ganó?</s>
  </HEADLINE>
  <p id="1">
    <s id="2">PARÍS – En la Alemania de los años 1930, los líderes del partido nazi entendieron el poder que tenía la comunicación masiva para diseminar el odio y el antisemitismo.</s>
    <s id="3">"La propaganda", escribió Hitler, "es un arma verdaderamente terrible en manos de un experto".</s>
    <s id="4">En su ascenso al poder, los nazis pusieron en práctica tecnologías de comunicaciones modernas y sofisticadas, incluidos la radio y el cine, para ganar la batalla de las ideas -y así forjar la opinión y el comportamiento públicos- entre una población bien educada en una democracia incipiente.</s>
  </p>
  <p id="2">
    <s id="5">Los nazis ya no están pero la propaganda perdura, y su potencial es más letal que nunca.</s>
    <s id="6">Ahora que se conmemora el 71 aniversario de la liberación de Auschwitz-Birkenau, el 27 de enero, grupos extremistas en todo el mundo hacen uso de nuevas tecnologías para incitar al odio y perpetrar nuevos asesinatos y genocidios masivos.</s>
    <s id="7">Es por esa razón que la UNESCO ha decidido basar el Día Internacional de Conmemoración de este año en el tema De las palabras al genocidio: la propaganda antisemita y el Holocausto.</s>
    <s id="8">En esta ocasión, la UNESCO y el Museo Estadounidense Conmemorativo del Holocausto (USHMM) están aunando fuerzas para presentar en la sede de la UNESCO la exhibición Estado de engaño: el poder de la propaganda nazi.</s>
  </p>
  <p id="3">
    <s id="9">A comienzos de los años 1930, una época de profunda crisis económica, muchos alemanes estaban dispuestos a pasar por alto el antisemitismo de los nazis, porque se sentían atraídos por otros aspectos del mensaje del partido.</s>
    <s id="10">Los nazis lo sabían: en el período previo a las elecciones de 1932, el partido se basó en el campo emergente de la investigación de la opinión pública para sondear las necesidades, esperanzas y miedos de los obreros y los trabajadores de cuello blanco, la clase media, las mujeres, los agricultores y los jóvenes.</s>
    <s id="11">Los propagandistas nazis, en conformidad, le bajaron el tono a la retórica antisemita y presentaron al partido como la única fuerza política capaz de crear empleos y llevar alimentos a las mesas alemanas.</s>
    <s id="12">De la misma manera, convencieron a las mujeres que acababan de ganar el derecho al voto cuando se retrataron como los defensores de la femineidad y la familia alemana tradicional.</s>
  </p>
  <p id="4">
    <s id="13">El nacionalismo extremo de Hitler resonaba en muchas audiencias, incluidos los jóvenes que querían restablecer el poderío militar y los territorios perdidos de Alemania.</s>
    <s id="14">Pero el antisemitismo furibundo permaneció en el centro de la visión mundial nazi.</s>
    <s id="15">Tan pronto como el partido llegó al poder, en 1933, comenzó a implementar políticas en contra de los judíos.</s>
    <s id="16">Los nazis eliminaron las fuentes alternativas de información, quemando libros y arrestando periodistas mientras se preparaban para promover su objetivo de establecer una Europa "aria" unida.</s>
  </p>
  <p id="5">
    <s id="17">En el mundo interconectado de hoy, los individuos y los grupos no estatales motivados por ideologías extremas pueden usar el poder de las nuevas tecnologías para moldear actitudes y creencias, e incitar a la violencia en una escala global.</s>
    <s id="18">Desde 2014, el Estado Islámico (ISIS) ha diseminado más de 700 videos de propaganda, hechos a la medida de varias audiencias, en todos los idiomas principales, para maximizar el alcance y el impacto de su mensaje.</s>
  </p>
  <p id="6">
    <s id="19">Casi 50.000 cuentas de Twitter están difundiendo estos vehículos de odio, con la intención de explotar la ignorancia, la intolerancia y las divisiones dentro de las sociedades.</s>
    <s id="20">Los jóvenes son el blanco del reclutamiento.</s>
    <s id="21">Dentro de los territorios que controla, el ISIS persigue y mata a individuos con fundamentos religiosos y culturales.</s>
    <s id="22">Un informe reciente del USHMM concluyó que el grupo ha cometido actos de genocidio contra la población minoritaria yazidi bajo su control.</s>
  </p>
  <p id="7">
    <s id="23">Otra tendencia preocupante es el uso cada vez más sofisticado del discurso del odio dirigido contra las minorías y los migrantes.</s>
    <s id="24">Una retórica violenta, exclusivista y discriminatoria ha regresado a Europa -la tierra del Holocausto-.</s>
    <s id="25">Nacionalistas extremos explotan la actual crisis de refugiados, en un contexto de miedo y ataques terroristas mortales, para ganar grandes cantidades de seguidores.</s>
  </p>
  <p id="8">
    <s id="26">Estado de engaño nos muestra hasta qué punto la propaganda puede tener consecuencias mortales.</s>
    <s id="27">El Holocausto comenzó con palabras, no asesinatos en masa.</s>
    <s id="28">Debemos recordar cómo el veneno del antisemitismo y el racismo, proyectado a través de los medios masivos, y a través de sistemas políticos, culturales y educacionales, llevaron a un continente a la violencia masiva y al genocidio.</s>
  </p>
  <p id="9">
    <s id="29">Hoy, frente a la nueva propaganda de odio, nuestro desafío consiste en emplear el poder de las nuevas tecnologías de comunicación para fortalecer el pluralismo y la dignidad humana para todos, para combatir todas las formas de antisemitismo y negación del Holocausto.</s>
    <s id="30">Esta nueva guerra por los corazones y las mentes sólo se puede ganar si actualizamos y mejoramos las herramientas de educación, cultura, ciencia y comunicación.</s>
    <s id="31">La UNESCO fue creada hace 70 años con este objetivo, lidera un programa global para la educación sobre el Holocausto y la prevención del genocidio y trabaja con gobiernos y maestros para inculcar esta historia en las aulas.</s>
  </p>
  <p id="10">
    <s id="32">Las bombas y las balas por sí solas no pueden derrotar al veneno político.</s>
    <s id="33">También debemos ganar la batalla de las ideas.</s>
    <s id="34">Las escuelas, los museos y los medios deben fomentar la alfabetización mediática para ayudar a los jóvenes a desarrollar capacidades de pensamiento crítico.</s>
    <s id="35">Los intelectuales, artistas y figuras públicas deben destacar el peligro de la indiferencia hacia aquellos grupos que abrazan la intolerancia y la exclusión.</s>
    <s id="36">Y los líderes políticos deberían estimular la integración social y el entendimiento mutuo.</s>
    <s id="37">Así es como podemos rendir tributo a las víctimas del Holocausto -no sólo para lamentar a los muertos, sino también para fortalecer a los vivos.</s>
  </p>
</document>
