<?xml version="1.0" encoding="utf-8"?>
<document>
  <HEADLINE>
    <s id="1">Reescribir el futuro del trabajo</s>
  </HEADLINE>
  <p id="1">
    <s id="2">TORONTO – Mucho se ha escrito sobre el “futuro del trabajo”, y en gran parte con perspectivas sombrías.</s>
    <s id="3">Una seguidilla de estudios predicen que la automatización cambiará a sectores enteros y dejará en el paro a millones de personas.</s>
    <s id="4">Un artículo escrito en 2013 por dos profesores de Oxford incluso sugirió que las máquinas podrían reemplazar el 47% de los empleos en los Estados Unidos dentro de “una o dos décadas”.</s>
  </p>
  <p id="2">
    <s id="5">Conclusiones como esta sustentan la narrativa de que resulta inevitable que en el futuro haya escasez de empleos.</s>
    <s id="6">Sin embargo, esta visión se apoya mayoritariamente en el sector corporativo, basándose en tendencias negativas de la llamada economía de los minitrabajos (gig economy), pero ni los trabajadores ni los sindicatos han intervenido mucho en la conversación.</s>
    <s id="7">Si eso cambiara, el futuro del trabajo podría lucir muy distinto.</s>
  </p>
  <p id="3">
    <s id="8">Hay tres supuestos que sesgan los pronósticos del impacto de la automatización sobre el empleo.</s>
    <s id="9">Es esencial abordar cada uno de ellos para proteger los derechos de los trabajadores y cambiar la perspectiva fatalista de la narrativa predominante.</s>
  </p>
  <p id="4">
    <s id="10">El primero es que las tareas completamente automatizadas desplazarán a los trabajadores en el futuro cercano, pero ese enfoque es poco más que una conjetura.</s>
    <s id="11">Incluso quienes usan los mismos conjuntos de datos pueden llegar a conclusiones diferentes.</s>
    <s id="12">Por ejemplo, un estudio realizado en 2017 por McKinsey, basado en datos similares a los del artículo de Oxford de 2013, llegó a la conclusión de que apenas un 5% de los empleos estadounidenses se podían automatizar totalmente, pero que cerca del 60% podían serlo en parte.</s>
    <s id="13">En otras palabras, la automatización no significa que el trabajo humano tenga que desaparecer, sino que puede volverse más productivo.</s>
  </p>
  <p id="5">
    <s id="14">Si algo demuestran las tendencias actuales es la importancia de democratizar el modo como se integra la tecnología a los procesos empresariales.</s>
    <s id="15">Cuando grandes corporaciones introducen innovaciones para acelerar la producción –como aparatos móviles para cronometrar a los trabajadores de bodegas en las instalaciones de Amazon-, la consecuencia no prevista puede ser una baja de la productividad.</s>
    <s id="16">Para muchos trabajadores, la manera en que se adopta la tecnología puede tener más peso que la tecnología misma.</s>
  </p>
  <p id="6">
    <s id="17">El segundo supuesto es que la automatización no traerá beneficios a la mayoría de los trabajadores.</s>
    <s id="18">Sin embargo, las personas y la política (no las máquinas) determinarán su destino.</s>
    <s id="19">Si aceptamos la visión de que la tecnología elevará la productividad general (un punto en discusión, dados los bajos niveles de aumento de la productividad en los países de la OCDE en la última década), entonces los trabajadores y los líderes políticos tendrían que centrarse en lograr un mejor equilibrio entre trabajo y calidad de vida.</s>
    <s id="20">Hace más de un siglo que se libró la lucha por una jornada laboral de ocho horas y los espacios abiertos por el debate actual permiten negociar una semana laboral más corta.</s>
    <s id="21">Algunos sindicatos ya lo están haciendo y en el futuro otros deberían unírseles.</s>
  </p>
  <p id="7">
    <s id="22">Finalmente, a pesar de toda la publicidad, la automatización no es el problema más acuciante para la fuerza de trabajo.</s>
    <s id="23">Puede que la tecnología sea disruptiva, pero las mayores preocupaciones de los trabajadores actuales son las que sienten más directamente: subempleo, empleos precarios y salarios estancados.</s>
    <s id="24">Según el informe de 2018 “Perspectivas sociales del empleo mundial” de la Organización Internacional del Trabajo, 1,4 mil millones de personas en todo el planeta se desempeñan en “formas vulnerables de empleo” en el sector informal, en comparación con los 192 millones de desempleados.</s>
  </p>
  <p id="8">
    <s id="25">No hay dudas de que las nuevas tecnologías afectan a los trabajadores de algunas maneras adversas.</s>
    <s id="26">Siempre ha sido así, y la gente seguirá desplazándose de un sector económico a otro.</s>
    <s id="27">Pero, si bien la innovación tecnológica crea nuevas oportunidades, la economía de los miniempleos actual, en particular, refleja cómo también puede debilitar los derechos de los trabajadores y aumentar la inseguridad laboral.</s>
    <s id="28">Los temores de los trabajadores son reales, razón por la que el movimiento sindical ha estado luchando por defender a aquellos que se encuentran en situaciones vulnerables.</s>
    <s id="29">Un valioso avance para asegurarse de que la automatización no deje a nadie detrás sería ampliar el concepto de Transición Justa (Just Transition), que se utiliza actualmente en los casos de reubicaciones debido a la situación climática, a las disrupciones ocasionadas por la tecnología.</s>
  </p>
  <p id="9">
    <s id="30">Pero no debemos aceptar la narrativa ansiosa de un mundo sin trabajo.</s>
    <s id="31">La tecnología y el desarrollo económicos son ámbitos en disputa, y los sindicatos deben centrarse en mejorar las condiciones de los lugares de trabajo, organizar a los trabajadores en los nuevos sectores económicos y desafiar los modelos de negocio autoritarios que dan poca injerencia a los empleados sobre cómo funcionan las compañías en las que trabajan.</s>
  </p>
  <p id="10">
    <s id="32">Hay señales positivas.</s>
    <s id="33">En el sector de los servicios está creciendo la organización laboral.</s>
    <s id="34">Los empleados están presionando por mejores salarios en algunas de las mayores corporaciones del mundo.</s>
    <s id="35">Y en Estados Unidos los trabajadores están pidiendo –y, a menudo, recibiendo- un sueldo digno que les permita vivir.</s>
    <s id="36">El próximo paso es asegurarse de que los efectos de la automatización tengan una mayor prominencia en la organización sindical.</s>
    <s id="37">El futuro del trabajo no está predeterminado, y la historia todavía se está escribiendo.</s>
    <s id="38">Como siempre, la pregunta más importante es quién la escribe.</s>
  </p>
  <SOURCE LANG="inglés" TRANSLATOR="David Meléndez Tormen" />
</document>
