<?xml version="1.0" encoding="utf-8"?>
<document>
  <HEADLINE>
    <s id="1">Palestina como Estado fallido</s>
  </HEADLINE>
  <p id="1">
    <s id="2">Cada semana parece que Palestina da un paso más hacia atrás.</s>
    <s id="3">El fracaso del Presidente Mahmoud Abbas para convocar a una asamblea legislativa palestina debido al boicot de Hamas puede conducir inexorablemente al colapso definitivo de las estructuras políticas que se crearon bajo los Acuerdos de Oslo.</s>
    <s id="4">Lamentablemente, este es sólo el capítulo más reciente de la trágica historia de intentos fallidos de los palestinos para crear un Estado nación.</s>
  </p>
  <p id="2">
    <s id="5">Los palestinos consideran su historia como una lucha contra el sionismo e Israel.</s>
    <s id="6">Pero la realidad es más complicada, y ha estado marcada por los repetidos fracasos para crear un cuerpo político coherente, incluso cuando se han presentado oportunidades históricas.</s>
  </p>
  <p id="3">
    <s id="7">Tal vez el primer fracaso sucedió en 1920, cuando las autoridades británicas en Palestina alentaron a las dos comunidades nacionales –judíos y árabes—a que establecieran instituciones comunitarias de autogobierno que se encargaran de la educación, la seguridad social, la vivienda y la administración local.</s>
  </p>
  <p id="4">
    <s id="8">Los judíos –que en ese entonces eran menos del 20% de la población de la Palestina británica—establecieron lo que se conoció como el Comité Nacional (Va’ad Leumi), basado en un órgano elegido, la Asamblea Representativa de los Judíos Palestinos.</s>
    <s id="9">Para esta asamblea se llevaban a cabo elecciones regulares, en las que a veces competían hasta una docena de partidos.</s>
    <s id="10">Esta institución autónoma se convirtió en la precursora de la estructura política del naciente Estado judío, y sus líderes --David Ben-Gurion entre ellos—surgieron como la futura élite política de Israel.</s>
    <s id="11">Israel tuvo éxito como nación, con una vida parlamentaria activa y en ocasiones turbulenta, precisamente porque sus líderes aprovecharon esta oportunidad.</s>
  </p>
  <p id="5">
    <s id="12">Sin embargo, los palestinos nunca crearon estructuras embrionarias de un Estado similares: se estableció un Comité Superior Árabe, compuesto por notables regionales y tribales, pero nunca se celebraron elecciones.</s>
    <s id="13">El Mufti de Jerusalén, Haj Amin al-Husseini (que posteriormente fue aliado de la Alemania Nazi), se convirtió en su presidente, pero el órgano nunca fue capaz de crear un liderazgo nacional con aceptación general, ni de ofrecer a la comunidad árabe la variedad de servicios educativos y de seguridad social que las instituciones judías elegidas dieron a la suya.</s>
  </p>
  <p id="6">
    <s id="14">El segundo fracaso ocurrió durante la revuelta árabe contra la administración británica de Palestina de 1936 a 1939, que estuvo acompañada de grandes ataques terroristas contra civiles judíos.</s>
    <s id="15">La revuelta misma fue violentamente reprimida por el ejército británico, pero no antes de que una división en la comunidad palestina diera origen a dos milicias armadas –una basada en el clan Husseini, y la otra en los Nashashibis, más moderados—que se atacaron salvajemente entre sí.</s>
    <s id="16">Más palestinos murieron por estas luchas entre las milicias rivales que a manos del ejército británico o las fuerzas de autodefensa judías.</s>
  </p>
  <p id="7">
    <s id="17">El tercer fracaso –aun más trágico—se dio en 1947-48, cuando los árabes palestinos rechazaron el plan de partición de Naciones Unidas, que contemplaba un Estado árabe y otro judío independientes tras el retiro de los británicos.</s>
    <s id="18">Mientras que los judíos aceptaron este arreglo, los árabes palestinos, apoyados por los países de la Liga Árabe, lo rechazaron y declararon la guerra contra el incipiente Estado de Israel.</s>
  </p>
  <p id="8">
    <s id="19">La derrota árabe palestina en esta empresa y el resultante problema de refugiados fue un momento de definición para los palestinos.</s>
    <s id="20">Pero lo que a veces se pierde de vista en este relato es que, mientras prácticamente todos los sectores de la sociedad árabe palestina rechazaron el plan de Naciones Unidas, los palestinos fueron incapaces de diseñar instituciones políticas coherentes y un comando militar unificado con el cual afrontar a la comunidad judía que era mucho más pequeña.</s>
    <s id="21">En contraste, la asediada comunidad judía, bajo el liderazgo de David Ben-Gurion y la fuerza de autodefensa judía (la Hagannah) fueron capaces de movilizar, a través de sus instituciones democráticas y con un disentimiento marginal, los recursos necesarios para una campaña militar exitosa.</s>
  </p>
  <p id="9">
    <s id="22">En efecto, muchos líderes políticos palestinos huyeron a Beirut o El Cairo una vez que la violencia se desató.</s>
    <s id="23">El clan Husseini estableció su milicia en el área de Jerusalén.</s>
    <s id="24">Cerca de Tel Aviv, en la colindante Jaffa, una milicia adversaria, bajo el mando de Hassan Salameh, tomó el control.</s>
    <s id="25">En el norte del país, una milicia basada en Siria, dirigida por Fawzi al-Kaukji, atacó pueblos judíos.</s>
    <s id="26">Los árabes de Haifa, más moderados, trataron sin mucho éxito de permanecer al margen de la lucha.</s>
  </p>
  <p id="10">
    <s id="27">La desunión hizo que la derrota árabe fuera casi inevitable.</s>
    <s id="28">Además, las cicatrices de la virtual guerra civil de los años 1930 no han sanado: la sospecha mutua y los recuerdos de las masacres destructivas viciaron la cooperación y la confianza.</s>
  </p>
  <p id="11">
    <s id="29">El último fracaso ocurrió cuando los Acuerdos de Oslo de 1993 entre Israel y la OLP establecieron la Autoridad Palestina autónoma bajo el control de Yasser Arafat.</s>
    <s id="30">En lugar de crear la infraestructura del futuro Estado palestino, con las diversas funciones que poco a poco se transfirieron del ejército israelí a la Autoridad Palestina, Arafat creó un Estado mukhabarat (servicios de seguridad), como en Egipto, Siria y (hasta la caída de Saddam Hussein) Iraq.</s>
  </p>
  <p id="12">
    <s id="31">Arafat y sus seguidores del Fatah establecieron casi una docena de servicios de seguridad rivales –algunas veces indistinguibles de las milicias basadas en los clanes- que consumían más del 60% del presupuesto de la Autoridad Palestina, a costa de la educación, vivienda, seguridad social y rehabilitación de los refugiados.</s>
    <s id="32">Hamas irrumpió en este vacío con su red de escuelas, servicios sociales, centros comunitarios y organizaciones de ayuda.</s>
    <s id="33">La toma de Gaza por parte de Hamas fue sólo el paso más reciente de estos acontecimientos.</s>
  </p>
  <p id="13">
    <s id="34">Es fácil culpar a individuos de la crisis palestina actual –ya sea Arafat o Abbas.</s>
    <s id="35">Es todavía más fácil culpar a la ocupación israelí o a las políticas estadounidenses.</s>
    <s id="36">Ciertamente hay muchas culpas que repartir.</s>
    <s id="37">Pero todos los movimientos nacionales –el griego, así como el polaco, el judío y el kurdo- inician en la adversidad.</s>
  </p>
  <p id="14">
    <s id="38">Los palestinos tienen una historia difícil –una de desunión interna y de conflictos intestinos- que superar.</s>
    <s id="39">Se encuentran otra vez en una encrucijada y depende de ellos trascender su trágica herencia.</s>
    <s id="40">Nadie puede ayudarlos si no logran formar un liderazgo coherente, consensual y razonablemente unido –lo que Abbas mismo denomina “una ley, una autoridad, un arma”.</s>
  </p>
</document>
