<?xml version="1.0" encoding="utf-8"?>
<document>
  <HEADLINE>
    <s id="1">¿Sociedad?</s>
    <s id="2">¿Qué sociedad?</s>
  </HEADLINE>
  <p id="1">
    <s id="3">Londres – La política de la Unión Europea hacia sus vecinos del este está en problemas, a pesar del lanzamiento de su nueva Sociedad del Este.</s>
    <s id="4">La opinión pública europea es cada vez más introspectiva y esporádicamente proteccionista.</s>
    <s id="5">¿Qué ha de hacerse entonces respecto de la "zona gris" al este de Europa, los seis países que hoy están entre la UE y Rusia?</s>
    <s id="6">La inacción es inaceptable.</s>
    <s id="7">La región se ha visto seriamente afectada por la crisis económica, agravada aún más por la agitación política interna y por serios peligros en materia de seguridad.</s>
  </p>
  <p id="2">
    <s id="8">La idea de la "Sociedad del Este" surgió de una iniciativa polaco-sueca a principios del pasado verano (boreal).</s>
    <s id="9">De manera que, según los estándares de la UE, se la ha impulsado por una vía muy rápida.</s>
    <s id="10">La nueva iniciativa es exclusivamente para la región al este de la Unión -Ucrania, Moldova, Belarús, Georgia, Armenia y Azerbaiján- y está destinada a complementar la Política Europea de Vecindad.</s>
    <s id="11">Tiene escasos recursos nuevos y un presupuesto limitado para proyectos técnicos (600 millones de euros en cuatro años para los seis países).</s>
    <s id="12">La idea es que la Sociedad del Este ofrezca una señal positiva a estos países, cambie el clima en el que se discute la región dentro de la UE y lentamente ayude a introducirla en la órbita de la UE.</s>
  </p>
  <p id="3">
    <s id="13">El ofrecimiento fastidió a Rusia.</s>
    <s id="14">Pero la UE tiene sus propios problemas con la iniciativa.</s>
    <s id="15">Por ejemplo, le costó mucho persuadir a los líderes de hacerse presentes en Praga el jueves.</s>
    <s id="16">Y quienes aceptaron ir no son una buena propaganda para la región.</s>
  </p>
  <p id="4">
    <s id="17">Los índices de popularidad del presidente de Ucrania, Viktor Yushchenko, están por debajo del 5% después de que llevó al país de crisis en crisis desde la "Revolución Naranja" en 2004.</s>
    <s id="18">Mikheil Saakashvili de Georgia enfrenta protestas domésticas después de su desastroso desacierto militar en agosto de 2008.</s>
    <s id="19">Armenia también sufre manifestaciones, tras la polémica elección de Serzh Sarksyan en febrero de 2008, que derivó en el asesinato de diez personas.</s>
    <s id="20">En marzo de 2009, el presidente de Azerbaiján, Ilham Aliyev, organizó un referendo constitucional que abrió el camino para su presidencia de por vida.</s>
    <s id="21">El más controvertido de todos ha sido el "último dictador de Europa", el presidente bielorruso Alexander Lukashenko.</s>
    <s id="22">Anteriormente, Belarús ni siquiera estaba en la Política Europea de Vecindad.</s>
  </p>
  <p id="5">
    <s id="23">Cinco años después de que la expansión "explosiva" de la EU incorporara a ocho ex países comunistas a su este, la Unión corre peligro de perder los corazones y las mentes de sus vecinos del este por su complacencia y su estrategia densa ante las crisis.</s>
    <s id="24">Los vecinos del este no son como los estados europeos centrales que negociaron el acceso a la UE en los años 1990.</s>
    <s id="25">Su estadidad es débil, su liderazgo muchas veces más débil y carecen del consenso respecto de su destino europeo que permitió que se persiguieran reformas difíciles en Polonia, Eslovaquia y los estados bálticos.</s>
  </p>
  <p id="6">
    <s id="26">Por un accidente de coordinación burocrática, la Sociedad del Este es vista por muchos en el este meramente como la respuesta de la UE a la crisis económica global, no como una estrategia diseñada para la región.</s>
    <s id="27">De hecho, el presidente de Moldova, Vladimir Voronin, la descarta por considerarla un "dulce".</s>
  </p>
  <p id="7">
    <s id="28">Con seguridad, el foco tecnocrático de la UE en reformas estructurales está teniendo cierto efecto en la región.</s>
    <s id="29">Seis estados, con excepción de Belarús, hoy comercian más con la UE que con Rusia.</s>
    <s id="30">Pero la relevancia política de estas realidades económicas cambiantes es prácticamente nula.</s>
    <s id="31">Si es que avanzó, la región lo hizo en la dirección equivocada, mientras que las tensiones de seguridad y hasta la guerra (en Georgia el verano boreal pasado) son cada vez más frecuentes.</s>
    <s id="32">Las elecciones fraudulentas rápidamente se están convirtiendo en la norma.</s>
    <s id="33">Los seis estados no tienen ni el tiempo ni la inclinación de digerir la burocracia de la UE de un solo trago.</s>
  </p>
  <p id="8">
    <s id="34">Rusia se las ha ingeniado para remozar la manera en que opera en la región desde que se quemó los dedos al interferir tan crudamente en Ucrania en 2004.</s>
    <s id="35">Ahora utiliza un amplio espectro de poder duro y poder blando, un tanto inconmensurable con el de la UE -por caso, las bases militares que ha logrado asegurar en cada uno de los seis estados-.</s>
    <s id="36">Es más, hace cosas que hace la UE y las hace mejor.</s>
    <s id="37">Un ejemplo notable (hasta hace poco) es su mercado laboral más abierto.</s>
    <s id="38">Rusia también está utilizando menos coerción y más zanahorias: ofrece asistencia económica, garantías de seguridad y una ideología de "democracia soberana" que seduce a muchas elites post-soviéticas.</s>
  </p>
  <p id="9">
    <s id="39">La Sociedad del Este es un típico instrumento tecnocrático a largo plazo de la UE.</s>
    <s id="40">La UE promete ayudar a establecer "instituciones públicas al estilo occidental" y transformar las economías del este mediante acuerdos de libre comercio integrales.</s>
  </p>
  <p id="10">
    <s id="41">Todo eso está bien, pero la UE necesita actuar con más celeridad.</s>
    <s id="42">Necesita mostrar que su misión es hacer crecer a estados débiles, ayudarlos a superar las crisis de corto plazo y nutrir la democracia, en lugar de tratarlos como naves vacías para la exportación de la política de la UE.</s>
    <s id="43">Como seguimiento de la cumbre de la Sociedad del Este, la UE debe iniciar reuniones de más bajo nivel de ministros del Interior para discutir la migración, las visas y el contraterrorismo, al mismo tiempo que debería intentar integrar a Ucrania y Moldova al mercado energético europeo.</s>
  </p>
  <p id="11">
    <s id="44">La alternativa es un muro de inestabilidad en lo que es, después de todo, el vecindario de Europa.</s>
    <s id="45">Como sucede con Estados Unidos y México, las consecuencias de brechas crecientes en los niveles de vida, la buena gobernancia y el régimen de derecho inevitablemente atraviesan las fronteras.</s>
    <s id="46">La política hacia el este de la UE no debería considerarse filantrópica, sino una estrategia para promover intereses paneuropeos bien definidos.</s>
  </p>
</document>
