<?xml version="1.0" encoding="utf-8"?>
<document>
  <HEADLINE>
    <s id="1">El regreso de Bachelet</s>
  </HEADLINE>
  <p id="1">
    <s id="2">SANTIAGO – La arrolladora victoria de Michelle Bachelet en las recientes elecciones presidenciales de Chile representa un mandato que muchos dirigentes políticos habrían de envidiar por fuerza, pero su regreso a la presidencia se produce con una salvedad decisiva: una abstención sin precedentes pone en tela de juicio la afirmación hecha por algunos miembros de su coalición de que los votantes quieren un profundo cambio y el abandono de las políticas pro mercado que han hecho de Chile la democracia más estable y lograda de Latinoamérica.</s>
  </p>
  <p id="2">
    <s id="3">En 2010, Bachelet concluyó su primer mandado como presidenta con una aprobación del 80 por ciento.</s>
    <s id="4">Sus políticas económicas fiscalmente responsables, combinadas con una atención centrada en gran medida en programas sociales de mitigación de la pobreza, permitió a su gobierno capear la crisis financiera mundial de 2008.</s>
    <s id="5">Aun así, después de veinte años en el poder, su coalición izquierdista de la Concertación fue derrotada en las elecciones presidenciales de aquel año por el candidato de centro derecha, Sebastián Piñera.</s>
  </p>
  <p id="3">
    <s id="6">Ahora, después un solo mandato de un gobierno de Piñera, económicamente logrado, pero impopular, los chilenos han devuelto a Bachelet al poder.</s>
    <s id="7">Además de ser la primera Presidenta de Chile, Bachelet es el primer Presidente desde 1938 que ha sido reelegido para un segundo mandato y su margen de victoria –62 por ciento frente a 38 por ciento– sobre la candidata de centro derecha, Evelyn Matthei, carece también de precedentes, pero la elevada tasa de abstención en estas elecciones, las primeras con registro automático de los votantes y sin votación obligatoria, significa también que Bachelet pasará a ser Presidenta con menos votos que cualquier otro de sus predecesores desde el restablecimiento de la democracia en 1990.</s>
  </p>
  <p id="4">
    <s id="8">Bachelet no disfrutará de una luna de miel.</s>
    <s id="9">Durante la campaña presidencial, como candidata de la coalición Nueva Mayoría –la antigua Concertación, más el Partido Comunista y otros pequeños grupos izquierdistas– formuló compromisos concretos que contribuyeron a aumentar las esperanzas de sus partidarios.</s>
    <s id="10">Aunque el probable que el programa del Gobierno sea menos ambicioso y matice muchas de las promesas de su campaña, las clases pobres y de medias bajas, su principal base electoral, esperan que se apresure, por ejemplo, a poner fin a las enseñanzas primaria y secundaria con ánimo de lucro y a ofrecer enseñanza superior universal y gratuita.</s>
  </p>
  <p id="5">
    <s id="11">Además, Bachelet ha prometido reformar el sistema tributario para reducir la desigualdad, fortalecer el papel del Estado en el sistema de pensiones y mejorar la calidad y cobertura del sistema de atención de salud.</s>
    <s id="12">Ha prometido incluso una nueva constitución.</s>
  </p>
  <p id="6">
    <s id="13">Pero, aunque la coalición de Bachelet tiene una clara mayoría en el Congreso, las reformas que requieran una mayoría cualificada la obligarán a negociar con la oposición de centro derecha para poder aprobarlas.</s>
    <s id="14">Además, como su coalición está formada por partidos que van de la extrema izquierda al centro, Bachelet tendrá que lograr transacciones con sus aliados.</s>
  </p>
  <p id="7">
    <s id="15">Además, las dificultades del momento obligarán a adoptar decisiones difíciles.</s>
    <s id="16">Después de cuatro años de crecimiento rápido y casi pleno empleo durante el gobierno de Piñera, la economía está desacelerándose.</s>
    <s id="17">La bajada del precio del cobre, principal producto básico que exporta Chile, indica lo que reserva el futuro.</s>
    <s id="18">Después de hacer campaña con la promesa de redistribuir la riqueza, Bachelet tendrá que centrarse en fomentar el crecimiento y la creación de empleo.</s>
  </p>
  <p id="8">
    <s id="19">Al empeorar el panorama económico, las prioridades de los votantes pasarán de la ampliación del acceso a una educación y una atención de salud de calidad al fomento del empleo.</s>
    <s id="20">El propìo compromiso de Bachelet de reformar la Constitución, reliquia autoritaria que ella compara con una casa que ya no se ajusta a las necesidades de la familia nacional, competirá ahora con otras prioridades urgentes.</s>
    <s id="21">Al fin y al cabo, aunque se necesite una casa nueva, resulta insensato demoler la antigua justo antes de una tormenta.</s>
  </p>
  <p id="9">
    <s id="22">En su primer mandato, Bachelet adoptó políticas draconianas, pero fiscalmente responsables, que crearon enormes déficits estatales, después asignados a una ambiciosa reforma de las pensiones y un fondo soberano de reserva.</s>
    <s id="23">Aplicó reformas pragmáticas y graduales en la educación, las pensiones, la atención de salud y la competitividad, pero se esforzó denodadamente por lograr el consenso y fomentó el diálogo y la participación popular.</s>
  </p>
  <p id="10">
    <s id="24">En su segundo mandato, Bachelet tendrá que sopesar su promesa de reformas radicales frente a su pasada experiencia (su única reforma radical en su primer mandato –un nuevo sistema público de transporte en la capital, Santiago– tuvo consecuencias muy contraproducentes).</s>
    <s id="25">En su discurso de la noche electoral, reiteró antiguos temas comunes de su campaña, incluida la nueva constitución, las mejoras en el sistema educativo y la paridad sexual en su gobierno, pero también insistió en su compromiso con reformas responsables y sostenibles.</s>
  </p>
  <p id="11">
    <s id="26">Algunos críticos han advertido que con Bachelet a Chile le espera un giro a la izquierda intransigente, pero, dados los sólidos cimientos neoliberales del país, las coherentes políticas pro mercado y el apoyo generalizado al cambio moderado, lo más probable es que Bachelet cambie de rumbo sólo ligeramente.</s>
    <s id="27">Chile seguirá estando más a la derecha que la mayoría de los países latinoamericanos y, de hecho, más que la mayoría de los miembros de la OCDE, el grupo de países con el que Chile se ha acostumbrado a compararse cada vez más.</s>
  </p>
  <p id="12">
    <s id="28">Chile sigue siendo también uno de los países menos igualitarios de Latinoamérica.</s>
    <s id="29">En los últimos años, los movimientos sociales han exigido que el Estado desempeñe un mayor papel en la redistribución y el mandato de Bachelet será el de reducir la desigualdad.</s>
    <s id="30">Si lo logra mediante reformas moderadas y graduales, la democracia de Chile se fortalecerá y será menos excluyente.</s>
    <s id="31">Sin embargo, si muestra preferencia por una vía substitutiva, las instituciones democráticas, la opinión pública y la presión económica le recordarán que los chilenos no son partidarios de cambiar el planteamiento gracias al cual su país ha llegado a ser la envidia de Latinoamérica.</s>
  </p>
  <SOURCE LANG="inglés" TRANSLATOR="Carlos Manzano." />
</document>
