<?xml version="1.0" encoding="utf-8"?>
<document>
  <HEADLINE>
    <s id="1">Perdedores perfectos</s>
  </HEADLINE>
  <p id="1">
    <s id="2">LONDRES – La economía, parece ser, tiene muy poco para decir sobre la actual crisis económica.</s>
    <s id="3">De hecho, nada menos que una figura como el ex presidente de la Reserva Federal de Estados Unidos Alan Greenspan recientemente confesó que todo su “edificio intelectual” había sido “demolido” por los hechos recientes.</s>
  </p>
  <p id="2">
    <s id="4">Sin embargo, si uno escarba entre los escombros, se puede topar con fragmentos útiles.</s>
    <s id="5">Uno de ellos se llama “información asimétrica”.</s>
    <s id="6">Esto significa que algunas personas saben más sobre algunas cosas que otras.</s>
    <s id="7">Quizá no se trate de una observación muy deslumbrante.</s>
    <s id="8">Pero se aplica a los compradores y a los vendedores.</s>
    <s id="9">Supongamos que el vendedor de un producto conoce más sobre su calidad que el comprador, o viceversa.</s>
    <s id="10">Suceden cosas interesantes –tan interesantes que los inventores de esta idea recibieron Premios Nobel en economía.</s>
  </p>
  <p id="3">
    <s id="11">En 1970, George Akerlof publicó un famoso ensayo titulado “El mercado de los autos usados” (The Market for Lemons).</s>
    <s id="12">Su principal ejemplo en este mercado es que el comprador no sabe si lo que le ofrecen es un buen auto o un auto defectuoso.</s>
    <s id="13">Su mejor suposición es que se trata de un auto de calidad promedio, por el cual sólo pagará el precio promedio.</s>
    <s id="14">Como el dueño no podrá obtener un buen precio por un auto bueno, no colocará buenos autos en el mercado.</s>
    <s id="15">De manera que la calidad promedio de los autos usados ofrecidos a la venta bajará.</s>
  </p>
  <p id="4">
    <s id="16">Otro ejemplo muy conocido tiene que ver con el seguro.</s>
    <s id="17">Esta vez es el comprador quien sabe más que el vendedor, ya que el comprador conoce su comportamiento de riesgo, su salud física y demás.</s>
    <s id="18">El asegurador enfrenta una “selección adversa”, porque no puede distinguir entre buenos riesgos y malos riesgos.</s>
    <s id="19">Por lo tanto, fija una prima promedio demasiado alta para los contribuyentes sanos y demasiado baja para los que no lo son.</s>
    <s id="20">Esto expulsará a los contribuyentes saludables, sometiendo al asegurador a una cartera de malos riesgos –el camino rápido a la bancarrota.</s>
  </p>
  <p id="5">
    <s id="21">Existen varias maneras de “balancear” la información disponible –por ejemplo, garantías para los autos usados y certificados médicos para el seguro-.</s>
    <s id="22">Pero, como estos dispositivos cuestan dinero, la información asimétrica siempre conduce a peores resultados de los que ocurrirían de otra manera.</s>
  </p>
  <p id="6">
    <s id="23">Todo esto es relevante para los mercados financieros porque la “hipótesis de mercados eficientes” –el paradigma dominante en las finanzas- presupone que todos tienen información perfecta, y que, por lo tanto, todos los precios expresan el valor real de los productos en venta.</s>
    <s id="24">Pero cualquier profesional de las finanzas nos dirá que algunos saben más que otros, y que también ganan más.</s>
    <s id="25">La información es el rey.</s>
    <s id="26">Sin embargo, de la misma manera que en los mercados de autos usados y de seguros, la información asimétrica en las finanzas genera problemas.</s>
  </p>
  <p id="7">
    <s id="27">Cuando los bancos no pueden diferenciar entre una buena y una mala inversión –una situación análoga al mercado de seguros-, se genera un problema característico de “selección adversa”.</s>
    <s id="28">El prestatario sabe que el riesgo es elevado, pero le dice al prestador que es bajo.</s>
    <s id="29">El prestador que no puede evaluar el riesgo se inclina por inversiones que prometen rendimientos más altos.</s>
    <s id="30">Este modelo particular predice que los bancos invertirán en exceso en proyectos de alto riesgo y alto rendimiento; vale decir, la información asimétrica permite que ingresen créditos tóxicos al mercado crediticio.</s>
    <s id="31">Otros modelos usan un comportamiento de principal/agente para explicar el “ímpetu” (comportamiento de rebaño) en los mercados financieros.</s>
  </p>
  <p id="8">
    <s id="32">Si bien fueron diseñados antes de la crisis actual, estos modelos parecen encajar bastante bien en las observaciones actuales: bancos que les prestan a emprendedores que nunca podrán devolver el dinero y precios de activos que cambian incluso si no hubo cambios en las condiciones.</s>
  </p>
  <p id="9">
    <s id="33">Pero unos segundos de reflexión bastarán para demostrar por qué estos modelos no pueden explicar la crisis general de hoy.</s>
    <s id="34">Se basan en que una persona prevalece sobre otra: el mejor informado gana –al menos en el corto plazo- a expensas del peor informado.</s>
    <s id="35">De hecho, estos modelos forman parte de la naturaleza de las estafas.</s>
    <s id="36">De modo que no pueden explicar una situación en la que todos, o casi todos, pierden –o, para el caso, ganan- al mismo tiempo.</s>
  </p>
  <p id="10">
    <s id="37">Los teóricos de la información asimétrica ocupan una rama desviacionista de la economía convencional.</s>
    <s id="38">Concuerdan con la corriente principal en que sí hay información perfecta disponible en alguna parte, inclusive conocimiento perfecto sobre cómo encajan las diferentes partes de la economía.</s>
    <s id="39">Difieren sólo en la idea de que no todos lo poseen.</s>
    <s id="40">En el ejemplo de Akerlof, el problema de vender un auto usado a un precio eficiente no es que nadie sepa qué probabilidades haya de que se rompa, sino más bien que el vendedor conoce perfectamente bien qué probabilidades hay de que se rompa, y el comprador no.</s>
  </p>
  <p id="11">
    <s id="41">Y sin embargo el verdadero problema es que, en el mundo real, nadie está perfectamente informado.</s>
    <s id="42">Quienes tienen mejor información intentan engañar a los que tienen peor información; pero se están autoengañando porque piensan que saben más de lo que saben.</s>
    <s id="43">Si una persona estuviera perfectamente informada, nunca podría haber una crisis –alguien siempre haría las llamadas correctas en el momento oportuno-.</s>
    <s id="44">Pero sólo Dios está perfectamente informado, y El no juega en la bolsa.</s>
  </p>
  <p id="12">
    <s id="45">“El hecho sorprendente”, escribió John Maynard Keynes en su Teoría General del Empleo, el Interés y el Dinero, “es la extrema precariedad de la base del conocimiento sobre la que tienen que hacerse nuestras estimaciones de rendimiento potencial”.</s>
    <s id="46">No existe “en alguna parte” un conocimiento perfecto sobre el valor correcto de los activos, porque no hay manera de que podamos decir cómo va a ser el futuro.</s>
  </p>
  <p id="13">
    <s id="47">En lugar de ocuparnos de la información asimétrica, estamos ocupándonos de los diferentes grados de no información.</s>
    <s id="48">El comportamiento de rebaño, pensaba Keynes, no surge de intentos por engañar, sino del hecho de que, frente a lo desconocido, buscamos seguridad en los números.</s>
    <s id="49">La economía, en otras palabras, debe arrancar de la premisa del conocimiento imperfecto más que del conocimiento perfecto.</s>
    <s id="50">Luego puede estar más cerca de poder explicar por qué estamos donde estamos hoy.</s>
  </p>
</document>
