<?xml version="1.0" encoding="utf-8"?>
<document>
  <HEADLINE>
    <s id="1">Preparémonos para el presidente Trump</s>
  </HEADLINE>
  <p id="1">
    <s id="2">LONDRES – Amigos y aliados de Estados Unidos observan con estupor la perspectiva casi segura de que la elección presidencial de noviembre sea una competencia entre Hillary Clinton y Donald Trump.</s>
    <s id="3">Pero con la ansiedad no se gana nada.</s>
    <s id="4">Hay que esperar lo mejor y empezar a prepararse para lo peor.</s>
  </p>
  <p id="2">
    <s id="5">El hecho central de esta elección 2016 no es que un magnate inmobiliario y estrella de los reality shows, que nunca fue elegido para cargo alguno, de repente se haya convertido en el candidato más probable por el Partido Republicano, sino la enorme diferencia que supondría una victoria de Trump para el resto del mundo, en comparación con una de Clinton.</s>
  </p>
  <p id="3">
    <s id="6">En toda elección presidencial estadounidense de tiempos modernos, los amigos y aliados de Estados Unidos han tenido, en privado, sus preferencias.</s>
    <s id="7">Pero nunca antes los candidatos demócrata y republicano habían sido tan distintos como el agua y el aceite.</s>
    <s id="8">Entre Reagan y Carter, entre Clinton y Bush, entre Bush y Gore, entre Obama y McCain no había un abismo insalvable.</s>
    <s id="9">Entre Trump y Clinton sí lo hay.</s>
  </p>
  <p id="4">
    <s id="10">Para el resto del mundo, Clinton representa la continuidad, y Trump implica cambios drásticos.</s>
    <s id="11">No hay modo de saber exactamente cuán drásticos, pero en el caso de Trump no es posible confiar en el supuesto normal de que durante las primarias los candidatos buscan congraciarse con su núcleo duro de partidarios, pero después viran al centro para la elección general.</s>
    <s id="12">La suya es una candidatura anormal.</s>
  </p>
  <p id="5">
    <s id="13">Por eso tiene sentido prepararse.</s>
    <s id="14">El 27 de abril, Trump confirmó en su discurso sobre política exterior ante el Centro para el Interés Nacional de EE.</s>
    <s id="15">UU. en Washington que “Estados Unidos primero” sería el tema dominante de su gobierno.</s>
    <s id="16">Está decidido a rechazar acuerdos de comercio e instituciones multilaterales, adoptar una línea mucho más dura respecto de la inmigración ilegal y modificar el esquema de alianzas de seguridad y defensa de su país.</s>
  </p>
  <p id="6">
    <s id="17">Trump declaró en ese discurso que quiere que Estados Unidos sea “predeciblemente impredecible”, pero también aclaró que no abandonará su posición básica.</s>
    <s id="18">Los aliados tendrán que pagar más a cambio de su defensa.</s>
    <s id="19">Y pueden esperar duras medidas de su gobierno si mantuvieran por mucho tiempo un gran superávit comercial bilateral con Estados Unidos.</s>
    <s id="20">Los tratados regionales, como el NAFTA (suscrito en 1994 por Estados Unidos, México y Canadá), son un “desastre total”: han atado las manos de Estados Unidos.</s>
    <s id="21">Así que cabe suponer que Trump los derogará.</s>
  </p>
  <p id="7">
    <s id="22">¿Cómo pueden entonces los amigos y aliados de Estados Unidos prepararse para un presidente Trump?</s>
    <s id="23">Discretamente, por supuesto.</s>
    <s id="24">Pero Trump, quien en 1987 publicó un bestseller llamado El arte del acuerdo, coincidirá sin duda en que la buena preparación es esencial para hacer buenos negocios.</s>
    <s id="25">Si ya instalado en la Casa Blanca, Trump se encuentra con que los otros gobiernos ya se prepararon para tratar con él, sentirá innegablemente admiración (aunque no lo admita).</s>
  </p>
  <p id="8">
    <s id="26">Hay dos clases de preparativos para lo peor que los aliados y amigos de Estados Unidos pueden y deben hacer.</s>
    <s id="27">Una es ponerse más fuertes, para tener mejor capacidad de hacer frente a hostigamientos.</s>
    <s id="28">La otra es apoyarse mutuamente, previendo que lo de “Estados Unidos primero” provoque una ruptura de las viejas alianzas y del orden internacional liberal predominante desde los cuarenta.</s>
  </p>
  <p id="9">
    <s id="29">Un Japón débil y una colección mal avenida de 28 países en la Unión Europea serían un blanco tentador para el presidente Trump.</s>
    <s id="30">Pero un Japón que en los próximos doce meses realmente haya adoptado la estrategia de liberalización para el crecimiento que a menudo prometió el primer ministro Shinzo Abe estaría en una posición más fuerte.</s>
    <s id="31">Lo mismo unos países europeos que abandonen su obsesión con la austeridad fiscal y usen la inversión pública para estimular el crecimiento y reducir el desempleo.</s>
  </p>
  <p id="10">
    <s id="32">Esas decisiones (necesarias en todo caso) facilitarían la tarea de crear alianzas más sólidas, que bien podrían volverse esenciales.</s>
  </p>
  <p id="11">
    <s id="33">Si un eventual gobierno de Trump intenta anular el NAFTA, Canadá y México tendrán que hacer causa común.</s>
    <s id="34">Si decide descartar el Acuerdo Transpacífico (ATP) negociado por el gobierno de Obama con doce economías de Asia y el Pacífico, estos países, tal vez liderados por Japón o Australia, deben estar listos para seguir con el acuerdo, o algo parecido, entre ellos (Clinton también se pronunció en contra del ATP, pero en su caso puede considerarse una mera maniobra táctica; en el de Trump, no hay garantías de que sea así).</s>
  </p>
  <p id="12">
    <s id="35">Algo similar vale para Europa.</s>
    <s id="36">Los miembros de la UE y la OTAN deben prepararse para estar unidos y evitar así que Trump los lleve de las narices en asuntos relacionados con el comercio o la seguridad.</s>
    <s id="37">Tal vez eso implique gastar más en su propia defensa (una demanda de Trump que no deja de ser razonable).</s>
    <s id="38">También implica tener unión suficiente para no convertirse por separado en víctimas de abusos de los Estados Unidos.</s>
  </p>
  <p id="13">
    <s id="39">Pero la solidaridad europea está debilitada (por decir poco) por la crisis de los migrantes y las consecuencias económicas de la debacle financiera de 2008.</s>
    <s id="40">El 23 de junio, los votantes británicos pueden hacer la situación mucho peor, si el resultado del referendo es abandonar la UE.</s>
    <s id="41">Para fortalecer a Gran Bretaña, y a la UE misma, en preparación para Trump, sería aconsejable que voten por la permanencia.</s>
  </p>
  <p id="14">
    <s id="42">Asia no se destaca por la solidaridad.</s>
    <s id="43">Ha dependido (tal vez demasiado) de la influencia de Estados Unidos para equilibrar sus rivalidades.</s>
    <s id="44">Japón, por ejemplo, tiene estrechos vínculos con países del sudeste asiático, pero ninguna relación de defensa formal.</s>
    <s id="45">Japón y su vecino más cercano, Corea del Sur, tienen desde hace mucho tiempo tratados de defensa con Estados Unidos, pero son hostiles entre sí.</s>
  </p>
  <p id="15">
    <s id="46">Dada la posibilidad de que en los próximos nueve a doce meses se desaten guerras comerciales y de divisas, y se abandonen alianzas de defensa históricas, es hora de poner la solidaridad regional por encima de viejas enemistades y de las fuerzas de la fragmentación.</s>
    <s id="47">Los amigos y aliados de Estados Unidos deben empezar a prepararse para un Estados Unidos menos amistoso.</s>
  </p>
  <SOURCE TRANSLATOR="Esteban Flamini" />
</document>
