<?xml version="1.0" encoding="utf-8"?>
<document>
  <HEADLINE>
    <s id="1">Pruitt y la amenaza de los pesticidas</s>
  </HEADLINE>
  <p id="1">
    <s id="2">IBADAN, NIGERIA – Un nuevo informe difundido por las Naciones Unidas (ONU) adopta una postura polémica sobre los pesticidas sintéticos.</s>
    <s id="3">La creencia popular es que son esenciales para dar de comer a la creciente población mundial, que se espera alcance los nueve mil millones de habitantes en 2050.</s>
    <s id="4">Pero los autores del informe califican nuestra dependencia de los pesticidas sintéticos como "una solución de corto plazo que socava el derecho a una alimentación y una salud adecuadas para las generaciones presentes y futuras".</s>
    <s id="5">Tienen razón.</s>
  </p>
  <p id="2">
    <s id="6">En mi calidad de científica nigeriana cuyo trabajo se centra en controlar las pérdidas post-cosecha, he visto de primera mano lo que sucede cuando el uso de pesticidas sintéticos no está regulado como corresponde.</s>
    <s id="7">Sin embargo, gran parte del mundo todavía se deja llevar por la creencia popular, con consecuencias nefastas para la salud pública.</s>
  </p>
  <p id="3">
    <s id="8">Estados Unidos parece inclinado a aumentar aún más el uso ya extendido que hace de los pesticidas.</s>
    <s id="9">El mes pasado, Scott Pruitt, ex procurador general de Oklahoma, fue confirmado en el puesto de director de la Agencia de Protección Ambiental (EPA por su sigla en inglés).</s>
    <s id="10">Pruitt, que demandó varias veces a la EPA en su trabajo anterior, parece decidido a recortar su presupuesto y desmantelar muchas de sus regulaciones, incluidas aquellas relacionadas con los pesticidas, que son esenciales para garantizar la seguridad de los alimentos.</s>
  </p>
  <p id="4">
    <s id="11">Cualquiera que consuma alimentos cultivados o producidos en Estados Unidos hoy debería estar preocupado.</s>
    <s id="12">Por cierto, desmantelar la EPA es el equivalente de armar una bomba de tiempo para la salud pública -una bomba que ya ha detonado repetidas veces en los países en desarrollo.</s>
  </p>
  <p id="5">
    <s id="13">En 1984, una planta de fabricación de pesticidas en Bhopal, India, liberó 27 toneladas de isocianato de metilo, un gas utilizado para producir algunos pesticidas.</s>
    <s id="14">La filtración mató aproximadamente a 15.000-20.000 personas, y dejó a otros miles de personas con discapacidades permanentes.</s>
    <s id="15">La planta no tenía la cantidad necesaria de personal y contaba con procedimientos operativos y de seguridad de calidad inferior.</s>
    <s id="16">Ninguno de los seis sistemas de seguridad que podrían haber prevenido el accidente estaba funcionando.</s>
  </p>
  <p id="6">
    <s id="17">La tragedia de Bhopal sigue siendo el peor desastre industrial del mundo.</s>
    <s id="18">Pero es apenas una pequeña parte de un enorme cuadro de sufrimiento innecesario.</s>
    <s id="19">La Organización Mundial de la Salud estima que hay tres millones de casos de envenenamiento con pesticidas a nivel mundial cada año, lo que deriva en hasta 250.000 muertes.</s>
  </p>
  <p id="7">
    <s id="20">En 1996, por ejemplo, habas marrones tratadas con insecticidas, supuestamente almacenadas para ser plantadas, lograron llegar al mercado en Nigeria -una "filtración" conectada con la muerte de una cantidad de personas en la región sudoccidental del país-.</s>
    <s id="21">En 2013, en India, un pesticida organofosforado mató a 23 niños, que comieron un almuerzo de arroz, papas y soja contaminado.</s>
  </p>
  <p id="8">
    <s id="22">Estos tipos de tragedias suceden inclusive cuando existen lineamientos para el registro y el uso de pesticidas.</s>
    <s id="23">En Nigeria, por ejemplo, la Agencia Nacional para la Administración y Control de Alimentos y Medicamentos (NAFDAC por su sigla en inglés) prohibió 30 agroquímicos (pesticidas y fertilizantes) en 2008, después de una cantidad de muertes y envenenamientos.</s>
    <s id="24">Pero esto no logró impedir las muertes por envenenamiento con pesticidas de 18 personas en el estado Ondo, en Nigeria, en 2015.</s>
  </p>
  <p id="9">
    <s id="25">Ahora bien, el peligro de una regulación inadecuada no se limita a desastres graves.</s>
    <s id="26">La acumulación de sustancias tóxicas originadas en sustancias químicas aplicadas tanto en el campo como en el almacenamiento también contribuye al continuo deterioro de la calidad de nuestro ambiente natural -concretamente, nuestro suelo, nuestra agua y nuestro aire.</s>
  </p>
  <p id="10">
    <s id="27">Más de 250 estudios han vinculado a los agroquímicos con varios tipos de cáncer, incluidos el cáncer de cerebro, mama, colon, hígado, pulmones, próstata y tiroides.</s>
    <s id="28">Los niños, en particular, parecen ser susceptibles a los efectos tóxicos de los pesticidas: la investigación demuestra que la mayor incidencia de leucemia y cáncer de cerebro infantil podría ser el resultado de una exposición temprana.</s>
    <s id="29">Y la exposición a este tipo de sustancias químicas ha estado vinculada a una variedad de defectos de nacimiento.</s>
  </p>
  <p id="11">
    <s id="30">Todo esto muestra un panorama lúgubre de lo que podría pasar en Estados Unidos si quienes se oponen a la EPA -que hoy incluyen al director de la agencia- se salen con la suya.</s>
    <s id="31">En 2006 y 2007, Estados Unidos utilizó más de 450 millones de kilos de pesticidas al año -y eso con la existencia de regulaciones de la EPA-.</s>
    <s id="32">Sin una regulación adecuada, esas cantidades pueden aumentar.</s>
  </p>
  <p id="12">
    <s id="33">Por supuesto, Estados Unidos no es el único país en riesgo como consecuencia del uso excesivo de organofosforados.</s>
    <s id="34">Si bien el uso de pesticidas en los países en desarrollo es mucho más bajo que en Estados Unidos, datos de la Organización de las Naciones Unidas para la Alimentación y la Agricultura (FAO por su sigla en inglés) demuestran un marcado incremento en los países de África y Asia.</s>
    <s id="35">Comprensiblemente, los agricultores en esas regiones buscan maneras fáciles de reducir las pérdidas de cultivos y aumentar sus ingresos.</s>
    <s id="36">Y hay pocas regulaciones vigentes para detenerlos.</s>
  </p>
  <p id="13">
    <s id="37">Por cierto, la FAO informa que la mayoría de los casos de envenenamiento con pesticidas ocurren en los países en desarrollo, precisamente porque las normas de salud allí tienden a ser inadecuadas o directamente no existen.</s>
    <s id="38">El informe de las Naciones Unidas determinó que sólo el 35% de los países en desarrollo contaba con una guía regulatoria sobre el uso de pesticidas, y que todos tienen problemas para su cumplimiento.</s>
  </p>
  <p id="14">
    <s id="39">Los países en desarrollo deben implementar mecanismos más efectivos para monitorear los agroquímicos que están en circulación.</s>
    <s id="40">También deben esforzarse por reducir el uso de sustancias químicas tóxicas para controlar las pestes y aumentar los rendimientos, especialmente promoviendo alternativas orgánicas que no planteen riesgos generalizados para la salud y el medio ambiente.</s>
  </p>
  <p id="15">
    <s id="41">Estos métodos orgánicos se utilizaron durante siglos antes de la llegada de los pesticidas sintéticos modernos en los años 1940.</s>
    <s id="42">Por ejemplo, el abono orgánico puede ayudar a mejorar los rendimientos de los cultivos, de la misma manera que los biopesticidas, derivados de las plantas.</s>
    <s id="43">Estos métodos naturales, que son efectivos y a la vez no son tóxicos, deberían adoptarse no sólo en los países en desarrollo, sino en todo el mundo.</s>
  </p>
  <p id="16">
    <s id="44">Los pesticidas sintéticos pueden ayudar a darle de comer a un mundo cada vez más hambriento, especialmente en los países en desarrollo.</s>
    <s id="45">Pero debemos pensar cuántos envenenamientos y muertes innecesarios ocurrirán si no se los utiliza con el máximo cuidado y restricción.</s>
    <s id="46">Si los norteamericanos no pueden imaginarlo, el sueño de Pruitt, a menos que sea reconsiderado, se convertirá en su pesadilla.</s>
  </p>
</document>
