<?xml version="1.0" encoding="utf-8"?>
<document>
  <HEADLINE>
    <s id="1">Las ambiciones neoimperiales de Putin</s>
  </HEADLINE>
  <p id="1">
    <s id="2">Cuando se aproxima la reelección de Putin el 14 de marzo, es el momento de hacer balance de su presidencia.</s>
    <s id="3">Lo más importante que ha sucedido durante su mandato ha sido la estabilización de Rusia.</s>
    <s id="4">Con la estabilidad se ha revelado la faz de la Rusia del siglo XXI.</s>
  </p>
  <p id="2">
    <s id="5">Lo que gran parte del mundo ve en la Rusia de Putin es un régimen neoautoritario basado en un capitalismo dirigido por el Estado, vinculado con la burocracia gobernante y flanqueado por una sociedad civil inmadura.</s>
    <s id="6">Desde el punto de vista del poder puro y duro, Rusia es claramente inferior a la antigua Unión Soviética.</s>
    <s id="7">Esta Rusia no es capaz -ni está deseosa- de lograr la integración completa con Occidente.</s>
  </p>
  <p id="3">
    <s id="8">Pero, aun debilitada como sin duda está, la Rusia de Putin sigue considerándose una gran potencia.</s>
    <s id="9">La minoría gobernante rechaza la posibilidad de transformar a Rusia en un socio subalterno de los Estados Unidos o un miembro sin importancia de Occidente.</s>
    <s id="10">Por lo que se refiere a la minoría selecta de Rusia, la Realpolitik en el siglo XXI es una fusión de geopolítica y geoeconomía, a la que se suma la fuerza militar.</s>
    <s id="11">La ideología y los valores desempeñan un papel poco importante.</s>
  </p>
  <p id="4">
    <s id="12">De modo que Putin no considera unas relaciones más estrechas con Occidente un imperativo ideológico, sino un recurso para la modernización económica de Rusia.</s>
    <s id="13">En las relaciones con los Estados Unidos y la UE, Putin quiere elevar la categoría de Rusia.</s>
    <s id="14">Ése es el objetivo que persigue su política de modernización.</s>
  </p>
  <p id="5">
    <s id="15">Los dirigentes rusos ya no esperan una asistencia real de Occidente.</s>
    <s id="16">La autoayuda ha substituido la desacreditada idea de que los países extranjeros acudirán en socorro de Rusia.</s>
    <s id="17">Se sigue considerando deseable la inversión extranjera, pero ya nadie concede una importancia primordial a la necesidad de atraerla.</s>
    <s id="18">Existe la creencia generalizada de que Rusia puede bastarse con su capital nacional.</s>
  </p>
  <p id="6">
    <s id="19">El mismo tipo de pensamiento es aplicable a los asuntos militares y estratégicos.</s>
    <s id="20">Como los Estados Unidos sólo respetan a los interlocutores fuertes, Rusia modernizará los componentes de su poder nacional que la hacen comparable con los Estados Unidos, en particular su arsenal nuclear.</s>
    <s id="21">Unos contactos demasiado estrechos con la OTAN (por no hablar de su integración en ella) privarían a Rusia de independencia estratégica.</s>
  </p>
  <p id="7">
    <s id="22">Naturalmente, hay que evitar una confrontación con los Estados Unidos, pero, como una alianza de iguales es imposible, una combinación flexible de asociación limitada y rivalidad local parece la orientación más probable.</s>
    <s id="23">Los dirigentes rusos reconocen claramente el estado real del país en la actualidad y, por tanto, la necesidad de centrarse en los intereses vitales.</s>
    <s id="24">Siguen convencidos de que Rusia es una gran potencia, pero de momento debe actuar primordialmente a escala regional.</s>
  </p>
  <p id="8">
    <s id="25">El objetivo más importante de esa estrategia en un futuro próximo será el de restablecer la influencia rusa en los Estados de la antigua Unión Soviética.</s>
    <s id="26">Llamemos "Operación CEI" a esa estrategia.</s>
    <s id="27">El objetivo no es el de resucitar la Unión Soviética.</s>
    <s id="28">Todos los países de la CEI -con la posible excepción de Belarús- conservarán su soberanía.</s>
    <s id="29">Cuando el Presidente Alexander Lukashenko abandone el poder, Belarús puede disolverse en Rusia, como la Alemania oriental fue absorbida por la Alemania occidental a comienzos del decenio de 1990.</s>
  </p>
  <p id="9">
    <s id="30">La transformación de Rusia en un imán económico para la CEI será la fuerza más importante de la renovada influencia estratégica rusa.</s>
    <s id="31">A cambio del apoyo económico, el Kremlin exigirá lealtad política.</s>
    <s id="32">Los criterios para dicha lealtad serán bastante simples: participación en el marco de seguridad encabezado por Rusia y eliminación de la influencia "excesiva" de terceros (los Estados Unidos, la UE, China o Turquía) en las naciones de la CEI.</s>
  </p>
  <p id="10">
    <s id="33">Los acuerdos con las minorías que gobiernan la CEI pasarán a ser el instrumento principal para la ejecución de la "Operación CEI".</s>
    <s id="34">Para ello, harán falta esfuerzos laboriosos encaminados a promover los grupos prorrusos y debilitar y neutralizar gradualmente los círculos prooccidentales.</s>
  </p>
  <p id="11">
    <s id="35">Será una tarea lenta, pero las similitudes entre los sistemas políticos y económicos de la CEI y el que existe en Rusia la facilitarán.</s>
    <s id="36">Además, en la mayoría de los casos la integración occidental resulta imposible para dichos Estados de la CEI.</s>
    <s id="37">Como muchas minorías selectas de esos países, tras hacerse con el poder, se enriquecieron rápidamente, se sienten inseguras.</s>
    <s id="38">El apoyo de Rusia en condiciones favorables puede atraerlas, en particular porque no se planteará la cuestión de la pérdida de la soberanía.</s>
  </p>
  <p id="12">
    <s id="39">Pero Rusia encontrará problemas para aplicar esa estrategia.</s>
    <s id="40">En 2003, el intento por parte de Putin de que el Presidente Bush reconociera los "intereses especiales" de Rusia en la antigua Unión Soviética fracasó, igual que la apuesta de Yeltsin para conseguirlo un decenio antes.</s>
    <s id="41">Sin embargo, Putin, a diferencia de Yeltsin, no renunciará a ello y puede aprovechar que los Estados Unidos estarán demasiado ocupados en la lucha contra el terrorismo y la proliferación de armas de destrucción en gran escala, la reorganización del Oriente Medio y la contención de China para poner objeciones demasiado firmes.</s>
  </p>
  <p id="13">
    <s id="42">El activismo de Rusia en la CEI la hará encontrarse en una situación de rivalidad directa con la UE.</s>
    <s id="43">Si el Kremlin recurre a la fuerza para establecer su hegemonía regional, Europa puede volver a ver a Rusia como una amenaza para su seguridad, lo que provocaría un renacimiento de la guerra fría y la política de contención de la OTAN.</s>
  </p>
  <p id="14">
    <s id="44">Asimismo, China podría oponerse a la "Operación CEI".</s>
    <s id="45">Hasta hace poco, China temía que la retirada de Rusia de la región creara un vacío que llenarían los Estados Unidos.</s>
    <s id="46">Ahora China, que considera esa región su retaguardia estratégica y una fuente de energía, está intensificando su influencia.</s>
    <s id="47">La consolidación del poder estratégico de Rusia limitaría el alcance de la influencia de China, pero, si Rusia hace de retaguardia fiable y proveedora de energía y material militar, no es probable que China ponga objeciones graves al aumento de la influencia rusa.</s>
  </p>
  <p id="15">
    <s id="48">Con vistas a la consecución de esos objetivos, Rusia debe recordar que el imperialismo es caro e incitará a la confrontación con Occidente.</s>
    <s id="49">También debe recordar que para los países de la CEI la soberanía significa primordialmente la independencia respecto de Rusia, por lo que el Kremlin debe esforzarse por lograr un reconocimiento voluntario de su protagonismo basado en los logros económicos y sociales.</s>
    <s id="50">Al fin y al cabo, los dirigentes auténticos dirigen mediante el ejemplo.</s>
  </p>
</document>
