<?xml version="1.0" encoding="utf-8"?>
<document>
  <HEADLINE>
    <s id="1">La política a lo Trump llega a la India</s>
  </HEADLINE>
  <p id="1">
    <s id="2">FILADELFIA – La decisión del muy respetado economista Raghuram Rajan de no postularse para un segundo mandato como gobernador del Banco de la Reserva de la India (RBI, por su sigla en inglés, el banco central) probablemente enturbie los mercados financieros de ese país, que lo consideran un ancla fundamental para su economía.</s>
    <s id="3">Los inversores ahora analizarán minuciosamente las implicaciones de su partida para la capacidad de las autoridades monetarias de garantizar la estabilidad de los precios y fomentar el crecimiento, o reconstruir un sistema bancario asediado por los créditos improductivos.</s>
  </p>
  <p id="2">
    <s id="4">Desde la presidencia de Alan Greenspan en la junta de la Reserva Federal de EE.</s>
    <s id="5">UU., tanto los mercados como los medios han tendido a idolatrar y personalizar a las instituciones como los bancos centrales.</s>
    <s id="6">Pero el «efecto Greenspan» puede obstaculizar el análisis desapasionado.</s>
  </p>
  <p id="3">
    <s id="7">Existieron diferencias genuinas entre las políticas del RBI y el gobierno del primer ministro Narendra Modi, y estallaron tensiones cuando los funcionarios percibieron que los comentarios públicos de Rajan no se limitaban a sus incumbencias.</s>
    <s id="8">Pero los ataques ad hominem contra Rajan en los últimos meses plantean grandes preguntas con graves implicaciones para la India.</s>
  </p>
  <p id="4">
    <s id="9">La pregunta más importante es la siguiente: ¿continuará Modi manteniendo su ambigüedad estratégica frente a los elementos extremistas en su propio partido, o demostrará un verdadero liderazgo poniendo freno a sus diatribas sobre las instituciones estatales centrales y tendrá más cuidado en la selección de los directores de las instituciones públicas?</s>
  </p>
  <p id="5">
    <s id="10">La principal fuente de los ataques a Rajan fue Subramanian Swamy, un personaje parlanchín al estilo Donald Trump, inclinado a la intolerancia y las acusaciones alocadas, nominado a la Rajya Sabha (la cámara alta del Parlamento) por el Partido Popular Indio (Bharatiya Janata Party, BJP) de Modi a fines de abril.</s>
    <s id="11">Se especula que, después de haber elegido a Swamy para el Parlamento a pesar de su reputación desagradable, la falta de freno por el gobierno a sus ataques indiscriminados implica que lo eligió precisamente para que atacara a quienes —como Rajan— deseaba debilitar.</s>
  </p>
  <p id="6">
    <s id="12">Una debilidad particular del gobierno de Modi ha sido su tendencia, cuando se trata de los extremistas del BJP, de querer quedar bien con Dios y con el diablo.</s>
    <s id="13">Uno de los motivos por los que se ataca a Rajan es que tiene residencia permanente en Estados Unidos y, a pesar de ser un ciudadano, no es «mentalmente indio».</s>
  </p>
  <p id="7">
    <s id="14">Se trata de una hipocresía flagrante, si se considera que Modi ha viajado por todo el mundo alabando los logros y las contribuciones de la diáspora india.</s>
    <s id="15">Los indios más destacados aparentemente pueden contribuir con su talento en otros países, pero resultan sospechosos cuando tratan de ayudar en su patria.</s>
    <s id="16">Y si lo hacen, deben hacerlo desde el sector privado y no en el sector público, que tan necesitado de talentos está.</s>
  </p>
  <p id="8">
    <s id="17">A principios de este mes, en un discurso ante el Congreso de EE.</s>
    <s id="18">UU., Modi enfatizó que «para mi gobierno, la Constitución es el verdadero libro sagrado».</s>
    <s id="19">Pero los cuadros del BJP han estado alimentando tensiones intestinas, más recientemente en Uttar Pradesh, un estado crítico que celebrará elecciones el año próximo.</s>
    <s id="20">Por supuesto, fomentar la polarización étnica y religiosa con propósitos electorales no es privativo del BJP ni de la India.</s>
    <s id="21">Pero las intervenciones de Modi para calmar las aguas agitadas han carecido del liderazgo y la pasión que muestra en otras ocasiones.</s>
  </p>
  <p id="9">
    <s id="22">El criterio de su gobierno para seleccionar a los líderes de las instituciones públicas es igualmente cuestionable, especialmente en el caso de las instituciones culturales y educativas.</s>
    <s id="23">Incluso si estuviera motivado por una estrategia consciente para socavar los dominios del poder cultural de la izquierda, ha cortejado innecesariamente la controversia al nombrar a personas con referencias endebles.</s>
  </p>
  <p id="10">
    <s id="24">Dada la importancia del capital humano para el futuro de la India, elegir personas con méritos cuestionables para liderar las instituciones de educación superior inevitablemente generará consecuencias económicas negativas.</s>
    <s id="25">Aquí también se debe notar que todos los partidos políticos de la India son culpables de politizar y socavar los cimientos del capital humano de su país.</s>
    <s id="26">Pero un gobierno que defiende su historial afirmando que no es peor que el de sus predecesores no puede pretender estar cubierto por un manto de cambio, como suele hacerlo Modi.</s>
  </p>
  <p id="11">
    <s id="27">Ciertamente, los límites del discurso público aceptable han cambiado en todo el mundo: Trump lo ha demostrado en la democracia más antigua del mundo y personas como Swamy dan el ejemplo en la más grande del planeta.</s>
    <s id="28">Pero la retórica tiene consecuencias y un político tan dotado como Modi debe ser consciente de que quienes hacen uso del discurso público en su partido para socavar reputaciones también pueden debilitar a las instituciones mismas que son fundamentales para sus propias ambiciones económicas para la India.</s>
  </p>
  <p id="12">
    <s id="29">Los servidores públicos cuentan con escasas defensas cuando son atacados tan abiertamente por políticos prominentes.</s>
    <s id="30">Un gobierno electo puede tener diferencias genuinas en sus políticas con la persona que dirige su banco central, y está perfectamente en sus derecho si no extiende su cargo cuando este expira, pero si abandona los roles institucionales y las normas del comportamiento civil y abraza a conocidos agitadores, alejará a las personas con talento e integridad que las instituciones sólidas y eficaces necesitan.</s>
    <s id="31">Si no, pregúntenle a Raghuram Rajan.</s>
  </p>
  <SOURCE TRANSLATOR="Leopoldo Gurman." />
</document>
