<?xml version="1.0" encoding="utf-8"?>
<document>
  <HEADLINE>
    <s id="1">Las tasas de interés pasadas y el crecimiento futuro</s>
  </HEADLINE>
  <p id="1">
    <s id="2">NUEVA YORK – Se ha escrito un nuevo capítulo en la historia de las tasas de interés globales libres de riesgo.</s>
    <s id="3">En un estudio reciente, Paul Schmelzing del Banco de Inglaterra rastrea las tasas de interés reales (ajustadas por inflación) a nivel global durante el período transcurrido entre 1311 y 2018.</s>
    <s id="4">A pesar de estabilizaciones temporarias durante los períodos 1550-1640, 1820-1850 y 1950-1980, Schmelzing determina que las tasas reales seguras a nivel global han tendido persistentemente a la baja en los últimos cinco siglos, y que las tasas reales seguras negativas se han vuelto más frecuentes de manera sostenida desde el siglo XIV.</s>
  </p>
  <p id="2">
    <s id="5">Broadly defined, intervention refers to actions that influence the domestic affairs of another sovereign state, and they can range from broadcasts, economic aid, and support for opposition parties to blockades, cyber attacks, drone strikes, and military invasion.</s>
    <s id="6">Which ones will the US president-elect favor?</s>
  </p>
  <p id="3">
    <s id="7">After 15 years as chancellor of the European Union's largest member state, Angela Merkel will leave the political stage later this year, creating uncertainty about what lies ahead for Germany.</s>
    <s id="8">Five recent books on the issues dominating German political debates offer some answers, but also more questions.</s>
  </p>
  <p id="4">
    <s id="9">A la luz de este récord histórico, Schmelzing cuestiona la hipótesis, propuesta por Lawrence H. Summers de la Universidad de Harvard y otros, de que las economías avanzadas están experimentando un “estancamiento secular”.</s>
    <s id="10">En la medida que el discurso del estancamiento secular “supone una anomalía de la dinámica de más largo plazo en las últimas décadas”, Schmelzing cree que es “totalmente engañoso”.</s>
  </p>
  <p id="5">
    <s id="11">Sin embargo, es necesaria cierta cautela respecto de los descubrimientos empíricos de Schmelzing.</s>
    <s id="12">Las tasas supuestamente seguras que él cataloga en verdad incluyen primas de riesgo de default que podrían variar sistemáticamente con el tiempo.</s>
    <s id="13">Es probable que los datos tempranos de inflación no sean confiables.</s>
    <s id="14">Y aun si los datos de Schmelzing ofrecieran un panorama imparcial y confiable de la evolución de las tasas de interés real desde el siglo XIV, no tienen ninguna relación obvia con la plausibilidad de la hipótesis del estancamiento secular para 2020 y después.</s>
  </p>
  <p id="6">
    <s id="15">Esa hipótesis sostiene que la tasa de interés real natural –la tasa de interés real segura consistente con una plena utilización de la mano de obra y el capital, una inflación estable y un balance de cuenta corriente sostenible- ha caído a cero o a niveles negativos en la mayoría de las economías avanzadas.</s>
    <s id="16">Una razón para esto es una caída de la tasa de crecimiento potencial de la producción.</s>
    <s id="17">El crecimiento potencial débil de hoy es atribuible a una variedad de factores, entre ellos el envejecimiento de la sociedad, la desglobalización (desde la crisis financiera de 2008) y un crecimiento de la productividad total de los factores posiblemente más lento.</s>
    <s id="18">Tanto la tasa de interés natural como de mercado se han visto reducidas por un incremento de las propensidades de ahorro privado (que pueden reflejar la demografía, la creciente desigualdad de ingresos y riqueza y el desapalancamiento de los balances después de 2008).</s>
  </p>
  <p id="7">
    <s id="19">Es más, las tasas seguras de hoy pueden haberse deprimido aún más debido a la mayor demanda de activos seguros, que proviene en parte de los mercados emergentes y en parte de cambios en las regulaciones financieras y normas del sector financiero posteriores a la crisis de 2008.</s>
    <s id="20">La tasa real neutral está en cero o por debajo de cero, las tasas de política están en niveles históricamente bajos o cerca (y muchas veces limitadas por el límite inferior igual a cero) y la inflación es baja y aparentemente inmune a los esfuerzos de los bancos centrales para que aumente de manera decisiva.</s>
    <s id="21">Como resultado de ello, la tasa real de mercado hoy excede la tasa real neutral, o lo hará en la próxima crisis cíclica.</s>
  </p>
  <p id="8">
    <s id="22">Cuando esto suceda, podría resultar en un equilibrio estagnacionario, en tanto la actividad económica y el ahorro privado efectivo caen de la mano de una inversión privada débil.</s>
    <s id="23">Una caída de la demanda agregada, de la actividad y del empleo podría debilitar aún más la producción potencial, haciendo caer aún más la tasa real neutral.</s>
    <s id="24">En una inversión de la Ley de Say, una falta de demanda efectiva puede crear su propia falta de oferta potencial.</s>
    <s id="25">Los auges y burbujas de activos pueden impulsar de manera artificial e insostenible la demanda agregada.</s>
    <s id="26">Estos están motivados por la negación del riesgo y por una búsqueda desesperada de rendimientos, en parte producto de una dependencia prolongada por parte de los bancos centrales de tasas de interés nominales y reales muy bajas, un alivio cuantitativo y cualitativo y un preanuncio monetario y objetivos de curva de rendimiento de amplio alcance.</s>
  </p>
  <p id="9">
    <s id="27">Enjoy unlimited access to the ideas and opinions of the world's leading thinkers, including weekly long reads, book reviews, and interviews;</s>
    <s id="28">The Year Ahead annual print magazine; the complete PS archive; and more – All for less than $9 a month.</s>
  </p>
  <p id="10">
    <s id="29">La prescripción de políticas para restablecer el pleno empleo y evitar el estancamiento cíclico y secular es sencilla.</s>
    <s id="30">Los gobiernos deberían usar una política fiscal expansiva y reformas estructurales del lado de la oferta para impulsar la demanda agregada y hacer aumentar la tasa de interés real neutral al punto que pueda equipararse con la tasa de interés de mercado.</s>
  </p>
  <p id="11">
    <s id="31">La composición del paquete fiscal ideal será específica por país.</s>
    <s id="32">Estados Unidos, con su infraestructura deplorable, debería fomentar la inversión pública en consecuencia (y los gobiernos federales y estatales deberían tener una lista extensa de proyectos “de rápida implementación” en espera).</s>
    <s id="33">El gasto público en salud, educación e investigación y desarrollo también es muy aconsejable.</s>
    <s id="34">En cuando a muchos otros países, los impulsos fiscales del consumo privado o los recortes de los impuestos corporativos podrían ser apropiados.</s>
    <s id="35">Y los miembros europeos de la OTAN, por su parte, podrían cumplir con sus compromisos para aumentar los gastos en defensa al 2% del PIB.</s>
  </p>
  <p id="12">
    <s id="36">Por supuesto, no deberían ignorarse los efectos del estímulo fiscal en la deuda pública.</s>
    <s id="37">Pero, en la mayoría de las economías avanzadas, la tasa de crecimiento del PIB supera la tasa de interés sobre la deuda pública, lo que significa que es poco probable que el espacio fiscal sea una limitación vinculante para medidas de estímulo bien diseñadas.</s>
    <s id="38">Tampoco deberíamos subestimar el potencial de las reformas del mercado laboral (particularmente en Francia) y de las medidas para restablecer la competencia en mercados de productos clave (particularmente en Estados Unidos).</s>
    <s id="39">En ambos casos, el resultado podría ser un aumento saludable de la inversión privada.</s>
  </p>
  <p id="13">
    <s id="40">Considerando todas estas opciones todavía sobre la mesa para impulsar la demanda agregada y la tasa de interés natural, es claro que el estancamiento secular no es una necesidad determinada tecnológicamente, sino más bien una opción colectiva disfuncional.</s>
    <s id="41">Más precisamente, los desafíos para el crecimiento hoy no tienen nada que ver con los que enfrentaban los ahorristas, inversores, trabajadores, agricultores y capitalistas pre-modernos a los que estudia Schmelzing.</s>
  </p>
  <p id="14">
    <s id="42">Sin duda, será interesante ver la investigación futura sobre lo que condujo a la caída “suprasecular” de las tasas de interés reales en los últimos cinco siglos, y sobre las interacciones entre la tasa de interés natural y de mercado en las sociedades preindustriales.</s>
    <s id="43">Es difícil imaginar un colapso demográfico más radical que la Peste Negra que azotó a Europa y a Asia a mediados de los años 1300 y, sin embargo, el impacto en la tasa de interés real parece haber sido mínimo.</s>
    <s id="44">En cualquier caso, nada en la investigación de Schmelzing hasta el momento invalida la hipótesis del estancamiento secular de hoy.</s>
  </p>
</document>
