<?xml version="1.0" encoding="utf-8"?>
<document>
  <HEADLINE>
    <s id="1">El próximo contrato social</s>
  </HEADLINE>
  <p id="1">
    <s id="2">PARÍS – Hoy en todo el mundo el persistente desempleo, la falta de correspondencia entre habilidades y oportunidades, y las reformas a los sistemas de pensiones se han convertido en elementos centrales de la política fiscal y los debates, a menudo feroces, que la rodean.</s>
    <s id="3">Los países desarrollados se enfrentan a un problema inmediato de envejecimiento de su población, pero la mayoría de las economías emergentes se encuentran asimismo en medio de una transición demográfica que tendrá como resultado en apenas dos o tres décadas una estructura etaria similar a la de las naciones avanzadas, es decir, una pirámide invertida.</s>
    <s id="4">De hecho, China llegará a ese punto mucho antes.</s>
  </p>
  <p id="2">
    <s id="5">El empleo se ve afectado por numerosos problemas.</s>
    <s id="6">La debilidad de la demanda tras la crisis financiera global de 2008 sigue siendo un factor clave en Europa, Estados Unidos y Japón.</s>
    <s id="7">Pero además en los mercados del trabajo están pesando problemas estructurales de más largo plazo.</s>
  </p>
  <p id="3">
    <s id="8">El factor central es el hecho de que la globalización origina constantemente cambios en las interrelaciones de las ventajas comparativas, creando serios desajustes cuando los empleos que se crean en las nuevas actividades no necesariamente se compensan los que desaparecen.</s>
    <s id="9">En todo caso, la mayoría de los nuevos puestos exigen habilidades distintas, lo que implica que quienes pierden sus empleos en los sectores en desaparición tienen pocas esperanzas de encontrar uno nuevo.</s>
  </p>
  <p id="4">
    <s id="10">Más aún, los avances tecnológicos cada vez permiten “ahorrar más mano de obra”: los ordenadores y los robots reemplazan a los trabajadores humanos en ambientes tan diversos entre sí como los supermercados y las líneas de ensamblaje de automóviles.</s>
    <s id="11">Considerando la volatilidad de las perspectivas macroeconómicas, muchas empresas se muestran reluctantes a contratar nuevos empleados, llevando a un alto desempleo juvenil en todo el planeta.</s>
  </p>
  <p id="5">
    <s id="12">Al mismo tiempo, el envejecimiento de la población (y los costes de salud relacionados) constituye el principal reto fiscal en estas sociedades.</s>
    <s id="13">Para mediados de este siglo, la expectativa de vida a los 60 habrá aumentado en cerca de diez años con respecto al periodo posterior a la Segunda Guerra Mundial, cuando se fijaron las actuales edades de jubilación.</s>
  </p>
  <p id="6">
    <s id="14">Es poco probable que los cambios menores que se puedan ir haciendo a los sistemas actuales, tal como están diseñados, sean suficientes para dar respuesta a las fuerzas tecnológicas, reducir las tensiones sociales y los temores de los jóvenes, ni solucionar las cargas fiscales en aumento.</s>
    <s id="15">Se necesita una reevaluación radical del trabajo, la formación, la jubilación y el ocio.</s>
    <s id="16">Varios principios son centrales para cualquier reforma global que se haya de emprender.</s>
  </p>
  <p id="7">
    <s id="17">Para comenzar, la formación y el desarrollo deben convertirse en un proceso que dure toda la vida, iniciándose con la escolaridad formal pero siguiendo con capacitación en el lugar de trabajo e intervalos de educación de tiempo completo en diferentes momentos.</s>
    <s id="18">Los programas de inserción laboral para jóvenes se deben convertir en parte normal de la formación profesional y laboral, con exenciones de la obligación de aportar a la seguridad social durante los primeros uno o dos años laborales.</s>
  </p>
  <p id="8">
    <s id="19">Un segundo principio es que la jubilación debería ser un proceso gradual.</s>
    <s id="20">La gente podría trabajar un promedio de 1.800 a 2.000 horas al año hasta llegar a la cincuentena, bajar a unas 1.300 a 1.500 horas al inicio de los sesenta, y apuntar hacia las 500 a 1.000 horas a medida que se alcanzan los 70.</s>
    <s id="21">Por ejemplo, una enfermera de hospital, un miembro de cabina de una aeronave o un profesor de secundaria podrían trabajar cinco horas a la semana hasta entrados los cincuentas, cuatro días a la semana hasta los 62 años, tres hasta los 65 y quizás dos al acercarse a los 70.</s>
  </p>
  <p id="9">
    <s id="22">Empleadores y empleados deberían negociar esta flexibilidad, pero con incentivos y apoyo financiero del gobierno, por ejemplo a través de impuestos a la renta y contribuciones a la seguridad social variables.</s>
    <s id="23">Las vacaciones pagadas pueden ser de 3 a 4 semanas hasta los 45 años, elevándose gradualmente a las 7 a 8 semanas a fines de la sexta década de la vida.</s>
    <s id="24">Las licencias por maternidad y paternidad deberían aumentar en países, como Estados Unidos, donde son bajas.</s>
  </p>
  <p id="10">
    <s id="25">Además, las políticas públicas deberían estimular una mayor libertad de opciones.</s>
    <s id="26">Por ejemplo, cada diez años un trabajador podría tener la oportunidad de estudiar un año en el sistema formal, financiado en un tercio por el empleador, un tercio con fondos públicos y el otro tercio con sus ahorros personales (las proporciones podrían variar según la franja de ingresos a la que pertenezca).</s>
  </p>
  <p id="11">
    <s id="27">El objetivo general sería una sociedad en que, si la salud lo permite, los ciudadanos trabajen y paguen impuestos hasta cerca de cumplir los 70, pero de manera menos intensa a medida que avanza la edad y de un modo flexible que refleje las circunstancias individuales.</s>
    <s id="28">De hecho, la jubilación gradual y flexible beneficiaría en muchos casos no solo a los empleadores y gobiernos, sino a los trabajadores mismos, ya que una participación profesional continua en el tiempo es a menudo fuente de satisfacción personal e interacciones enriquecedoras en lo emocional.</s>
  </p>
  <p id="12">
    <s id="29">Utilizando la Encuesta Mundial Gallup, mis colegas de la Brookings Institution de Washington, DC, Carol Graham y Milena Nikolova, han visto que los grupos estudiados más satisfechos son aquellos que trabajan voluntariamente a tiempo parcial.</s>
    <s id="30">A cambio de vidas laborales más prolongadas, los ciudadanos contarían con más tiempo para el ocio y la formación de habilidades, con efectos positivos sobre la productividad y la satisfacción existencial.</s>
  </p>
  <p id="13">
    <s id="31">El nuevo contrato social para la primera mitad del siglo veintiuno debe combinar realismo fiscal, dar mucho espacio a las preferencias individuales y contar con grandes niveles de protección y solidaridad social frente a los embates originados por circunstancias personales o la volatilidad de la economía.</s>
    <s id="32">Muchos países están dando pasos en esta dirección, pero de manera demasiado gradual.</s>
    <s id="33">Lo que necesitamos es una amplia y revolucionaria reformulación de la educación, el trabajo, la jubilación y el ocio.</s>
  </p>
  <SOURCE LANG="inglés" TRANSLATOR="David Meléndez Tormen" />
</document>
