<?xml version="1.0" encoding="utf-8"?>
<document>
  <HEADLINE>
    <s id="1">Los límites de la Alemania prometida</s>
  </HEADLINE>
  <p id="1">
    <s id="2">MÚNICH – Cientos de miles de inmigrantes están llegando a Europa para escapar de la pobreza y de la guerra.</s>
    <s id="3">Aún son bienvenidos en la mayor parte de los casos, pero la capacidad de los centros de recepción está alcanzando rápidamente sus límites.</s>
    <s id="4">Para contener el flujo de inmigrantes a través de la ruta de los Balcanes, Hungría ha impuesto controles en sus fronteras, a los que rápidamente se sumaron los de Alemania, Austria, Eslovaquia, Croacia, Eslovenia, la República Checa, los Países Bajos y Polonia.</s>
  </p>
  <p id="2">
    <s id="5">Alemania es el destino más buscado por los inmigrantes.</s>
    <s id="6">En lo que va del año, la mitad de las solicitudes de asilo presentadas en la Unión Europea correspondieron a ese país, aunque el peso de su población solo representa el 16 % de la UE.</s>
    <s id="7">Hasta septiembre, Alemania probablemente haya recibido unas 400 000 solicitudes o más; debido al tremendo aumento en los flujos migratorios desde el verano y antes del restablecimiento de los controles fronterizos, se prevé que 800 000 personas buscarán asilo este año.</s>
  </p>
  <p id="3">
    <s id="8">Además, la inmigración regular hacia Alemania podría alcanzar nuevamente la marca de las 400 000 personas, como en 2014.</s>
    <s id="9">El total representaría una inmigración neta del 1,5 % de la población residente, una proporción extremadamente elevada en términos históricos e internacionales.</s>
  </p>
  <p id="4">
    <s id="10">El motivo de la preferencia tan fuerte de los inmigrantes por Alemania es que ese país, junto con Suecia, tiene el sistema de asilo más liberal en Europa y asignan niveles especialmente elevados de financiamiento para recibir a los recién llegados.</s>
    <s id="11">Se transfieren entre 1000 EUR (1120 USD) y 1200 EUR por persona por mes a las municipalidades para cubrir los costos relacionados.</s>
    <s id="12">El valor de los beneficios que reciben los inmigrantes en Alemania es un múltiplo de los salarios que pueden ganar en sus países de origen (si es que logran conseguir empleo allí).</s>
  </p>
  <p id="5">
    <s id="13">La Convención de Dublín, según la cual el primer país de la UE al que llega un inmigrante está obligado a registrar y procesar su solicitud, hace tiempo que viene siendo ignorada.</s>
    <s id="14">Grecia e Italia simplemente saludan a los refugiados mientras siguen su camino.</s>
    <s id="15">Alemania aceptó, con gran fanfarria, una gran cantidad de refugiados no registrados de Hungría y les ofreció una cálida bienvenida.</s>
    <s id="16">Probablemente esta decisión haya tentado a tantos refugiados adicionales de los países árabes que Alemania se vio obligada a imponer controles fronterizos.</s>
  </p>
  <p id="6">
    <s id="17">Lo que el gobierno alemán no tuvo en cuenta es que cada refugiado que logra ingresar al país inmediatamente envía un mensaje de texto con las buenas noticias a su país de origen, alimentando así una nueva oleada de inmigrantes.</s>
    <s id="18">Los campos de refugiados de la ONU en los países alrededor de Siria están entonces reubicándose gradualmente en Alemania.</s>
  </p>
  <p id="7">
    <s id="19">Solo una fracción de las solicitudes de asilo es finalmente aprobada, porque la mayoría de los postulantes no son perseguidos por motivos políticos, sino que se trata de inmigrantes económicos.</s>
    <s id="20">En el primer semestre de 2015, por ejemplo, un cuarto de las solicitudes provinieron de Siria e Irak, de las que una proporción significativa ya había encontrado refugio en los campos de la ONU en esos países o a su alrededor.</s>
    <s id="21">Pero la proporción de refugiados sirios aumentó luego rápidamente, en parte porque se difundió la noticia de que los alemanes aprueban la mayoría de las solicitudes sirias.</s>
  </p>
  <p id="8">
    <s id="22">Si la solicitud es exitosa, al refugiado tiene derecho a llevar consigo a sus familiares.</s>
    <s id="23">Frecuentemente, las familias árabes envían a sus miembros menores de edad a Alemania con la esperanza, justificada, de que obtengan el derecho para que otros miembros de la familia se sumen luego.</s>
    <s id="24">Alemania tendrá que lidiar con las consecuencias de esta oleada de refugiados en los años venideros.</s>
  </p>
  <p id="9">
    <s id="25">Para distribuir la carga de manera más equitativa, Alemania intentó implementar un sistema de cuotas para asignar a los postulantes entre los países miembros de la UE.</s>
    <s id="26">Pero sus socios de la UE lo rechazaron por «imperialismo moral».</s>
  </p>
  <p id="10">
    <s id="27">Alemania entonces no logró que se adoptara un sistema que le hubiese procurado un cierto alivio.</s>
    <s id="28">En lugar de ello, una reunión cumbre organizada rápidamente acordó un sistema de cuotas limitado, que apenas cubrirá a 120 000 personas y cuyo objetivo es aliviar a Hungría, Italia y Grecia... llevará 31 000 refugiados adicionales a Alemania.</s>
  </p>
  <p id="11">
    <s id="29">Para evitar el caos, Alemania no tiene más opción que imponer restricciones.</s>
    <s id="30">Entre los pasos necesarios más urgentes está el desarrollo de la capacidad para distinguir rápidamente –e idealmente, en la frontera– a los refugiados (que enfrentan persecución política) y los migrantes económicos.</s>
    <s id="31">La Oficina Federal de Migraciones y Refugiados de Alemania podría implementar puestos fronterizos de avanzada para rechazar las solicitudes de asilo sin fundamento y enviar a esos postulantes, de acuerdo con la Convención de Dublín, nuevamente al primer país seguro al que llegaron.</s>
  </p>
  <p id="12">
    <s id="32">Esto permitiría que Alemania se concentre en la próxima tarea: proporcionar a los refugiados aceptados las lecciones de idioma y la capacitación que necesitan para conseguir empleo lo antes posible.</s>
  </p>
  <SOURCE TRANSLATOR="Leopoldo Gurman." />
</document>
