<?xml version="1.0" encoding="utf-8"?>
<document>
  <HEADLINE>
    <s id="1">Recuerdo de la primera "guerra contra el terror"</s>
  </HEADLINE>
  <p id="1">
    <s id="2">El pasado mes de junio los dirigentes de la OTAN conmemoraron el 60º aniversario del día D, la invasión aliada de la Francia ocupada por los nazis.</s>
    <s id="3">Este agosto, se les pasó la oportunidad de celebrar el aniversario del comienzo de la primera guerra mundial, causante de calamidades que resonaron hasta el final del siglo XX.</s>
    <s id="4">Pero las enseñanzas que se desprenden de la Gran Guerra no son menos importantes en la actualidad, en particular para los Estados Unidos.</s>
  </p>
  <p id="2">
    <s id="5">Las causas de la primera guerra mundial han desconcertado durante mucho tiempo al público y a los historiadores.</s>
    <s id="6">Europa estaba en la cúspide de su poder económico en relación con el resto del mundo.</s>
    <s id="7">La paz entre los países europeos más importantes había reinado más o menos continuamente durante decenios.</s>
    <s id="8">Un auge tecnológico estaba revolucionando -mundializando, de hecho- la economía mundial.</s>
    <s id="9">Para unos europeos cada vez más ricos, el verano de 1914 parecía una época pacífica y perezosa.</s>
    <s id="10">Resultó ser su última paz real durante decenios.</s>
  </p>
  <p id="3">
    <s id="11">Aquel mes de julio, unos terroristas asesinaron en Bosnia al archiduque Franz Ferdinand del imperio de Habsburgo.</s>
    <s id="12">Austria respondió invadiendo Servia, vecina de Bosnia y potencia eslava "advenediza".</s>
    <s id="13">Rusia se movilizó en apoyo de Servia, mientras que Alemania lanzó una guerra "preventiva" contra Francia y Rusia e invadió Francia pasando por Bélgica.</s>
    <s id="14">Gran Bretaña acudió en defensa de Bélgica y Francia.</s>
    <s id="15">Al final de septiembre, estaba en marcha una conflagración general.</s>
  </p>
  <p id="4">
    <s id="16">Pero, ¿por qué cayeron como lo hicieron las piezas del rompecabezas?</s>
    <s id="17">¿Fue mala suerte, un error de cálculo o un error burocrático?</s>
  </p>
  <p id="5">
    <s id="18">Resulta que el jefe del ejército alemán Helmuth von Moltke estaba deseoso de ir a la guerra en el verano de 1914.</s>
    <s id="19">Como muestra el historiador David Fromkin en su reciente libro El último verano de Europa , von Moltke temía que Rusia estuviera acumulando demasiada fuerza industrial y que al cabo de pocos años pudiera soportar una guerra con Alemania.</s>
    <s id="20">Moltke quería invadir y derrotar a Rusia antes de que fuera "demasiado tarde" para el triunfo de Alemania.</s>
  </p>
  <p id="6">
    <s id="21">El asesinato del archiduque brindó un pretexto perfecto.</s>
    <s id="22">Los alemanes alentaron a su aliada Austria para que respondiera invadiendo Servia con la clara esperanza de que con ello se desencadenara la guerra, pero sin que se culpara de ello a Alemania.</s>
    <s id="23">Fromkin muestra que el asesinato de Ferdinand brindó simplemente una excusa a Alemania para lanzarse a una guerra europea, mientras tenía aún, según sus cálculos, la posibilidad de ganar.</s>
  </p>
  <p id="7">
    <s id="24">Todos los cálculos resultaron desastrosamente equivocados.</s>
    <s id="25">La Alemania imperial no estaba amenazada por un predominio industrial ruso del modo que Moltke temía y también fallaron sus cálculos militares.</s>
    <s id="26">Alemania no derrotó a Francia para después conquistar Rusia, sino que la guerra continuó en un sangriento punto muerto.</s>
    <s id="27">Al final, la Rusia zarista se desplomó, lo que abrió el camino para la revolución bolchevique.</s>
  </p>
  <p id="8">
    <s id="28">El lanzamiento por Alemania de la primera guerra mundial, del que se cumplen noventa años este mes, tuvo un efecto más devastador en la economía mundial que ningún otro acontecimiento particular en la historia humana.</s>
    <s id="29">La guerra sangró a Europa, la privó de una generación de jóvenes y preparó el terreno para otra guerra, una generación después.</s>
    <s id="30">Abrió el camino para 75 años de comunismo soviético y puso en marcha la inestabilidad financiera que provocó la Gran Depresión y el hundimiento del sistema comercial internacional.</s>
  </p>
  <p id="9">
    <s id="31">Todo ello tiene importancia ahora, porque el año pasado los Estados Unidos lanzaron una guerra en la que un ataque terrorista fue también una excusa, no la causa real.</s>
    <s id="32">El gobierno de Bush quería luchar contra Sadam Husein mucho antes de los ataques terroristas a los Estados Unidos del 11 de septiembre de 2001, pero no habría conseguido el apoyo público.</s>
  </p>
  <p id="10">
    <s id="33">Como muestra Fromkin en relación con la Alemania de 1914, el gobierno de Bush manipuló a la opinión pública de los EE.UU. para que apoyara la guerra del Iraq como una guerra contra el terror, pese a que este país nada tenía que ver con ataque terrorista alguno contra los EE.UU. El mundo no se dejó engañar en ningún momento por la argumentación del gobierno de Bush, pero la mayoría de los americanos sí, al menos por un tiempo.</s>
  </p>
  <p id="11">
    <s id="34">Siguiendo una larga pista de documentos, memorias y entrevistas, nos enteramos de que los ataques terroristas del 11 de septiembre de 2001 fueron un pretexto.</s>
    <s id="35">Richard Cheney, Donald Rumsfeld y Paul Wolfowitz querían la guerra con Sadam durante todo el decenio de 1990 e instaron el "cambio de régimen" como política para el Presidente Clinton, quien tuvo la sensatez de rechazar tan irresponsable consejo.</s>
  </p>
  <p id="12">
    <s id="36">Su deseo de lanzar la guerra tenía varias causas.</s>
    <s id="37">Querían hacerse con el control del petróleo del Iraq.</s>
    <s id="38">Querían una nueva "base de operaciones" en Oriente Medio, por si Arabia Saudita se echaba a perder.</s>
    <s id="39">Querían proteger a Israel de Sadam.</s>
    <s id="40">También tenían temores exagerados sobre las debilidades americanas, del mismo modo que von Moltke había exagerado los temores sobre las debilidades alemanas frente a Rusia.</s>
  </p>
  <p id="13">
    <s id="41">Como sabemos por la primera guerra mundial, las guerras basadas en mentiras suelen tener una serie de consecuencias desastrosas e imprevistas.</s>
    <s id="42">Las consecuencias de rebote de la guerra del Iraq se han combinado para crear una amenaza en aumento a la estabilidad y la seguridad.</s>
    <s id="43">Tal vez las acciones agresivas de los EE.UU. y una consiguiente reacción violenta en el mundo islámico contribuyan a la proliferación nuclear en el Irán o a que el Pakistán nuclear caiga un día en manos de extremistas.</s>
  </p>
  <p id="14">
    <s id="44">Los dirigentes del mundo deben reunirse aún para conmemorar la primera guerra mundial, con la esperanza de que aprendan lo suficiente para no repetir su desastre en nuestra época.</s>
    <s id="45">La guerra del Iraq no es la primera guerra mundial.</s>
    <s id="46">Aún tenemos tiempo de evitar otros errores devastadores, pero sólo si somos sinceros sobre los motivos, los medios y los fines... y sólo si somos sinceros en la persecución de la paz.</s>
  </p>
</document>
