<?xml version="1.0" encoding="utf-8"?>
<document>
  <HEADLINE>
    <s id="1">El sueño americano 2.0</s>
  </HEADLINE>
  <p id="1">
    <s id="2">JACKSON, WYOMING – Es hora de admitir que el sueño americano ha muerto.</s>
    <s id="3">Las condiciones subyacentes para la subsistencia de este sueño – un crecimiento económico fuerte y constante, además de una meritocracia estructurada para evitar que los ricos hagan jugarretas con el propósito de aprovecharse del sistema – ya no existen.</s>
  </p>
  <p id="2">
    <s id="4">Sin embargo, aún existe la posibilidad de que surja un sueño americano 2.0, y dependerá de aquellos que ahora luchan para que la Casa Blanca ofrezca un plan para que dicho sueño sea una realidad.</s>
    <s id="5">Para empezar, los líderes de Estados Unidos deben explicar el problema claramente.</s>
    <s id="6">La Declaración de Independencia proclamó la “búsqueda de la felicidad” como una característica central de la vida estadounidense.</s>
    <s id="7">Desde el año 1776, cada generación ha buscado la movilidad social ascendente; y, durante mucho tiempo, muchos, aunque no todos, alcanzaron la prosperidad.</s>
  </p>
  <p id="3">
    <s id="8">Durante más de un siglo tras la Guerra Civil, los avances en energía, medicina, telecomunicaciones y transporte dieron una nueva forma a Estados Unidos (y al mundo).</s>
    <s id="9">La productividad económica creció dramáticamente, al igual que la media de esperanza de vida.</s>
    <s id="10">Además, durante la mayor parte de este período, una marea creciente realmente elevó a la mayoría de los barcos.</s>
    <s id="11">Los políticos de ambos partidos adoptaron un ethos nacional que afirma que cualquier persona puede salir adelante a través del trabajo duro; y, gradualmente, aunque de manera imperfecta, hicieron que dicho ethos también englobe a los inmigrantes, a los no blancos, las mujeres, los discapacitados y a otras personas que históricamente habían sido excluidas de la promesa de una vida estadounidense.</s>
  </p>
  <p id="4">
    <s id="12">Pero cuando el crecimiento económico comenzó a desacelerarse en la década de 1970, los votantes sintieron frustración, a la vez que los shocks petroleros, el escándalo Watergate, y el final ignominioso de la Guerra de Vietnam agravaban el sentir público, que el presidente Jimmy Carter denominó como el “malestar” de Estados Unidos.</s>
    <s id="13">Fue en este contexto sombrío que Ronald Reagan hizo campaña en el año 1980 con la promesa de brindar un “Mañana a Estados Unidos”.</s>
    <s id="14">Ya que la Reserva Federal estadounidense daba señales de su disposición para hacer lo que fuera necesario con el objetivo de frenar la inflación, se redujeron los impuestos y Estados Unidos se transformó de manera fundamental: pasó de ser un país de ahorradores a ser uno de prestatarios.</s>
  </p>
  <p id="5">
    <s id="15">En las décadas siguientes, el apalancamiento financiero impulsó el crecimiento hacia adelante, pero el sueño americano vivía sus últimos momentos.</s>
    <s id="16">Los estadounidenses se endeudaron para comprar bienes extranjeros, y los productores de esos bienes compraron deuda del gobierno de Estados Unidos, lo que mantuvo bajas las tasas de interés.</s>
    <s id="17">Si bien los estadounidenses sentían prosperidad, la economía real fue creciendo a sólo la mitad de la tasa anterior, y los salarios medios se estancaron.</s>
  </p>
  <p id="6">
    <s id="18">Mientras tanto, la Fed se dedicó a tratar de apagar incendios periódicos en los mercados financieros.</s>
    <s id="19">Sin embargo, sin darse cuenta, el problema de la creciente desigualdad empeoró aún más.</s>
    <s id="20">Al llegar el año 2007, sus políticas habían expandido artificialmente los mercados financieros (en los cuales gran parte de los activos están en manos de los ricos) hasta que lleguen a alcanzar tres veces el tamaño de la economía real.</s>
  </p>
  <p id="7">
    <s id="21">.</s>
  </p>
  <p id="8">
    <s id="22">El sueño americano funciona sólo cuando el crecimiento es ampliamente compartido y los impedimentos estructurales para el progreso son escasos.</s>
    <s id="23">Ninguna de estas condiciones existe hoy.</s>
    <s id="24">Según la Oficina de Presupuesto del Congreso, las tasas de crecimiento anual del 4% no volverán – al menos no volverán en el corto plazo; el 2% de crecimiento es lo máximo que se debe esperar.</s>
    <s id="25">Además, las innovaciones que impulsaron el crecimiento en el empleo manufacturero y la movilidad ascendente en el pasado han sido reemplazadas por las tecnologías digitales.</s>
    <s id="26">A pesar de facilitar mucho la vida, las empresas de la economía digital, empresas del estilo de Amazon y Uber, están destruyendo los empleos de la clase trabajadora y reduciendo los salarios.</s>
  </p>
  <p id="9">
    <s id="27">Para empeorar las cosas, la ley de impuestos de Estados Unidos ha venido favoreciendo cada vez más al capital en vez de al trabajo, lo que ayuda a explicar por qué la participación del trabajo en el ingreso nacional ha estado disminuyendo.</s>
    <s id="28">Dicho todo esto, hay demasiada deuda para los jóvenes, muy pocos ahorros para la jubilación de la generación de los nacidos después del año 1945, o la llamada generación ‘Baby Boom’, así como también una falta de flexibilidad laboral y seguridad para los desplazados y desempleados.</s>
    <s id="29">Intentar salir adelante se ha convertido en una tarea sisifiana.</s>
  </p>
  <p id="10">
    <s id="30">Afortunadamente, es posible que la narrativa mejore.</s>
    <s id="31">Ya sabemos lo que debemos hacer para ayudar a reequilibrar el campo de juego y restaurar el dinamismo y el crecimiento con un efecto neutro en cuanto al déficit.</s>
    <s id="32">Para empezar, deberíamos reducir la deuda estudiantil a cambio de servicios nacionales en campos como la enseñanza, los servicios de primera respuesta y la atención médica rural.</s>
    <s id="33">Lo antedicho no es sólo lo correcto, sino que también impulsaría a una nueva generación de servidores públicos en áreas socialmente importantes que actualmente sufren escasez de mano de obra.</s>
  </p>
  <p id="11">
    <s id="34">En segundo lugar, debemos eliminar las exenciones impositivas – es decir, la escapatoria de impuestos que se ofrece a medida que se incrementa la base imponible en el caso de los impuestos estatales y de la tasa de interés acumulada – ya que dichas exenciones amplían y afianzan la brecha de riqueza.</s>
    <s id="35">Al hacerlo, podríamos desbloquear cientos de miles de millones de dólares en nuevos ingresos fiscales.</s>
  </p>
  <p id="12">
    <s id="36">En tercer lugar, esos nuevos ingresos fiscales recién encontrados deberían utilizarse para tres propósitos clave.</s>
    <s id="37">Primero, Estados Unidos necesita proporcionar una escuela de educación superior comunitaria sin matrícula para volver a capacitar a sus trabajadores, muchos de los cuales han sido, o eventualmente serán, desplazados por la automatización y otras nuevas tecnologías.</s>
    <s id="38">En segundo lugar, necesitamos un programa nacional de infraestructura – una versión moderna del programa Works Projects Administration del presidente Franklin D. Roosevelt – que podría emplear a muchos de los que han perdido empleos en el ámbito de la manufactura.</s>
    <s id="39">Y tercero, es hora de establecer un fondo fiduciario nacional para préstamos estudiantiles, que luego deberá pagarse a partir de una proporción predeterminada de los ingresos posteriores del estudiante durante un número específico de años.</s>
    <s id="40">Los estudiantes que terminen percibiendo ingresos bajos en el futuro pagarían menos de lo que pidieron prestado, pero esto se compensaría con los pagos de aquellos con ingresos más altos.</s>
  </p>
  <p id="13">
    <s id="41">Cuarto, el salario mínimo federal no sólo debe aumentarse, sino también debe indexarse ​​a la tasa de inflación.</s>
    <s id="42">Esto ayudaría a que las personas puedan mantener su poder adquisitivo en un ámbito de costos de vida crecientes; y, como lo ha demostrado el Banco de la Reserva Federal de Chicago, esto incrementaría la actividad económica agregada.</s>
  </p>
  <p id="14">
    <s id="43">Quinto, debemos hacer que el acceso al cuidado infantil básico sea universal, caso contrario la participación de las mujeres en la fuerza laboral continuará por debajo de su potencial.</s>
    <s id="44">Y, por último, debemos dar a todos el acceso a los mismos beneficios de ahorro para la jubilación que los ricos; es decir, a través de una expansión del plan de ahorro denominado Thrift Savings Plan, que funciona como un 401k pero proporciona beneficios fiscales de importancia crítica que la mayoría de los trabajadores carecen actualmente.</s>
  </p>
  <p id="15">
    <s id="45">Los imperios tienen apogeos y decadencias – y, algunas veces vuelven a tener apogeos.</s>
    <s id="46">La trayectoria actual de Estados Unidos no augura nada bueno.</s>
    <s id="47">Sin embargo, si actuamos ahora, aún podemos crear un nuevo sueño americano para la economía más grande del mundo.</s>
  </p>
  <SOURCE LANG="inglés" TRANSLATOR="Rocío L. Barrientos." />
</document>
