<?xml version="1.0" encoding="utf-8"?>
<document>
  <HEADLINE>
    <s id="1">Rusia está ardiendo</s>
  </HEADLINE>
  <p id="1">
    <s id="2">MOSCÚ – Desde hace un mes, Moscú viene ardiendo en un calor de 40 grados (100 grados Fahrenheit) y un smog pesado y pegajoso que irrita los ojos.</s>
    <s id="3">Los índices de monóxido de carbono han alcanzado niveles críticos, con una concentración seis veces por arriba del máximo permisible.</s>
    <s id="4">Otras sustancias tóxicas en el aire de Moscú están nueve veces por encima del nivel normal.</s>
  </p>
  <p id="2">
    <s id="5">En los primeros días de agosto, un periodista llamó a la oficina del alcalde de Moscú, solicitando comentarios sobre la situación.</s>
    <s id="6">“La oficina está cerrada”, respondió una mujer en la oficina de prensa, y agregó que el smog había penetrado en el edificio de la alcaldía, que está ubicado a menos de 3,2 kilómetros del Kremlin, de modo que todos habían recibido la orden de irse a casa.</s>
    <s id="7">Era un día de semana, poco después de la hora de almuerzo.</s>
    <s id="8">“¿Es posible obtener un comentario del alcalde Yuri Luzhkov?”, preguntó el periodista.</s>
    <s id="9">“No está en Moscú”, respondió la mujer.</s>
  </p>
  <p id="3">
    <s id="10">De hecho, existen informes de que el secretario de prensa del alcalde les ha dicho a los periodistas que no existía ninguna razón para que el alcalde regresara a Moscú.</s>
    <s id="11">“¿Por qué debería hacerlo?”, dijo el secretario.</s>
    <s id="12">“¿Existe una crisis en Moscú?</s>
    <s id="13">No, no hay ninguna crisis”.</s>
  </p>
  <p id="4">
    <s id="14">Al mismo tiempo, un médico de un hospital local escribía en su blog: “Es una catástrofe.</s>
    <s id="15">No hay aire acondicionado en el hospital, no funcionan los ventiladores, el smog está penetrando en todas partes, hasta en el quirófano de la guardia.</s>
    <s id="16">Todos los días mueren unas 16 o 17 personas.</s>
    <s id="17">La morgue está llena, y no hay suficientes refrigeradores para los muertos –depositan los cuerpos junto a las paredes”.</s>
  </p>
  <p id="5">
    <s id="18">Por cierto, de acuerdo con el Departamento de Salud de la Ciudad de Moscú, la tasa de mortalidad se ha duplicado en las últimas semanas.</s>
    <s id="19">Y aún así el alcalde de Moscú optó por permanecer de vacaciones en el campo.</s>
    <s id="20">Afortunadamente, los comentarios provenientes de la oficina de prensa de Luzhkov causaron tal indignación pública que el alcalde interrumpió sus vacaciones y regresó a la ciudad.</s>
  </p>
  <p id="6">
    <s id="21">Uno se pregunta qué habría sucedido si Luzhkov debiera hacer frente a una reelección (su mandato expira en octubre de 2011).</s>
    <s id="22">¿Se habría permitido unas vacaciones semejantes mientras su ciudad era azotada por el calor y una niebla tóxica?</s>
    <s id="23">Por supuesto que no.</s>
    <s id="24">Pero ni Luzhkov, ni nadie que pueda reemplazarlo, debe preocuparse por la aprobación de los votantes, ya que el Kremlin nombra al alcalde de Moscú, en vez de dar lugar a elecciones libres y justas –una práctica establecida hace unos años por el entonces presidente Vladimir Putin para todos los cargos de importancia en toda Rusia.</s>
  </p>
  <p id="7">
    <s id="25">Otro ejemplo de esto es la región Nizhniy Novgorod, apenas 400 kilómetros (250 millas) al este de Moscú, que ha sido azotada por la ola de calor y el fuego.</s>
    <s id="26">Al menos 36 personas, entre ellas 7 niños, han perdido la vida en esta región (en total 52 personas han muerto en la parte europea de Rusia debido al fuego) y más de 1.000 personas se han quedado sin su casa y su sustento de vida.</s>
  </p>
  <p id="8">
    <s id="27">Una cobertura ingenua poco frecuente del primer ministro Putin, exhibida en los canales oficiales, lo mostraba visitando una de las ciudades en la región.</s>
    <s id="28">La gente que había perdido su vivienda, su ropa y todo lo demás se quejaba ante Putin de que el gobierno regional y local no les había advertido sobre la llegada del fuego.</s>
    <s id="29">Prácticamente no había camiones de bomberos.</s>
    <s id="30">En muchas ciudades y pueblos, no había electricidad, de modo que las bombas de agua no funcionaban.</s>
    <s id="31">“Nadie ni siquiera intentó salvarnos”, le gritaban a Putin, que estaba acompañado por el gobernador regional, Valery Shantsev.</s>
  </p>
  <p id="9">
    <s id="32">Una semana después, una ceremonia de inauguración oficialmente dio inicio al segundo mandato de Shantsev en su cargo.</s>
    <s id="33">Al igual que el resto de los gobernadores rusos, no fue elegido por quienes viven en su región (antes de convertirse en gobernador, era el segundo de Luzhkov).</s>
    <s id="34">Fue designado por el presidente, y por ende no carga con ninguna responsabilidad de ningún tipo frente a quienes supuestamente debe servir.</s>
  </p>
  <p id="10">
    <s id="35">Los incendios en la zona europea de Rusia han destruido 190.000 hectáreas de bosques.</s>
    <s id="36">Los especialistas forestales le echan la culpa a una ley implementada despreocupadamente en 2007 que redujo el 90% de los guardias forestales.</s>
    <s id="37">La ley fue propuesta por el gobierno y rápidamente sancionada por la Duma, donde el partido de Putin controla dos tercios de los votos.</s>
    <s id="38">Poco antes de la votación, el orador de la Duma proclamó que el parlamento no es un lugar para las deliberaciones.</s>
    <s id="39">Por lo tanto, la legislación fue sancionada sin reflexión ni discusión alguna –y los rusos hoy enfrentan las consecuencias.</s>
  </p>
  <p id="11">
    <s id="40">El verano ardiente de 2010 en Rusia subraya algo que los politólogos reconocen en todas partes.</s>
    <s id="41">Los regímenes autoritarios, debido a que no dan cuentas de sus acciones, son pésimos a la hora de enfrentar situaciones anómalas.</s>
    <s id="42">Como controlan los medios masivos de comunicación –primero y principal, la televisión-, los líderes en estos países carecen de la capacidad para prever y calcular posibles riesgos.</s>
  </p>
  <p id="12">
    <s id="43">Desafortunadamente, la población rusa todavía tiene que atar cabos: la situación trágica en la que hoy se encuentran los rusos es una consecuencia directa de la manera en que votaron en el pasado.</s>
    <s id="44">La apatía política que caracteriza a la Rusia de hoy plantea un serio desafío para la supervivencia del país.</s>
  </p>
  <p id="13">
    <s id="45">Sin embargo, pareciera que esta apatía está empezando a disiparse.</s>
    <s id="46">El verano ardiente de 2010 puede ayudar a los rusos a entender que su existencia depende de si las autoridades pueden o no ofrecer asistencia en tiempos de emergencia.</s>
    <s id="47">Un régimen que no puede responder a las necesidades básicas de sus ciudadanos no tiene legitimidad alguna.</s>
  </p>
</document>
