<?xml version="1.0" encoding="utf-8"?>
<document>
  <HEADLINE>
    <s id="1">La gran lista de pérdidas americanas</s>
  </HEADLINE>
  <p id="1">
    <s id="2">JERUSALÉN – El acuerdo provisional logrado en Ginebra entre los cinco miembros permanentes del Consejo de Segundad de las Naciones Unidas más Alemania (el P5+1) y el Irán probablemente sea el mejor que se podía conseguir para limitar el programa nuclear de este país, dadas las circunstancias actuales.</s>
    <s id="3">Los Estados Unidos y sus aliados occidentales eran renuentes a aventurarse a una opción militar y no concertar un acuerdo habría permitido al Irán continuar sin trabas por la vía de obtener armas nucleares.</s>
  </p>
  <p id="2">
    <s id="4">En un mundo ideal, se debería haber obligado al Irán a abandonar totalmente su programa nuclear y entregar todo su uranio enriquecido a una potencia exterior, pero, desde un punto de vista realista, se trataba de un objetivo inalcanzable.</s>
    <s id="5">Así, pues, el resultado de las conversaciones de Ginebra es el de que el Irán ha logrado cierta legitimación internacional como potencia en el umbral nuclear, que preocupa profundamente a sus vecinos en su región, desde Arabia Saudí e Israel hasta Turquía, Egipto y los pequeños y vulnerables Estados del Golfo.</s>
  </p>
  <p id="3">
    <s id="6">Los estadistas occidentales tienen razón al congratularse de haber evitado una grave crisis inmediata, pero se equivocan al creer que han resuelto el problema de la amenaza nuclear iraní.</s>
    <s id="7">De hecho, es una ingenuidad imaginar que en los próximos seis meses se alcanzará un acuerdo final con el Irán: los experimentados diplomáticos iraníes procurarán que no sea así.</s>
  </p>
  <p id="4">
    <s id="8">Así, pues, si bien el acuerdo provisional puede no ser una repetición del Acuerdo de Múnich de 1938, como sostienen muchos críticos, puede haber preparado el terreno para un futuro aún más combustible.</s>
    <s id="9">El Presidente de los EE.UU., Barack Obama, puede haber abandonado su cargo cuando el fuego se encienda, pero, si la situación llega de verdad a empeorar terriblemente, podría ser recordado como otro estadista que, como Neville Chamberlain, estuvo ciego sobre las consecuencias de sus intenciones pacíficas.</s>
  </p>
  <p id="5">
    <s id="10">La razón principal para el pesimismo se debe al marco geopolítico más amplio del acuerdo provisional, que se ha pasado por alto para centrarse en la dimensión regional.</s>
    <s id="11">En realidad, el acuerdo, que alivia gran parte de la presión económica a que está sometido el régimen iraní, es consecuencia del éxito de Rusia al retrasar la sanciones internacionales contra el Irán y su terca negativa a endurecerlas aún más.</s>
  </p>
  <p id="6">
    <s id="12">Para el Kremlin, el programa nuclear del Irán es sólo un capitulo de una campaña para reafirmar el papel de Rusia como gran potencia.</s>
    <s id="13">De hecho, se debe considerar el cuerdo provisional una más de una serie de victorias diplomáticas rusas recientes sobre los EE.UU.</s>
  </p>
  <p id="7">
    <s id="14">El actual gobierno de los EE.UU. carece de una gran estrategia como la que anima al Presidente de Rusia, Vladimir Putin.</s>
    <s id="15">En su lugar, considera cada una de las cuestiones por separado, sin saber cómo equilibrar su papel de potencia mundial con su compromiso con los valores izquierdistas y encabezado por un presidente que, al parecer, cree que una retórica subida es un substituto del pensamiento estratégico.</s>
    <s id="16">No hay que hacerse ilusiones: el acuerdo provisional con el Irán es un triunfo rotundo para Putin, no para Obama y el Secretario de Estado de los EE.UU., John Kerry.</s>
  </p>
  <p id="8">
    <s id="17">A esa victoria no tardó en seguir otra: la decisión de Ucrania de rechazar un acuerdo de asociación con la Unión Europea, al optar este país, en cambio, por adherirse al proyecto favorito de Putin, una unión aduanera destinada a reconstituir gran parte de la Unión Soviética como zona económica única.</s>
    <s id="18">Entretanto, la crisis siria sigue por la vía deseada por el Kremlin, al permanecer en el poder Bashar Al Assad, pese a la insistencia de Obama de que abandonara su cargo.</s>
  </p>
  <p id="9">
    <s id="19">La amenaza expresada el verano pasado por Obama de utilizar una fuerza limitada en Siria fue retórica vacía.</s>
    <s id="20">Podría haber convencido a Assad de que debía entregar sus armas químicas, pero la amenaza de Rusia de vetar cualquier resolución contundente del Consejo de Seguridad contra Siria garantizó que su régimen asesino conservaría el poder.</s>
    <s id="21">Aun cuando se convoque para enero una reunión de Ginebra II sobre Siria, Rusia procurará que Assad permanezca en su trono.</s>
  </p>
  <p id="10">
    <s id="22">También se ve el vacío estratégico de los Estados Unidos en Egipto a raíz de la destitución por el ejército del gobierno de los Hermanos Musulmanes del Presidente Morsi.</s>
    <s id="23">La incertidumbre de Obama sobre cómo abordar el golpe ha creado una situación absurda en la que la mayoría de los grupos prooccidentales de Egipto –el ejército y las minorías selectas laicas que sustentaron la alianza de Mubarak con los EE.UU. – ahora se han vuelto, desesperados, hacia Rusia como fuente de futuros suministros militares.</s>
  </p>
  <p id="11">
    <s id="24">Decenios de pensamiento estratégico y diplomacia americanos, iniciados por Henry Kissinger en el decenio de 1970 y encaminados a separar a Egipto de su alianza con Rusia, parecen ahora en peligro de quedar echados a perder por la incapacidad de Obama para adoptar una decisión sobre el derrocamiento de Morsi.</s>
    <s id="25">Naturalmente, no es fácil apoyar un golpe militar contra un presidente democráticamente elegido (incluso cuando, como en el caso de Morsi, socava los valores y las instituciones democráticos que le permitieron llegar al poder), pero nos preguntamos cómo habría reaccionado Obama en 1933, si el ejército alemán hubiera derribado a Hitler (que, al fin y al cabo, fue nombrado Canciller después de ganar unas elecciones).</s>
  </p>
  <p id="12">
    <s id="26">No hace falta demonizar a Rusia –o a Putin– para estar preocupado por esos acontecimientos.</s>
    <s id="27">Rusia tiene derecho a un lugar como potencia principal y los EE.UU. deben rehuir una política dominadora, pero, frente a una resuelta política rusa de reafirmación imperial, ahora visible también en el Cáucaso, los EE.UU. parecen incapaces de ver las vinculaciones entre los acontecimientos mundiales.</s>
    <s id="28">¿Estará preguntándose alguien en Washington cómo están vinculados los acontecimientos mundiales?</s>
    <s id="29">¿Estará alguien en Washington preguntándose como los acuerdos de Ginebra sobre Siria y el Irán están vinculados con la negativa de Ucrania a acercarse más a la UE, por no hablar de formular una reacción estratégica?</s>
  </p>
  <p id="13">
    <s id="30">La alternativa que afrontan los EE.UU. no es entre la megalomaníaca intrepidez del Presidente George W. Bush y la retirada mundial.</s>
    <s id="31">El resurgimiento de Rusia exige una reacción razonada de los EE.UU, que combine su preponderante poder y el reconocimiento de los límites inherentes a su utilización.</s>
    <s id="32">El gobierno actual de los EE.UU. parece incapaz de ello y el aislacionismo del Tea Party no es la respuesta, desde luego.</s>
    <s id="33">Una política exterior desnortada de los EE.UU. no es una reacción adecuada ante una Rusia resurgente y neoautoritaria que se muestra contundente en el plano geopolítico.</s>
    <s id="34">Puede que no esté fuera de lugar la nostalgia de un Metternich o un Kissinger.</s>
  </p>
  <SOURCE LANG="inglés" TRANSLATOR="Carlos Manzano." />
</document>
