<?xml version="1.0" encoding="utf-8"?>
<document>
  <HEADLINE>
    <s id="1">Comercio en tiempos de proteccionismo</s>
  </HEADLINE>
  <p id="1">
    <s id="2">COLOMBO – En tanto la economía de China se desacelera y el crecimiento del mundo desarrollado sigue anémico, los gobiernos en toda Asia están esforzándose por mantener sus economías en una trayectoria ascendente.</s>
    <s id="3">En Sri Lanka, país del que soy primer ministro, el desafío es encontrar una manera de acelerar nuestro crecimiento económico ya estable.</s>
  </p>
  <p id="2">
    <s id="4">Algo es claro: no podemos esperar que el resto del mundo reciba nuestras ambiciones económicas de la misma manera que alguna vez le abrió los brazos al rápido ascenso de China como potencia económica o -en décadas anteriores- celebró el crecimiento de Japón y los llamados Tigres de Asia, entre ellos Corea del Sur.</s>
  </p>
  <p id="3">
    <s id="5">Hoy, los asiáticos somos testigos, casi a diario, de ataques políticos feroces contra las herramientas y políticas que han ayudado a sacar a cientos de millones de nuestros ciudadanos de la pobreza.</s>
    <s id="6">De hecho, este año, el libre comercio parece ser el chivo expiatorio preferido entre los diversos populistas y demagogos del mundo.</s>
  </p>
  <p id="4">
    <s id="7">En la campaña electoral presidencial de Estados Unidos, por ejemplo, los principales candidatos, tanto en la primaria republicana como en la demócrata, han cuestionado el sentido de buscar una mayor apertura en el comercio mundial.</s>
    <s id="8">En el Reino Unido, los euroescépticos que hacen campaña para que el país abandone la Unión Europea denigran los beneficios del mercado único europeo.</s>
    <s id="9">En otras partes de Europa, los populistas están exigiendo que se levanten los puentes levadizos del comercio.</s>
  </p>
  <p id="5">
    <s id="10">El comercio abierto es blanco de ataques inclusive en partes de Asia.</s>
    <s id="11">El primer ministro japonés, Shinzo Abe, tuvo que arrastrar a algunos grupos de interés de su país para integrar el Acuerdo Transpacífico, y lo hicieron pataleando y a los alaridos.</s>
    <s id="12">De la misma manera, el primer ministro indio, Narendra Modi, no ha logrado convencer a los gobernadores estatales de reducir las barreras comerciales al interior de su país.</s>
    <s id="13">Y en Sri Lanka, el "acuerdo económico y tecnológico" que mi gobierno planeó firmar recientemente con India, para generar una mayor integración económica, ha sido víctima de un feroz ataque político.</s>
  </p>
  <p id="6">
    <s id="14">Sin embargo, en su gran mayoría, los líderes políticos de Asia aún tienen una visión muy positiva de los beneficios del comercio abierto.</s>
    <s id="15">Después de todo, gran parte de las últimas cuatro décadas de crecimiento robusto se pueden atribuir al hecho de que los mercados mundiales fueron receptivos a los productos asiáticos.</s>
    <s id="16">Lo único que necesitábamos hacer para que nuestras economías crecieran, parecía ser, era identificar nuestra ventaja comparativa, producir bienes de calidad a precios competitivos y luego exportar lo más posible.</s>
  </p>
  <p id="7">
    <s id="17">Durante décadas, este modelo funcionó extraordinariamente bien, beneficiando en gran medida a China, Japón, Corea del Sur y los países del sudeste asiático.</s>
    <s id="18">Inclusive hoy, con el comercio mundial de capa caída, el comercio regional sigue siendo un componente esencial de las estrategias de crecimiento de estos países.</s>
    <s id="19">En el sur de Asia, en cambio, hemos tardado mucho más tiempo en aprovechar las oportunidades que pueden surgir de un comercio más abierto -con consecuencias lamentables: en la región vive el 44% de la gente más pobre del mundo.</s>
  </p>
  <p id="8">
    <s id="20">Tenemos la obligación de intentar utilizar el comercio para sacar a nuestra gente de la pobreza.</s>
    <s id="21">Pero, en un momento en que el libre comercio se está convirtiendo rápidamente en un tormento global, la ventana para generar crecimiento accediendo a los mercados mundiales parece estar cerrándose a toda prisa.</s>
    <s id="22">Si queremos que el comercio se convierta en un motor clave de crecimiento en Sri Lanka o en otras partes de la región, lo más probable es que tengamos que generarlo nosotros mismos -haciendo que el sur de Asia pase de ser una de las regiones con menos integración económica del mundo a convertirse en una de las más integradas.</s>
  </p>
  <p id="9">
    <s id="23">Hoy, el comercio intrarregional representa apenas el 5% del comercio total del sur de Asia, comparado con el 25% de la Asociación de Naciones del Sudeste Asiático.</s>
    <s id="24">Este vasto potencial sin explorar le brinda a la región una oportunidad de crecimiento que no se basa en la fortaleza de la economía mundial.</s>
    <s id="25">El año pasado, el Banco Mundial estimó que el comercio anual entre India y Pakistán podía saltar de 1.000 millones de dólares hoy a 10.000 millones de dólares -si se recortaran los aranceles y otras barreras a los niveles recomendados por la Organización Mundial de Comercio.</s>
  </p>
  <p id="10">
    <s id="26">Los aranceles y otras restricciones innecesarias coartan el comercio entre todos los países del sur de Asia.</s>
    <s id="27">Se suponía que estos obstáculos iban a ser eliminados con la creación de la Asociación Sudasiática para la Cooperación Regional, el bloque de comercio regional más grande del mundo, con cerca de 2.000 personas.</s>
    <s id="28">Pero la dependencia de la ASACR de las negociaciones bilaterales ha desacelerado el proceso a tal punto que hoy marcha a paso de tortuga, lo que hace que la región siga siendo mucho más pobre de lo necesario.</s>
    <s id="29">Para que la ASACR tenga éxito, será necesario un nuevo mecanismo multilateral de cooperación.</s>
  </p>
  <p id="11">
    <s id="30">En tanto el cambio climático siga pasando factura, los riesgos no harán más que aumentar.</s>
    <s id="31">Nuestros países, que todavía son esencialmente agrarios, con gran parte de su territorio en regiones costeras bajas, están peligrosamente expuestos a los niveles crecientes de los mares y a un clima violento.</s>
    <s id="32">Los glaciares que desaparecen en el Himalaya alterarán la vida -y la subsistencia- de unos 600 millones de personas en Pakistán, Nepal y el norte de India.</s>
  </p>
  <p id="12">
    <s id="33">Los obstáculos políticos para una acción efectiva serán difíciles.</s>
    <s id="34">En verdad, existe una oposición política a una mayor integración económica regional en cada país de la ASACR.</s>
    <s id="35">Pero la escala de los desafíos que enfrenta la región debería incitar a todos los miembros de la ASACR a una mayor cooperación.</s>
  </p>
  <p id="13">
    <s id="36">Es hora de que los gobiernos de los países que integran la ASACR estén a la altura del desafío.</s>
    <s id="37">Si trabajamos juntos, podremos sentar las bases de una economía regional tan dinámica como la de nuestros vecinos al este.</s>
  </p>
</document>
