<?xml version="1.0" encoding="utf-8"?>
<document>
  <HEADLINE>
    <s id="1">Estancados y paralizados</s>
  </HEADLINE>
  <p id="1">
    <s id="2">MILÁN – Las recientes dramáticas caídas en los mercados de acciones de todo el mundo son una respuesta a la interacción de dos factores: los fundamentos económicos y las respuestas de política –o, mejor dicho, la falta de respuestas de política.</s>
  </p>
  <p id="2">
    <s id="3">Veamos primero los fundamentos.</s>
    <s id="4">Las tasas de crecimiento económico en los Estados Unidos y Europa son bajas –están incluso muy por debajo de las expectativas recientes.</s>
    <s id="5">El lento crecimiento ha golpeado duro a las valuaciones de acciones y ambas economías corren el riesgo de una importante contracción.</s>
  </p>
  <p id="3">
    <s id="6">Una desaceleración en una producirá una desaceleración en la otra –y en las mayores economías emergentes que, hasta ahora, habían logrado mantener un rápido crecimiento ante las aletargadas economías avanzadas.</s>
    <s id="7">La capacidad de recuperación de los países emergentes no será posible ante las recaídas en Estados Unidos y Europa: no pueden contrarrestar por sí mismos las abruptas disminuciones de la demanda de los países avanzados, sin importar lo saludable de la situación financiera en sus sectores públicos.</s>
  </p>
  <p id="4">
    <s id="8">La caída de la demanda interna estadounidense refleja aumentos en el ahorro, daños en la situación financiera del sector de los hogares, desempleo y dificultades fiscales.</s>
    <s id="9">Como resultado, el gran sector de los no transables y la porción correspondiente a la demanda interna del sector de los transables no son capaces de impulsar el crecimiento y el empleo.</s>
    <s id="10">Eso deja a las exportaciones –los bienes y servicios que se venden a las regiones en crecimiento de la economía mundial (en su mayoría economías emergentes)– a cargo del problema.</s>
    <s id="11">Y reforzar el sector exportador de los EE.</s>
    <s id="12">UU. requiere superar varias barreras estructurales y competitivas significativas.</s>
  </p>
  <p id="5">
    <s id="13">El mundo asiste a una desaceleración correlacionada del crecimiento en los países avanzados (con unas pocas excepciones) y en todas las partes sistémicamente importantes de la economía global –incluso, posiblemente, las economías emergentes.</s>
    <s id="14">Y la caída del valor de las acciones para reflejar de manera más realista los fundamentos económicos debilitará aún más la demanda agregada y el crecimiento.</s>
    <s id="15">Por eso el riesgo en aumento de una caída importante –y los mayores problemas fiscales.</s>
    <s id="16">Esos factores combinados deberían producir una corrección en los precios de los activos que los alinee con las expectativas revisadas de mediano plazo para la economía global.</s>
  </p>
  <p id="6">
    <s id="17">Pero la situación trae aparejado el presentimiento de algo más que una corrección importante.</s>
    <s id="18">Incluso a medida que se ajusten las expectativas, habrá una creciente pérdida de confianza entre los inversores sobre la adecuación de las respuestas de política oficial en Europa y los EE.</s>
    <s id="19">UU. (y, en menor medida, en las economías emergentes).</s>
    <s id="20">Ahora queda claro que los impedimentos al crecimiento, tanto estructurales como financieros, han sido continuamente subestimados.</s>
    <s id="21">Lo que no está tan claro es si los funcionarios tienen la capacidad para identificar los temas críticos y la voluntad política para ocuparse de ellos.</s>
  </p>
  <p id="7">
    <s id="22">En Europa, los diferenciales de riesgo están aumentando para la deuda soberana italiana y española.</s>
    <s id="23">Los rendimientos se encuentran alrededor del 6-7% (una zona que habitualmente se considera como de peligro) en ambos países.</s>
    <s id="24">Junto con perspectivas de crecimiento de sus PBI bajas y en disminución, el peso de la deuda se está tornando lo suficientemente oneroso como para despertar preguntas sobre su capacidad para estabilizar la situación y recuperar el crecimiento por sí mismos.</s>
  </p>
  <p id="8">
    <s id="25">Italia y España exponen completamente la vulnerabilidad europea.</s>
    <s id="26">Como a Grecia, Irlanda y Portugal, su participación en el euro les niega la posibilidad de utilizar la devaluación y la inflación como instrumentos de política.</s>
    <s id="27">Pero la caída en el valor de su deuda soberana –y el tamaño de esa deuda en relación a la de los países europeos más pequeños en dificultades– implica una erosión mucho mayor de la base de capital de los bancos, que aumenta el riesgo adicional de problemas de liquidez y de mayores daños económicos.</s>
  </p>
  <p id="9">
    <s id="28">El foco de la política interna en Europa ha sido reducir los déficits, con poca atención a las reformas o inversiones que buscan impulsar el crecimiento en el mediano plazo.</s>
    <s id="29">En la UE aún no hay una respuesta de política complementaria diseñada para detener el círculo vicioso del aumento de los rendimientos y las trabas al crecimiento que ahora enfrentan Italia y España.</s>
  </p>
  <p id="10">
    <s id="30">Son necesarias políticas nacionales y europeas creíbles para estabilizar la situación, pero ninguna de esas políticas se ve como algo próximo.</s>
    <s id="31">La reciente volatilidad de los mercados ha sido en parte una respuesta al aparente aumento del riesgo de resultados peores a los previstos debido a la parálisis o la negación política.</s>
  </p>
  <p id="11">
    <s id="32">Del lado de los EE.</s>
    <s id="33">UU., la integridad de la deuda soberana se cuestionó durante demasiado tiempo.</s>
    <s id="34">Durante esos meses de indecisión política, los bonos del tesoro de los EE.</s>
    <s id="35">UU. se convirtieron en un activo más riesgoso.</s>
    <s id="36">Una vez que desapareció el riesgo inmediato de la cesación de pagos, el dinero huyó de los activos riesgosos a los bonos del Tesoro para esperar hasta que pasen las malas noticias económicas: principalmente un crecimiento débil y decreciente, estancamiento del empleo y caída de los precios de los activos.</s>
  </p>
  <p id="12">
    <s id="37">En los debates sobre la política interna estadounidense son pocos los indicios de una estrategia de crecimiento factible y orientada hacia el empleo.</s>
    <s id="38">Para ser justos, algunos creen que recortar el presupuesto es una estrategia de crecimiento suficiente, pero esa no es ni la visión de la mayoría ni la reflejada por los mercados.</s>
  </p>
  <p id="13">
    <s id="39">Se han ignorado en gran medida las trabas estructurales y competitivas al crecimiento.</s>
    <s id="40">Son pocos los que aceptan que la demanda interna agregada no puede recuperarse a sus niveles previos a la crisis excepto a través del crecimiento.</s>
    <s id="41">De hecho, la tasa de ahorro de los hogares continúa aumentando.</s>
  </p>
  <p id="14">
    <s id="42">Los detalles pueden escapar a los votantes y algunos inversores, pero la política no está haciendo foco en restaurar el crecimiento y el empleo en el mediano y el largo plazo.</s>
    <s id="43">Ciertamente, existe una profunda incertidumbre sobre si estos imperativos ocuparán el centro de la agenda y sobre cuándo lo harán.</s>
  </p>
  <p id="15">
    <s id="44">En las economías emergentes, por el contrario, la inflación es un desafío, pero el mayor riesgo para el crecimiento proviene de los problemas de los países avanzados.</s>
    <s id="45">Además, son necesarias reformas y cambios estructurales importantes para sostener el crecimiento.</s>
    <s id="46">Cambios que podrían posponerse o sufrir retrasos en una economía mundial en desaceleración.</s>
  </p>
  <p id="16">
    <s id="47">La realineación del valor de los activos con perspectivas realistas de crecimiento probablemente no sea un mal resultado, aunque impulsará la caída de la demanda en el corto plazo.</s>
    <s id="48">Pero la incertidumbre, la falta de confianza, y la parálisis o los puntos muertos en la política pueden causar fácilmente excesos en la destrucción de valor, infligiendo daños extensos a todas las partes de la economía global.</s>
  </p>
  <p id="17">
    <s id="49">Esta imagen relativamente sombría puede cambiar, aunque probablemente no en el corto plazo.</s>
    <s id="50">Es posible que retorne la estabilidad, pero no lo hará hasta que la política interna en los países avanzados, junto con una coordinación de política internacional, introduzcan cambios creíbles para restaurar un patrón de crecimiento inclusivo, implementando la estabilización fiscal en forma tal que apoye al crecimiento y el empleo.</s>
  </p>
  <p id="18">
    <s id="51">En resumen, nos enfrentamos a dos problemas que interactúan: una economía global que está perdiendo la batalla para restaurar el crecimiento y la ausencia de respuestas creíbles de política.</s>
    <s id="52">Demasiados países parecen centrarse más en los resultados políticos que en el desempeño económico.</s>
    <s id="53">Los mercados simplemente reflejan estas fallas y riesgos.</s>
  </p>
</document>
