<?xml version="1.0" encoding="utf-8"?>
<document>
  <HEADLINE>
    <s id="1">Vuelven las quejas sobre el renminbi</s>
  </HEADLINE>
  <p id="1">
    <s id="2">NEW HAVEN – La divisa de China, el renminbi, ha estado debilitándose en los últimos meses, con lo que han vuelto a oírse las acusaciones de manipulación, devaluación competitiva y mercantilismo encaminado a empobrecer al vecino.</s>
    <s id="3">A mediados de abril, el Tesoro de los Estados Unidos expresó una “preocupación particularmente grave” al respecto, lo que subraya una de las cuestiones de política económica más polémicas entre los Estados Unidos y China.</s>
  </p>
  <p id="2">
    <s id="4">Se trata de un debate ya vetusto, de inspiración política y basado en una concepción económica deficiente, que perjudica gravemente a las dos partes al distraer la atención de cuestiones mucho más importantes para la relación económica entre los EE.UU. y China.</s>
    <s id="5">Llevadas hasta el extremo, las acusaciones de los Estados Unidos podrían empujar a las dos mayores economías del mundo cuesta abajo por una pronunciada pendiente de fricciones comerciales y proteccionismo o algo aún peor.</s>
  </p>
  <p id="3">
    <s id="6">En primer lugar, los datos: desde que alcanzó su nivel más alto el 14 de enero de 2014, el renminbi se ha depreciado en un 3,4 por ciento frente al dólar de los EE.UU. hasta el 25 de abril, después de una apreciación acumulativa del 37 por ciento desde el 21 de julio de 2005, cuando China abandonó su vinculación con el dólar y cambió su régimen cambiario por una denominada “flotación regulada.”</s>
    <s id="7">Respecto del nivel con el que comenzó hace casi nueve años, la apreciación del renminbi sigue siendo del 32,5 por ciento.</s>
  </p>
  <p id="4">
    <s id="8">Durante el mismo período, ha habido un espectacular ajuste de su balanza de pagos.</s>
    <s id="9">El superávit por cuenta corriente –el síntoma más revelador de una divisa infravalorada– se ha reducido de un 10,1 por ciento del PIB sin precedentes en 2007 a tan sólo un 2,1 por ciento en 2013.</s>
    <s id="10">El último pronóstico del Fondo Monetario Internacional indica que en 2014 el superávit se mantendrá en torno al dos por ciento del PIB.</s>
  </p>
  <p id="5">
    <s id="11">Vista sobre ese fondo, la preocupación de los funcionarios de los EE.UU. por la reciente y modesta inversión del tipo de cambio del renminbi parece absurda.</s>
    <s id="12">Como la posición externa de China está mucho más próxima al equilibrio, existen razones poderosas para sostener que, tras haberse apreciado en casi una tercera parte desde mediados de 2005, el renminbi está ahora bastante cerca de su “valor razonable”.</s>
    <s id="13">El FMI así lo reconoció en su último examen a fondo de la economía china, en el que se considera el renminbi “moderadamente infravalorado” en entre un cinco y un diez por ciento.</s>
    <s id="14">Contrasta con sus evaluaciones anteriores de una infravaloración “considerable”.</s>
  </p>
  <p id="6">
    <s id="15">La fijación de los Estados Unidos con el renminbi es un caso clásico de rechazo político de la realidad.</s>
    <s id="16">Como los trabajadores de los EE.UU. siguen sometidos a una intensa presión en materia de seguridad en el empleo y salarios reales, los políticos están, lógicamente, en un aprieto.</s>
    <s id="17">Su reacción ha sido la de centrarse en el componente chino de un enorme déficit comercial existente desde hace mucho y han aducido que la manipulación del renminbi es la culpable de los graves males que padece la clase media americana desde hace mucho.</s>
  </p>
  <p id="7">
    <s id="18">Ese argumento es políticamente útil... pero falso.</s>
    <s id="19">El déficit comercial de los EE.UU. es un desequilibrio multilateral con muchos países –102 en total– y no un problema bilateral con China.</s>
    <s id="20">No se debe a la supuesta manipulación del renminbi, sino, sencillamente, a que los Estados Unidos no ahorran.</s>
  </p>
  <p id="8">
    <s id="21">Al carecer de ahorro interno y necesitar crecer, los EE.UU. deben importar el superávit de ahorro del extranjero y acumulan enormes déficits por cuenta corriente para atraer el capital extranjero, lo que propicia su desequilibro comercial multilateral.</s>
    <s id="22">Es cierto que el comercio con China es el componente mayor de dicho desequilibrio, pero eso refleja en gran medida la complejidad de las cadenas multinacionales de suministro y los beneficios de las soluciones exteriores eficientes.</s>
  </p>
  <p id="9">
    <s id="23">Con esto pasamos a la incómoda verdad sobre los ataques de inspiración política de los EE.UU. a China: serán contraproducentes.</s>
    <s id="24">Si los EE.UU. no resuelven su problema en materia de ahorro, cosa probable en vista del estancamiento fiscal y de la persistencia de un escaso ahorro personal, el déficit por cuenta corriente persistirá.</s>
    <s id="25">Eso quiere decir que cualesquiera reducciones del porcentaje correspondiente a China en el desequilibrio exterior de los EE.UU. quedarán substituidas, sencillamente, por otros productores extranjeros.</s>
    <s id="26">Resulta significativo que esa fuente substitutiva vaya a tener muy probablemente una base de costos mayor que la producción china, con lo que se impondrá el equivalente funcional de un recargo impositivo a los ya abrumados americanos de clase media.</s>
  </p>
  <p id="10">
    <s id="27">Al reequilibrarse China hacia un modelo de crecimiento que consigue un mayor apoyo de la demanda interna, Washington debe dejar de quejarse por el renminbi y empezar a centrarse en las oportunidades que brindará esa bonanza, lo que significa insistir en el acceso de las empresas de los EE.UU. a los mercados de bienes y servicios de China.</s>
    <s id="28">Reclamar un tratado sobre inversiones bilaterales que relaje los límites de la propiedad extranjera en los dos países sería un paso importante en esa dirección.</s>
  </p>
  <p id="11">
    <s id="29">Asimismo, los EE.UU. deben reconocer el mérito de China por haber adoptado medidas sólidas con miras a una mayor reforma monetaria.</s>
    <s id="30">La ampliación de las bandas de fluctuación diarias entre el renminbi y el dólar al dos por ciento más o menos (en lugar de la banda anterior del uno por ciento), adoptada a mediados de marzo, es un paso importante con miras a relajar el control de la llamada flotación regulada.</s>
    <s id="31">Junto con la depreciación en un tres por ciento habida en los tres últimos meses, debería constituir un aviso contundente a los especuladores de que las apuestas unilaterales por el renminbi son peligrosas y podría contribuir a disuadir las entradas de capital especulativo, que han complicado la gestión de la liquidez y han avivado la inestabilidad de los mercados de activos de China.</s>
  </p>
  <p id="12">
    <s id="32">Hay dos formas de ver el futuro de las relaciones económicas entre los EE.UU. y China: una que sólo ve riesgo y otra que ve oportunidad.</s>
    <s id="33">La fijación en el renminbi corresponde a la primera categoría: pasa por alto la reequilibración y las reformas que ya están en marcha en China y desvía la atención de los Estados Unidos de la necesidad de abordar su problema económico más grave a largo plazo: la falta de ahorro.</s>
  </p>
  <p id="13">
    <s id="34">En cambio, la consideración de China como oportunidad subraya la necesidad de que los Estados Unidos emprendan su propia reequilibración: restableciendo su competitividad y reclamando una participación sólida en el próximo auge de la demanda interna de China.</s>
    <s id="35">Lamentablemente, la necesidad de una reavivación del ahorro en los EE.UU. está quedando silenciada por las quejas contra el renminbi.</s>
  </p>
  <SOURCE LANG="inglés" TRANSLATOR="Carlos Manzano." />
</document>
