<?xml version="1.0" encoding="utf-8"?>
<document>
  <HEADLINE>
    <s id="1">El fortalecimiento de la vigilancia del FMI</s>
  </HEADLINE>
  <p id="1">
    <s id="2">En la economía globalizada de hoy, las políticas económica y financiera de un país pueden resonar mucho más allá de sus fronteras.</s>
    <s id="3">Ya sea la propagación de la inflación o el impacto de la devaluación de una moneda del otro lado del mundo, las fuerzas económicas globales pueden tener una influencia directa en los medios de vida de cada persona.</s>
    <s id="4">Ante tales circunstancias, la cooperación internacional es esencial para asegurar la estabilidad y el crecimiento y prevenir las crisis perturbadoras.</s>
    <s id="5">Pero para que esa cooperación sea efectiva, la comunidad internacional necesita las herramientas adecuadas.</s>
  </p>
  <p id="2">
    <s id="6">El FMI provee una de las herramientas más importantes.</s>
    <s id="7">Durante muchos años, el FMI a involucrado a sus países miembros en un proceso conocido como “supervisión” mediante el cual vigila, analiza y lleva a cabo consultas sobre las políticas económicas de cada país –tanto las cambiarias como las políticas internas pertinentes.</s>
    <s id="8">Estos chequeos regulares ayudan a detectar vulnerabilidades potenciales y a mantener la estabilidad económica.</s>
    <s id="9">Sin embargo, los retos cada vez más complejos de política que plantea la economía globalizada requieren un examen de este proceso desde una nueva perspectiva.</s>
  </p>
  <p id="3">
    <s id="10">En junio, el Directorio Ejecutivo del FMI hizo justamente eso, al alcanzar un amplio consenso sobre la actualización de la supervisión para hacerla más específica y efectiva.</s>
    <s id="11">Esta es una de las reformas más importantes a la labor del Fondo en los treinta años desde que se diseñó el proceso de supervisión.</s>
    <s id="12">En efecto, es parte de un esfuerzo mucho más amplio que busca fortalecer al FMI y que tendrá consecuencias que se extenderán más allá de la sala de juntas del Fondo.</s>
  </p>
  <p id="4">
    <s id="13">La nueva reforma contiene tres cambios críticos.</s>
    <s id="14">En primer lugar, sostiene que la supervisión debe concentrarse en cuestiones importantes para la estabilidad y ofrece orientaciones detalladas en esta esfera.</s>
    <s id="15">La asesoría del FMI no debe diluirse demasiado.</s>
  </p>
  <p id="5">
    <s id="16">En segundo lugar, ahora los países miembros del Fondo cuentan con la asesoría clara del Fondo en lo que se refiere a la administración de sus políticas cambiarias y lo que es aceptable para la comunidad internacional.</s>
  </p>
  <p id="6">
    <s id="17">Finalmente, por primera vez la reforma establece de manera clara lo que se espera de la supervisión y por ello debería promover la franqueza y un trato justo para todos los países.</s>
    <s id="18">En otras palabras, el Fondo debe asegurarse de que trata del mismo modo con cada país, incluyendo la comunicación de mensajes de política claros y a veces difíciles y el intercambio de sus puntos de vista con la comunidad internacional.</s>
  </p>
  <p id="7">
    <s id="19">El nuevo enfoque para las políticas cambiarias representa uno de los avances más significativos.</s>
    <s id="20">Según el Convenio Constitutivo del FMI, los miembros deben colaborar para promover un sistema estable de tipos de cambio y evitar la manipulación con miras a obtener ventajas comerciales injustas.</s>
    <s id="21">En el pasado, las orientaciones en esta materia eran limitadas porque se enfocaban completamente en la manipulación y la prevención de la volatilidad a corto plazo.</s>
  </p>
  <p id="8">
    <s id="22">Estas orientaciones permanecen, pero lo que entendíamos por manipulación ahora es más claro.</s>
    <s id="23">También hemos abordado las políticas que en los últimos años han causado el mayor daño al sistema, incluyendo los tipos de cambio fijados por encima o por debajo de su valor por razones internas.</s>
  </p>
  <p id="9">
    <s id="24">Este cambio llega en un momento crucial para la economía mundial.</s>
    <s id="25">Los países están experimentando un fuerte crecimiento, la inflación es baja y el peligro de crisis ha disminuido considerablemente.</s>
    <s id="26">Pocos países necesitan préstamos del FMI –una tendencia muy positiva.</s>
  </p>
  <p id="10">
    <s id="27">Pero una supervisión mejorada es esencial para asegurarse de que la economía global permanezca estable.</s>
    <s id="28">Al aclarar lo que la supervisión conlleva, la nueva decisión debería contribuir a que el FMI y sus miembros estén de acuerdo en la función del Fondo, ayudar a quienes participan en la supervisión a realizar su trabajo adecuadamente y hacer al Fondo más responsable en cuanto al cumplimiento de esta responsabilidad clave.</s>
  </p>
  <p id="11">
    <s id="29">Esta reforma representa una victoria para el multilateralismo que demuestra la participación en el fortalecimiento de la supervisión del Fondo y la voluntad de los miembros para cumplir sus responsabilidades en ese proceso.</s>
    <s id="30">Por supuesto, es críticamente importante que reciba un extenso apoyo de los países industrializados, las economías emergentes y los países en desarrollo.</s>
  </p>
  <p id="12">
    <s id="31">La comunidad internacional necesita un foro en el que pueda debatir los asuntos económicos más sensibles, incluyendo –pero no exclusivamente, por cierto- cuestiones relativas a los tipos de cambio.</s>
    <s id="32">El FMI brinda ese foro.</s>
    <s id="33">Al mismo tiempo, puede ofrecer conocimientos técnicos imparciales que permitan a los gobiernos definir las políticas que asegurarán la continuidad de la estabilidad económica.</s>
    <s id="34">El objetivo es apoyar políticas que sean buenas para cada país miembro –pero también para otros países- por medio del diálogo y la persuasión.</s>
    <s id="35">Ésta es la esencia misma de la cooperación internacional.</s>
  </p>
</document>
