<?xml version="1.0" encoding="utf-8"?>
<document>
  <HEADLINE>
    <s id="1">Territorios nativos para las especies vegetales</s>
  </HEADLINE>
  <p id="1">
    <s id="2">DURHAM, CAROLINA DEL NORTE – Mi día comienza con una taza de café y termina con una de chocolate caliente.</s>
    <s id="3">Entre estas dos tazas, consumo una variedad de alimentos y medicinas, incluyendo mi dosis diaria de 81 mg de aspirina.</s>
    <s id="4">Una orquídea de color brillante da vida a mi escritorio, y, a través de la ventana, puedo dar una mirada a mi verde jardín.</s>
    <s id="5">En pocas palabras, mi vida – de la misma forma que la vida de todas las personas – se ve facultada, enriquecida y extendida por una amplia variedad de plantas y sus derivados.</s>
  </p>
  <p id="2">
    <s id="6">No obstante, la biodiversidad de la que todos dependemos está amenazada, ya que la actividad humana causa estragos en bosques y otros hábitats ricos en especies vegetales.</s>
    <s id="7">La pregunta ahora es cuán rápido se están destruyendo las especies – y qué se puede hacer para detener dicha destrucción.</s>
  </p>
  <p id="3">
    <s id="8">El diseño de estrategias efectivas de conservación debe comenzar con conocimiento sobre las especies que tenemos que proteger.</s>
    <s id="9">Hasta el momento, los taxónomos han descrito aproximadamente 297.500 especies vegetales.</s>
    <s id="10">¿Cuántos aún no describieron?</s>
    <s id="11">¿Dónde es probable que las hallen?</s>
  </p>
  <p id="4">
    <s id="12">Podría parecer que, como el conjunto de especies no descritas disminuye, la velocidad con la que los taxónomos describen nuevas especies debería declinar.</s>
    <s id="13">Pero ha ocurrido lo contrario, a menudo las tasas aumentan casi exponencialmente año tras año – un fenómeno que se puede explicar en gran parte por el creciente número de taxonomistas.</s>
    <s id="14">De hecho, el único ratio que está disminuyendo es el que relaciona a las nuevas especies con la cantidad de taxónomos que las describen.</s>
  </p>
  <p id="5">
    <s id="15">Sobre la base de esta evolución, los modelos matemáticos predicen que aproximadamente existen 15% más especies vegetales de las que se conoce actualmente, llegándose a un total de cerca de 350.000 especies – una cifra que está en consonancia con la opinión de los expertos.</s>
    <s id="16">Tal vez la mitad de las especies no descritas ya han sido recogidas y alojadas en herbarios, donde se encuentran a la esperan de su detección y análisis.</s>
  </p>
  <p id="6">
    <s id="17">Para hallar el resto de especies, los taxonomistas deben sustentarse en tres patrones generales que rigen la distribución geográfica de las especies:</s>
  </p>
  <p id="7">
    <s id="18">· La mayoría de las especies tienen rangos geográficos muy pequeños y son poco comunes a nivel local.</s>
  </p>
  <p id="8">
    <s id="19">· El número de especies que se encuentran en cualquier hábitat individual varía considerablemente.</s>
    <s id="20">Grandes extensiones de bosques boreales a lo largo de América del Norte y Eurasia tienen solamente un puñado de especies de árboles, mientras que la cuenca del Amazonas puede albergar a 16.000 especies.</s>
  </p>
  <p id="9">
    <s id="21">· Las especies con rangos geográficos pequeños se concentran a menudo en las mismas zonas, pero tienden a estar en zonas distintas a aquellas donde viven las mayores cantidades de especies.</s>
  </p>
  <p id="10">
    <s id="22">Sobre la base de estos patrones, se podría predecir que la mayoría de las especies no descritas tienen rangos geográficos pequeños y que se encuentran de manera escasa dentro de los mismos – es por esta razón por la que aún no las hemos encontrado.</s>
    <s id="23">Es más, lo más probable es que se encuentran dentro de concentraciones conocidas de especies con rangos pequeños, en zonas como Centroamérica, el Caribe, el norte de los Andes, los bosques costeros de Brasil, el sur de África, Madagascar, el sudeste de Asia, Nueva Guinea, Australia Occidental, y muchas islas tropicales.</s>
    <s id="24">Dado que la mayoría de las especies vegetales que actualmente están en peligro de extinción – 20 % de las especies conocidas, y probablemente el 30 % de todas las especies – caen dentro de esta categoría, los esfuerzos para preservar la biodiversidad vegetal deben hacer hincapié en las mencionadas concentraciones de especies en rangos geográficos pequeños.</s>
  </p>
  <p id="11">
    <s id="25">El hecho de que las especies de plantas en peligro de extinción tienden a concentrarse geográficamente aumenta la importancia de los esfuerzos de conservación en esas zonas.</s>
    <s id="26">Pero también se podría facilitar el éxito al hacer posible que los formuladores de políticas se centren en áreas estrechas en vez de hábitats amplios.</s>
  </p>
  <p id="12">
    <s id="27">Con sus casi 200 miembros el Convenio sobre la Diversidad Biológica (CDB) – que encarna el consenso mundial sobre la necesidad de proteger la diversidad ecológica – tiene como objetivo hacer justamente eso.</s>
    <s id="28">El Plan Estratégico para la Biodiversidad de la CDB convoca a la protección formal de al menos el 17% de las zonas terrestres ecológicamente más importantes, mientras que la Estrategia Mundial para la Conservación de las Especies Vegetales busca proteger el 60% de las especies vegetales.</s>
    <s id="29">Teniendo en cuenta que alrededor del 67 % de las especies vegetales viven en su totalidad dentro de las zonas seleccionadas, y que un 14% adicional vive parcialmente en estas zonas, este enfoque es muy prometedor.</s>
  </p>
  <p id="13">
    <s id="30">Es más, mientras que alrededor del 13% de la superficie terrestre del planeta está protegida en la actualidad, solamente el 14 % del 17% que contiene la mayor cantidad de especies vegetales se encuentra dentro de las zonas protegidas.</s>
    <s id="31">Con el fin de mejorar las posibilidades de éxito de la CDB, los países con mayor concentración de especies únicas necesitan protecciones más sólidas.</s>
    <s id="32">Dado que muchos de estos países se encuentran en el mundo en desarrollo, la comunidad internacional debe apoyar estos esfuerzos.</s>
  </p>
  <p id="14">
    <s id="33">La situación se complica por el efecto de “Arca de Noé”: mientras que una pequeña zona en su totalidad puede albergar muchas especies, puede que no sea capaz de garantizar la sostenibilidad de las mismas a largo plazo.</s>
    <s id="34">En otras palabras, aunque la sumatoria del tamaño de todas las zonas protegidas es grande, puede que las zonas individuales no sean lo suficientemente grandes como para sostener poblaciones viables.</s>
  </p>
  <p id="15">
    <s id="35">Las interrogantes ecológicas involucradas – cuánta extensión deben proteger los países, y dónde – no son fáciles de responder, para hacerlo se requiere un conocimiento cada vez más profundo de las especies vegetales y sus hábitats.</s>
    <s id="36">Y la traducción de esas respuestas en acción exige algo que puede ser aún más difícil de conseguir: una voluntad política fuerte y sostenida.</s>
  </p>
  <SOURCE LANG="inglés" TRANSLATOR="Rocío L. Barrientos." />
</document>
