<?xml version="1.0" encoding="utf-8"?>
<document>
  <HEADLINE>
    <s id="1">¿Robotización sin imposición?</s>
  </HEADLINE>
  <p id="1">
    <s id="2">NEW HAVEN – El pasado mayo, en un proyecto de informe al Parlamento Europeo preparado por la eurodiputada Mady Delvaux de la Comisión de Asuntos Jurídicos, se presentó la idea de un impuesto a los robots.</s>
    <s id="3">El informe destaca que los robots pueden incrementar la desigualdad y señala una posible “necesidad de exigir a las empresas que informen acerca de en qué medida y proporción la robótica y la inteligencia artificial contribuyen a sus resultados económicos, a efectos de fiscalidad y del cálculo de las cotizaciones a la seguridad social”.</s>
  </p>
  <p id="2">
    <s id="4">La propuesta de Delvaux generó un rechazo casi unánime, con la notable excepción de Bill Gates, que la avaló.</s>
    <s id="5">Pero no hay que descartar la idea tan rápido.</s>
    <s id="6">Sólo el año pasado, hemos visto una proliferación de dispositivos como Google Home y Amazon Echo Dot (Alexa), que sustituyen algunos aspectos de la asistencia doméstica.</s>
    <s id="7">Asimismo, en Singapur empresas como Delphi y nuTonomy están incursionando en la provisión de taxis sin conductor.</s>
    <s id="8">Y Doordash ha comenzado a sustituir a los repartidores de comidas a domicilio con vehículos autónomos en miniatura de Starship Technologies.</s>
  </p>
  <p id="3">
    <s id="9">Si estas y otras innovaciones que reemplazan mano de obra tienen éxito, es indudable que las propuestas de cobrar impuestos a los robots serán cada vez más frecuentes, dada la problemática humana que supone la pérdida de empleo: las personas suelen identificarse íntimamente con su trabajo, para el que tal vez se prepararon por años.</s>
    <s id="10">Los optimistas señalan que siempre aparecieron empleos nuevos para los desplazados por la tecnología; pero la velocidad de la revolución robótica hace dudar de que este proceso vaya a desarrollarse en forma tan fluida.</s>
    <s id="11">Los defensores de un impuesto a los robots esperan que sirva para frenar el proceso al menos por un tiempo y generar recursos con los que financiar la adaptación (por ejemplo, programas de formación para los trabajadores desplazados).</s>
  </p>
  <p id="4">
    <s id="12">Esos programas pueden ser tan esenciales como lo es el trabajo para lo que consideramos una vida digna.</s>
    <s id="13">En su libro Rewarding Work [Trabajo gratificante], Edmund S. Phelps destaca la importancia fundamental de tener un “lugar en la sociedad: una vocación”.</s>
    <s id="14">Cuando mucha gente ya no puede hallar trabajo para mantener una familia, las consecuencias son preocupantes; y como recalca Phelps, “el funcionamiento de toda la comunidad puede verse afectado”.</s>
    <s id="15">Dicho de otro modo, la robotización entraña externalidades que justifican cierta intervención estatal.</s>
  </p>
  <p id="5">
    <s id="16">Los críticos de la idea destacan que la ambigüedad del término “robot” dificulta la definición de la base impositiva.</s>
    <s id="17">También señalan los innegables y enormes beneficios que la robótica aportará al crecimiento de la productividad.</s>
  </p>
  <p id="6">
    <s id="18">Pero no hay que apresurarse a descartar un impuesto a los robots, aunque sea uno moderado, durante la transición a un mundo laboral diferente y como parte de un plan más amplio para hacer frente a las consecuencias de la revolución robótica.</s>
  </p>
  <p id="7">
    <s id="19">Todos los impuestos, excepto los de “suma fija” (donde todos pagan lo mismo sin importar el nivel de ingresos o gastos), introducen distorsiones en la economía.</s>
    <s id="20">Pero los impuestos de suma fija no son una opción viable para ningún gobierno, porque afectan desproporcionadamente a las personas de menos ingresos y son opresivos para los pobres, para quienes quizá sean impagables.</s>
    <s id="21">Por eso los impuestos se hacen depender de alguna actividad indicadora de la capacidad de pago; y cualquiera sea esa actividad, el resultado del impuesto será desalentarla.</s>
  </p>
  <p id="8">
    <s id="22">En 1927, Frank Ramsey publicó un ya clásico artículo en el que sostiene que para minimizar las distorsiones derivadas de la imposición, es necesario gravar todas las actividades, y propone un modo de determinar las alícuotas.</s>
    <s id="23">Aunque esta teoría abstracta nunca llegó a tener aplicación plena en la realidad, es un poderoso argumento contra el supuesto de que sólo algunas pocas actividades deben pagar impuestos o que a todas hay que aplicarles el mismo tipo impositivo.</s>
  </p>
  <p id="9">
    <s id="24">A algunas actividades que crean externalidades se les aplica un tipo impositivo superior al que habría propuesto Ramsey.</s>
    <s id="25">Por ejemplo, muchos países cobran impuestos a las bebidas alcohólicas.</s>
    <s id="26">El alcoholismo es un gran problema social; destruye matrimonios, familias y vidas.</s>
    <s id="27">Entre 1920 y 1933, Estados Unidos intentó una intervención mucho más radical en el mercado: la prohibición lisa y llana de las bebidas alcohólicas.</s>
    <s id="28">Pero eliminar el consumo de alcohol resultó imposible, y el impuesto que acompañó el fin de la prohibición fue una forma más suave de desincentivarlo.</s>
  </p>
  <p id="10">
    <s id="29">En los debates en torno de un impuesto a los robots, hay que tener en cuenta qué alternativas para enfrentar el aumento de la desigualdad existen.</s>
    <s id="30">Una posibilidad natural sería un impuesto a la renta más progresivo y un “ingreso básico universal”.</s>
    <s id="31">Pero estas medidas no cuentan con amplio respaldo popular, lo que atenta contra su continuidad en el tiempo.</s>
  </p>
  <p id="11">
    <s id="32">Los impuestos a las rentas elevadas (generalmente aplicados en tiempos de guerra) terminan siendo transitorios.</s>
    <s id="33">En última instancia, la mayoría de la gente percibe que cobrar impuestos a las personas exitosas para beneficiar a las que no lo son es degradante para las segundas, y muchas veces hasta los receptores de la dádiva la rechazan.</s>
    <s id="34">Los políticos lo saben, y por eso no es común que propongan confiscar las rentas elevadas y complementar las bajas.</s>
  </p>
  <p id="12">
    <s id="35">Así que resolver la desigualdad de ingresos inducida por la robotización demanda una reformulación del marco impositivo.</s>
    <s id="36">Puede ser más aceptable políticamente (y por ende, más sostenible) cobrar impuestos a los robots en vez de hacerlo directamente a las personas de altos ingresos.</s>
    <s id="37">Y aunque no sería un impuesto al éxito individual (como sí lo es el impuesto sobre la renta), es posible que las personas de mayores ingresos paguen un poco más, si los obtienen mediante actividades que implican el reemplazo de seres humanos con robots.</s>
  </p>
  <p id="13">
    <s id="38">Parece inevitable que una política que busque encarar el aumento de la desigualdad debería incluir un impuesto moderado a los robots, incluso uno transitorio que sólo frene un poco la adopción de tecnologías disruptivas.</s>
    <s id="39">Los ingresos podrían destinarse a financiar un seguro salarial que ayude a las personas reemplazadas por la tecnología a cambiar de carrera.</s>
    <s id="40">Una medida de este tipo sería duradera, ya que se condice con nuestra idea natural de justicia.</s>
  </p>
  <SOURCE TRANSLATOR="Esteban Flamini" />
</document>
