<?xml version="1.0" encoding="utf-8"?>
<document>
  <HEADLINE>
    <s id="1">Después de la fiebre del oro</s>
  </HEADLINE>
  <p id="1">
    <s id="2">VENECIA – El aumento en los precios del oro en los últimos años –desde 800 dólares la onza a principios de 2009 hasta más de 1900 dólares a fines de 2011– presentó todas las características de una burbuja.</s>
    <s id="3">Y ahora, como todos los repentinos aumentos de precios de activos divorciados de los aspectos fundamentales de la oferta y la demanda, la burbuja del oro se está desinflando.</s>
  </p>
  <p id="2">
    <s id="4">En su punto máximo, los llamados escarabajos de oro –una combinación de inversores paranoicos y otras personas con una agenda política basada en el miedo– alegremente predecían precios para el oro de 2000, 3000 e incluso 5000 dólares en cuestión de años.</s>
    <s id="5">Pero desde entonces los precios han avanzado mayormente en dirección descendente.</s>
    <s id="6">En abril, el oro se vendía por cerca de 1300 dólares la onza –y el precio aún ronda por debajo de los 1400: una caída de casi el 30 % respecto de su máximo en 2011.</s>
  </p>
  <p id="3">
    <s id="7">Hay muchos motivos que explican por qué estalló la burbuja y los precios del oro probablemente bajen mucho más, en dirección a los 1000 dólares para 2015.</s>
  </p>
  <p id="4">
    <s id="8">En primer lugar, los precios del oro tienen a dispararse cuando hay riesgos económicos, financieros y geopolíticos graves para la economía mundial.</s>
    <s id="9">Durante la crisis financiera global, incluso la seguridad de los depósitos bancarios y de los bonos gubernamentales fue puesta en duda por algunos inversores.</s>
    <s id="10">Si usted se preocupa por el apocalipsis financiero, es metafóricamente el momento adecuado para aprovisionar su búnker con armas, municiones, comida enlatada y barras de oro.</s>
  </p>
  <p id="5">
    <s id="11">Pero incluso en ese funesto escenario, el oro puede ser una mala inversión.</s>
    <s id="12">De hecho, en el punto máximo de la crisis financiera mundial, en 2008 y 2009, los precios del oro cayeron bruscamente varias veces.</s>
    <s id="13">En una situación de extrema restricción crediticia, las compras apalancadas de oro causan ventas forzadas, porque cualquier corrección en los precios dispara demandas de cobertura suplementaria.</s>
    <s id="14">En consecuencia, el oro puede ser muy volátil –hacia arriba y hacia abajo– en los puntos máximos de una crisis.</s>
  </p>
  <p id="6">
    <s id="15">En segundo lugar, el oro muestra su mejor desempeño cuando hay riesgo de una inflación elevada, ya que su popularidad como depósito de valor aumenta.</s>
    <s id="16">Pero, a pesar de la política monetaria extremadamente agresiva de muchos bancos centrales –las sucesivas rondas de «flexibilización cuantitativa» han duplicado, o incluso triplicado, la oferta monetaria en la mayoría de las economías avanzadas– la inflación mundial es actualmente baja y está cayendo aún más.</s>
  </p>
  <p id="7">
    <s id="17">El motivo es simple: si bien la base monetaria ha aumentado vertiginosamente, la velocidad de circulación del dinero colapsó y los bancos están acaparando la liquidez como reservas excedentes.</s>
    <s id="18">El continuo desapalancamiento de la deuda privada y pública ha mantenido el crecimiento de la demanda mundial por debajo del de la oferta.</s>
  </p>
  <p id="8">
    <s id="19">Por lo tanto, las empresas tienen poco poder de fijación de precios debido a su capacidad excedente, mientras que la posibilidad de negociación de los trabajadores es limitada por el elevado desempleo.</s>
    <s id="20">Además, los sindicatos continúan debilitándose porque la globalización llevó a la producción barata de bienes intensivos en mano de obra en China y otros mercados emergentes, deprimiendo los salarios y las perspectivas de empleo de los trabajadores no calificados en las economías avanzadas.</s>
  </p>
  <p id="9">
    <s id="21">Con escasa inflación salarial, es poco probable una elevada inflación de precios.</s>
    <s id="22">En todo caso, la inflación está cayendo en todo el mundo a medida que los precios de los productos básicos ajustan a la baja en respuesta al débil crecimiento global.</s>
    <s id="23">Y el oro sigue la caída de la inflación actual y esperada.</s>
  </p>
  <p id="10">
    <s id="24">En tercer lugar, a diferencia de otros activos, el oro no proporciona ningún ingreso.</s>
    <s id="25">Mientras que las acciones tienen dividendos, los bonos tienen cupones y las viviendas generan rentas, el oro solo implica una jugada en favor de la apreciación del capital.</s>
    <s id="26">Ahora que la economía global se está recuperando, otros activos –las acciones o incluso la reactivación de los bienes raíces– proporcionan rendimientos más elevados.</s>
    <s id="27">De hecho, las acciones estadounidenses y mundiales han superado ampliamente al oro desde el fuerte aumento en el precio del ese metal a principios de 2009.</s>
  </p>
  <p id="11">
    <s id="28">En cuarto lugar, los precios del oro aumentaron bruscamente cuando las tasas de interés reales (ajustadas por inflación) se tornaron cada vez más negativas luego de sucesivas rondas de flexibilización cuantitativa.</s>
    <s id="29">El momento de comprar oro es cuando los rendimientos reales del efectivo y los bonos son negativos y caen.</s>
    <s id="30">Pero la perspectiva más positiva sobre las economías estadounidense y global implica que con el tiempo la Reserva Federal y otros bancos centrales abandonarán la flexibilización cuantitativa y las tasas de interés de intervención nulas, lo que significa que las tasas reales aumentarán en vez de caer.</s>
  </p>
  <p id="12">
    <s id="31">En quinto lugar, hay quienes argumentaron que los países altamente endeudados empujarían a los inversores hacia el oro a medida que aumente el riesgo de los bonos gubernamentales.</s>
    <s id="32">Pero actualmente está ocurriendo lo opuesto.</s>
    <s id="33">Muchos de esos gobiernos altamente endeudados cuentan con elevadas existencias de oro, que pueden decidir vender para reducir sus deudas.</s>
    <s id="34">De hecho, un informe sobre la posibilidad de que Chipre vendiera una pequeña fracción –unos 400 millones de euros (520 millones de dólares)– de sus reservas de oro disparó en abril una caída del 13 % en los precios de ese metal.</s>
    <s id="35">Países como Italia, que cuenta con enormes reservas de oro (más de $130 mil millones), podrían verse igualmente tentados y empujar aún más los precios a la baja.</s>
  </p>
  <p id="13">
    <s id="36">En sexto lugar, algunos conservadores políticos extremos, especialmente en Estados Unidos, exageraron las virtudes del oro de maneras que terminaron siendo contraproducentes.</s>
    <s id="37">Para estos extremistas de la extrema derecha, el oro es la única cobertura contra el riesgo que implica la conspiración gubernamental para expropiar la riqueza privada.</s>
    <s id="38">Estos fanáticos también creen que un regreso al patrón oro es inevitable cuando la hiperinflación siga a la «degradación» del papel moneda llevada a cabo por los bancos.</s>
    <s id="39">Pero, ante la ausencia de conspiraciones, de una reducción de la inflación, y de la incapacidad para usar el oro como moneda, esos argumentos no son sostenibles.</s>
  </p>
  <p id="14">
    <s id="40">Una moneda cumple tres funciones: proporcionar un medio de pago, funcionar como unidad de cuenta y como reserva de valor.</s>
    <s id="41">El oro puede constituir una reserva de valor para la riqueza, pero no es un medio de pago; no se puede pagar en el supermercado con él.</s>
    <s id="42">Tampoco es una unidad de cuenta; los precios de los bienes y servicios, y de los activos financieros, no están denominados en oro.</s>
  </p>
  <p id="15">
    <s id="43">Entonces, el oro se mantiene como la «reliquia bárbara» de John Maynard Keynes, sin valor intrínseco y utilizado principalmente como cobertura contra miedos y pánico en su mayor parte irracionales.</s>
    <s id="44">Sí, todos los inversores debieran contar con una muy modesta cuota de oro en sus carteras, como cobertura contra riesgos extremos de eventos excepcionales.</s>
    <s id="45">Pero otros activos reales pueden proporcionar una cobertura similar, y esos riesgos de eventos excepcionales –si bien no han sido eliminados– son ciertamente menores hoy que en el momento cumbre de la crisis financiera global.</s>
  </p>
  <p id="16">
    <s id="46">Aunque los precios del oro puedan aumentar temporalmente en los próximos años, serán muy volátiles y seguirán una tendencia menor con el tiempo, a medida que la economía global se recupere.</s>
    <s id="47">La fiebre del oro ha terminado.</s>
  </p>
  <SOURCE TRANSLATOR="Leopoldo Gurman." />
</document>
