<?xml version="1.0" encoding="utf-8"?>
<document>
  <HEADLINE>
    <s id="1">La mitad olvidada del cielo africano</s>
  </HEADLINE>
  <p id="1">
    <s id="2">NAIROBI – En Kenia, mi país natal, hay un refrán popular que dice que, cuando dos elefantes pelean, el que sufre es el pasto.</s>
    <s id="3">En ninguna otra parte eso es más evidente que en los numerosos conflictos de los que África ha sido testigo en los últimos 50 años.</s>
  </p>
  <p id="2">
    <s id="4">En la República Democrática de Congo, bandas merodeadoras que pretenden ser combatientes por la libertad, y los ejércitos del gobierno con los que pelean, durante décadas utilizaron la violación como un arma contra mujeres indefensas.</s>
    <s id="5">Tras el fin del genocidio de Ruanda, las mujeres del país fueron las que tuvieron que soportar la pesada carga de reconstruir una sociedad devastada.</s>
  </p>
  <p id="3">
    <s id="6">Sin embargo, cuando se trata de los esfuerzos por evitar este tipo de crisis, a las mujeres africanas muchas veces las dejan afuera.</s>
    <s id="7">Consideremos los actuales esfuerzos de la Unión Africana por encontrar una solución al atolladero político postelectoral en Costa de Marfil.</s>
    <s id="8">De los cinco líderes africanos elegidos en la cumbre de la UA en Addis Ababa, Etiopía, para coordinar las negociaciones, ninguno era una mujer.</s>
  </p>
  <p id="4">
    <s id="9">Lo que resulta aún más agraviante para las mujeres africanas es que la UA las ignoró para elegir en cambio hombres cuyo compromiso con la democracia y los derechos humanos pueden ser peores que los de Laurent Gbagbo, el hombre que se aferra a la presidencia de Costa de Marfil a pesar de perder las elecciones.</s>
    <s id="10">De los cinco hombres asignados para encabezar la misión para persuadir a Gbagbo de dimitir, sólo dos –Jakaya Kikwete de Tanzania y Jacob Zuma de Sudáfrica- pueden decir que llegaron al poder de manera democrática.</s>
    <s id="11">Los otros tres, Mohamed Ould Abdel Aziz de Mauritania, Idriss Déby de Chad y Blaise Compaore de Burkina Faso, se apoderaron del gobierno en golpes, algunos de ellos violentos.</s>
  </p>
  <p id="5">
    <s id="12">La ironía es mucho más profunda.</s>
    <s id="13">La UA está llena de muchos más hombres que no son más honrados que Gbagbo.</s>
    <s id="14">Meles Zenawi, anfitrión de la cumbre, ha gobernado Etiopía durante casi 20 años y no ha convencido a nadie fuera de su círculo de compinches de que las elecciones de su país fueron libres y justas.</s>
  </p>
  <p id="6">
    <s id="15">Hasta Goodluck Jonathan, de Nigeria, que lidera la Comunidad Económica de los Estados de África Occidental (ECOWAS, por su sigla en inglés) y respalda la intervención militar contra Gbagbo, no puede salir indemne de ese tipo de escrutinio.</s>
    <s id="16">Jonathan es presidente de Nigeria hoy porque Umaru Musa Yar´Ádua, su difunto predecesor, llegó al poder a través de lo que muchos consideran elecciones manipuladas.</s>
  </p>
  <p id="7">
    <s id="17">¿Y qué diría el primer ministro de Kenia, Raila Odinga, si Gbagbo le preguntara por qué –a diferencia de Alassane Ouatarra, a quien la UA reconoce como el presidente legítimo de Costa de Marfil- él aceptó un acuerdo para compartir el poder después de una elección presidencial polémica en 2007?</s>
  </p>
  <p id="8">
    <s id="18">Mientras África esté llena de estos hombres de pasado discutible, que aplican “soluciones africanas para los problemas africanos” como ellos dicen, el continente no saldrá beneficiado.</s>
    <s id="19">Sé que muchos dirían que el conjunto de mujeres africanas reconocidas se limita a la presidenta de Liberia, Ellen Johnson Sirleaf, a la Premio Nobel de la Paz Wangari Maathai, a Ngozi Okonjo-Iweala, ex ministra de Finanzas de Nigeria y actual vicepresidente del Banco Mundial, a Graça Machel, ex primera dama de Mozambique y Sudáfrica, y algunas otras.</s>
    <s id="20">Podrían tener razón, pero cualquiera de estas cuatro mujeres sería más efectiva en la mediación de conflictos en África que todos los otros presidentes de los países de la UA juntos.</s>
  </p>
  <p id="9">
    <s id="21">El problema con África es que los funcionarios de gobierno de más alto ranking no tienen las mejores soluciones.</s>
    <s id="22">En muchos casos, los funcionarios de menor rango, o incluso alguien fuera del gobierno, podrían ser más efectivos.</s>
    <s id="23">A veces lo que África necesita es más sentido común y gente que –a diferencia de los poderosos “Hombres Grandes” de África- esté dispuesta a dejar de lado su orgullo y formular preguntas simples que otros no quieren enfrentar.</s>
  </p>
  <p id="10">
    <s id="24">Una mujer en la cumbre de Addis Ababa podría haberles pedido a quienes llaman a la guerra, por ejemplo, que explicaran cómo, en vista del fracaso a la hora de controlar a milicias mal armadas de Somalia, la República Democrática de Congo, Uganda y otras partes, planeaban derrotar a Gbagbo.</s>
    <s id="25">Una mujer podría haberles recordado a quienes amenazan a Gbagbo con una guerra que cuando el conflicto empiece, los hombres llevarán la lucha a la jungla, dejando a las mujeres atrás para ocuparse de los niños.</s>
  </p>
  <p id="11">
    <s id="26">Son las mujeres las que entonces tendrán que empacar lo poco que tienen y huir a países vecinos que ya están luchando para alimentar a sus propios niños.</s>
    <s id="27">Y son las mujeres las que serán violadas, mutiladas y asesinadas como pudo ver el mundo recientemente en Abidjan, la capital de Costa de Marfil, cuando las fuerzas de Gbagbo masacraron a siete mujeres durante una protesta pacífica.</s>
  </p>
  <p id="12">
    <s id="28">Si las mujeres hubieran estado a cargo de la UA, habrían sabido que el machismo de los hombres africanos no les permite verse sacudidos por amenazas de confrontación violenta.</s>
    <s id="29">Una mujer no le habría dicho a Gbagbo “Abandona el poder o enfrenta la guerra”.</s>
    <s id="30">Más bien, Graça Machel podría haber empezado por decirle lo feliz que su marido, Nelson Mandela, ha vivido en el retiro.</s>
    <s id="31">Wangari Maathai podría haberle contado a Gbagbo sobre ex líderes africanos como Daniel arap Moi de Kenia que, a pesar de sus malos antecedentes en materia de derechos humanos cuando estaba en el gobierno, fue perdonado por haber elegido respetar la voluntad del pueblo.</s>
  </p>
  <p id="13">
    <s id="32">Como dijo Thomas Sankara, el hombre al que Compaore derrocó en 1987 para convertirse en presidente de Burkina Faso, “las mujeres llevan sobre sus espaldas la otra mitad del cielo”.</s>
    <s id="33">Desafortunadamente, los hombres de la UA nos han marginado y el cielo de Costa de Marfil está por derrumbarse nuevamente.</s>
  </p>
</document>
