<?xml version="1.0" encoding="utf-8"?>
<document>
  <HEADLINE>
    <s id="1">La trampa de la seguridad</s>
  </HEADLINE>
  <p id="1">
    <s id="2">CHICAGO – Precisamente cuando el mundo se está volviendo más integrado, la palabra “seguridad” aparece una y otra vez, como en “seguridad alimentaria” o “seguridad energética”.</s>
    <s id="3">Por lo general, se refiere a un país que crea y controla medios de producción, sea cual fuere su costo.</s>
    <s id="4">Así, hay países árabes que cultivan cereales en el sediento suelo del desierto y China adquiere parte de la propiedad de compañías petroleras en el Sudán.</s>
    <s id="5">¿Se trata de medidas económicamente sensatas?</s>
    <s id="6">Si no lo son, ¿qué debería hacer el mundo para reducir la necesidad de ellas?</s>
  </p>
  <p id="2">
    <s id="7">Comencemos por la propiedad de recursos extranjeros.</s>
    <s id="8">Podríamos pensar que un país que posee petróleo extranjero puede utilizar los beneficios de las ventas para proteger su economía de los elevados precios mundiales del petróleo, pero eso carece de sentido económico.</s>
    <s id="9">El mercado mundial asigna el precio al petróleo según el costo de oportunidad.</s>
    <s id="10">En lugar de subvencionar el precio en el mercado interno del petróleo (y brindar con ello a los fabricantes y consumidores nacionales un incentivo para utilizar demasiado petróleo), tendría mucho más sentido dejar que el precio interno se elevara como el precio internacional y distribuir entre la población los beneficios extraordinarios resultantes de los activos de petróleo extranjero.</s>
  </p>
  <p id="3">
    <s id="11">Lo principal es que las decisiones económicas fundamentales no deben verse afectadas por la propiedad de activos de petróleo extranjeros suplementarios, pero, por las presiones políticas ejercidas por pequeños, pero poderosos, grupos de intereses, los beneficios extraordinarios se dedicarán inevitablemente a subvenciones nacionales insensatas.</s>
    <s id="12">A consecuencia de ello, el país adquiridor adoptará, si acaso, decisiones económicas que distarán de ser óptimas.</s>
  </p>
  <p id="4">
    <s id="13">¿Podría la compra de recursos extranjeros propiciar una renta nacional más estable?</s>
    <s id="14">Una compra siempre parecerá beneficiosa retrospectivamente, después de que el precio del recurso haya subido, pero, si el precio del petróleo baja, los ciudadanos sufren una pérdida de renta y de riqueza (en comparación con otra inversión de los fondos).</s>
    <s id="15">Suponiendo que los activos extranjeros de petróleo tengan un precio justo en el momento de la compra, el país se beneficia sólo cuando la compra ayuda a estabilizar su renta; sin embargo, las comprar pueden aumentar la inestabilidad de los ingresos incluso en el caso de un país que dependa en gran medida del petróleo.</s>
  </p>
  <p id="5">
    <s id="16">Por ejemplo, en países grandes como los Estados Unidos o China, que representan una porción importante de la demanda mundial, es probable que el precio mundial del petróleo sea alto cuando el país esté creciendo mucho y los ciudadanos tengan grandes ingresos, y bajo, cuando el país tenga resultados deficientes.</s>
    <s id="17">Los activos extranjeros de petróleo no son una buena protección en esos casos, pues substraen renta de los ciudadanos, cuando ya es baja, y la añaden, cuando es elevada.</s>
  </p>
  <p id="6">
    <s id="18">Aun cuando la propiedad de activos de petróleo sea una protección útil (como en un país pequeño y consumidor de petróleo), no está claro que la compra de participaciones en empresas opacas de países extranjeros sea la mejor estrategia.</s>
    <s id="19">Es probable que los derechos de propiedad de activos extranjeros de petróleo de un país diminuyan cuando suba el precio del petróleo.</s>
    <s id="20">Aun cuando la empresa extranjera no empiece a exprimir a sus propietarios minoritarios, su gobierno sentirá la tentación de expropiar a los propietarios extranjeros mediante impuestos sobre ingresos extraordinarios (si el gobierno es muy avanzado) o la nacionalización (si no lo es), en particular si sus votantes, con la ventaja de la experiencia retrospectiva y la incitación populista, tienen la sensación de que se vendieron los activos a un precio demasiado barato.</s>
  </p>
  <p id="7">
    <s id="21">Pero tal vez lo que los países teman de verdad no sean tanto los precios elevados cuanto un desplome total del mercado y la caída en un mundo propio de Mad Max en el que el petróleo sea escaso, ningún país estará dispuesto a permitir el comercio del petróleo que produzca y no habrá un precio compensador en el mercado mundial.</s>
    <s id="22">Si se diera semejante situación, lo más probable es que la propiedad de activos de petróleo en el extranjero resultara inútil, pues todos los países podrían utilizar sólo el petróleo producido dentro de sus fronteras políticas (o dentro de fronteras cercanas que se pudiesen invadir).</s>
  </p>
  <p id="8">
    <s id="23">En esa clase de mundo es en el que un comportamiento aparentemente absurdo como cultivar cereales en el desierto para garantizar la seguridad alimentaria empieza a tener sentido.</s>
    <s id="24">Es necesario explorar opciones susbstitutivas, incluidas la utilización más eficiente, la diversificación en substitutos más fácilmente accesibles y la reducción del consumo total (aunque en todos esos casos resulta más fácil afrontar la escasez energética que la escasez alimentaria).</s>
  </p>
  <p id="9">
    <s id="25">Además, incluso en un mundo tan sombrío resulta difícil imaginar que el mercado se derrumbe completamente o durante mucho tiempo.</s>
    <s id="26">De hecho, podemos imaginar que los agentes del mercado negro y los contrabandistas comprarían donde hubiera cereales y los transportarían para venderlos donde no los hubiese.</s>
    <s id="27">A no ser que los gobiernos construyeran barreras infranqueables en torno a sus países –y los costos serían probablemente prohibitivos–, se restablecería un mercado mundial implícito.</s>
  </p>
  <p id="10">
    <s id="28">No obstante, es comprensible que muchos países adopten decisiones para situar la producción localmente y protegerla contra el comercio extranjero, por miedo a que se derrumbe el mercado por la guerra, sanciones comerciales o simplemente decisiones cortas de miras adoptadas por gobiernos extranjeros para proteger a sus propias poblaciones contra los aumentos de precios.</s>
    <s id="29">Paradójicamente, una vez que un país garantiza su seguridad, tiene menos incentivos para evitar el derrumbe del mercado que provoca la búsqueda inicial de la seguridad.</s>
  </p>
  <p id="11">
    <s id="30">Un acuerdo internacional para velar por que los países no prohíban las exportaciones, en particular de productos indispensables, excepto en circunstancias internas graves y (verificablemente) adversas, contribuiría a reducir el miedo a un derrumbe del mercado.</s>
    <s id="31">Asimismo, la creación de reservas internacionales de recursos estratégicos en territorio neutral y con una gestión neutral contribuiría a aliviar la preocupación por las perturbaciones políticamente motivadas.</s>
  </p>
  <p id="12">
    <s id="32">Lamentablemente, todo eso requiere unos sólidos consenso, cooperación y buena voluntad políticos internacionales, todos los cuales escasean actualmente.</s>
    <s id="33">Mientras no contemos con la voluntad colectiva, la tendencia a la seguridad económica nacional seguirá propiciando la inseguridad colectiva.</s>
  </p>
</document>
