<?xml version="1.0" encoding="utf-8"?>
<document>
  <HEADLINE>
    <s id="1">La dura experiencia de Pío XII</s>
  </HEADLINE>
  <p id="1">
    <s id="2">ROMA – Una vez más, la reputación del papa Pío XII está bajo escrutinio y es blanco de ataques.</s>
    <s id="3">De hecho, tan indagatorios son los interrogantes y tan encendidas las discusiones sobre el pontífice de la Iglesia Católica Romana durante la Segunda Guerra Mundial que el Papa actual, Benedicto XVI, recientemente anunció que tal vez posponga la beatificación de Pío hasta que se abran y examinen los archivos del Vaticano para los años de guerra.</s>
  </p>
  <p id="2">
    <s id="4">¿Por qué Pío XII es acusado con tanta frecuencia de haber sido casi un cómplice de la Alemania nazi cuando, durante su papado, la Iglesia Católica en Roma protegió y escondió a miles de judíos?</s>
    <s id="5">Esta es una de las preguntas históricas más complejas de nuestros tiempos.</s>
  </p>
  <p id="3">
    <s id="6">Durante varios años después del fin de la Segunda Guerra Mundial, Pío XII gozó de una gran popularidad, incluso dentro de la comunidad judía.</s>
    <s id="7">La corriente cambió durante los años 1960, siendo la obra de Rolf Hochhuth The Deputy el punto de partida para el cuestionamiento encendido de la reputación de Pío.</s>
  </p>
  <p id="4">
    <s id="8">Ahora bien, para entender cómo empezó a cuestionarse la reputación de Pío, debemos analizar la obra de Hochhuth dentro del contexto de las grandes insurrecciones sociales y culturales de los años 1960.</s>
    <s id="9">La izquierda alemana quería modificar la interpretación de la historia alemana que fue el cimiento para la Alemania occidental democrática y capitalista creada por el canciller Konrad Adenauer.</s>
    <s id="10">Esa interpretación consideraba los horrores del nacionalsocialismo de Hitler como una consecuencia de la abjuración de Alemania.</s>
  </p>
  <p id="5">
    <s id="11">En los años 1920 y 1930, la cultura y los valores cristianos tradicionales de Alemania habían colapsado bajo el ataque de dos ideologías ateas: el comunismo y el nazismo.</s>
    <s id="12">Ambos destruyeron la República de Weimar, al actuar como una especie de mellizos malvados que se odiaban mutuamente, pero que compartían un odio común: la cristiandad y la democracia.</s>
  </p>
  <p id="6">
    <s id="13">La nueva interpretación que vino de la mano del movimiento juvenil alemán radicalizado de 1968 sostenía que la era de Hitler no fue un quiebre tajante con la historia alemana, sino más bien una continuación de ella.</s>
    <s id="14">La única dirección para la cultura alemana que no llevaba al abismo espiritual del nazismo -según esta nueva interpretación radical- era el marxismo.</s>
    <s id="15">No el marxismo fosilizado de la República Democrática Alemana, por supuesto, sino el nuevo marxismo ampquot;críticoampquot; asociado con figuras como Herbert Marcuse.</s>
  </p>
  <p id="7">
    <s id="16">Dada la distorsión de la realidad que reside detrás de esta visión, es fácil entender por qué sus defensores llegaron a considerar a Pío XII como un aliado de Hitler.</s>
    <s id="17">Por cierto, sobre esta misma base, Adenauer podía ser considerado (y de hecho lo era) un nacionalsocialista.</s>
  </p>
  <p id="8">
    <s id="18">Es cierto, Pío XII no condenó al nazismo durante la guerra.</s>
    <s id="19">Pero su antecesor, el Papa Pío XI ya lo había hecho, en la Encíclica Mit Brennender Sorge (ampquot;Con viva preocupaciónampquot;).</s>
    <s id="20">Pío XI también había condenado al comunismo, en la Encíclica Divini Redemptoris .</s>
    <s id="21">De manera que las enseñanzas de la Iglesia sobre los males del nazismo eran transparentes para todos.</s>
  </p>
  <p id="9">
    <s id="22">Ahora bien, ¿por qué Pío XII no reiteró esta condena del nacionalsocialismo durante la guerra?</s>
    <s id="23">Para responder esta pregunta, necesitamos analizar la situación a través de los ojos del hombre que lideraba la Iglesia Católica durante esos años.</s>
    <s id="24">Es una visión muy diferente de la nuestra.</s>
  </p>
  <p id="10">
    <s id="25">Para un observador neutral en los años 1940, la guerra era principalmente una guerra de nazismo versus comunismo.</s>
    <s id="26">Europa era el premio.</s>
    <s id="27">Las democracias occidentales, como reconocen hoy la mayoría de los historiadores, desempeñaban un papel relativamente menor en la gran lucha militar.</s>
    <s id="28">El Papa creía que podía condenar a ambas potencias totalitarias o no condenar a ninguna de ellas.</s>
    <s id="29">Pero toda condena del comunismo por parte de Pío habría sido explotada por la propaganda nazi para respaldar el esfuerzo bélico de Hitler.</s>
    <s id="30">Y una condena del nazismo podría haber sido malinterpretada como un ataque no contra el nazismo, sino contra Alemania en su lucha de vida o muerte contra el régimen comunista de Stalin.</s>
  </p>
  <p id="11">
    <s id="31">Muy pocos en el Vaticano -de hecho, en Europa en general- tenían un conocimiento real en esos días del vasto poderío industrial de Estados Unidos.</s>
    <s id="32">E incluso quienes sí conocían algo sobre el poder norteamericano, dudaban de que los norteamericanos aceptaran los peligros y el gasto que implicaba defender a Europa del comunismo después de que la Alemania nazi fuera derrotada.</s>
    <s id="33">Nadie podía imaginar que la invención de la bomba atómica le daría a Estados Unidos una ventaja militar tan extraordinaria como para que defender a Europa se volviera posible y aceptable para el pueblo norteamericano.</s>
  </p>
  <p id="12">
    <s id="34">Pío XII era un Papa, no un profeta.</s>
    <s id="35">No sabía nada de todo esto y razonablemente no podría haberlo sabido.</s>
  </p>
  <p id="13">
    <s id="36">Entonces, ¿cuál era la visión del Papa durante los años de la guerra?</s>
    <s id="37">A pesar de ser un germanófilo de larga data, Pío XII era antinazi.</s>
    <s id="38">Esperaba que Alemania pudiera separarse del nazismo, que se pudiera destruir el nazismo sin destruir a Alemania, preservando así a la gran nación como un bastión contra la Unión Soviética.</s>
  </p>
  <p id="14">
    <s id="39">Esta era exactamente la visión que tenían los patriotas alemanes que participaron en la conspiración para asesinar a Hitler el 20 de julio de 1944.</s>
    <s id="40">La mayoría de ellos pagó con sus vidas y hoy se les rinde honores en Occidente por su coraje y sus principios.</s>
    <s id="41">Sin embargo, a Pío se lo condena de forma ritual.</s>
  </p>
  <p id="15">
    <s id="42">La Alemania de Klaus von Stauffenberg, no de Hitler, era la Alemania que amaba Pío XII.</s>
    <s id="43">De hecho, los diplomáticos papales no sólo estaban al tanto del complot contra Hitler, sino que intentaron mediar entre los conspiradores y las potencias aliadas.</s>
  </p>
  <p id="16">
    <s id="44">La esperanza de quebrar el poder nazi preservando al mismo tiempo a Alemania del destino de la destrucción total, y el derramamiento de sangre que la aguardaba en los últimos meses de la guerra, era una esperanza noble, incluso si al final demostró ser poco realista.</s>
    <s id="45">Si Pío pecó al albergar esta esperanza, el suyo fue un pecado noble.</s>
  </p>
</document>
