<?xml version="1.0" encoding="utf-8"?>
<document>
  <HEADLINE>
    <s id="1">Las duras enseñanzas de 2009</s>
  </HEADLINE>
  <p id="1">
    <s id="2">NUEVA YORK – Lo mejor que se puede decir de 2009 es que podría haber sido peor, que nos retiramos del precipicio del que parecíamos colgados a finales de 2008 y que 2010 será casi con toda seguridad mejor para la mayoría de los países de todo el mundo.</s>
    <s id="3">El mundo ha aprendido también algunas enseñanzas valiosas, aunque con un gran costo para la prosperidad actual y futura y que fue innecesariamente elevado, en vista de que ya deberíamos haberlas aprendido.</s>
  </p>
  <p id="2">
    <s id="4">La primera enseñanza es la de que los mercados no son autocorrectores.</s>
    <s id="5">De hecho, sin una regulación adecuada, son propensos al exceso.</s>
    <s id="6">En 2009, volvemos a entender por qué la mano invisible de Adam Smith lo parece con tanta frecuencia: es que no está.</s>
    <s id="7">La búsqueda por parte de los banqueros de su propio interés (codicia) no dio como resultado el bienestar de la sociedad; ni siquiera prestó buenos servicios a los accionistas y a los titulares de bonos.</s>
    <s id="8">Desde luego, no los prestó a los propietarios de viviendas que las están perdiendo, a los trabajadores que han perdido sus empleos, a los jubilados que han visto como se esfumaban sus fondos para la jubilación ni a los contribuyentes que han pagado centenares de miles de millones para rescatar a los bancos.</s>
  </p>
  <p id="3">
    <s id="9">Bajo la amenaza de desplome de todo el sistema, la red de seguridad, destinada a ayudar a las personas desafortunadas a satisfacer los imperativos de la vida, se hizo generosamente extensiva a los bancos comerciales, después a los bancos de inversión, a las empresas de seguros, a las empresas automovilísticas e incluso a las empresas que conceden préstamos para la compra de automóviles.</s>
    <s id="10">Nunca se había transferido tanto dinero de tantos para tan pocos.</s>
  </p>
  <p id="4">
    <s id="11">Estamos acostumbrados a concebir la transferencia de dinero gubernamental de los acomodados a los pobres.</s>
    <s id="12">En este caso han sido los pobres y las clases medias quienes han transferido dinero a los ricos.</s>
    <s id="13">Contribuyentes ya agobiados por una pesada carga vieron que su dinero, destinado a ayudar a los bancos a prestar para que se recuperara la economía, iba a pagar primas y dividendos hinchados.</s>
    <s id="14">Los dividendos deben ser una participación en los beneficios: en este caso han sido simplemente una participación en la magnanimidad gubernamental.</s>
  </p>
  <p id="5">
    <s id="15">La justificación fue la de que el rescate de los bancos, por desordenado que fuera, permitiría la reanudación de los préstamos.</s>
    <s id="16">No ha sido así.</s>
    <s id="17">Lo único que ha sucedido ha sido que los contribuyentes medios han dado dinero a las propias entidades que habían estado afanándoselo durante años mediante préstamos depredadores, tipos de interés usureros de las tarjetas de crédito y comisiones no transparentes.</s>
  </p>
  <p id="6">
    <s id="18">El rescate puso al descubierto una profunda hipocresía en derredor.</s>
    <s id="19">Quienes habían predicado la contención fiscal cuando se trataba de programas de protección social para los pobres ahora clamaban por el mayor programa de protección social del mundo.</s>
    <s id="20">Quienes se habían pronunciado a favor de la virtud de la “transparencia” del mercado libre acabaron creando sistemas financieros tan opacos, que los bancos no se aclaraban con sus propios balances.</s>
    <s id="21">Y después se indujo también al Gobierno a que cayera en formas cada vez menos transparentes de rescate para ocultar su magnanimidad con los bancos.</s>
    <s id="22">Quienes habían sostenido la necesidad de “rendición de cuentas” y “responsabilidad” ahora intentaban conseguir la cancelación de las deudas al sector financiero.</s>
  </p>
  <p id="7">
    <s id="23">La segunda enseñanza importante permite entender por qué los mercados con frecuencia no funcionan como deberían.</s>
    <s id="24">Hay muchas razones para los fallos de los mercados.</s>
    <s id="25">En este caso, las “entidades demasiado grandes para caer” tenían incentivos perversos: si especulaban y les salía bien, se llevaban los beneficios; si perdían, pagaría el contribuyente.</s>
    <s id="26">Además, cuando la información es imperfecta, los mercados con frecuencia no funcionan bien... y las informaciones imperfectas son fundamentales en las finanzas.</s>
    <s id="27">Las externalidades son omnipresentes: la quiebra de un banco ha impuesto costos a otros y las quiebras del sistema financiero han impuesto costos a los contribuyentes y a los trabajadores de todo el mundo.</s>
  </p>
  <p id="8">
    <s id="28">La tercera enseñanza es la de que las políticas keynesianas sí que funcionan.</s>
    <s id="29">Los países, como Australia, que aplicaron en seguida grandes planes de estímulo bien concebidos salieron antes de la crisis.</s>
    <s id="30">Otros países sucumbieron a la vieja ortodoxia impuesta por los brujos financieros que nos metieron en este lío.</s>
  </p>
  <p id="9">
    <s id="31">Siempre que una economía entra en recesión, aparecen déficits, pues los ingresos fiscales se reducen antes que los gastos.</s>
    <s id="32">La vieja ortodoxia sostenía que había que reducir el déficit –subir los impuestos o reducir los gastos– para “restablecer la confianza”, pero esas políticas casi siempre reducían la demanda agregada, conducían la economía a un contracción más profunda y socavaban aún más la confianza: el ejemplo más reciente fue cuando el Fondo Monetario Internacional insistió en su aplicación en el Asia oriental en el decenio de 1990.</s>
  </p>
  <p id="10">
    <s id="33">La cuarta enseñanza es la de que la política monetaria consiste en algo más que en luchar contra la inflación.</s>
    <s id="34">Una insistencia excesiva en la inflación hizo que algunos bancos centrales pasaran por alto lo que estaba sucediendo a sus mercados financieros.</s>
    <s id="35">Los costos de una inflación suave son minúsculos en comparación con los que se imponen a las economías cuando los bancos centrales permiten que las burbujas de activos sigan descontroladas.</s>
  </p>
  <p id="11">
    <s id="36">La quinta enseñanza es la de que no todas las innovaciones propician una economía más eficiente y productiva... y menos aún una sociedad mejor.</s>
    <s id="37">Los incentivos privados cuentan y, si no están bien alineados con los réditos sociales, el resultado puede ser una asunción de excesivo riesgo, un comportamiento caracterizado por una excesiva estrechez de miras y una innovación distorsionada.</s>
    <s id="38">Por ejemplo, mientras que los beneficios de muchas de las innovaciones de la ingeniería financiera de los últimos años resultan difíciles de demostrar, y más aun de cifrar, los costos asociados con ellas –tanto económicos como sociales– son patentes y enormes.</s>
  </p>
  <p id="12">
    <s id="39">De hecho, la ingeniería financiera no ha creado productos que ayudaran a los ciudadanos corrientes a gestionar el simple riesgo de la propiedad de su vivienda... con la consecuencia de que millones de ellos la han perdido y es probable que otros millones más la pierdan también.</s>
    <s id="40">En cambio, la innovación fue encaminada a perfeccionar la explotación de los menos instruidos y a conculcar los reglamentos y las normas de contabilidad concebidas para volver más eficientes y estables los mercados.</s>
    <s id="41">A consecuencia de ello, los mercados financieros, que deben gestionar el riesgo y asignar el capital de forma eficiente, crearon riesgo e hicieron asignaciones disparatadas.</s>
  </p>
  <p id="13">
    <s id="42">Pronto sabremos si hemos aprendido las enseñanzas de esta crisis algo mejor de lo que deberíamos haber aprendido las mismas que se desprendían de crisis anteriores.</s>
    <s id="43">Lamentablemente, a no ser que los Estados Unidos y otros países industriales avanzados logren avances mucho mayores en materia de reformas del sector financiero en 2010, podríamos afrontar otra oportunidad de aprenderlas.</s>
  </p>
</document>
