<?xml version="1.0" encoding="utf-8"?>
<document>
  <HEADLINE>
    <s id="1">El sesgo pro rescates</s>
  </HEADLINE>
  <p id="1">
    <s id="2">VARSOVIA -- El debate, al parecer interminable, sobre los problemas fiscales de la zona del euro se ha centrado excesivamente en los rescates oficiales, en particular la propuesta de que el Banco Central Europeo compre bonos estatales en gran escala.</s>
    <s id="3">De hecho, se nos advierte casi diariamente –por el Fondo Monetario Internacional y otros– que, si no se aumentan al máximo las medidas de rescate, el euro perecerá.</s>
  </p>
  <p id="2">
    <s id="4">Para algunos, esa posición refleja los beneficios que obtendrían de esas compras; para otros, refleja creencias erróneas.</s>
    <s id="5">Evidentemente, los acreedores apoyan el rescate de los países deudores para protegerse.</s>
    <s id="6">Muchos dirigentes políticos acogen también con beneplácito los préstamos oficiales para contrarrestar la crisis, que pueden aliviar la presión ejercida por los mercados sobre ellos.</s>
    <s id="7">Entretanto, los medios de comunicación siempre aprovechan para desempeñar el papel de portadores de malas noticias.</s>
  </p>
  <p id="3">
    <s id="8">Por otra parte, las creencias equivocadas se reflejan en metáforas como “contagio” y “efecto dominó”, que dan a entender que los mercados financieros se vuelven ciegos y virulentos y pierden la capacidad de distinguir, cuando están preocupados.</s>
    <s id="9">Semejantes términos infunden miedo a que, una vez que se pierde la confianza en un país, todos los demás están en peligro.</s>
  </p>
  <p id="4">
    <s id="10">De esa lógica se sigue que sólo una formidable capacidad de compensación –como, por ejemplo, una intervención oficial en gran escala– puede detener la dinámica voraz de los mercados financieros.</s>
    <s id="11">El uso generalizado de expresiones como “apuntar con un bazuka a la zona del euro” u “o ellos o nosotros”, demuestra una omnipresente concepción maniquea del comportamiento de los mercados financieros para con los gobiernos.</s>
  </p>
  <p id="5">
    <s id="12">Pero los mercados financieros, aun cuando están agitados, no están ciegos.</s>
    <s id="13">Saben distinguir, aun imperfecta y tardíamente, entre las condiciones macroeconómicas de los diversos países.</s>
    <s id="14">Ésa es la razón por la que las diferencias entre los tipos de interés dentro de la zona del euro han ido aumentando, con lo que Alemania y los países nórdicos se han beneficiado de unos costos menores de endeudamiento y los países “problemáticos” se han visto castigados por una prima de gran riesgo.</s>
  </p>
  <p id="6">
    <s id="15">Otra falacia relacionada con las anteriores es la de dar por sentado que las reformas sólo pueden cosechar beneficios a largo plazo.</s>
    <s id="16">Esa idea errónea reduce la solución a corto plazo a la aplicación de rescates a unos costos muy superiores de endeudamiento para los gobiernos afectados.</s>
    <s id="17">En realidad, las reformas adecuadamente estructuradas tienen efectos tanto a corto como a largo plazo.</s>
  </p>
  <p id="7">
    <s id="18">Por ejemplo, no hace falta esperar a la consumación de una reforma de las pensiones para que se reduzcan los réditos de los bonos estatales.</s>
    <s id="19">Los mercados reaccionan ante los anuncios creíbles de reformas, como también ante su aplicación.</s>
  </p>
  <p id="8">
    <s id="20">Los países que se han visto gravemente afectados por la crisis financiera ilustran las repercusiones de las reformas.</s>
    <s id="21">Un grupo –Bulgaria, Estonia, Letonia y Lituania (BELL)– experimentó un pronunciado aumento de los réditos de sus bonos estatales en 2009, seguido de un pronunciado descenso.</s>
    <s id="22">Otro grupo –Portugal, Irlanda, Italia, Grecia y España (PIIGS)– ha tenido resultados más diversos: los réditos de los bonos griegos y portugueses han aumentado marcadamente, mientras que los de Irlanda han estado bajando hasta época reciente.</s>
  </p>
  <p id="9">
    <s id="23">Se pueden explicar esa diferencias en gran medida por las variaciones en el alcance y la estructura de las reformas de esos países.</s>
    <s id="24">Unas reformas adecuadas pueden inspirar confianza e impulsar el crecimiento.</s>
    <s id="25">Los préstamos oficiales para contrarrestar la crisis pueden brindar tiempo para prepararse y pueden contribuir a detener una crisis en el sector bancario, pero no pueden substituir a la reforma.</s>
  </p>
  <p id="10">
    <s id="26">Todos los rescates pueden propiciar un riesgo moral, porque debilitan el incentivo para aplicar las reformas que evitarán malos resultados en el futuro.</s>
    <s id="27">Hasta cierto punto, los préstamos oficiales para contrarrestar la crisis substituyen la presión de los mercados financieros por la presión de los expertos y los políticos de los países acreedores.</s>
  </p>
  <p id="11">
    <s id="28">Entre los rescates propuestos en la zona del euro, ninguno ha atraído la atención tanto como la idea de que el BCE debe comprar cantidades enormes de bonos de los países problemáticos.</s>
    <s id="29">Los partidarios de ese planeamiento amplían el concepto de “prestador en última instancia” para indicar que facilitar liquidez a los bancos comerciales es lo mismo que financiar a los Estados.</s>
    <s id="30">También presentan la opción substitutiva de un rescate como una “catástrofe”.</s>
    <s id="31">Por último, citan políticas similares aplicadas por la Reserva Federal de los Estados Unidos, el Banco de Inglaterra y el Banco del Japón, como si la simple mención de ejemplos pasados fuera una prueba de que los préstamos del BCE darán resultado.</s>
  </p>
  <p id="12">
    <s id="32">Esos recursos retóricos no deben eclipsar el análisis detenido de las diversas opciones.</s>
    <s id="33">Resulta sorprendente que haya habido pocos análisis comparativos de los efectos de la relajación cuantitativa en el Japón, los Estados Unidos y Gran Bretaña.</s>
    <s id="34">Sin embargo, las pruebas de que disponemos indican que la relajación cuantitativa no es gratuita.</s>
    <s id="35">Aunque puede ofrecer posibles beneficios a corto plazo, los costos y los riesgos surgen invariablemente más adelante.</s>
  </p>
  <p id="13">
    <s id="36">En el Japón, la relajación cuantitativa puede haber contribuido a los retrasos en la reforma y la reestructuración económicas, con lo que ha debilitado el crecimiento económico a largo plazo y ha exacerbado las dificultades fiscales.</s>
    <s id="37">En los EE.UU., no logró evitar la desaceleración en el período 2008-2011, mientras que las cifras relativas a la inflación de los EE.UU. en 2011 pueden resultar mayores que en 2007.</s>
    <s id="38">En Gran Bretaña, el crecimiento económico es aún más lento, mientras que la inflación es mucho mayor.</s>
    <s id="39">Y la relajación cuantitativa en esos países ha impulsado burbujas de activos en la economía mundial.</s>
  </p>
  <p id="14">
    <s id="40">Las compras en gran escala de bonos estatales por parte del BCE serían el peor tipo de rescate.</s>
    <s id="41">El hecho de que semejantes compras sean potencialmente ilimitadas exacerbaría el problema del riesgo moral.</s>
    <s id="42">Además, aumentaría el riesgo de inflación, junto con otras consecuencias negativas.</s>
  </p>
  <p id="15">
    <s id="43">Además, semejante rescate podría socavar la fiabilidad del BCE como guardián de la estabilidad del euro, en particular a la luz del nuevo poder político que obtendría, y socavaría aún más el Estado de derecho en la UE en un momento en el que la confianza en los tratados rectores de la Unión ya es frágil.</s>
  </p>
  <p id="16">
    <s id="44">La clave para resolver la crisis de la zona del euro estriba en reformas apropiadamente estructurada en los países debilitados.</s>
    <s id="45">De hecho, la experiencia muestra que no hay otro substituto,</s>
  </p>
</document>
