<?xml version="1.0" encoding="utf-8"?>
<document>
  <HEADLINE>
    <s id="1">El crecimiento "correcto" para Africa</s>
  </HEADLINE>
  <p id="1">
    <s id="2">Africa tiene el mayor nivel de pobreza en el mundo y es una de las dos regiones donde la pobreza no ha disminuido en los últimos veinte años.</s>
    <s id="3">Como lo muestra el Informe económico sobre Africa 2005 que está por publicar la Comisión Económica para Africa de las Naciones Unidas, la proporción de pobres -aquéllos que viven con menos de un dólar al día- se redujo a la mitad entre 1980 y 2003 a nivel global, de un 40% a un 20%.</s>
    <s id="4">Pero en Africa, el número de pobres se incrementó ligeramente de un 45% a un 46%.</s>
    <s id="5">La tasa de pobreza en Africa en 2003 excedió la de la siguiente región más pobre, el sur de Asia, por 17 puntos porcentuales.</s>
  </p>
  <p id="2">
    <s id="6">Reconociendo el vínculo entre el crecimiento económico y la reducción de la pobreza, quienes fijaron los Objetivos de Desarrollo del Milenio de las Naciones Unidas (ODM) estimaron que para reducir a la mitad la pobreza en Africa hacia 2015 se requiere que los países alcancen una tasa mínima promedio de crecimiento del 7% anual.</s>
    <s id="7">El que los países africanos vayan a alcanzar o no este objetivo es una pregunta abierta.</s>
  </p>
  <p id="3">
    <s id="8">Desde mediados de la década de 1990, las economías africanas han registrado tasas de crecimiento más altas que las de la media mundial.</s>
    <s id="9">De acuerdo con el Banco Mundial, la tasa de crecimiento promedio para el período de 1996-2002 en Africa fue de alrededor de 3.6% comparado con el promedio mundial de 2.7%.</s>
    <s id="10">En 2004, el crecimiento en Africa promedió 5.1%, el más rápido en ocho años.</s>
    <s id="11">Las tasas de crecimiento para este año y para 2006 se estiman en un 4.7% y 5.2%, respectivamente.</s>
  </p>
  <p id="4">
    <s id="12">Estas cifras promedio ocultan las marcadas diferencias entre los países.</s>
    <s id="13">En 2004, por ejemplo, el crecimiento anual de Chad de 39.4% contrastó agudamente con la contracción económica del 6.8% de Zimbabwe.</s>
    <s id="14">No obstante, no hay duda de que las economías africanas en conjunto se han recuperado de los años oscuros de la década de 1980.</s>
    <s id="15">Así, la gran pregunta es ¿por qué el crecimiento no se ha traducido en reducción de la pobreza?</s>
  </p>
  <p id="5">
    <s id="16">Una razón es que las tasas recientes de crecimiento, si bien altas de acuerdo con estándares internacionales, siguen siendo muy bajas para tener un impacto sustancial sobre la pobreza.</s>
    <s id="17">Las condiciones iniciales son tan bajas que sólo con niveles de crecimiento altos y sostenidos se puede tener un impacto visible en la reducción de la pobreza.</s>
    <s id="18">En ningún año ha alcanzado Africa como continente el 7% de crecimiento promedio requerido por los ODM.</s>
  </p>
  <p id="6">
    <s id="19">Consideremos Etiopía.</s>
    <s id="20">Con su PIB per capita de aproximadamente 100 dólares, una tasa de crecimiento de 7% significa que un etíope común aumentaría su ingreso 7 dólares al año (si es que este ingreso adicional se distribuye uniformemente).</s>
    <s id="21">Pero si esta tasa de crecimiento se sostuviera por un período de sólo diez años, el ingreso per capita se duplicaría, lo que acentúa la necesidad de tasas de crecimiento altas y sostenidas .</s>
  </p>
  <p id="7">
    <s id="22">Muy pocos países en Africa han tenido tasas de crecimiento consistentes con el umbral de los ODM.</s>
    <s id="23">En 2004, sólo seis países -Chad, Guinea Ecuatorial, Liberia, Etiopía, Angola y Mozambique- tuvieron tasas anuales superiores al 7%.</s>
    <s id="24">Y en los últimos cinco años, sólo cuatro países mantuvieron un crecimiento de 7% o más.</s>
  </p>
  <p id="8">
    <s id="25">Además, la mayor parte del crecimiento observado se produjo por el capital más que por los sectores intensivos en mano de obra.</s>
    <s id="26">Si el fruto del crecimiento económico llega a los pobres a través de la creación de empleo, el crecimiento en los sectores intensivos en capital tiene un efecto limitado en la reducción de la pobreza.</s>
  </p>
  <p id="9">
    <s id="27">En efecto, el reciente crecimiento en Africa parece haber estado estimulado por el aumento en las exportaciones de petróleo y los altos precios del hidrocarburo.</s>
    <s id="28">En 2004, ocho de los diez países con mejor desempeño fueron o exportadores de petróleo o economías que salían de un conflicto, y el alto crecimiento económico de estos últimos se explica, en gran parte, por el bajo período de base a lo largo del cual se mide el crecimiento.</s>
  </p>
  <p id="10">
    <s id="29">El crecimiento económico reduce la pobreza sólo si beneficia a los pobres y el efecto del crecimiento en la reducción de la pobreza es una función del patrón de la distribución del ingreso en un país.</s>
    <s id="30">Africa como continente tiene la segunda concentración más alta de la distribución del ingreso.</s>
    <s id="31">Esto sugiere que la nueva riqueza que se generó en los últimos diez años ha beneficiado principalmente a los ricos.</s>
  </p>
  <p id="11">
    <s id="32">Para ayudar a reducir su pobreza, Africa debe esforzarse por aumentar aún más sus tasas de crecimiento y sostenerlas por un período largo.</s>
    <s id="33">Además, debe de haber un mayor equilibrio entre las actividades intensivas en capital y las que lo son en mano de obra.</s>
    <s id="34">Pero impulsar las industrias intensivas en mano de obra que crean empleos para los pobres no debe hacerse a expensas de las industrias intensivas en capital.</s>
  </p>
  <p id="12">
    <s id="35">Finalmente, la distribución del ingreso en Africa debe de ser más equitativa.</s>
    <s id="36">Esto es difícil dado que la distribución asimétrica del ingreso es generalmente legado de la historia de un país.</s>
    <s id="37">Pero no es imposible, particularmente para aquellos países africanos que lograron modernizar sus instituciones políticas.</s>
  </p>
</document>
