<?xml version="1.0" encoding="utf-8"?>
<document>
  <HEADLINE>
    <s id="1">La PC cumple 25 años</s>
  </HEADLINE>
  <p id="1">
    <s id="2">En agosto de 1981, IBM lanzó la computadora personal 5150.</s>
    <s id="3">No era realmente la primera computadora personal, pero terminó siendo “La Computadora Personal”, y revolucionó no sólo los negocios, sino la manera como la gente miraba el mundo.</s>
  </p>
  <p id="2">
    <s id="4">La PC de 1981 significó una ruptura con respecto al modelo de negocios previo de IBM, según el cual no vendía ordenadores, sino que los alquilaba.</s>
    <s id="5">Con la 5150, IBM pasó a la producción en masa de un producto estandarizado, utilizando componentes producidos por otras compañías.</s>
    <s id="6">“Big Blue” (como se conoce a IBM) permitió que otras compañías desarrollaran su software (siendo la más conocida de ellas una incipiente Microsoft.)</s>
  </p>
  <p id="3">
    <s id="7">Ninguna buena acción queda sin castigo: al crear la PC, IBM prácticamente se destruyó como compañía.</s>
    <s id="8">Su innovación dio pie al surgimiento de una enorme cantidad de compañías nuevas y dinámicas, obligándola a reinventarse completamente para ser capaz de competir con ellas, en lo que es apenas un ejemplo de los efectos sociales transformadores de la PC.</s>
  </p>
  <p id="4">
    <s id="9">Antes de 1981, los visionarios que pensaban acerca de los efectos de la tecnología sobre la sociedad creían que los ordenadores producirían una centralización del conocimiento y el poder.</s>
    <s id="10">Era el mundo del Gran Hermano de George Orwell, la extrapolación de la experiencia del totalitarismo del siglo veinte.</s>
    <s id="11">Los ordenadores potentes eran el camino a estados poderosos y corporaciones de negocios dirigidas de manera centralizada.</s>
  </p>
  <p id="5">
    <s id="12">Al principio, la PC parecía prometer una recuperación del equilibrio en favor del individuo.</s>
    <s id="13">La informática se volvió descentralizada, y la nueva flexibilidad produjo una sensación de que el control estaba alejándose de las grandes aglomeraciones de poder, se tratara de gobiernos o compañías.</s>
    <s id="14">No es de sorprender que el triunfo de la PC pareciera estar acompañada de un renacer de la visión decimonónica del individualismo y el liberalismo clásicos.</s>
  </p>
  <p id="6">
    <s id="15">La idea era que una persona podía comprar un ordenador y el software necesario para un fin específico (y cada vez más complejo) y generar de inmediato un resultado productivo.</s>
    <s id="16">De hecho, dentro de unos pocos años las personas tendrían a su disposición en una pequeña máquina casi tanto poder de procesamiento como los mainframe 360 de IBM que habían revolucionado la informática centralizada en los años 60.</s>
  </p>
  <p id="7">
    <s id="17">Sin embargo, este triunfo inicial de la PC (y las muy sustanciales ventas en los años 80) no cumplieron inmediatamente las esperanzas de que se produjera una transformación social y las personas obtuvieran más poder y autonomía.</s>
    <s id="18">No parecía producir demasiadas mejoras en la eficiencia, a pesar de las enormes inversiones en tecnología de la información.</s>
    <s id="19">En las empresas se desperdiciaron enormes cantidades de tiempo en pedidos informales de asistencia, obligando a que algunos trabajadores bien capacitados se convirtieran en gurús de la informática para ayudar a sus compañeros.</s>
  </p>
  <p id="8">
    <s id="20">Por tanto, la desilusión inicial acerca de la productividad de la electrónica fue una demostración vívida de los límites del individualismo clásico.</s>
    <s id="21">Únicamente con la interconexión de los años 90, sobre todo mediante la Internet, la PC pudo hacer realidad su potencial.</s>
    <s id="22">De pronto, los economistas (espacialmente en los Estados Unidos) comenzaron a medir mejoras sustanciales en la productividad.</s>
  </p>
  <p id="9">
    <s id="23">Nuevas formas de actividad (remates, enciclopedias y salas de conversación por Internet) reprodujeron en una dimensión mucho más amplia las interacciones de las personas individuales.</s>
    <s id="24">Las PC interconectadas realmente crearon la sensación de un vibrante mercado social.</s>
    <s id="25">Las personas podían realizarse, como en el viejo modelo del siglo diecinueve, pero sólo en la medida de que interactuaran con tanta gente como fuera posible.</s>
    <s id="26">Estas interacciones, más que el individuo por si mismo, eran lo que creaba valor y ponía en marcha un proceso dinámico.</s>
  </p>
  <p id="10">
    <s id="27">El potencial era atractivo, pero también terrorífico.</s>
    <s id="28">La interconexión de las PC produjo temores acerca de los peligros potenciales del nuevo mundo.</s>
    <s id="29">La gente sentía miedo de que virus informáticos malvados se diseminaran por el mundo y destruyeran información y programas en unas cuantas horas.</s>
    <s id="30">Había un temor generalizado de que la dependencia de los ordenadores produjera una catástrofe en el cambio de milenio, y que los hospitales, los aviones, las matrices energéticas y las comunicaciones se paralizaran cuando el calendario pasara del año 1999 al 2000.</s>
  </p>
  <p id="11">
    <s id="31">Estos traumas exigieron respuestas muy diferentes a las de los cambios tecnológicos previos.</s>
    <s id="32">Las regulaciones gubernamentales fueron incapaces de manejar los problemas que implicaban, aunque fue útil, por cierto, determinar maneras de hacer que los piratas informáticos destructivos tuvieran responsabilidad penal.</s>
    <s id="33">Tampoco servía de ayuda el que una sola compañía innovara.</s>
    <s id="34">Para la soluci��n se necesitaban iniciativas de colaboración general, de un tipo que correspondía más al antiguo republicanismo cívico que a las modernas ideas de poder centralizado o individuos aislados y autónomos.</s>
  </p>
  <p id="12">
    <s id="35">Algunos observadores creen que hoy, tras un cuarto de siglo, esta interconectividad ha hecho que la PC quede obsoleta.</s>
    <s id="36">Hay más aplicaciones de tecnología de la información y procesamiento en los teléfonos móviles y las máquinas inteligentes, cuya característica definitoria es que se comunican entre si.</s>
  </p>
  <p id="13">
    <s id="37">Sin embargo, la supuesta obsolescencia de la PC es en realidad una señal de lo básica que se ha convertido para una nueva visión de la sociedad.</s>
    <s id="38">Necesitamos celebrar, publicitar y hacer propaganda sobre las innovaciones sólo cuando su éxito es cuestionable y antes de que hayan sido aceptadas por el público general.</s>
  </p>
  <p id="14">
    <s id="39">En el siglo dieciocho, las prendas interiores de algodón baratas y lavables produjeron una revolución en la higiene, pero pronto fueron tan comunes que la revolución del algodón dejó de provocar entusiasmo.</s>
    <s id="40">La PC se ha convertido en el equivalente moderno del algodón: se ha convertido en algo tan básico para nuestras vidas que, a pesar del hecho de que cada año se venden cerca de 200 millones de unidades, hoy simplemente genera un bostezo electrónico.</s>
    <s id="41">Pero, al igual que la revolución del algodón, la verdadera medida de las transformaciones sociales y políticas iniciadas por ella sólo se hará evidente después de transcurrido un buen tiempo.</s>
  </p>
</document>
