<?xml version="1.0" encoding="utf-8"?>
<document>
  <HEADLINE>
    <s id="1">El inevitable renacimiento de la integración europea</s>
  </HEADLINE>
  <p id="1">
    <s id="2">Atenas – La integración europea entraña transferencias sucesivas de soberanía nacional a la Unión, pero, si bien los Estados miembros cumplen de buen grado las decisiones que suprimen las medidas protectoras –los derechos de importación, pongamos por caso–, vacilan a la hora de formular o hacer avanzar políticas que concederían a la Unión Europea poderes discrecionales para adoptar iniciativas.</s>
    <s id="3">Ejemplos típicos de ello son la estancada Estrategia de Lisboa, la incompleta Unión Económica y Monetaria y ahora, a raíz de la maniobra de bloqueo del público irlandés, la incierta suerte del nuevo Tratado Constitucional de la UE (el “Tratado de Lisboa”).</s>
  </p>
  <p id="2">
    <s id="4">Un fallo similar resulta evidente en el intento de la UE de definirse en el sistema mundial.</s>
    <s id="5">La seguridad energética, el cambio climático, el ascenso de China y el resurgimiento de Rusia son algunas de las cuestiones que requieren reacciones eficaces.</s>
    <s id="6">Sin embargo, con frecuencia la UE no puede reaccionar o sólo puede hacerlo lentamente, porque su estructura obstruye las decisiones y las medidas rápidas.</s>
    <s id="7">Dicha estructura era apropiada en una época en que el mercado libre era prácticamente la única cuestión que la UE debí afrontar en el nivel mundial, pero esa época pertenece al pasado.</s>
  </p>
  <p id="3">
    <s id="8">El cambio resulta más difícil por la insuficiente legitimidad democrática de los órganos de la UE.</s>
    <s id="9">La falta de una relación directa con los ciudadanos de Europa priva a esos órganos de la presión necesaria para reaccionar rápidamente con medidas y políticas.</s>
  </p>
  <p id="4">
    <s id="10">No hay una solución fácil para esos problemas.</s>
    <s id="11">No se puede garantizar la democracia en la UE mediante los modelos y las normas que se aplican en los Estados miembros.</s>
    <s id="12">La escala de los problemas requiere soluciones más detalladas.</s>
    <s id="13">Al tratar con la UE, los Estados miembros suelen aspirar a acuerdos y reglamentos que garanticen la cooperación dentro de los marcos acordados y, como ha mostrado el referéndum irlandés, no aceptan fácilmente iniciativas unificadoras que harían de la UE un centro autónomo de poder.</s>
  </p>
  <p id="5">
    <s id="14">Pero, suponiendo que se pueda superar el obstáculo levantado por los votantes irlandeses, la experiencia ha demostrado que la futura evolución de la UE se caracterizará por un poder cada vez más centralizado en Bruselas y la retirada de los Estados individuales.</s>
    <s id="15">El medio para ese proceso seguirá siendo la burocracia central de la UE, el mecanismo que formula los intereses comunes de los Estados miembros y cuyo ámbito de acción va determinado por una colaboración intergubernamental periódica y poco rígida.</s>
    <s id="16">Cuantas más atribuciones adquiera la burocracia de Bruselas, más independiente se volverá.</s>
  </p>
  <p id="6">
    <s id="17">La primera preocupación de la burocracia de la UE es la de encontrar avenencias que cumplan los deseos de los Estados miembros y armonizar preferencias nacionales con frecuencia divergentes y contradictorias.</s>
    <s id="18">Por lo general, surge una voluntad común sin insistencia particular en las tendencias y ambiciones políticas en conflicto.</s>
    <s id="19">De hecho, se considera aconsejable la despolitización, porque permite una fácil consecución de equilibrios.</s>
  </p>
  <p id="7">
    <s id="20">Sin embargo, para fortalecer la democracia es necesario subrayar la dimensión política y un debate público libre y a disposición de todo el mundo.</s>
    <s id="21">Los foros nacionales deben proponerse debatir las cuestiones europeas comunes, lo que garantizará la información para todos, la transparencia, el control y la rendición de cuentas.</s>
    <s id="22">La institución del debate público sobre la política europea en toda la Unión contribuirá a aclarar los fines del proyecto de unificación, revelará los intereses comunes y determinará la configuración institucional de Europa.</s>
  </p>
  <p id="8">
    <s id="23">Ésa es la razón por la que el Tratado de Lisboa es tan importante.</s>
    <s id="24">Las disposiciones que figuran en el capítulo sobre los principios democráticos, que se refieren a las instituciones de la UE y a las funciones de procedimiento, preparan el terreno para un sistema más abierto al debate público sobre las políticas de la UE.</s>
  </p>
  <p id="9">
    <s id="25">El Tratado de Lisboa ha logrado abordar otra importante deficiencia de la UE: su ineficacia.</s>
    <s id="26">Mediante amplias reformas de la estructura, del funcionamiento y de los procesos de adopción de decisiones de las instituciones de la UE, el tratado aumenta su eficacia y permite un mayor dinamismo.</s>
  </p>
  <p id="10">
    <s id="27">Es cierto que muchos europeos comunes y corrientes no creen que Europa deba desempeñar un papel importante en la evolución de los acontecimientos mundiales.</s>
    <s id="28">Consideran que la política exterior debe correr a cargo de los gobiernos nacionales.</s>
    <s id="29">Esa concepción está anticuada.</s>
    <s id="30">Incluso en las crisis bilaterales o regionales, las soluciones viables solo son posibles en el nivel supranacional.</s>
  </p>
  <p id="11">
    <s id="31">El Tratado de Lisboa concibe la UE como una entidad muy abierta al exterior en el escenario internacional, pero lo que puede hacer la UE tiene sus límites, determinados por el carácter intergubernamental de la Unión.</s>
    <s id="32">De hecho, sobre cuestiones decisivas serán los 27 miembros y no la Unión los que decidirán.</s>
  </p>
  <p id="12">
    <s id="33">En el ámbito interno, el tratado da un gran paso hacia la creación de una Europa de la libertad, la seguridad y la justicia.</s>
    <s id="34">A un tiempo establece el marco normativo para la política de la UE y crea las instituciones y los procedimientos para las políticas relativas a los controles fronterizos, el asilo, la recepción de migrantes y la cooperación entre las autoridades judiciales y policiales.</s>
    <s id="35">Así, crea una mayor seguridad para las personas en su vida cotidiana.</s>
  </p>
  <p id="13">
    <s id="36">El tratado es menos detallado en relación con otros sectores, en particular el de lograr una unión económica equivalente a la unión monetaria, porque, sencillamente, no fue posible alcanzar un acuerdo.</s>
    <s id="37">No obstante, el Tratado de Lisboa prepara el terreno para la planificación y la aplicación de políticas necesarias con vistas a abordar los imperativos contemporáneos decisivos, como, por ejemplo, el cambio climático, la energía, la investigación, la tecnología y el turismo.</s>
  </p>
  <p id="14">
    <s id="38">Fuera cual fuese la intención de los votantes irlandeses al rechazar el tratado, el cambio socioeconómico seguirá obligando a la UE a buscar nuevas formas de organización, combinando los procedimientos intergubernamentales y federales.</s>
    <s id="39">Por ejemplo, resulta ya patente la necesidad de adaptar el funcionamiento del Banco Central Europeo a una política de desarrollo para Europa, establecida por el Consejo Ecofin.</s>
    <s id="40">La UEM es una prueba de ello.</s>
  </p>
  <p id="15">
    <s id="41">De forma más general, sea cual fuere el modo como se aborde el problema del resultado del referéndum irlandés, la UE irá adquiriendo gradualmente su forma definitiva a partir de los problemas que debe abordar continuamente, porque, a medida que aumenten las dimensiones de dichos problemas, su gestión requerirá formas sólidas y duraderas de cooperación.</s>
  </p>
</document>
