<?xml version="1.0" encoding="utf-8"?>
<document>
  <HEADLINE>
    <s id="1">El largo y tortuoso camino hacia la recuperación</s>
  </HEADLINE>
  <p id="1">
    <s id="2">SAO PAULO – La economía mundial se ha recuperado en gran medida desde el nadir de 2009, pero el crecimiento es aún desigual y los datos recientes de las principales economías avanzadas han sido decepcionantes.</s>
    <s id="3">Así, pues, ¿hacia dónde se dirige la economía mundial?</s>
  </p>
  <p id="2">
    <s id="4">Desde luego, no se esperaba que la recuperación fuera fluida: históricamente, la limpieza posterior a una crisis financiera de esta magnitud requiere mucho tiempo, en particular habiendo, como hay, unas grandes cargas de la deuda, un enorme desempleo y unos sistemas bancarios dañados, pero los riesgos para el panorama económico mundial han aumentado y se necesitan medidas normativas aceleradas para mantener encarrilada la economía mundial.</s>
  </p>
  <p id="3">
    <s id="5">En esas circunstancias, el Fondo Monetario Internacional ha hecho públicos sus pronósticos y evaluación actualizados de la economía mundial.</s>
    <s id="6">Ese análisis figura en tres documentos complementarios: las Perspectivas de la Economía Mundial al Día, el Informe sobre la estabilidad financiera mundial y el Fiscal Monitor.</s>
  </p>
  <p id="4">
    <s id="7">Las cifras fundamentales no parecen malas.</s>
    <s id="8">Esperamos que el crecimiento mundial ascienda al 4,5 por ciento, aproximadamente, en 2011 y 2012, si bien la recuperación con dos velocidades continuará, pues las economías avanzadas lograrán a duras penas un 2,5 de crecimiento anual del PIB y las de los mercados en ascenso y de los países en desarrollo un vertiginoso 6,5 por ciento.</s>
  </p>
  <p id="5">
    <s id="9">Pero unas políticas insuficientemente sólidas han dejado peligros que acechan bajo la superficie.</s>
    <s id="10">Hemos visto una debilidad mayor de la prevista en los Estados Unidos y el Japón.</s>
    <s id="11">Aun cuando se debiera a factores temporales, incluidas las distorsiones de la oferta provocadas por el terremoto en el Japón, los mercados laboral e inmobiliario siguen contra las cuerdas en los Estados Unidos y en algunas partes de Europa.</s>
  </p>
  <p id="6">
    <s id="12">Además, los países de la periferia de Europa siguen con dificultades, pues han vuelto a aparecer las dudas sobre la sostenibilidad de los programas de ajuste.</s>
    <s id="13">Esa mayor incertidumbre podría extenderse a la actividad económica en el resto de la Unión Europea mediante consecuencias adversas que repercutan en los riesgos en materia de deuda soberana y el sistema bancario, dada su vinculación mutua, y el crecimiento de los países avanzados no es suficiente para hacer mella en las tasas de desempleo, que están imponiendo unos costos sociales elevados.</s>
  </p>
  <p id="7">
    <s id="14">Los mercados en ascenso están encabezando la recuperación, pero algunos de ellos deben lidiar con los riesgos de recalentamiento y desequilibrios financieros en aumento.</s>
    <s id="15">La inflación está aumentando hasta un nivel superior al que se podría explicar por el aumento de los precios de los alimentos y de los productos básicos, mientras que el aumento del crédito y de algunos precios de activos están empezando a parecer altos en relación con sus niveles históricos.</s>
    <s id="16">Y las economías de bajos ingresos están padeciendo las consecuencias de unos precios mayores de los alimentos y de los combustibles, que tienen una participación muy importante en las cestas de consumo de las familias.</s>
  </p>
  <p id="8">
    <s id="17">En esas circunstancias, la inercia normativa no es una opción aceptable.</s>
    <s id="18">No lo es en particular en las economías avanzadas, cuyas autoridades deben abordar las cuestiones más enérgicamente.</s>
    <s id="19">Algunos de los problemas son políticos, incluidos los lentos avances con miras a conseguir una solución amplia y coherente de la crisis de la deuda soberana en Europa y el punto muerto sobre el restablecimiento de la sostenibilidad fiscal en los Estados Unidos.</s>
    <s id="20">Algunos de los problemas se deben al sector financiero, que está aprovechando una vez más unos tipos de interés bajos para aumentar el apalancamiento en busca de beneficios mayores.</s>
  </p>
  <p id="9">
    <s id="21">Se necesita urgentemente un sistema financiero mundial mucho más sólido.</s>
    <s id="22">Ha habido algunos avances en la reparación de bancos, pero resulta demasiado lenta, en particular en Europa.</s>
    <s id="23">En algunos casos, sigue habiendo dificultades para la financiación y no se han depurado plenamente los balances.</s>
    <s id="24">Hay que acelerar el ritmo de la recapitalización y la nueva ronda de “pruebas de resistencia” para los bancos europeos trazará una línea clara en la arena.</s>
  </p>
  <p id="10">
    <s id="25">También la reparación fiscal es esencial.</s>
    <s id="26">Una prioridad decisiva para las economías avanzadas es la de continuar el proceso de ajuste fiscal que la mayoría de ellas han iniciado este año, pero las dos economías más avanzadas –los EE.UU. y el Japón– aún no se han internado por esa senda.</s>
    <s id="27">Deben aplicar lo antes posible planes de consolidación creíbles, en los que se indiquen no sólo los objetivos, sino también los instrumentos para lograrlos.</s>
  </p>
  <p id="11">
    <s id="28">Se debe fijar el ritmo de la consolidación fiscal sin perder de vista el crecimiento y el empleo.</s>
    <s id="29">Si es demasiado lento, acabará con la credibilidad, pero, si es demasiado rápìdo, acabará con el crecimiento.</s>
    <s id="30">Así, pues, los instrumentos utilizados para aplicar el ajuste fiscal deben impulsar la eficiencia económica o al menos no dañarla.</s>
    <s id="31">En los mercados en ascenso y en las economías de bajos ingresos, el imperativo es el de evitar el recalentamiento, contener los riesgos financieros y abordar las necesidades apremiantes de gasto social, sin comprometer la sostenibilidad.</s>
    <s id="32">El repentino y pronunciado aumento de los precios de los alimentos y la energía constituye una grave emergencia para muchos de esos países y se debe gestionar cuidadosamente.</s>
  </p>
  <p id="12">
    <s id="33">En conclusión, la recuperación continúa, pero no tiene un fundamento sólido.</s>
    <s id="34">Es frágil, desequilibrada y limitada.</s>
    <s id="35">No creemos que eso indique la posibilidad de una nueva caída en la recesión, pero los riesgos para las perspectivas están aumentando y se necesitan medidas normativas decididas para acabar con ellos.</s>
    <s id="36">No hay tiempo que perder.</s>
  </p>
</document>
