<?xml version="1.0" encoding="utf-8"?>
<document>
  <HEADLINE>
    <s id="1">El fin del crecimiento de la población</s>
  </HEADLINE>
  <p id="1">
    <s id="2">NUEVA DELHI – Según la División de Población de las Naciones Unidas, la población humana del mundo alcanzó los 7.000 millones de habitantes el 31 de octubre.</s>
    <s id="3">Como siempre sucede cuando llegamos a un hito, esto generó un aumento repentino de conferencias, seminarios y artículos eruditos, inclusive las habituales predicciones malthusianas nefastas.</s>
    <s id="4">Después de todo, las Naciones Unidas predicen que la población mundial llegará a 9.300 millones en 2050 y superará los 10.000 millones para fines de este siglo.</s>
  </p>
  <p id="2">
    <s id="5">Estos pronósticos, sin embargo, no representan la subyacente dinámica demográfica.</s>
    <s id="6">El futuro que enfrentamos no es el de un crecimiento poblacional excesivo, sino más bien escaso.</s>
  </p>
  <p id="3">
    <s id="7">La mayoría de los países realizaron sus censos nacionales de población el año pasado, y los datos sugieren que las tasas de fertilidad se están desmoronando en la mayoría de ellos.</s>
    <s id="8">Las tasas de natalidad han sido bajas en los países desarrollados durante algún tiempo, pero ahora están cayendo rápidamente en la mayoría de los países en desarrollo.</s>
    <s id="9">Los chinos, los rusos y los brasileños ya no se están reemplazando, mientras que los indios están teniendo cada vez menos hijos.</s>
    <s id="10">De hecho, la fertilidad global caerá a la tasa de reemplazo en poco más de una década.</s>
    <s id="11">La población puede seguir creciendo hasta mediados de siglo, debido a la creciente longevidad, pero, en términos reproductivos, nuestra especie ya no debería expandirse.</s>
  </p>
  <p id="4">
    <s id="12">Lo que los demógrafos llaman la Tasa de Fertilidad Total (TFT) es el número promedio de nacimientos por mujer en el transcurso de su vida.</s>
    <s id="13">En el largo plazo, se dice que una población es estable si la TFT está en la tasa de reemplazo, que supera apenas 2,3 para el mundo en general, y es un tanto inferior, 2,1, en los países desarrollados, lo que refleja sus tasas de mortalidad infantil más bajas.</s>
  </p>
  <p id="5">
    <s id="14">La TFT para la mayoría de los países desarrollados hoy está bien por debajo de los niveles de reemplazo.</s>
    <s id="15">El promedio de la OCDE está en alrededor de 1,74, pero algunos países, entre ellos Alemania y Japón, producen menos de 1,4 hijos por mujer.</s>
    <s id="16">Sin embargo, las mayores caídas de la TFT en los últimos años se produjeron en los países en desarrollo.</s>
    <s id="17">La TFT en China y la India era de 6,1 y 5,9, respectivamente, en 1950.</s>
    <s id="18">Ahora está en 1,8 en China, debido a la política agresiva de un solo hijo de las autoridades, mientras que la urbanización rápida y las cambiantes actitudes sociales llevaron la TFT de la India a 2,6.</s>
  </p>
  <p id="6">
    <s id="19">Existe un factor adicional que podría reducir las futuras tasas de natalidad en China y la India.</s>
    <s id="20">El censo chino sugiere que nacen 118,6 niños por cada 100 niñas.</s>
    <s id="21">De la misma manera, la India tiene un ratio de género en el nacimiento de aproximadamente 110 niños por cada 100 niñas, con amplias variaciones regionales.</s>
    <s id="22">Comparemos esto con la relación natural de 105 niños por cada 100 niñas.</s>
    <s id="23">Normalmente se atribuye la brecha a una preferencia cultural por los niños, lo que terminará afectando a ambas poblaciones, ya que la futura escasez de mujeres implica que la capacidad efectiva de reproducción de ambos países está por debajo de lo que sugiere la TFT no ajustada.</s>
  </p>
  <p id="7">
    <s id="24">De hecho, después de hacer un ajuste por el desequilibrio de género, la Tasa de Fertilidad Efectiva (TFE) de China está en alrededor de 1,5, y la de la India en 2,45.</s>
    <s id="25">En otras palabras, los chinos están muy lejos de reemplazarse, y los indios apenas superan la tasa de reemplazo.</s>
    <s id="26">La TFE está en 2,4 aproximadamente en el mundo en general, apenas por encima de la tasa de reemplazo.</s>
    <s id="27">Las tendencias actuales sugieren que la raza humana ya no se reemplazará para principios de 2020.</s>
    <s id="28">El crecimiento de la población después de esto será el resultado, principalmente, de que la gente vivirá más, un factor que perderá importancia a partir de mediados de siglo.</s>
  </p>
  <p id="8">
    <s id="29">Estos cambios tienen importantes implicancias para la oferta de trabajo global.</s>
    <s id="30">China está envejeciendo muy rápidamente, y su población en edad de trabajar empezará a achicarse en pocos años.</s>
    <s id="31">Relajar la política de un solo hijo podría tener algún impacto positivo en el largo plazo, pero China ya pasó el punto de inflexión, y llegó allí como resultado del efecto combinado del desequilibrio de género y una estructura de edad muy sesgada.</s>
  </p>
  <p id="9">
    <s id="32">La cantidad de mujeres en edad de dar a luz (15-49 años) en China caerá 8% entre 2010 y 2020, otro 10% en la década de 2020 y, si no se corrige, a un ritmo incluso más rápido después.</s>
    <s id="33">En consecuencia, China tendrá que retirar una proporción mayor de su fuerza laboral femenina para abocarla a la reproducción y al cuidado infantil.</s>
    <s id="34">Incluso si China logra pergeñar esto, implica una fuga inmediata de la fuerza laboral, y beneficios con un retraso de 25 años.</s>
  </p>
  <p id="10">
    <s id="35">Mientras tanto, la fuerza laboral alcanzó un pico o está a punto de hacerlo en la mayoría de las economías importantes.</s>
    <s id="36">Alemania, Japón y Rusia ya tienen fuerzas laborales en caída.</s>
    <s id="37">Estados Unidos es uno de los poquísimos países avanzados con una creciente fuerza laboral, debido a su relativa apertura a la inmigración.</s>
    <s id="38">Pero esto puede cambiar conforme los países de origen se vuelvan más ricos y sufran rápidas caídas de las tasas de natalidad.</s>
    <s id="39">En consecuencia, muchos países desarrollados tendrán que analizar cómo mantener a la gente trabajando de manera productiva hasta bien avanzados sus 70 años.</s>
  </p>
  <p id="11">
    <s id="40">La India, la única economía grande cuya fuerza laboral crecerá en escala suficiente en las próximas tres décadas, tal vez logre equilibrar las caídas que se pronostican en otras economías importantes.</s>
    <s id="41">Pero, dado que las tasas de natalidad también están cayendo allí, las tendencias actuales sugieren que su población probablemente se estabilice en 1.550 millones de habitantes para principios de los años 2050, una década entera antes que el pronóstico de las Naciones Unidas -y con 170 millones de personas menos de lo estimado.</s>
  </p>
  <p id="12">
    <s id="42">En vistas de todo esto, es probable que la población mundial alcance un pico de 9.000 millones en los años 2050, medio siglo antes de lo que normalmente se anticipaba, seguido de una marcada caída.</s>
    <s id="43">Podría decirse que es algo bueno, dada la capacidad de aforo limitada del planeta.</s>
    <s id="44">Pero, cuando la dinámica demográfica se revierta, el mundo tendrá que enfrentar un conjunto diferente de problemas.</s>
  </p>
</document>
