<?xml version="1.0" encoding="utf-8"?>
<document>
  <HEADLINE>
    <s id="1">El próximo Bretton Woods</s>
  </HEADLINE>
  <p id="1">
    <s id="2">NUEVA YORK – El mundo está cayendo en una gran desaceleración que probablemente sea la peor en un cuarto de siglo y tal vez desde la Gran Depresión.</s>
    <s id="3">Esta crisis estuvo “hecha en Estados Unidos” en varios sentidos.</s>
  </p>
  <p id="2">
    <s id="4">Ese país exportó sus hipotecas tóxicas a todo el mundo bajo la forma de valores respaldados por activos.</s>
    <s id="5">Los Estados Unidos exportaron su filosofía de desreglamentación de libre mercado cuyo alto sacerdote, Alan Greenspan, ahora admite que fue un error.</s>
    <s id="6">Los Estados Unidos exportaron su cultura de irresponsabilidad corporativa – opciones de compra de acciones no transparentes, que fomentan la mala contabilidad que ha desempeñado un papel en esta debacle, como lo hizo en los escándalos de Enron y Worldcom de hace unos años.</s>
    <s id="7">Y, por último, los Estados Unidos han exportado su deterioro económico.</s>
  </p>
  <p id="3">
    <s id="8">La administración Bush por fin se decidió a hacer lo que todos los economistas le insistieron que hiciera: poner más capital en los bancos.</s>
    <s id="9">Pero como siempre, el problema está en los detalles, y el Secretario del Tesoro de los Estados Unidos, Henry Paulson, puede haber logrado trastornar incluso esta buena idea; parece haber descubierto la manera de recapitalizar a los bancos de forma que el resultado no sea la reanudación del crédito, lo cual no presagia nada bueno para la economía.</s>
  </p>
  <p id="4">
    <s id="10">Lo que es más importante, las condiciones que Paulson obtuvo por el capital que se proporcionó a los bancos estadounidenses fueron mucho peores que las que consiguió el Primer Ministro británico, Gordon Brown (y ya no se diga las que logró Warren Buffet por inyectar mucho menos al banco de inversiones más sólido de los Estados Unidos, Goldman Sachs).</s>
    <s id="11">Los precios de las acciones muestran que los inversionistas sienten que hicieron un muy buen trato.</s>
  </p>
  <p id="5">
    <s id="12">Una razón para preocuparse por el mal negocio que eso representa para los contribuyentes estadounidenses es la amenazante deuda nacional.</s>
    <s id="13">Incluso antes de esta crisis financiera, estaba previsto que la deuda nacional de los Estados Unidos aumentara de 5.7 billones de dólares en 2001 a más de 9 billones este año.</s>
    <s id="14">El déficit de este año se aproximará al medio billón de dólares; el del próximo año será incluso mayor, a medida que la desaceleración estadounidense se agudice.</s>
    <s id="15">Los Estados Unidos necesitan un paquete de estímulos importante.</s>
    <s id="16">Pero los conservadores fiscales de Wall Street (sí, las mismas personas que produjeron el problema) ahora harán llamados para moderar el déficit (lo que recuerda a Andrew Mellon durante la Gran Depresión).</s>
  </p>
  <p id="6">
    <s id="17">Previsiblemente, la crisis se ha extendido ya a los mercados emergentes y los países menos desarrollados.</s>
    <s id="18">Por sorprendente que parezca, se sigue considerando que los Estados Unidos, a pesar de todos sus problemas, son el lugar más seguro para depositar dinero.</s>
    <s id="19">Esto no es sorprendente, supongo, porque a pesar de todo, una garantía del gobierno de los Estados Unidos tiene más credibilidad que una garantía de un país del tercer mundo</s>
  </p>
  <p id="7">
    <s id="20">A medida que los Estados Unidos absorben los ahorros de todo el planeta para abordar sus problemas, que las primas de riesgo se disparan, que el ingreso, el comercio y los precios de los productos básicos disminuyen a nivel global, los países en desarrollo se enfrentarán a tiempos difíciles.</s>
    <s id="21">Es probable que algunos de esos países –los que tenían grandes déficit comerciales antes de que estallara la crisis, aquéllos cuyas grandes deudas nacionales se deben refinanciar y los que tienen vínculos comerciales estrechos con los Estados Unidos– resulten más afectados que otros.</s>
    <s id="22">Los países que no liberalizaron plenamente sus mercados financieros y de capital, como China, darán gracias por no haber seguido las recomendaciones de Paulson y del Tesoro de los Estados Unidos de hacerlo.</s>
  </p>
  <p id="8">
    <s id="23">Muchos ya están recurriendo al Fondo Monetario Internacional en busca de ayuda.</s>
    <s id="24">Lo que preocupa es que, al menos en algunos casos, el FMI volverá a sus viejas recetas fracasadas: la contracción fiscal y monetaria, que únicamente aumentaría las desigualdades globales.</s>
    <s id="25">Mientras los países desarrollados se dedican a estabilizar políticas anticíclicas, los países en desarrollo se verían obligados a adoptar políticas desestabilizadoras, ahuyentando al capital cuando más lo necesitan.</s>
  </p>
  <p id="9">
    <s id="26">Hace diez años, cuando estalló la crisis financiera de Asia, se habló mucho de la necesidad de reformar la arquitectura financiera global.</s>
    <s id="27">Se hizo muy poco – demasiado poco, como ahora ha quedado claro.</s>
    <s id="28">En ese momento, muchos pensaron que esos llamados grandilocuentes eran un intento deliberado para impedir una reforma real: quienes habían tenido éxito con el viejo sistema sabían que la crisis pasaría y con ella desaparecería también el reclamo de hacer reformas.</s>
    <s id="29">No podemos permitir que eso vuelva a suceder.</s>
  </p>
  <p id="10">
    <s id="30">Podemos estar en un nuevo momento de “Bretton Woods”.</s>
    <s id="31">Las viejas instituciones han reconocido la necesidad de las reformas, pero se mueven a un paso muy lento.</s>
    <s id="32">No hicieron nada para evitar la crisis actual y hay preocupaciones sobre su efectividad para responder ahora que ya ha estallado.</s>
  </p>
  <p id="11">
    <s id="33">Fueron necesarios 15 años y una guerra mundial para que el mundo se reuniera con el fin de atacar las debilidades del sistema financiero global que contribuyeron a la Gran Depresión.</s>
    <s id="34">Esperemos que esta vez no nos tome tanto tiempo: dado el nivel de interdependencia global, los costos serían sencillamente demasiado altos.</s>
  </p>
  <p id="12">
    <s id="35">Pero mientras que los Estados Unidos y Gran Bretaña dominaron el viejo Bretton Woods, el paisaje mundial actual es notablemente diferente.</s>
    <s id="36">De la misma forma, las viejas instituciones de Bretton Woods estuvieron definidas por un conjunto de doctrinas económicas que ya se ha demostrado que fracasan no sólo en los países en desarrollo sino incluso en el corazón del capitalismo.</s>
    <s id="37">La próxima cumbre mundial debe enfrentarse a esas nuevas realidades si se quiere trabajar efectivamente hacia la creación de un sistema financiero global más estable y equitativo.</s>
  </p>
</document>
