<?xml version="1.0" encoding="utf-8"?>
<document>
  <HEADLINE>
    <s id="1">El nuevo orden de Oriente Medio</s>
  </HEADLINE>
  <p id="1">
    <s id="2">En algún momento de este mes, el presidente George W. Bush anunciará -a regañadientes- una nueva política para Estados Unidos en Irak.</s>
    <s id="3">Se necesita una nueva política no sólo para detener la caída de Estados Unidos en la impotencia mientras intenta impedir que Irak entre en una espiral que derive en una guerra civil de gran escala, sino también porque el mapa del poder en Oriente Medio cambió drásticamente.</s>
  </p>
  <p id="2">
    <s id="4">Ese mapa ha sufrido un flujo constante en los últimos 60 años, durante los cuales los principales actores -Egipto, Irak, Arabia Saudita, Siria, Israel e Irán- formaron y rompieron alianzas.</s>
    <s id="5">Ahora está surgiendo algo parecido a una línea divisoria, y si Bush finalmente empieza a entender la dinámica de la región, tal vez pueda diseñar una política con posibilidades de éxito.</s>
  </p>
  <p id="3">
    <s id="6">Este realineamiento regional se caracteriza por el surgimiento de una alianza de facto que no se atreve a decir su nombre.</s>
    <s id="7">Israel y Arabia Saudita, aparentemente los aliados más improbables, se unieron para contener a su enemigo común: Irán, con su creciente influencia en Irak, el Líbano y Palestina.</s>
    <s id="8">Irán no sólo amenaza a Israel (y a la región) con su deseo de contar con capacidad nuclear y con sus militantes chiítas que actúan por poder; también pretende usurpar el papel tradicional de los regímenes árabes sunitas moderados como los defensores de los palestinos.</s>
  </p>
  <p id="4">
    <s id="9">Después de décadas de utilizar la preocupación por la causa palestina para generar apoyo popular para sus propios regímenes ineficientes y antidemocráticos, estos líderes árabes moderados hoy quedaron a la defensiva por la búsqueda de hegemonía de Irán.</s>
    <s id="10">Si Irán logra que lo consideren el protector genuino de las aspiraciones nacionales palestinas, también logrará legitimar su reclamo de predominio en Oriente Medio.</s>
  </p>
  <p id="5">
    <s id="11">Israel, un país conmocionado tras su imposibilidad de destruir a Hezbollah el verano pasado, y humillado por la promesa del presidente iraní Mahmoud Ahmadinejad de “borrar a Israel del mapa” –una amenaza respaldada por el apoyo iraní a Hamas y Hezbollah-, ahora habla de un “cuarteto de moderados” como la única esperanza de la región.</s>
    <s id="12">De hecho, Israel ahora ve que su seguridad no depende tanto de una garantía norteamericana como de que Egipto, Jordania, Arabia Saudita y Turquía (que busca una influencia regional por miedo a un rechazo de la Unión Europea) contengan a Irán y a sus agentes pagos.</s>
    <s id="13">Según el vicepremier israelí, Shimon Peres, Israel espera aislar y contener las esferas chiítas/farsi de poder forjando una cooperación abierta con el dominio sunita/árabe.</s>
  </p>
  <p id="6">
    <s id="14">Arabia Saudita están tan ansiosa por frenar la amenaza iraní y el creciente “poderío chiíta” que, con el fortalecimiento de los chiítas en Irak, se desplazó hacia el oeste para empezar a incluir a las regiones chiítas del reinado.</s>
    <s id="15">De manera que no debería sorprender que el régimen saudita fuera el primero en condenar al Hezbollah chiíta a comienzos de la guerra con Israel, y que en diciembre anunciara que respaldaría militarmente a los sunitas de Irak si un retiro precipitado de Estados Unidos incitara allí una guerra civil entre sunitas y chiítas.</s>
  </p>
  <p id="7">
    <s id="16">La amenaza chiíta al gobierno saudita es ideológica.</s>
    <s id="17">En realidad, llega al núcleo de la autoridad del Estado saudita, debido a la negativa de la familia real Al Saud en el Islam wahabí a legitimar su régimen.</s>
    <s id="18">Como los wahabíes consideran a los chiítas apóstatas, el desafío planteado por los chiítas representa una amenaza mortal.</s>
  </p>
  <p id="8">
    <s id="19">De modo que Arabia Saudita está dispuesta a cooperar con Israel no solamente contra Irán, sino también contra otros “radicales”, como Hamas.</s>
    <s id="20">Notablemente, el primer ministro palestino de Hamas, Ismael Haniyeh, no fue recibido en Arabia Saudita en diciembre, cuando recorría la región abogando por apoyo para su gobierno acorralado.</s>
    <s id="21">La conservadora Arabia Saudita prefiere tratar con líderes tradicionales y predecibles, como el presidente palestino Mahmoud Abbas y el premier del Líbano, Fouad Siniora, más que con líderes populistas revolucionarios como Hassan Nasrallah de Hezbollah, Khalid Meshaal de Hamas y Ahmadinejad de Irán.</s>
  </p>
  <p id="9">
    <s id="22">El año pasado, el rey Abdullah de Arabia Saudita, preocupado por el expansionismo chiíta, fue persuadido por el príncipe Bandar bin Sultan, jefe de su Consejo de Seguridad Nacional, de coordinar una política con Israel para contrarrestar la creciente influencia de Irán.</s>
    <s id="23">Israel, después de todo, es un “enemigo confiable” para Arabia Saudita, al haber destruido al ejército egipcio de Nasser en 1967 –un tiempo en que los sauditas combatían con Egipto mediante mandatarios en Yemen-.</s>
    <s id="24">De modo que el príncipe Turki al-Faysal, durante mucho tiempo responsable de la inteligencia saudita, se reunió con Meir Dagan, jefe del Mossad israelí, mientras que Bandar se reunía con el primer ministro israelí, Ehud Olmert, en Jordania el mismo mes.</s>
  </p>
  <p id="10">
    <s id="25">Sin embargo, un apoyo encubierto de Israel, Estados Unidos y los sauditas a Abbas y Siniora poco los ayuda en sus batallas domésticas.</s>
    <s id="26">Desde Marruecos, Argelia, Libia y Sudán hasta Bahrein y Yemen –de hecho, en todo el mundo musulmán desde Yakarta hasta Nigeria-, los radicales islámicos ganaron la carrera de la popularidad.</s>
    <s id="27">Una encuesta reciente en Egipto calificaba a Nasrallah, Meshaal y Ahmadinejad como las tres figuras más populares.</s>
    <s id="28">Esto conduce a un dilema inevitable: Bush tendrá que elegir entre respaldar la democracia y apoyar a los que quieren combatir al radicalismo islámico.</s>
  </p>
  <p id="11">
    <s id="29">De todas maneras, Israel, Estados Unidos y los moderados de la región pueden beneficiarse con la escisión cada vez más profunda en el mundo árabe/musulmán.</s>
    <s id="30">Esta división se ve consolidada por el apoyo saudita a todos los musulmanes sunitas de la región.</s>
    <s id="31">Esta sensación de “solidaridad sunita” es lo que se está convirtiendo en un factor decisivo en la guerra por el alma del Islam, y en la lucha por la supremacía en Oriente Medio que hoy está en marcha.</s>
  </p>
</document>
