<?xml version="1.0" encoding="utf-8"?>
<document>
  <HEADLINE>
    <s id="1">La crisis de órganos</s>
  </HEADLINE>
  <p id="1">
    <s id="2">LONDRES – El trasplante de órganos es uno de los logros más impresionantes de la medicina moderna.</s>
    <s id="3">Ha llevado esperanza a millones de pacientes que sufrían de insuficiencia fatal de un órgano.</s>
    <s id="4">Para muchos, los trasplantes han alargado su vida y la han mejorado.</s>
  </p>
  <p id="2">
    <s id="5">Ha beneficiado a muchos profesionales e industrias también, al convertirse en una nueva fuente de orgullo, financiamiento y ganancias.</s>
    <s id="6">Los que pagan su servicio de salud que luchan por contener los costos, también se encuentran entre los beneficiarios.</s>
    <s id="7">El trasplante de riñón, por ejemplo, ha probado ser menos costoso que la diálisis.</s>
  </p>
  <p id="3">
    <s id="8">Con todo, desde su creación, la medicina de trasplantes ha estado lidiando con un desequilibrio creciente entre la oferta y demanda de órganos.</s>
    <s id="9">Para la mayoría de los interesados, las consecuencias a menudo terribles conducen a la aparición de un conjunto de soluciones, todas basadas en una estrategia general: si nos hacen falta órganos, entonces permitan ustedes obtener más.</s>
  </p>
  <p id="4">
    <s id="10">Sin embargo, esta estrategia ha tenido un alto precio.</s>
    <s id="11">Por un lado, ha dado lugar a algunas prácticas excepcionalmente corruptas, como el tráfico de órganos, el turismo de trasplantes y muchos otros horribles fenómenos asociados con el mercado negro de órganos.</s>
    <s id="12">Por otro lado, ha sometido la ética de trasplantes a fuertes presiones.</s>
  </p>
  <p id="5">
    <s id="13">En efecto, la ética de los trasplantes ha estado en una pendiente resbalosa casi desde que éstos comenzaron.</s>
    <s id="14">La estrategia de conseguir más órganos ha llevado y sigue llevando la línea ética hasta lugares que antes se consideraban inmorales.</s>
  </p>
  <p id="6">
    <s id="15">Para abordar la cuestión de una oferta insuficiente de los fallecimientos, primero adoptamos una definición cada vez más inclusiva y en todo caso flexible.</s>
    <s id="16">Ello a menudo ha originado sospechas sobre las motivaciones de los médicos cuando dictaminan la muerte de un candidato a donante.</s>
  </p>
  <p id="7">
    <s id="17">Entonces tuvimos la idea de realizar una cláusula de no consentimiento explícito para la donación proveniente de algún difunto.</s>
    <s id="18">Este sistema, que permite obtener órganos, incluso de los que se negaban y no pudieron expresar su rechazo, tampoco ha hecho que aumente la confianza en la medicina.</s>
  </p>
  <p id="8">
    <s id="19">Como la crisis de órganos continuo agudizándose, permitimos las donaciones de los vivos.</s>
    <s id="20">Esto fue particularmente audaz porque requería que abandonáramos el principio hipocrático supremo según el cual no es profesional perjudicar la salud de una persona sana.</s>
  </p>
  <p id="9">
    <s id="21">En la categoría de las donaciones de donantes vivos, primero permitimos solamente las donaciones directas de parte de parientes y las donaciones no directas de parte de no parientes.Asumimos que los lazos familiares y la relación directa impedirían la coerción y el comercio.</s>
    <s id="22">Sin embargo, los mecanismos que usamos para confirmar ese supuesto fueron convenientemente laxos.</s>
    <s id="23">No permitían que ciertas formas de coerción interfirieran con el consentimiento del donante.</s>
    <s id="24">Tampoco eran excesivamente exigentes sobre los vínculos comerciales clandestinos.</s>
  </p>
  <p id="10">
    <s id="25">Para entonces, ya nos habíamos dado cuenta de que los intereses entorno al comercio de órganos estaban en constante crecimiento y que los que necesitaban órganos o dinero eran cada vez más propensos a buscar en el mercado negro o buscar alguna laguna legal que les permitiera concluir la transacción comercial con algún gesto legítimo detrás.</s>
    <s id="26">Hasta hace poco, no habíamos hecho mucho acerca del mercado negro (la Declaración de Estambul de 2008 marca el inicio de una lucha decidida contra este mercado), pero prohibimos donaciones altruistas directas de parte de no parientes sin temor de que se convirtieran en lagunas legales.</s>
  </p>
  <p id="11">
    <s id="27">Pero este temor no duró mucho.</s>
    <s id="28">La creciente demanda por más órganos nos ha llevado a legitimar también esta categoría.</s>
    <s id="29">En efecto, ha ayudado mucho, pero no ha sido suficiente.</s>
  </p>
  <p id="12">
    <s id="30">Actualmente, estudiamos la idea de crear incentivos apenas comerciales para las donaciones de órganos de parte tanto de los vivos como de los fallecidos.</s>
    <s id="31">Por ejemplo, la nueva ley israelí sobre trasplantes ofrece incentivosa las personas para que firmen una tarjeta de donante ofreciéndoles a ellos y a sus parientes un lugar prioritario en las listas de espera de trasplantes.</s>
    <s id="32">Este incentivo material infringe claramente el principio de que los órganos deberían ser distribuidos de acuerdo con las necesidades solamente.</s>
    <s id="33">Además, es probable que discrimine a las personas que no conocen el sistema de tarjeta de donante o que se niegan a firmar la tarjeta por razones relacionadas con las creencias religiosas o poca confianza en las autoridades médicas.</s>
  </p>
  <p id="13">
    <s id="34">La misma ley de hecho prohíbe el comercio de órganos, pero ofrece a los donantes vivos el reembolso de los gastos que tienen elementos fijos.</s>
    <s id="35">Además, el Centro Nacional de Trasplantes y Donación de Órganos de Israel incentiva abiertamente a los proveedores, compañías aseguradoras y el organismo de la tarjeta de donante, a pagar a las familias que consientan donar los órganos de sus parientes fallecidos.</s>
    <s id="36">Tales arreglos, que deberían ser descritos como comercialización patrocinada por el gobierno, se consideran inaceptables por todas las principales declaraciones internacionales.</s>
  </p>
  <p id="14">
    <s id="37">Si las cosas siguen como hasta ahora, pronto nos cansaremos de soluciones rápidas.</s>
    <s id="38">En efecto, los partidarios de la idea cada vez más popular de crear un mercado regulado de órganos argumentan que es la mejor medida.</s>
    <s id="39">Tal vez lo es.</s>
    <s id="40">Pero no hay que adelantarse.</s>
    <s id="41">Porque incluso si pensamos que los compradores y los vendedores de órganos pueden en principio iniciar la transacción sobre la base de la libre elección, ninguno de ellos ha elegido encarar el dilema de fondo en primer lugar.</s>
  </p>
  <p id="15">
    <s id="42">Los dos son víctimas: el comprador es una víctima de la morbosidad y solidaridad social decreciente, mientras que el vendedor es una víctima de la pobreza y otras formas de apuros financieros.</s>
    <s id="43">Un mercado regulado no pondrá en entredicho estos hechos provocados por el hombre.</s>
    <s id="44">En cambio, los reafirmará más de lo que lo haya hecho cualquier solución ética anterior.</s>
  </p>
  <p id="16">
    <s id="45">Muchas de las crisis sociales que actualmente encaramos son sólo síntomas.</s>
    <s id="46">Sin embargo, los problemas subyacentes tienen que abordarse si queremos vivir el estilo de vida que pueden y merecen tener los seres humanos.</s>
    <s id="47">La crisis de órganos no es diferente.</s>
    <s id="48">En lugar de darle enfoques médicos y éticos, hay que dirigir nuestros mejores esfuerzos a las cuestiones de fondo.</s>
    <s id="49">El trasplante de órganos, como los repelentes de mosquitos, debe usarse con moderación y sólo cuando no hay otra opción.</s>
  </p>
</document>
