<?xml version="1.0" encoding="utf-8"?>
<document>
  <HEADLINE>
    <s id="1">La riqueza de especies</s>
  </HEADLINE>
  <p id="1">
    <s id="2">Aunque existe un amplio consenso entre la comunidad científica en el sentido de que la pérdida de diversidad biológica es una de las más serias amenazas ambientales, el público no está tan conciente de la magnitud del peligro.</s>
    <s id="3">Los ecólogos y otros científicos del medio ambiente tienen parte de la culpa por no haber logrado hacer que sus preocupaciones sean importantes para la gente común.</s>
    <s id="4">Pero quienes hacen más difícil su reto son aquéllos que afirman que los temores sobre la reducción de la biodiversidad son una conspiración de los fanáticos del ambiente para poner a la naturaleza por encima de la gente.</s>
  </p>
  <p id="2">
    <s id="5">Nada podría estar más alejado de la verdad.</s>
    <s id="6">Las amenazas a la biodiversidad pueden significar la pérdida de elementos clave de los sistemas de soporte de la vida humana, y por lo tanto ponen en peligro nuestro bienestar personal y económico.</s>
    <s id="7">Ya no se pueden retrasar las medidas correctivas.</s>
  </p>
  <p id="3">
    <s id="8">Quienes sostienen que la crisis de la biodiversidad es inventada, o que al menos está inflada, suelen señalar las estimaciones a veces exageradas que aparecen en la prensa sobre los ritmos de extinción.</s>
    <s id="9">Los críticos aprovechan esas exageraciones para decir que en realidad el problema no es tan grave.</s>
  </p>
  <p id="4">
    <s id="10">Falso.</s>
    <s id="11">Las extinciones son apenas la punta del iceberg.</s>
    <s id="12">Concentrarse en cuántas especies se han extinguido o se extinguirán opaca el hecho de que un gran número de especies se han visto muy reducidas en sus hábitats debido principalmente a las actividades humanas.</s>
    <s id="13">Nos apropiamos de tierras y recursos para nuestro uso, generamos desechos dañinos e introducimos especies ajenas que desplazan a las nativas.</s>
  </p>
  <p id="5">
    <s id="14">Las especies extintas o en peligro de extinción son un indicador de un problema mucho mayor.</s>
    <s id="15">Es poco consuelo el que una especie sobreviva si lo hace a apenas una fracción de su abundancia histórica, o si se ve restringida a una pequeña franja del lugar donde prosperaba.</s>
    <s id="16">Esas reliquias pueden escapar del cementerio de las especies, pero ya no ofrecen a la humanidad los servicios que solían prestar.</s>
    <s id="17">Tenemos entonces que encontrar sustitutos que son más costosos y menos satisfactorios.</s>
  </p>
  <p id="6">
    <s id="18">Por ejemplo, las poblaciones de peces marinos que alguna vez fueron fuente confiable de alimento para miles de millones de personas y parte vital de las economías nacionales han sido diezmadas.</s>
    <s id="19">Muchas de esas especies, como el bacalao de Terranova, que durante siglos fueron el sostén de pesquerías enormes, se han visto reducidas a una pequeña proporción de sus niveles anteriores.</s>
  </p>
  <p id="7">
    <s id="20">Las poblaciones de salmón están en peligro en toda la costa oeste de EU y ahora la principal fuente de ese producto para restaurantes y supermercados es la acuacultura, ecológicmente insostenible.</s>
    <s id="21">Estamos reduciendo a las pescaderías a especies más pequeñas y menos atractivas, y la situación podría empeorar mucho si desaparecen.</s>
  </p>
  <p id="8">
    <s id="22">¿Por qué importa la pérdida de biodiversidad?</s>
    <s id="23">Es claro que la pérdida de especies de peces afecta nuestros paladares y pone en riesgo una parte de nuestra provisión de alimentos.</s>
    <s id="24">Pero hay mucho más en juego.</s>
    <s id="25">Tanto en los sistemas naturales como en los administrados, la biodiversidad nos provee de alimento, fibra y combustible.</s>
    <s id="26">También explotamos sistemas naturales para obtener fármacos.</s>
    <s id="27">En efecto, la mayoría de los medicamentos disponibles en el mercado tienen sus orígenes directos o indirectos en la diversidad de la vida vegetal o microbiana.</s>
    <s id="28">Esto no es simplemente historia antigua, irrelevante en la era de la biología molecular: los compuestos derivados de la naturaleza, como el taxol, siguen ofreciendo algunas de las vías más prometedoras para el tratamiento del cáncer y otras enfermedades.</s>
    <s id="29">A medida que la biodiversidad se reduce, perdemos un acervo enorme de información y curas potenciales.</s>
  </p>
  <p id="9">
    <s id="30">Los sistemas naturales también suministran purificación natural para el aire y el agua, proveen a la agricultura de polinizadores, regulan nuestro clima y reciclan los elementos de los que dependen nuestros sistemas de soporte de la vida.</s>
    <s id="31">A medida que perdemos sistemas naturales y biodiversidad, disminuye nuestra calidad de vida y queda en peligro nuestra existencia.</s>
  </p>
  <p id="10">
    <s id="32">Entonces, ¿por qué no se han unido los pueblos del mundo para resolver el problema?</s>
    <s id="33">La respuesta es demasiado conocida.</s>
    <s id="34">La competencia entre países y pueblos coarta la cooperación, y los conflictos regionales y globales obstruyen los caminos hacia un futuro sustentable.</s>
    <s id="35">Hay pocos incentivos, incluso a nivel local, para adoptar una visión de largo plazo y para moderar nuestra tendencia a consumir, a fin de beneficiar a toda la humanidad.</s>
  </p>
  <p id="11">
    <s id="36">Como resultado, nos olvidamos del futuro.</s>
    <s id="37">Como individuos nos preguntamos, si otros no van a moderar sus actividades, ¿por qué lo tengo que hacer yo?</s>
    <s id="38">Los gobiernos utilizan la misma lógica, y eso hace más difícil llegar a acuerdos para diseñar convenciones eficaces sobre biodiversidad a fin de conservar los recursos que están desapareciendo.</s>
  </p>
  <p id="12">
    <s id="39">Para la pérdida de la biodiversidad, como para muchos otros retos ambientales, el problema es que los costos sociales no se reflejan en los precios del mercado.</s>
    <s id="40">La naturaleza humana es tal que no se puede contar con actos voluntarios, ya sea por parte de individuos o de naciones, para encabezar la moderación de las tendencias al despilfarro a escala tan grande.</s>
    <s id="41">Por ello, tenemos que reforzar los circuitos de retroalimentación y crear incentivos más poderosos para la adopción de comportamientos que favorezcan el bien común, incluyendo el de las generaciones futuras.</s>
  </p>
  <p id="13">
    <s id="42">Para poner un ejemplo, debido a que el gobierno de Costa Rica le paga a los terratenientes privados por conservar la biodiversidad y por otros servicios ambientales, las tasas de deforestación en ese país han caído sensiblemente.</s>
    <s id="43">También necesitamos convenciones internacionales para cambiar los sistemas de contabilidad de manera que incluyan los costos sociales de nuestro comportamiento, como lo proponen organizaciones como el Instituto Beijer para la Economía Ambiental, con sede en Estocolmo.</s>
  </p>
  <p id="14">
    <s id="44">Los incentivos para reforzar las prácticas orientadas a conservar la biodiversidad deben aplicarse a todos niveles si queremos que incidan sobre sobre las acciones individuales y las normas sociales.</s>
    <s id="45">Sin acciones colectivas, nos enfrentamos a un futuro desolador con una creciente desaparición de la biodiversidad y un descenso continuo de la calidad de la vida.</s>
  </p>
</document>
