<?xml version="1.0" encoding="utf-8"?>
<document>
  <HEADLINE>
    <s id="1">La estructura de las reformas institucionales</s>
  </HEADLINE>
  <p id="1">
    <s id="2">FRANKFORT- Aunque se habla mucho en Europa al respecto, el euro no está en crisis.</s>
    <s id="3">En cambio, algunos países están lidiando con una crisis de deuda soberana y las consecuencias de las reformas económicas inadecuadas.</s>
    <s id="4">Los desafíos no se limitan a la zona del euro.</s>
    <s id="5">Gran parte de las economías avanzadas en todo el mundo están encarando problemas similares.</s>
  </p>
  <p id="2">
    <s id="6">Todos los países tienen que sacar conclusiones duras de la crisis actual.</s>
    <s id="7">En la zona del euro, en lugar de seguir negando que la unión monetaria limita la soberanía fiscal nacional, se debe reconocer la realidad económica y aplicar normas presupuestarias más estrictas.</s>
  </p>
  <p id="3">
    <s id="8">Cuando estalló la crisis financiera, el euro protegió a países que en circunstancias similares habrían caído en una profunda crisis monetaria.</s>
    <s id="9">Tal vez esta protección funcionó demasiado bien porque los países con el desempeño más bajo no se vieron sujetos a la disciplina de los mercados financieros.</s>
  </p>
  <p id="4">
    <s id="10">En efecto, a pesar de los grandes desequilibrios y las enormes disparidades en el nivel de la deuda privada y pública en la eurozona, los diferenciales de los tipos de interés de los bonos gubernamentales desaparecieron en el período previo a la crisis.</s>
    <s id="11">Los participantes del mercado –incluidas las agencias calificadoras – calcularon muy mal los riesgos o bien nunca tomaron en serio la cláusula de no rescate del Tratado de Maastricht.</s>
  </p>
  <p id="5">
    <s id="12">Mientras tanto, siguieron sin utilizarse los mecanismos institucionales establecidos para amp#160;coordinar las políticas económicas y fiscales.</s>
    <s id="13">En lo que se refiere a la cuestión fiscal, las reglas del Pacto de Estabilidad y Crecimiento incluso se hicieron menos rigurosas, y las decisiones en cuanto a las medidas de ajuste y las posibles sanciones se volvieron dependientes de consideraciones políticas de corto plazo.</s>
  </p>
  <p id="6">
    <s id="14">Mientras los pecadores potenciales de Europa sigan juzgando a los pecadores de facto, la presión colectiva no funcionará.</s>
    <s id="15">En efecto, los programas de reducción del déficit se basaron frecuentemente amp#160;en supuestos de crecimiento demasiado optimistas, y en los tiempos de crecimiento económico fuerte, la reducción de la deuda se ignoró.</s>
    <s id="16">No en todos los países se contaba con estadísticas confiables y durante años no hubo voluntad política para proteger los presupuestos públicos del impacto en los costos de los servicios de salud y las pensiones de las poblaciones que envejecen rápidamente.</s>
  </p>
  <p id="7">
    <s id="17">Todas estas fallas se pusieron plenamente de manifiesto en 2005 cuando los gobiernos europeos diluyeron las reglas del Pacto de Estabilidad y Crecimiento al grado de que, a efectos prácticos, se volvieron opcionales.</s>
    <s id="18">El Banco Central Europeo fue esencial en esta decisión cuyas consecuencias drásticas han excedido nuestros más grandes temores.</s>
  </p>
  <p id="8">
    <s id="19">La crisis financiera afectó fuertemente a los presupuestos públicos.</s>
    <s id="20">El efecto de los estabilizadores automáticos durante la desaceleración económica, el apoyo estatal a los bancos y los paquetes de estímulo fiscal que adoptaron los gobiernos socavan la sostenibilidad fiscal.</s>
  </p>
  <p id="9">
    <s id="21">La reevaluación repentina del riesgo soberano por parte de los mercados financieros ahora ha puesto a los gobiernos de la eurozona bajo una presión considerable para reducir sus déficits.</s>
    <s id="22">Sin embargo, existe el riesgo de que la consolidación fiscal disminuya tan pronto se hayan tranquilizado los mercados debido a un cierto grado de reducción del déficit.</s>
    <s id="23">Para minimizar ese riesgo, los países de la eurozona tienen que rediseñar y fortalecer las bases de la arquitectura institucional para la coordinación de las reformas estructurales que desde hace mucho se han aplazado y para la protección de las finanzas públicas.</s>
  </p>
  <p id="10">
    <s id="24">Estos esfuerzos requerirán reformas de largo alcance.</s>
    <s id="25">Se necesita una supervisión macroeconómica y fiscal libre de consideraciones políticas, normas presupuestales más estrictas y vinculantes, sanciones más ágiles en caso de infracción y una estrecha coordinación de las políticas económicas.</s>
    <s id="26">La despolitización de la supervisión se puede lograr creando un organismo independiente, formal o informal, y las normas más estrictas y vinculantes tienen que incluir una vinculación más fuerte entre el déficit y los criterios que definen la deuda.</s>
  </p>
  <p id="11">
    <s id="27">En efecto, reducir los altos niveles actuales de deuda en la eurozona requerirá de una consolidación sustancial.</s>
    <s id="28">Primero, los gobiernos deben reducir los déficits fiscales de modo que no superen el 3% del PIB, en congruencia con lo que se ha acordado en el Consejo Europeo.</s>
    <s id="29">Segundo, para preparar el proceso de reducción de los coeficientes de deuda, los gobiernos tendrán que fijarse la meta de reducir aún más los déficits de acuerdo con sus objetivos presupuestales de mediano plazo.</s>
  </p>
  <p id="12">
    <s id="30">Para que las sanciones sean creíbles, tienen que activarse mucho antes de que un país tenga dificultades económicas.</s>
    <s id="31">Por consiguiente, las sanciones no deben ser solamente de naturaleza financiera sino que deben incluir otras medidas también.</s>
    <s id="32">Dichas sanciones deben empezar a imponerse cuando los gobiernos no logren cumplir los requisitos mínimos para conseguir los objetivos de mediano plazo.</s>
    <s id="33">Su rigurosidad debe ir aumentando según el tiempo y la gravedad con que se haya infringido una norma.</s>
  </p>
  <p id="13">
    <s id="34">Con relación a la política estructural, necesitamos una mejor arquitectura para supervisar y salvaguardar la competitividad de cada país y para eliminar los desequilibrios.</s>
    <s id="35">Esto requiere de un seguimiento de la competitividad y de su escrutinio.</s>
  </p>
  <p id="14">
    <s id="36">Los países deben ser asignados a un grupo de riesgo en función de su vulnerabilidad económica.</s>
    <s id="37">Mientras más grande sea el riesgo, más vinculantes deben ser las recomendaciones para reducir los desequilibrios, más estricta deberá ser la supervisión de la correcta aplicación de las medidas y más severas deberán ser las sanciones por infringir sistemáticamente las normas.</s>
  </p>
  <p id="15">
    <s id="38">Algunos han propuesto establecer una nueva institución para la gestión de la crisis, lo cual muy probablemente requeriría de una enmienda al Tratado.</s>
    <s id="39">Sin embargo, si las reformas en el ámbito de la política fiscal y la coordinación de la política económica resultan exitosas, dicha institución nunca tendría que intervenir y, por consiguiente, sería superflua.</s>
  </p>
  <p id="16">
    <s id="40">Las reformas estructurales y la consolidación fiscal son, por cierto, tareas que corresponden no solamente a los países que tienen un déficit en la cuenta corriente.</s>
    <s id="41">Por supuesto, la presión sobre estos países para reaccionar es particularmente alta, pero no hay ningún país en la eurozona cuya situación presupuestal pueda describirse como perdurablemente sana.</s>
    <s id="42">Los países con excedentes también tienen que adoptar medidas para fortalecer la economía nacional mediante la creación de incentivos para la inversión y el empleo.</s>
  </p>
  <p id="17">
    <s id="43">Estas medidas de ajuste son dolorosas pero necesarias.</s>
    <s id="44">Sin reformas estructurales que fortalezcan el empleo y el crecimiento, incluso los esfuerzos más serios para promover la recuperación serán inútiles tanto económica como políticamente.</s>
  </p>
</document>
