<?xml version="1.0" encoding="utf-8"?>
<document>
  <HEADLINE>
    <s id="1">El momento de la verdad para el Medio Oriente</s>
  </HEADLINE>
  <p id="1">
    <s id="2">JERUSALÉN: Cualquiera que sea el resultado de la cumbre entre el Primer Ministro Ehud Barak, de Israel, y el líder de la OLP, Yasser Arafat, convocada por el Presidente Clinton en Campo David, una cosa sí es clara: ha llegado el momento de la verdad para las negociaciones de paz entre israelíes y palestinos.</s>
    <s id="3">Las deserciones del gobierno y la coalición del Primer Ministro Barak, entre ellas la renuncia de su ministro de asuntos exteriores, David Levy, darán un toque aun más dramático a las negociaciones.</s>
  </p>
  <p id="2">
    <s id="4">Israelíes y Palestinos han estado negociando desde 1995, cuando firmaron los Acuerdos de Oslo, cuyo mayor logro fue el reconocimiento mutuo y la autonomía para los palestinos en ciertas zonas de Cisjordania y de Gaza.</s>
    <s id="5">Las negociaciones futuras tendrán que decidir el estatus definitivo de la Autoridad Palestina (es decir, si Palestina será un Estado independiente), los asuntos fronterizos, el futuro de los asentamientos judíos, la posibilidad de que los refugiados regresen a sus hogares y la situación de Jerusalén, que ambos bandos reclaman como su capital, pero que se encuentra completamente bajo control israelí.</s>
  </p>
  <p id="3">
    <s id="6">Bajo la serie de acuerdos firmados a lo largo de los años dentro de este marco se estableció la Autoridad Palestina, encabezada por Yasser Arafat, quien regresó de su exilio en Túnez a Gaza.</s>
    <s id="7">Israel entregó a la Autoridad Palestina la mayor parte de esa zona y casi todos los asentamientos de Cisjordania.</s>
    <s id="8">Hoy en día, aunque la Autoridad Palestina controla menos del 30% de Gaza y Cisjordania, más del 80% de los palestinos que habitan ahí viven bajo su régimen, libres de la ocupación militar israelí.</s>
    <s id="9">Han comenzado a operar una legislatura y un gabinete palestinos, así como servicios de policía y seguridad.</s>
    <s id="10">La Autoridad Palestina también administra la economía, la educación y otros asuntos internos.</s>
    <s id="11">Aunque los resultados económicos han variado, el cambio más importante en la vida diaria de los palestinos ha sido que la mayoría ya no viven bajo la autoridad de Israel.</s>
  </p>
  <p id="4">
    <s id="12">Sin embargo, los asentamientos judíos, construidos principalmente bajo los gobiernos derechistas de Menahem Beguin, Yitzak Shamir y Benjamín Netanyahu, permanecen, y las relaciones entre los colonos –algunos de ellos nacionalistas muy radicales—y los palestinos siguen tensas.</s>
    <s id="13">El asesinato del Primer Ministro Yitzak Rabín a manos de un estudiante judío de signo nacionalista y religioso radical, retrasó el proceso de paz, sobre todo después de la elección de Netanyahu como Primer Ministro en 1996.</s>
    <s id="14">En 1999, sin embargo, el líder laborista Ehud Barak ganó las elecciones con una avasalladora victoria personal que dio a las negociaciones un nuevo impulso.</s>
  </p>
  <p id="5">
    <s id="15">Es este ímpetu renovado el que podría acelerar el proceso en este momento.</s>
    <s id="16">Aunque ya se han acordado la mayoría de las cuestiones territoriales, es necesario ahora abordar las más difíciles, que intencionalmente se dejaron para las etapas finales de la negociación.</s>
    <s id="17">Aquí es donde el proceso entero triunfará o se resquebrajará.</s>
  </p>
  <p id="6">
    <s id="18">¿Qué sucederá con Jerusalén?</s>
    <s id="19">Regresar a la línea divisoria de 1967, que partía a la ciudad en dos, es imposible, dado que más de 120,000 israelíes viven ahora del otro lado de esa vieja frontera.</s>
    <s id="20">¿Cuál será el futuro de los asentamientos judíos?</s>
    <s id="21">¿Se quedarán, serán evacuados o se les pondrá parcialmente bajo el régimen palestino?</s>
  </p>
  <p id="7">
    <s id="22">Estos son los espinosos problemas, que mezclan factores políticos, estratégicos, religiosos y simbólicos y que trascienden la dimensión humana, respecto de lo que habrá de pasar con las poblaciones tanto judías como árabes.</s>
    <s id="23">El debilitamiento de las posiciones políticas de los líderes complica las cosas aún más.</s>
    <s id="24">La coalición del Primer Ministro Barak es muy frágil y recientemente perdió su mayoría parlamentaria.</s>
    <s id="25">Arafat siente la presión de sus extremistas.</s>
    <s id="26">En el pasado ha admitido actos violentos contra Israel a fin de complacer a los fundamentalistas, lo que ha disminuido la credibilidad y confiabilidad de Arafat a ojos de la población israelí (y no sólo de los extremistas de derecha).</s>
  </p>
  <p id="8">
    <s id="27">Bajo estas circunstancias es necesario un impulso externo y eso es lo que dio el Presidente Clinton con las pláticas de esta semana en Campo David.</s>
    <s id="28">Si no se alcanzan acuerdos en los asuntos pendientes sobrevendrá una escalada: es posible que los Palestinos declaren su independencia de manera unilateral;</s>
    <s id="29">Israel respondería a esa provocación; el frágil equilibrio de Oslo podría deshacerse.</s>
  </p>
  <p id="9">
    <s id="30">Aparentemente, el Primer Ministro Barak estaría dispuesto a aceptar un Estado Palestino independiente –algo que hasta el momento ningún líder israelí ha querido hacer.</s>
    <s id="31">Ha dejado en claro que tal vez 30,000 colonos podrían ser evacuados a Israel o permanecer en sus hogares bajo el régimen palestino.</s>
    <s id="32">Este es un paso valiente y novedoso con un costo altísimo para Barak; pero los palestinos quieren que todos los colonos salgan, lo que constituye una imposibilidad política para cualquier gobierno israelí.</s>
    <s id="33">También se han vertido posiciones mutuamente inaceptables en el caso de Jerusalén.</s>
  </p>
  <p id="10">
    <s id="34">Por ello se necesita un acuerdo –y muy probablemente se logrará en Campo David.</s>
    <s id="35">Va a resultar difícil para Barak y Arafat, reunidos con Clinton, permitir que el Presidente estadounidense fracase.</s>
    <s id="36">Es posible que durante las pláticas haya una serie de duras rondas de negociaciones, con altibajos, crisis reales o inventadas y mucho estirar las cosas para ver hasta donde llegan.</s>
    <s id="37">No obstante, lo lógico es que tarde o temprano, tal vez después de algunas crisis, se alcance un acuerdo.</s>
    <s id="38">Llegar a ese punto será arduo para ambos bandos pero, como afirmó el Presidente Clinton al anunciar la cumbre, la alternativa es mucho peor.</s>
  </p>
</document>
