<?xml version="1.0" encoding="utf-8"?>
<document>
  <HEADLINE>
    <s id="1">La Ruta Regional a la globalización del Libre Comercio</s>
  </HEADLINE>
  <p id="1">
    <s id="2">MADRID – Con la exangüe Ronda de Doha dando sus últimos coletazos, una nueva oleada de negociaciones comerciales regionales ha asumido de facto la tarea de establecer un régimen de comercio global.</s>
    <s id="3">La Administración del presidente Barack Obama ha erigido a EE.UU. en pieza central de este cambio, al emprender simultáneamente dos importantes negociaciones: el Acuerdo Transatlántico de libre Comercio e Inversión (TTIP, por sus siglas en inglés) con la Unión Europea, y la Alianza Transpacífica (TPP, por sus siglas en inglés) con 11 países de América y Asia.</s>
  </p>
  <p id="2">
    <s id="4">Único actor común a ambas iniciativas, EE.UU. está en condiciones tanto de hacerlas progresar armónicamente, cuanto de utilizar los avances de una negociación en contra de la otra.</s>
    <s id="5">Este último enfoque no sólo afectaría a los países directamente involucrados en ellas, sino que dañaría gravemente la proyección de un sistema global de base jurídica.</s>
  </p>
  <p id="3">
    <s id="6">La nueva estrategia regional puede tener éxito y proporcionar una base sobre la que construir un régimen de comercio internacional.</s>
    <s id="7">Pero ello sólo ocurrirá si el TTIP y la TPP son equilibrados y accesibles a la comunidad internacional en general.</s>
    <s id="8">De lo contrario, se corre el riesgo de provocar costosos desequilibrios globales e incluso fragmentación del comercio.</s>
  </p>
  <p id="4">
    <s id="9">Europa tiene un importante papel que jugar a este respecto.</s>
    <s id="10">Ampliar el debate más allá de los dos grandes acuerdos creará un sentido de urgencia y propósito, llevando a EE.UU. a participar activamente o a arriesgarse a perder su centralidad en la agenda comercial global.</s>
    <s id="11">La UE está bien posicionada para favorecer el clima necesario jugando con sus asociaciones comerciales existentes, como es el caso de México y Chile -ambos miembros de la TPP- con los que Europa tiene acuerdos de libre comercio desde hace mucho tiempo, o con Singapur con quien Europa ha concluido recientemente las negociaciones de libre comercio.</s>
  </p>
  <p id="5">
    <s id="12">Más significativas son las otras negociaciones que la UE lleva adelante, que podrían ser utilizadas para impulsar la agenda del TTIP así como de la TPP.</s>
    <s id="13">Las conversaciones entre la UE y Canadá, que deben convertirse en un elemento fundamental para la armonización del TTIP así como de la TPP, se han estancado y deben ser revitalizadas.</s>
    <s id="14">Incluso negociaciones menores en curso, como es el caso de las existentes con Malasia y Vietnam, ofrecen posibilidades en este contexto.</s>
    <s id="15">Sin perjuicio de lo anterior, la más importante es la negociación recientemente iniciada entre la UE y Japón.</s>
  </p>
  <p id="6">
    <s id="16">Europa y Japón se enfrentan a retos difíciles entre los que destacan un rápido envejecimiento de la población y economías inestables.</s>
    <s id="17">Sin embargo, Japón cuenta con una ventaja importante, una fuerte cohesión nacional que le facilita la adopción de medidas audaces y decisivas, algo difícil en Europa.</s>
    <s id="18">Las “tres flechas” con las que el primer ministro Shinzo Abe se ha comprometido a atacar el prolongado atolladero económico de Japón (una política monetaria expansiva, una política fiscal agresiva, y reformas estructurales) son un buen ejemplo.</s>
  </p>
  <p id="7">
    <s id="19">Su decisiva actuación en las dos primeras áreas está bien documentada.</s>
    <s id="20">La reforma estructural, sin embargo, es una propuesta más difícil, con intereses fuertemente arraigados y valores culturales que militan contra el cambio y la apertura de una economía parcialmente cerrada.</s>
    <s id="21">De hecho, Japón se sitúa a la cola de la clasificación de la OCDE en cuanto a restricciones reglamentarias con respecto a la inversión extranjera directa en el país.</s>
    <s id="22">El gobierno de Abe ve los acuerdos comerciales como una buena manera de sacar adelante las reformas necesarias, y esto convierte a Japón en un negociador motivado.</s>
  </p>
  <p id="8">
    <s id="23">Para Europa, que trata de ampliar su presencia en Asia, un vínculo fuerte con una economía japonesa reformada sería de gran ayuda.</s>
    <s id="24">De hecho, la inversión en Japón actualmente representa menos del 3% de la IED total de la UE.</s>
    <s id="25">Más importante aún, un Japón comprometido con la culminación de las negociaciones bilaterales será un aliado útil para impulsar una agenda comercial global equilibrada y con visión de futuro, especialmente porque cabe vaticinar que tanto el TTIP como la TPP navegarán aguas difíciles.</s>
  </p>
  <p id="9">
    <s id="26">La entrada de Japón en la TPP esta primavera supuso un cambio sustantivo.</s>
    <s id="27">Con un PIB equivalente al de la suma de todos los demás socios excluido EE.UU., Japón añade un peso económico significativo.</s>
    <s id="28">Pero la entrada de Japón también implica una complejidad cierta, queda reflejad en la reticencia mostrada por el Congreso de EE.UU. inmediatamente después de que Japón anunciase su intención de unirse a las negociaciones de la Alianza Transpacífica.</s>
  </p>
  <p id="10">
    <s id="29">La TPP está ya en su 18 ª ronda de discusiones y los rumores de que China podría unirse a las negociaciones hacen presagiar que las conversaciones se alargarán significativamente.</s>
    <s id="30">Mientras tanto, la euforia que rodeó el TTIP en febrero, cuando Obama lo incluyó en su discurso del Estado de la Unión, se ha desvanecido.</s>
    <s id="31">Las conversaciones que habrían de completarse con "un tanque de gasolina" han quedado ahogadas por el redoble de la excepción cultural francesa y las revelaciones del analista infiel de la NSA -Edward Snowden- acerca del espionaje de EE.UU. en Europa.</s>
  </p>
  <p id="11">
    <s id="32">Las negociaciones entre la UE y Japón podrían resultar ágiles en comparación.</s>
    <s id="33">La naturaleza bilateral de las conversaciones las hace más fáciles de manejar que la TPP, en constante expansión.</s>
    <s id="34">La diferencia entre las partes en cuanto a tamaño de la economía - el PIB de la UE es casi tres veces mayor que el de Japón - no es tan amplia como para dar lugar a las duras tácticas que han caracterizado las discusiones entre la UE y Canadá (una relación en la que Europa tiene la ventaja de una producción diez veces mayor).</s>
    <s id="35">Por otra parte, las negociaciones entre la UE y Japón no tienen la carga histórica, cultural y emocional de la relación transatlántica lo que repercute en una relativamente moderada atención que proporciona un entorno más fácil en el que discutir las cuestiones difíciles como la contratación pública y la seguridad alimentaria.</s>
  </p>
  <p id="12">
    <s id="36">Las negociaciones comerciales nunca son fáciles y las conversaciones entre la UE y Japón no serán una excepción.</s>
    <s id="37">Sin embargo, la voluntad política necesaria puede y debe existir, si estos dos grandes actores en su ambición por recuperar lustre, apuestan por el potencial de estas conversaciones como motor de la reforma del comercio mundial; especialmente si las instituciones europeas desarrollan algo de la audacia de Abe.</s>
    <s id="38">Porque si queremos avanzar en la internacionalización a través de estas rondas de facto, necesitamos ir más allá del TTIP y de la TPP.</s>
  </p>
</document>
