<?xml version="1.0" encoding="utf-8"?>
<document>
  <HEADLINE>
    <s id="1">Cuentos fantásticos sobre bancos grandes</s>
  </HEADLINE>
  <p id="1">
    <s id="2">WASHINGTON, DC – Existen dos versiones opuestas sobre los recientes esfuerzos de reforma financiera y sobre los peligros que en la actualidad plantean los bancos grandes alrededor del mundo.</s>
    <s id="3">Una versión está errada; la otra es aterradora.</s>
  </p>
  <p id="2">
    <s id="4">En el centro de la primera versión, que es la preferida de los ejecutivos del sector financiero, se encuentra la postura que indica ya se han adoptado todas las reformas necesarias (o que pronto se las adoptará).</s>
    <s id="5">Los bancos tienen menos deuda en relación con sus niveles de capital de la que tenían en el año 2007.</s>
    <s id="6">Se han implementado nuevas normas que limitan el alcance de las actividades bancarias en los Estados Unidos, y pronto dichas normas se convertirán en ley en el Reino Unido – y Europa continental podría seguir este ejemplo.</s>
    <s id="7">Los partidarios de esta postura también afirman que los megabancos están gestionando mejor el riesgo en comparación con su forma de gestión antes de que estalle la crisis financiera mundial en el año 2008.</s>
  </p>
  <p id="3">
    <s id="8">En la segundo versión, los bancos más grandes del mundo siguen siendo demasiado grandes para ser administrados y tienen fuertes incentivos para participar precisamente en el tipo de toma de riesgos excesivos que puedan hacer caer a las economías.</s>
    <s id="9">Las pérdidas en transacciones bursátiles incurridas el año pasado por la “Ballena londinense” en JPMorgan Chase son un ejemplo de lo mencionado.</s>
    <s id="10">Y, según los defensores de esta versión, casi todos los grandes bancos muestran síntomas de una mala administración crónica.</s>
  </p>
  <p id="4">
    <s id="11">Si bien el debate sobre los megabancos a veces suena técnico, de hecho, es bastante simple.</s>
    <s id="12">Haga esta pregunta: si una institución financiera descomunal se mete en problemas, ¿es esto un gran problema para el crecimiento económico, el desempleo, y otros indicadores similares?</s>
    <s id="13">O, de manera más franca, ¿podrían Citigroup o una empresa europea de tamaño similar meterse en problemas y tropezar de nuevo inclinándose hacia la quiebra sin atraer algún tipo de apoyo gubernamental y del banco central (ya sea apoyo transparente o ligeramente disfrazado)?</s>
  </p>
  <p id="5">
    <s id="14">Los EE.UU. dieron un paso en la dirección correcta con el Título II de la ley de reforma financiera Dodd-Frank (Dodd-Frank reform legislation) en el año 2010, la cual fortaleció las facultades de resolución de la Corporación Federal de Seguro de Depósitos (FDIC).</s>
    <s id="15">Y la FDIC ha desarrollado algunos planes plausibles específicamente para hacer frente a las entidades financieras nacionales.</s>
    <s id="16">(Yo soy miembro del Comité Asesor para Resoluciones Sistémicas de la FDIC; mas, todas las opiniones expresadas en este artículo son únicamente mías.)</s>
  </p>
  <p id="6">
    <s id="17">Sin embargo, un gran mito acecha al corazón del razonamiento de la industria financiera que indica que todo se encuentra bien.</s>
    <s id="18">Las facultades de resolución de la FDIC no funcionarán en empresas financieras grandes, complejas y transfronterizas.</s>
    <s id="19">La razón es simple: la ley de los EE.UU. puede crear una facultad de resolución que funciona sólo dentro de las fronteras nacionales.</s>
    <s id="20">Abordar la quiebra potencial en una empresa como Citigroup requeriría un acuerdo transfronterizo entre los gobiernos y todos los organismos responsables.</s>
  </p>
  <p id="7">
    <s id="21">En los encuentros informales durante las recientemente celebradas reuniones de primavera (spring meetings) del Fondo Monetario Internacional en Washington, DC, tuve la oportunidad de conversar con altos funcionarios y los asesores de estos, quienes asistían a dichas reuniones representando a distintos países, incluyendo a los de Europa.</s>
    <s id="22">Les hice a todos ellos la misma pregunta: ¿cuándo vamos a tener un marco vinculante sobre facultades de resolución transfronterizas?</s>
  </p>
  <p id="8">
    <s id="23">Las respuestas generalmente se extendieron en un rango que iba desde “no durante nuestras vidas” a “nunca”.</s>
    <s id="24">También esta vez, la razón es simple: los países no quieren comprometer su soberanía ni atar sus manos en cualquier forma.</s>
    <s id="25">Los gobiernos quieren tener la posibilidad de decidir la mejor manera de proteger los intereses nacionales percibidos, en el momento se produce una crisis.</s>
    <s id="26">Nadie está dispuesto a firmar un tratado o de cualquier otra manera comprometerse anticipadamente en una forma vinculante (quien menos desea asumir tal compromiso es una mayoría del Senado de los EE.UU., y dicho Senado es el organismo que debe ratificar un tratado de esta índole).</s>
  </p>
  <p id="9">
    <s id="27">Como Bill Dudley, presidente del Banco de la Reserva Federal de Nueva York, dijo recientemente (put it recently), utilizando el lenguaje delicado que utilizan los banqueros que se encuentran a cargo de los bancos centrales, “Los impedimentos para una resolución transfronteriza disciplinada aún tienen que ser plenamente identificados y desmantelados.</s>
    <s id="28">Esto es necesario para eliminar el problema denominado ‘demasiado grande para quebrar’”.</s>
  </p>
  <SOURCE TRANSLATOR="la resolución disciplinada de los megabancos globales es una ilusión. Mientras permitamos que existan bancos transfronterizos en o cerca de su escala actual, nuestros líderes políticos no podrán de tolerar su quiebra. Y, debido a que estas grandes instituciones financieras son según cualquier definición significativa “demasiado grandes para quebrar”, pueden pedir prestado a costos más baratos de lo que ocurriría en otros casos. Lo que es peor, tienen tanto el motivo y la oportunidad de crecer y llegar a ser aún más grandes." />
</document>
