<?xml version="1.0" encoding="utf-8"?>
<document>
  <HEADLINE>
    <s id="1">El terremoto Hamas</s>
  </HEADLINE>
  <p id="1">
    <s id="2">La aplastante derrota de Al Fatah en las elecciones celebradas esta semana coloca al pueblo palestino ante una encrucijada.</s>
    <s id="3">Un partido político islámico que antes se había abstenido de la política nacional y que rechaza la política de Al Fatah de negociaciones con Israel está ahora al mando de Palestina.</s>
  </p>
  <p id="2">
    <s id="4">Hamas obtuvo 76 de los 132 escaños en el Consejo Legislativo Palestino y puede contar con el apoyo de cuatro diputados independientes.</s>
    <s id="5">En total, es el 60 por ciento de los escaños del Parlamento, obtenidos en casi todos los distritos de la Ribera Occidental y Gaza.</s>
    <s id="6">Hamas no ha entrado en la política electoral hasta hace poco, pero su sólida victoria fue precedida de un gran éxito en las elecciones municipales.</s>
    <s id="7">Ha llegado el momento político de Hamas.</s>
  </p>
  <p id="3">
    <s id="8">Conforme a la legislación palestina, Mahmoud Abbas, el Presidente palestino, debe pedir ahora a Hamas que forme un nuevo gobierno.</s>
    <s id="9">Por su parte, los funcionarios de Al Fatah no parecen dispuestos a participar en un gobierno dirigido por Hamas.</s>
    <s id="10">Aunque éste ha dicho que procuraría formar esa coalición, la humillante derrota de Al Fatah lo ha dejado con poco crédito como socio de gobierno.</s>
  </p>
  <p id="4">
    <s id="11">Hasta ahora, los dirigentes superiores de Al Fatah han declarado que serán una oposición leal en el Parlamento y dejarán la responsabilidad gubernamental a Hamas.</s>
    <s id="12">En cambio, tendrán que centrarse en reconstruir y revigorizar Al Fatah.</s>
  </p>
  <p id="5">
    <s id="13">Hamas es perfectamente consciente de la conmoción que ha producido su victoria.</s>
    <s id="14">Si Al Fatah se niega a participar en la coalición, Hamas puede optar por un gobierno de independientes y tecnócratas.</s>
    <s id="15">No es probable que Hamas forme un gobierno compuesto de partidarios de la línea dura.</s>
    <s id="16">Las circunstancias políticas, económicas y de seguridad de los palestinos requieren un gobierno centrado en resolver problemas, no en la pureza ideológica.</s>
  </p>
  <p id="6">
    <s id="17">El problema más urgente que afronta el nuevo gobienro es el desorden y la anarquía en toda la sociedad palestina.</s>
    <s id="18">Los asesinatos, los secuestros y las extorsiones han alcanzado dimensiones sin precedentes.</s>
    <s id="19">Los individuos armados recurren a los secuestros para obtener puestos de trabajo, liberar a miembros de su familia de la cárcel y cobrarse venganza.</s>
  </p>
  <p id="7">
    <s id="20">Con frecuencia, las personas implicadas en esos delitos pertenecen a bandas locales o incluso a las milicias de grandes clanes.</s>
    <s id="21">En la oposición, Hamas se negó rotundamente a recoger las armas ilegales.</s>
    <s id="22">Ahora, tendrá que tratar de una sociedad palestina que está armada hasta los dientes, con tasas de pobreza que alcanzan el 70 por ciento y un desempleo del 30 por ciento.</s>
  </p>
  <p id="8">
    <s id="23">Tras haberse beneficiado del rechazo político abrumador a Al Fatah, ahora Hamas será juzgado por su uso de la nueva autoridad.</s>
    <s id="24">Por primera vez, un reloj político está haciendo tictac por Hamas.</s>
    <s id="25">Los funcionarios superiores de Hamas conocen perfectamente el problema y han prometido una revisión completa de los servicios públicos y la administración palestinos.</s>
    <s id="26">En los próximos meses se calibrará, más que ninguna otra cosa, el éxito de Hamas en función de su actitud ante estas cuestiones.</s>
  </p>
  <p id="9">
    <s id="27">¿Podrá Hamas erradicar la corrupción y la incompetencia y prestar servicios de forma justa y eficiente?</s>
    <s id="28">¿Cómo afectará su elección a las corrientes de ayuda extranjera de Palestina, que constituyen el componente más importante del presupuesto nacional?</s>
  </p>
  <p id="10">
    <s id="29">La reacción internacional inicial ante la victoria de Hamas ha sido severa.</s>
    <s id="30">El gobierno de Bush ha declarado que no tratará con el gobierno de Hamas, porque éste sigue comprometido con la destrucción de Israel.</s>
    <s id="31">Ése es, en verdad, el lenguaje del pacto de Hamas de 1988.</s>
  </p>
  <p id="11">
    <s id="32">Sin embargo, resulta interesante que la plataforma electoral de Hamas combinara diferentes planteamientos para la cuestión del Estado palestino.</s>
    <s id="33">Por una parte, Hamas accedió por primera vez a la creación de un Estado palestino en la Ribera Occidental y Gaza, con su capital en Jerusalén oriental.</s>
    <s id="34">Por otra parte, la plataforma repite la negativa de Hamas a renunciar a un solo centímetro de la Palestina histórica.</s>
  </p>
  <p id="12">
    <s id="35">Ahora resulta imposible decir si se podrá transformar a Hamas en una organización más moderada, pero está claro que ahora es vulnerable ante la opinión pública y, como autoridad gobernante, tendrá que abordar la reacción ante su victoria.</s>
  </p>
  <p id="13">
    <s id="36">Inmediatamente después de las elecciones, un funcionario superior de Hamas, Mahmoud Al Zahar, dijo que Hamas mantendría la tregua con Israel iniciada el pasado mes de febrero, si Israel hacía lo propio.</s>
    <s id="37">Puede que con ello quiera decir que no provocará a Israel.</s>
    <s id="38">Tal vez sus deberes de gobierno inciten a Hamas a celebrar conversaciones en serio con los Estados Unidos y la comunidad internacional.</s>
  </p>
  <p id="14">
    <s id="39">En cualquier caso, pese a los resultados de las elecciones e incluso sin la participación de Al Fatah en el gobierno, Abbas sigue a cargo de las negociaciones con Israel.</s>
    <s id="40">Se ha apresurado a pedir una reanudación de las conversaciones de paz, aunque Israel, como los Estados Unidos, se ha negado a tratar con Hamas.</s>
  </p>
  <p id="15">
    <s id="41">Los palestinos se han internado por un terreno desconocido.</s>
    <s id="42">Acudieron en masa a votar en unas elecciones que el ex Presidente Jimmy Carter calificó de correctas, justas y libres de violencia.</s>
    <s id="43">Eligieron a un partido que pedía "reforma y cambio" como reacción ante un decenio de violencia y desorden y los palestinos aceptaron la opinión de Hamas de que con las negociaciones basadas en los Acuerdos de Oslo no se podían lograr los derechos palestinos ni sus ambiciones políticas.</s>
  </p>
  <p id="16">
    <s id="44">Una vez lograda la victoria, Hamas se hará cargo de la responsabilidad del bando palestino en el conflicto palestino-israelí.</s>
    <s id="45">Con el futuro de los palestinos en juego –por no hablar del futuro de Israel y de Oriente Medio–, nadie puede decir si Hamas está preparado para desempeñar esa tarea.</s>
  </p>
</document>
