<?xml version="1.0" encoding="utf-8"?>
<document>
  <HEADLINE>
    <s id="1">La hora de los tecnócratas</s>
  </HEADLINE>
  <p id="1">
    <s id="2">CAMBRIDGE.– Grecia e Italia, desesperadas luego de que sus paralizados sistemas políticos las dejasen sumidas en deuda y crisis, han elegido a economistas tecnocráticos –Lucas Papademos y Mario Monti, respectivamente– en vez de políticos para liderar sus nuevos gobiernos.</s>
    <s id="3">A ambos se los puede describir como profesores: Monti ha sido presidente de la Universidad Bocconi de Milán y comisario europeo, Papademos ha sido mi colega en la Escuela de Gobierno Kennedy de Harvard durante el año posterior a su cargo como subgobernador del Banco Central Europeo.</s>
  </p>
  <p id="2">
    <s id="4">Dentro de no mucho, ambos probablemente darán lugar a titulares como el siguiente: «Profesores brillan en Economía pero reprueban Política».</s>
    <s id="5">Eso será injusto.</s>
    <s id="6">El obstáculo no será su falta de habilidad política, sino su falta de poder político.</s>
  </p>
  <p id="3">
    <s id="7">Monti, a pesar del fuerte apoyo popular a su gobierno tecnocrático, no cuenta con una mayoría parlamentaria en la que puede confiar.</s>
    <s id="8">Mientras tanto, el ex primer Ministro Silvio Berlusconi ha dejado en claro que no abandonará sus intereses políticos personales por el bien del país.</s>
  </p>
  <p id="4">
    <s id="9">Las cartas con las que debe jugar Papademos son aún peores.</s>
    <s id="10">A pesar de sus mejores esfuerzos para condicionar su aceptación del cargo de primer ministro a un gobierno que dure más de tres meses y tener la capacidad para nombrar algunos miembros de su gabinete, finalmente no logró ninguna de sus demandas.</s>
  </p>
  <p id="5">
    <s id="11">El ascenso de estos dos sobresalientes funcionarios públicos llega con posterioridad a un período en que otros profesores han sido excluidos por el proceso político.</s>
    <s id="12">En junio, varios economistas bien cualificados de países con mercados emergentes fueron ignorados durante la selección de un sucesor a Dominique Strauss-Kahn como director gerente del Fondo Monetario Internacional.</s>
  </p>
  <p id="6">
    <s id="13">En Alemania, Axel Weber renunció como presidente del Bundesbank y miembro del Consejo Directivo del BCE en enero pasado, supuestamente porque sus afirmaciones oponiéndose a las compras del banco de los bonos de los países en problemas de la eurozona reflejaban su candor político.</s>
    <s id="14">La prensa no podía imaginar que un tecnócrata renunciara voluntariamente a la oportunidad cierta de un puesto de gran poder –sucesor de Jean-Claude Trichet como presidente del BCE– por una cuestión de principios.</s>
  </p>
  <p id="7">
    <s id="15">Pero eso es exactamente lo que Weber hizo.</s>
    <s id="16">La voluntad para renunciar al poder en caso necesario es una de las ventajas que los profesores aportan a esos puestos.</s>
    <s id="17">(Para la presidencia del BCE se designó entonces a otro economista y tecnócrata, Mario Draghi, quien es, de hecho, la persona perfecta para ese trabajo.)</s>
  </p>
  <p id="8">
    <s id="18">Es un error combinar a las elites tecnocráticas (quienes cuentan con doctorados u otros títulos avanzados en economía) con otros tipos de elites (aquellos con dinero o poder, especialmente si heredaron alguno de los dos).</s>
    <s id="19">La mayoría de los economistas entendieron los riesgos de la unión monetaria europea.</s>
    <s id="20">Fueron los políticos quienes subestimaron las dificultades técnicas cuando optaron por la integración monetaria.</s>
  </p>
  <p id="9">
    <s id="21">No hace falta decir que la pericia académica o técnica no es ni necesaria ni suficiente para garantizar el éxito de los funcionarios de gobierno.</s>
    <s id="22">De hecho, muchos de mis colegas en Harvard serían desastrosos encargados de políticas, debido a su falta de liderazgo, capacidad de gestión u otras habilidades interpersonales.</s>
    <s id="23">Y muchos excelentes líderes políticos –por ejemplo, George Washington y Dwight Eisenhower, entre los presidentes estadounidenses– no han sido intelectuales.</s>
  </p>
  <p id="10">
    <s id="24">Los tecnócratas pueden desempeñar una función útil como agentes honestos cuando los políticos tradicionales han sido desacreditados o los partidos llegan a un punto muerto.</s>
    <s id="25">Por otra parte, cuentan con la credibilidad que conlleva la falta del deseo de su reelección, ya sea porque su período de gobierno tiene límites establecidos de antemano o porque se sabe que prefieren una tranquila vida académica.</s>
  </p>
  <p id="11">
    <s id="26">Su ventaja más obvia es aparente cuando un país está en problemas –por ejemplo, proponer reformas económicas o negociar los términos de créditos– que son en gran medida de índole técnica.</s>
    <s id="27">Un buen antecedente italiano es Carlo Ciampi, quien tomó las riendas del gobierno en 1993, luego de que Italia se viese forzada a abandonar el Mecanismo Europeo de Cambio, y se las arregló para evitar la scala mobile (el sistema de indexación de salarios), derrotar a la inflación, y abordar nuevamente el tren de la integración monetaria europea.</s>
  </p>
  <p id="12">
    <s id="28">Entre algunas de las obvias desventajas de los tecnócratas se encuentra la falta de experiencia en gestión, la falta de legitimidad percibida, y la falta de una base de poder local.</s>
    <s id="29">Tanto Monti como Papademos cuentan con experiencia en gestión y, por ahora, legitimidad.</s>
    <s id="30">Se verán limitados, sin embargo, por su incapacidad para invocar el apoyo estable de un bloque político.</s>
  </p>
  <p id="13">
    <s id="31">Muchos actuales jefes de estado pueden considerarse tecnócratas: El presidente mexicano Felipe Calderón, el presidente chileno Sebastián Piñera, y la presidente de Liberia, Ellen Johnson Sirleaf, entre otros.</s>
    <s id="32">Nadie puede acusarlos de haber vivido entre algodones, o de no estar acostumbrados a tomar decisiones difíciles.</s>
    <s id="33">Además, todos recibieron su entrenamiento académico en Harvard.</s>
    <s id="34">(Calderónasistió a tres de mis cursos; desafortunadamente, ocuparse de violentos barones de la droga no estaba en mi plan de estudios.)</s>
  </p>
  <p id="14">
    <s id="35">Contar con buenas credenciales internacionales no siempre resulta una ventaja.</s>
    <s id="36">Cuando Sirleaf recibió el premio Nobel de la Paz en 2011, se especuló que su buena imagen en el extranjero podría afectar negativamente su campaña local de reelección.</s>
    <s id="37">Análogamente, tanto Papademos como Monti son miembros certificados de elites de la Unión Europea y la zona del euro.</s>
    <s id="38">Esto los ayudará a lograr apoyo en el extranjero para sus países, pero los dejará en una posición vulnerable ante las acusaciones locales de ser lacayos de potencias extranjeras.</s>
  </p>
  <p id="15">
    <s id="39">Es adecuado que Roma y Atenas, las dos sedes de la civilización clásica occidental, hayan recurrido a estos dos hombres urbanos y eruditos en busca de liderazgo.</s>
    <s id="40">Pero ni Papademos ni Monti pueden conjurar magias tecnocráticas si no se les dan las herramientas políticas para aprobar las políticas adecuadas.</s>
  </p>
</document>
