<?xml version="1.0" encoding="utf-8"?>
<document>
  <HEADLINE>
    <s id="1">Los peligros de 2012</s>
  </HEADLINE>
  <p id="1">
    <s id="2">CALCUTA.– El año 2011 será recordado como la época en que muchos estadounidenses que siempre habían sido optimistas comenzaron a renunciar a la esperanza.</s>
    <s id="3">El presidente John F. Kennedy dijo una vez que la marea alta eleva todos los botes.</s>
    <s id="4">Pero ahora, con la marea baja, los estadounidenses no solo comienzan a ver que quienes tienen mástiles más altos han sido elevados mucho más, sino que muchos de los botes más pequeños han sido destrozados por el agua.</s>
  </p>
  <p id="2">
    <s id="5">En ese breve momento en que la marea creciente estaba, efectivamente, subiendo, millones de personas creyeron que tenían buenas probabilidades de cumplir su «sueño americano».</s>
    <s id="6">Ahora también esos sueños están retirándose.</s>
    <s id="7">En 2011, los ahorros de quienes habían perdido sus empleos en 2008 o 2009 ya se habían gastado.</s>
    <s id="8">El seguro de desempleo se había terminado.</s>
    <s id="9">Los titulares que anunciaban nuevas contrataciones –aún insuficientes para incorporar a quienes habitualmente se suman a la fuerza laboral– significaban poco para cincuentones con pocas ilusiones de volver a tener un empleo.</s>
  </p>
  <p id="3">
    <s id="10">De hecho, las personas de mediana edad que pensaron que estarían desempleadas por unos pocos meses, se han dado cuenta a esta altura de que, en realidad, fueron jubiladas a la fuerza.</s>
    <s id="11">Los jóvenes graduados universitarios con decenas de miles de dólares de deuda en créditos educativos no podían encontrar ningún empleo.</s>
    <s id="12">La gente se mudó a las casas de sus amigos y los parientes se han convertido en sin techo.</s>
    <s id="13">Las casas compradas durante la burbuja inmobiliaria aún están en el mercado, o han sido vendidas con pérdidas.</s>
    <s id="14">Más de 7 millones de familias estadounidenses han perdido sus hogares.</s>
  </p>
  <p id="4">
    <s id="15">El oscuro punto vulnerable de la burbuja financiera de las décadas anteriores también ha quedado completamente expuesto en Europa.</s>
    <s id="16">Los titubeos por Grecia y la devoción de los gobiernos nacionales clave por la austeridad comenzaron a implicar una pesada carga el año pasado.</s>
    <s id="17">Italia se contagió.</s>
    <s id="18">El desempleo español, que se había mantenido cerca del 20% desde el comienzo de la recesión, trepó aún más.</s>
    <s id="19">Lo impensable –el fin del euro– comenzó a verse como una posibilidad real.</s>
  </p>
  <p id="5">
    <s id="20">Este año parece encaminado a ser aún peor.</s>
    <s id="21">Es posible, por supuesto, que Estados Unidos solucione sus problemas políticos y adopte finalmente las medidas de estímulo que necesita para reducir el desempleo al seis o siete por ciento (el nivel previo a la crisis de cuatro o cinco por ciento es demasiado pedir).</s>
    <s id="22">Pero esto es tan poco probable como que Europa se dé cuenta de que la austeridad por sí misma no resolverá sus problemas.</s>
    <s id="23">Por el contrario, la austeridad solo exacerbará la desaceleración económica.</s>
    <s id="24">Sin crecimiento, la crisis de la deuda –y la crisis del euro– solo empeorarán.</s>
    <s id="25">Y la larga crisis que comenzó con el colapso de la burbuja inmobiliaria en 2007 y la recesión que la siguió, continuarán.</s>
  </p>
  <p id="6">
    <s id="26">Además, es posible que los países con los mercados emergentes más importantes, que capearon exitosamente las tormentas de 2008 y 2009, no sobrelleven tan bien los problemas que se perciben en el horizonte.</s>
    <s id="27">El crecimiento brasileño ya se ha detenido y eso genera ansiedad entre sus vecinos latinoamericanos.</s>
  </p>
  <p id="7">
    <s id="28">Mientras tanto, los problemas de largo plazo –incluido el cambio climático y otras amenazas ambientales, y la creciente desigualdad en la mayoría de los países del mundo– continúan allí.</s>
    <s id="29">Algunos incluso han empeorado.</s>
    <s id="30">Por ejemplo, el alto desempleo ha deprimido los salarios y aumentado la pobreza.</s>
  </p>
  <p id="8">
    <s id="31">La buena noticia es que solucionar estos problemas de largo plazo ayudaría a resolver los de corto plazo.</s>
    <s id="32">Una mayor inversión para adaptar la economía al calentamiento global ayudaría estimular la actividad económica, el crecimiento y la creación de empleo.</s>
    <s id="33">Impuestos más progresivos, que redistribuyan desde los ingresos altos hacia los medios y bajos, simultáneamente reducirían la desigualdad y aumentarían el empleo al impulsar la demanda total.</s>
    <s id="34">Los impuestos más elevados a los ricos podrían generar ingresos para financiar la necesaria inversión pública, y proporcionar cierta protección social para quienes menos tienen, incluidos los desempleados.</s>
  </p>
  <p id="9">
    <s id="35">Incluso sin ampliar el déficit fiscal, esos aumentos de «presupuesto equilibrado» en los impuestos y el gasto reducirían el desempleo y aumentarían el producto.</s>
    <s id="36">Lo que preocupa, sin embargo, es que la política y la ideología en ambos lados del Atlántico, pero especialmente en EE.</s>
    <s id="37">UU., no permitirá que nada de esto ocurra.</s>
    <s id="38">La fijación en el déficit inducirá recortes en el gasto social, empeorando la desigualdad.</s>
    <s id="39">De igual manera, la persistente atracción hacia la economía de oferta, a pesar de toda la evidencia su contra (especialmente en períodos de alto desempleo), evitará que se aumenten los impuestos a quienes más tienen.</s>
  </p>
  <p id="10">
    <s id="40">Incluso antes de la crisis hubo un reordenamiento del poder económico –de hecho, una corrección de una anomalía con 200 años de historia, en la que la participación asiática del PBI global cayó desde cerca del 50% a, en cierto punto, menos del 10%.</s>
    <s id="41">El compromiso pragmático con el crecimiento que se percibe actualmente en Asia y otros mercados emergentes destaca frente a las equivocadas políticas occidentales, que, impulsadas por una combinación de ideología e intereses creados, parecen casi reflejar un compromiso para evitar el crecimiento.</s>
  </p>
  <p id="11">
    <s id="42">Como resultado, la reestructuración económica global probablemente se acelere.</s>
    <s id="43">Y casi inevitablemente dará lugar a tensiones políticas.</s>
    <s id="44">Con todos los problemas que enfrenta la economía global, seremos afortunados si estas presiones no comienzan a manifestarse dentro de los próximos doce meses.</s>
  </p>
</document>
