<?xml version="1.0" encoding="utf-8"?>
<document>
  <HEADLINE>
    <s id="1">El ocaso de Pervez Musharraf</s>
  </HEADLINE>
  <p id="1">
    <s id="2">Se dice que el poder político en el Pakistán tiene esta triple procedencia: Alá, el ejército y el apoyo de los Estados Unidos.</s>
    <s id="3">De los tres, la cúpula del ejército es la que tiene los medios más claros para liberar el país de Pervez Musharraf, el uniformado Presidente del Pakistán, y ésa es la razón principal por la que no es probable que un pacto para compartir el poder con la ex Primera Ministra Benazir Bhutto ponga fin a la agitación política en el Pakistán.</s>
  </p>
  <p id="2">
    <s id="4">Musharraf abrigaba la esperanza de prorrogar su presidencia sin ceder a la exigencia de la oposición de que renuncie a su posición militar y vuelva a nombrar a un rival civil para el cargo de Primer Ministro, pero pocos dirigentes internacionales afrontan tamaña diversidad de enemigos jurados en su país.</s>
  </p>
  <p id="3">
    <s id="5">Desde que tomó el poder a raíz de un golpe militar en 1999, Musharraf ha sobrevivido a al menos tres graves intentos de asesinato.</s>
    <s id="6">Su asociación antiterrorista con los Estados Unidos socavó fatalmente su alianza política con los conservadores religiosos del país antes incluso de que en julio su gobierno tomara por asalto la Mezquita Roja de Islamabad y matara a más de 100 personas.</s>
    <s id="7">La amenaza de ataques terroristas dentro del país seguirá aumentando.</s>
  </p>
  <p id="4">
    <s id="8">Musharraf tiene también muchos enemigos seculares.</s>
    <s id="9">Su ira, enardecida en marzo cuando intentó sin éxito destituir al Presidente, de orientación independiente, del Tribunal Supremo, sigue siendo igual de intensa.</s>
    <s id="10">El Tribunal resolvió recientemente que se debía permitir a Nawaz Sharif, a quien Musharraf derrocó hace ocho años, regresar del exilio.</s>
  </p>
  <p id="5">
    <s id="11">Sharif está preparando una entrada a lo grande.</s>
    <s id="12">Su "decisiva lucha contra la dictadura" –y su decidida oposición a pacto alguno con Bhutto que lo excluya– se intensificará.</s>
    <s id="13">Musharraf le ha advertido que debe permanecer en Londres.</s>
  </p>
  <p id="6">
    <s id="14">Tampoco los Estados Unidos están contentos con Musharraf.</s>
    <s id="15">Algunos en Washington lo acusan de haber hecho demasiado poco para erradicar a los combatientes de Al Qaeda y talibanes de sus seguros refugios a lo largo de la frontera del país con el Afganistán.</s>
    <s id="16">Su reciente coqueteo con un plan para esquivar a Bhutto y declarar el estado de emergencia provocó una acerba crítica del gobierno de Bush.</s>
  </p>
  <p id="7">
    <s id="17">Pero lo más probable es que el ejército decida en su momento la suerte de su presidencia.</s>
    <s id="18">El gobierno de Musharraf ha dado a la cúpula militar una fuerte influencia en la formulación de políticas, pero sus ocho años en el cargo han menoscabado mucho el apoyo público a la influencia dentro del Gobierno del ejército, sobre el que ha recaído también su impopularidad.</s>
  </p>
  <p id="8">
    <s id="19">Consciente de esa posible amenaza dentro de sus propias filas, Musharraf ha poblado su círculo íntimo con oficiales relativamente jóvenes (y de lealtad probada), pero un acuerdo para nombrar Primera Ministra a Bhutto socavaría la influencia del ejército... y, tarde o temprano, su apoyo a la presidencia de Musharraf.</s>
    <s id="20">Como Primera Ministra, podría revisar en su momento su pacto con Musharraf desde una posición de fuerza.</s>
    <s id="21">Los dirigentes militares lo saben y la amenaza de que tarde o temprano lo aparten del poder con un golpe pesaría sobre su presidencia hasta bien entrado el año próximo.</s>
  </p>
  <p id="9">
    <s id="22">No es probable que el ejército actúe directamente contra Musharraf, a no ser que fallen métodos más sutiles.</s>
    <s id="23">Los generales saben que otro golpe debilitaría aún más la popularidad del ejército, además de la relación del Pakistán con los EE.UU. en un momento en que Bhutto y Sharif han infundido esperanzas en su país y en el extranjero sobre un regreso permanente al gobierno civil.</s>
  </p>
  <p id="10">
    <s id="24">Pero, si Musharraf se negara a marcharse discretamente, los generales podrían prometerle una larga lista de acusaciones públicas de corrupción sin su protección.</s>
    <s id="25">La presidencia de Musharraf no podría sobrevivir mucho tiempo sin respaldo militar.</s>
  </p>
  <p id="11">
    <s id="26">Es probable que los oficiales superiores del ejército sepan que, para preservar la apariencia de que su interferencia política es benévola, no pueden permitirse el lujo de colocar a otro general como Presidente.</s>
    <s id="27">En cambio, lo más probable es que apoyen reformas políticas cosméticas, incluida una nueva ley que separe reglamentariamente los cargos de Comandante del Ejército y Jefe del Estado.</s>
  </p>
  <p id="12">
    <s id="28">Ésa es la estrategia que el ejército adoptó en 1988, a raíz del misterioso accidente aéreo en el que murió el ex presidente (y general) Mohammed Zia ul-Haq.</s>
    <s id="29">El ejército ordenó convocar elecciones, permitió la formación de un gobierno civil y después dirigió el proceso político desde entre bastidores.</s>
  </p>
  <p id="13">
    <s id="30">Bhutto, la dirigente de un partido secular que ahora goza de un importante apoyo en Washington, dominaría la planificación de políticas en el próximo gobierno a expensas de Musharraf.</s>
    <s id="31">Debe granjearse el apoyo interno, pero puede contar con la cooperación económica y de seguridad con los Estados Unidos para salvaguardar la estabilidad del país.</s>
  </p>
  <p id="14">
    <s id="32">Además, continuará el papel del ejército como garante de la estabilidad y su riguroso control del arsenal nuclear del Pakistán, sus joyas de la corona.</s>
    <s id="33">Así, pues, el gobierno de Bush puede respaldar con entusiasmo un regreso al gobierno civil y gloriarse de una muy necesaria victoria de la democracia en un país musulmán.</s>
  </p>
  <p id="15">
    <s id="34">Pero Bhutto heredaría a los enemigos internos de Musharraf.</s>
    <s id="35">Sharif arremetería contra ella ante cualquier paso en falso, continuarían las amenazas de ataques por parte de los radicales religiosos y el ejército salvaguardaría sus intereses desde fuera del escenario.</s>
    <s id="36">Otra presión sería la de los Estados Unidos, que esperarían la cooperación necesaria para pacificar las zonas tribales que Musharraf ha demostrado no ser capaz de brindar.</s>
  </p>
  <p id="16">
    <s id="37">En cualquiera de los casos, el ejército seguirá disipando los temores de un completo caos político, pero también es probable que otra consecuencia de su actitud sea la de que un pacto Musharraf-Bhutto no acabe totalmente con un capítulo tumultuoso de la historia del Pakistán.</s>
  </p>
</document>
