<?xml version="1.0" encoding="utf-8"?>
<document>
  <HEADLINE>
    <s id="1">Tres Iraqs, no uno</s>
  </HEADLINE>
  <p id="1">
    <s id="2">Las crecientes dificultades de Estados Unidos para establecer un sistema de gobierno coherente en Iraq, ya no digamos uno democrático, plantean una pregunta que la mayoría de los estadistas consideran impensable: ¿es posible que no haya manera de reconstruir a Iraq como un Estado, y que sea necesario pensar en opciones alternativas, por desagradables que parezcan?</s>
  </p>
  <p id="2">
    <s id="3">Como tantos problemas en el renacimiento de Estados heridos por las dictaduras (Europa oriental es un buen ejemplo), las dificultades de Iraq tienen profundas raíces históricas.</s>
    <s id="4">Echar la culpa de todo a la dureza de los estadounidenses es demasiado simplista y superficial, incluso si sus errores, en efecto, han sido innumerables.</s>
  </p>
  <p id="3">
    <s id="5">Iraq fue establecido en 1920 por los ingleses, quienes ocuparon la región después de que el Imperio Otomano se desintegrara al final de la Primera Guerra Mundial.</s>
    <s id="6">Su política estuvo dictada por los intereses imperiales británicos, y no tomó en cuenta los deseos, intereses y características de la población local.</s>
  </p>
  <p id="4">
    <s id="7">Lo que los planificadores imperiales británicos hicieron fue pegar tres provincias desiguales del viejo Imperio Otomano, y pusieron a la cabeza a un príncipe de Hejdaz (que actualmente forma parte de Arabia Saudita).</s>
    <s id="8">Las tres provincias, Mosul, Bagdad y Basora, tenían caracteres y estructuras de población muy distintos.</s>
  </p>
  <p id="5">
    <s id="9">Mosul tenía una mayoría kurda, con minorías asirio-cristianas y turcomanas importantes;</s>
    <s id="10">Bagdad era principalmente sunnita; y Basora era predominantemente chiíta.</s>
    <s id="11">Incluir a grupos tan distintos en un solo cuerpo político condenó al recientemente inventado país a décadas de conflictos y represión.</s>
  </p>
  <p id="6">
    <s id="12">El viejo Imperio Otomano gobernó estas tres provincias (como lo hizo con todas sus posesiones imperiales) a través de sus medios históricamente autócratas.</s>
    <s id="13">El reto a que se enfrentaba el nuevo Estado iraquí era crear una forma de gobierno no despótica y relativamente representativa en la que todos los sectores de la población pudieran encontrar una expresión de su voluntad política.</s>
    <s id="14">Ello resultó ser una misión imposible.</s>
    <s id="15">Por esa razón, Iraq, incluso antes de Saddam Hussein, siempre padeció los regímenes más represivos entre todos los Estados árabes.</s>
  </p>
  <p id="7">
    <s id="16">En un país donde los chiítas son la mayoría, los sunnitas (el grupo tradicionalmente hegemónico en todos los países árabes) no estaban dispuestos en absoluto a permitir que un proceso democrático pusiera en peligro su autoridad.</s>
    <s id="17">En la década de los veinte, una insurrección chiíta fue brutalmente reprimida (con la ayuda de la Real Fuerza Aérea británica).</s>
  </p>
  <p id="8">
    <s id="18">De forma similar, los intentos kurdos para lograr su autonomía antes de la Segunda Guerra Mundial quedaron ahogados en sangrientas masacres donde decenas de miles de civiles inocentes, e inclusive la minoría asirio-cristiana (un grupo relativamente pequeño, sin ambiciones políticas), quedaron expuestos a ataques asesinos en los años treinta.</s>
  </p>
  <p id="9">
    <s id="19">Bajo estas condiciones, con la minoría sunnita en el poder sintiéndose constantemente amenazada, no fue accidental que el único intento por establecer algo parecido a un régimen pronazi fascista en un país árabe se haya dado en Iraq a principios de los años cuarenta, bajo Rashid Ali al-Khailani.</s>
    <s id="20">Los británicos aplastaron la empresa, pero no antes de que cientos de judíos de Bagdad fueran asesinados en un salvaje farhood (pogrom) instigado por el efímero gobierno pronazi.</s>
  </p>
  <p id="10">
    <s id="21">El régimen de Saddam fue simplemente la manifestación más extrema de la dura realidad subyacente de que la geografía y la demografía de Iraq lo condenaron a ser gobernado con mano de hierro.</s>
    <s id="22">La caída de Saddam no ha cambiado ese hecho: la violencia en contra de Estados Unidos no es sólo una expresión de ira ante una ocupación extranjera; es también un intento sunnita para impedir el establecimiento de un orden democrático que los pondría a ellos, los amos históricos, en una posición subordinada.</s>
  </p>
  <p id="11">
    <s id="23">Asimismo, es difícil imaginar que los kurdos del norte se sometan de grado a un régimen dominado por árabes en Bagdad, ya no digamos a uno chiíta (la mayoría de los kurdos son sunnitas).</s>
    <s id="24">En Occidente no se entiende claramente lo profundo de la división entre sunnitas y chiítas.</s>
    <s id="25">Si nos situamos en la Europa de antes de 1648, una época en la que los protestantes y los católicos se asesinaban mutuamente con desenfreno, entenderemos inmediatamente esa enemistad.</s>
  </p>
  <p id="12">
    <s id="26">¿Qué se puede hacer, entonces?</s>
    <s id="27">El ejemplo de Yugoslavia muestra que en países multiétnicos y con diversas religiones, con conflictos y divisiones profundas, la partición y la separación pueden ser la única manera de garantizar la estabilidad y la democratización.</s>
    <s id="28">Actualmente no hay duda de que Croacia y Serbia (a pesar de sus dificultades), tienen una mejor oportunidad de convertirse en democracias más o menos estables que si todavía siguieran luchando entre sí por el poder en el rígido entorno de la ex-Yugoslavia.</s>
  </p>
  <p id="13">
    <s id="29">La federación tampoco es una alternativa, puesto que los términos mismos de un sistema de ese tipo se convierten en la manzana de la discordia (como en Bosnia o Chipre).</s>
    <s id="30">Incluso los pacíficos checos y eslovacos encontraron más fácil desarrollar sus estructuras democráticas respectivas a través de un divorcio de terciopelo, que seguir unidos en un matrimonio no funcional.</s>
  </p>
  <p id="14">
    <s id="31">Ha llegado el momento de pensar lo impensable, acerca de crear un Estado kurdo en el norte, uno árabe sunnita en el centro y alrededor de Bagdad, y un Estado árabe chiíta en el sur, alrededor de Basora.</s>
    <s id="32">Repetir los mantras sobre la integridad teritorial (doctrina convencional de las relaciones internacionales) sólo es productivo mientras asegure la estabilidad y evite el caos.</s>
    <s id="33">De nuevo, como lo demostró Yugoslavia (y la Unión Soviética), una vez que el conflicto sustituye a la estabilidad, la integridad territorial pierde su significado y su legitimidad estratégicos.</s>
  </p>
  <p id="15">
    <s id="34">Esta no es una receta universal para Estados étnicamente homogéneos.</s>
    <s id="35">El punto es simplemente que hay momentos en la historia en que la democratización y la reconstrucción nacional coinciden, y que en sociedades profundamente divididas, los consensos mínimos que se necesitan para que ambas tengan éxito simultáneamente son difíciles de alcanzar.</s>
    <s id="36">Todo esto puede ir en contra de la doctrina convencional, pero, ¿quién pensaba que la URSS se desintegraría?</s>
    <s id="37">Se necesita una forma de pensar creativa e innovadora sobre Iraq; de otra manera, el desorden actual seguirá, y empeorará.</s>
  </p>
</document>
