<?xml version="1.0" encoding="utf-8"?>
<document>
  <HEADLINE>
    <s id="1">La victoria de Deng Xiaoping</s>
  </HEADLINE>
  <p id="1">
    <s id="2">NUEVA YORK – El masivo movimiento de protesta que estalló en China en la primavera de 1989, centrado (pero no confinado) en la Plaza Tiananmen de Beijing, parece haber sido una revuelta anticomunista fracasada.</s>
    <s id="3">Mientras se desarrollaba la brutal represión de los días 3 y 4 de junio y después, Europa central ganaba libertades políticas; primero en Polonia y Hungría, y luego en Alemania Oriental, Checoslovaquia, Bulgaria y (en forma violenta y bastante antidemocrática) en Rumania.</s>
    <s id="4">Menos de dos años después, tras la súbita apertura de las reformas de Mikhail Gorbachev, la Unión Soviética colapsaba.</s>
  </p>
  <p id="2">
    <s id="5">Estas revoluciones democráticas siguieron a otras revueltas que unos años antes habían exigido “poder para el pueblo” en el noreste y sudeste de Asia.</s>
    <s id="6">Fueron tiempos felices para estar vivo.</s>
    <s id="7">Francis Fukuyama no era el único estadounidense que creía que la democracia liberal había triunfado para siempre.</s>
    <s id="8">No había alternativa a lo que en todas partes se veía como la simbiosis natural entre el capitalismo y la sociedad abierta.</s>
    <s id="9">Sólo podían existir juntos.</s>
    <s id="10">En cuanto las clases medias tuvieran libertad económica, inevitablemente seguiría la democracia auténtica.</s>
  </p>
  <p id="3">
    <s id="11">Había en aquel momento tal sensación de triunfo liberal post Guerra Fría que muchos países occidentales, especialmente Estados Unidos, consideraron que ya no era necesaria mucha regulación estatal que contuviera los espíritus animales de la libre empresa.</s>
    <s id="12">Y diversos evangelistas del neoliberalismo llevaron ese mismo mensaje a la Europa poscomunista.</s>
  </p>
  <p id="4">
    <s id="13">China parecía la excepción.</s>
    <s id="14">Amén de reductos como Cuba y Corea del Norte, fue el único lugar donde prevaleció el régimen comunista: el Partido Comunista de China la siguió gobernando.</s>
    <s id="15">Pero ¿fue realmente una victoria para el comunismo?</s>
    <s id="16">En realidad, lo que surgió intacto de la masacre de estudiantes y otros ciudadanos indefensos no fue el comunismo, sino el capitalismo autoritario, en la versión de Deng Xiaoping.</s>
  </p>
  <p id="5">
    <s id="17">Occidente había elogiado a Deng, por renunciar a décadas de aislamiento maoísta y abrir China a la economía mundial.</s>
    <s id="18">Liberó la empresa capitalista con aquello de “que algunos se enriquezcan primero”, frase que se difundió en la forma “enriquecerse es glorioso”.</s>
    <s id="19">Esa era la ideología que había que defender de los estudiantes que protestaban contra la corrupción y exigían reformas políticas.</s>
    <s id="20">Por eso para aplastar la revuelta se usaron tanques del Ejército Popular de Liberación.</s>
    <s id="21">Fue una respuesta brutal, pero como dijo uno de los líderes del Partido: “En cuanto al temor de que los extranjeros dejen de invertir, no es algo que me preocupe.</s>
    <s id="22">Los capitalistas extranjeros quieren ganar dinero, y nunca abandonarán un gran mercado mundial como China”.</s>
  </p>
  <p id="6">
    <s id="23">China jamás volvió la vista atrás (en sentido literal y figurado, porque los hechos del 3 y 4 de junio son innombrables).</s>
    <s id="24">La economía pronto prosperó; y las clases urbanas educadas de las que había salido la mayoría de los estudiantes que protestaron en 1989 recibieron grandes beneficios.</s>
    <s id="25">Se les ofreció más o menos el mismo trato que a los ciudadanos más pudientes de Singapur, o incluso Japón (aunque ninguno de estos países es una dictadura): no se metan en política, no cuestionen la autoridad del Estado de partido único, y nosotros crearemos las condiciones para que ustedes se enriquezcan.</s>
  </p>
  <p id="7">
    <s id="26">Incluso los jóvenes chinos instruidos hoy tienen escaso o nulo conocimiento de lo que pasó hace treinta años.</s>
    <s id="27">Y cuando un extranjero menciona el tema, los que sí saben suelen reaccionar con un nacionalismo irritable, como si hablar de eso fuera señal de estar en contra de China.</s>
    <s id="28">Uno sospecha que esta actitud defensiva es resultado de la mala conciencia: mucha gente se benefició con un acuerdo miserable.</s>
  </p>
  <p id="8">
    <s id="29">En 2001, un año después de la llegada al poder de Vladimir Putin en Rusia, viajé de Beijing a Moscú y escribí un artículo donde comparé favorablemente a Rusia con China, ya que di por sentado que el primer país iba camino de convertirse en una democracia abierta.</s>
    <s id="30">Me equivoqué.</s>
    <s id="31">En realidad, Rusia se convirtió en algo más parecido a la China de Deng Xiaoping, aunque en una versión menos exitosa.</s>
    <s id="32">Algunos se han vuelto inmensamente ricos; hay partes de Moscú que dan la impresión de una nueva edad dorada.</s>
  </p>
  <p id="9">
    <s id="33">Algo similar sucedió en los países centroeuropeos.</s>
    <s id="34">El primer ministro de Hungría, Viktor Orbán, ha sido el más ruidoso ideólogo de la “democracia iliberal”, un sistema de dominio opresivo de un solo partido que aun así permite al capitalismo seguir prosperando.</s>
    <s id="35">Al parecer, los demagogos populistas de derecha de Europa occidental, e incluso de Estados Unidos, querrían seguir este ejemplo.</s>
    <s id="36">Como Donald Trump, son todos en mayor o menor medida admiradores de Putin sin reservas.</s>
  </p>
  <p id="10">
    <s id="37">Pero nadie pensó que las cosas serían así.</s>
    <s id="38">Se dio demasiado por sentado (especialmente en Estados Unidos, pero también en la mayoría de los otros países occidentales) que la democracia liberal y el capitalismo eran inseparables.</s>
    <s id="39">Ahora sabemos que no es así.</s>
    <s id="40">Es perfectamente posible ser un empresario rico, o incluso un consumidor de clase media pudiente, en un Estado unipartidista que reprime las libertades políticas.</s>
  </p>
  <p id="11">
    <s id="41">Tendríamos que haberlo sabido.</s>
    <s id="42">Singapur mostraba un ejemplo perfecto de capitalismo autoritario, pero nadie le prestó atención, porque Singapur era demasiado pequeño, o porque “a los asiáticos no les interesa la democracia” (algo que los gobernantes singapurenses no han dejado de señalar).</s>
    <s id="43">Pero el movimiento de protesta chino de 1989 demostró que no era así.</s>
    <s id="44">Los estudiantes de la Plaza Tiananmen estaban muy interesados en conseguir reformas democráticas que garantizaran la libertad de expresión y de reunión.</s>
  </p>
  <p id="12">
    <s id="45">Lo que sucedió tras el aplastamiento de las protestas en China señala otra verdad.</s>
    <s id="46">China no fue ninguna excepción en 1989.</s>
    <s id="47">Después de eso, el capitalismo autoritario se ha convertido en un modelo atractivo para autócratas de todo el mundo, incluso en países que hace treinta años consiguieron librarse del yugo comunista.</s>
    <s id="48">Los chinos sólo se adelantaron.</s>
  </p>
  <SOURCE TRANSLATOR="Esteban Flamini" />
</document>
