<?xml version="1.0" encoding="utf-8"?>
<document>
  <HEADLINE>
    <s id="1">La paz de los sepulcros en el Tibet</s>
  </HEADLINE>
  <p id="1">
    <s id="2">PRAGA – Los recientes acontecimientos en el Tibet y las provincias vecinas son causa de profunda preocupación.</s>
    <s id="3">En efecto, la dispersión de una marcha de protesta pacífica organizada por monjes tibetanos que condujo a una ola de agitación salvajemente reprimida por el ejército y la policía china ha causado indignación en todo el mundo democrático.</s>
  </p>
  <p id="2">
    <s id="4">La reacción de las autoridades chinas a las protestas en el Tibet evoca las prácticas totalitarias de los días anteriores a que el comunismo en Europa central y del Este cayera en 1989 que muchos de nosotros recordamos: una censura estricta de los medios nacionales, la suspensión de los informes de los medios internacionales provenientes de China, la negación de visas a periodistas extranjeros y la asignación de la culpa de la conmoción al “grupo conspirador del Dalai Lama” y otras fuerzas oscuras no especificadas supuestamente manipuladas desde el exterior.</s>
    <s id="5">En efecto, el vocabulario utilizado por algunos representantes del gobierno chino evoca los peores momentos de las eras estalinista y maoísta.</s>
    <s id="6">Pero el acontecimiento más peligroso de esta desafortunada situación es el actual intento de aislar al Tibet del resto del mundo.</s>
  </p>
  <p id="3">
    <s id="7">En el momento de escribir estas líneas, es claro que los gobernantes de China están intentando tranquilizar al mundo en cuanto a que la paz, la tranquilidad y la “armonía” reinan de nuevo en el Tibet.</s>
    <s id="8">Todos conocemos este tipo de paz por lo que ha sucedido en el pasado en Birmania, Cuba, Belarús y algunos otros países – es la paz de los sepulcros.</s>
  </p>
  <p id="4">
    <s id="9">Instar únicamente al gobierno chino a que actúe con la “mayor moderación” hacia el pueblo tibetano, como lo están haciendo los gobiernos de todo el mundo, es una respuesta demasiado débil.</s>
    <s id="10">La comunidad internacional, empezando por las Naciones Unidas seguidas de la Unión Europea, la ASEAN y otras organizaciones internacionales, así como los países a título individual, deben utilizar todos los medios posibles para aumentar la presión sobre el gobierno chino a fin de que:</s>
  </p>
  <p id="5">
    <s id="11">A menos que se cumplan estas condiciones, el Comité Olímpico Internacional debería considerar seriamente si la celebración de los Juegos Olímpicos del próximo verano en un país donde hay un sepulcro pacífico sigue siendo una buena idea.</s>
  </p>
</document>
