<?xml version="1.0" encoding="utf-8"?>
<document>
  <HEADLINE>
    <s id="1">Hacia una nanotecnología verde</s>
  </HEADLINE>
  <p id="1">
    <s id="2">El advenimiento de la nanotecnología, la rama de la ingeniería encaminada a crear objetos molécula a molécula –de hecho, átomo a átomo-, ha evocado imágenes futuristas de “nanorobots” autorreproductivos que hacen operaciones quirúrgicas o convierten el planeta en una masa de “pasta gris”, mientras consumen todo lo que tienen a la vista.</s>
  </p>
  <p id="2">
    <s id="3">Esas dos hipótesis siguen un guión familiar: el progreso tecnológico -como, por ejemplo, el desarrollo de la energía nuclear, los organismos genéticamente modificados, las tecnologías de la información y la química orgánica sintética- primero promete la salvación, pero después amenaza con la perdición, cuando resultan patentes las consecuencias, muchas de ellas medioambientales.</s>
    <s id="4">Incluso la desinfección del agua –el avance tecnológico más importante jamás logrado para prolongar la vida humana- resulta que produce subproductos carcinogénicos.</s>
    <s id="5">El ciclo de descubrimiento fundamental, desarrollo tecnológico, revelación de consecuencias indeseables y aversión pública resulta imparable.</s>
  </p>
  <p id="3">
    <s id="6">¿Será diferente la nanotecnología?</s>
    <s id="7">Junto con la euforia y el bombo tempranos que suele rodear la aparición de las nuevas tecnologías, la nanotecnología ha sido objeto de proyecciones sobre sus posibles riesgos medioambientales mucho antes de su comercialización en gran escala.</s>
    <s id="8">Plantear esas cuestiones cuando la nanotecnología está aún en su infancia puede dar como resultado productos mejores y más seguros y menos riesgos a largo plazo para la industria.</s>
  </p>
  <p id="4">
    <s id="9">La industria, en rápido desarrollo, de los nanomateriales es la modalidad nanotecnológica que más probabilidades presenta de afectar a nuestras vidas en primer lugar.</s>
    <s id="10">Según un cálculo aproximado de la Alianza de Nanoindustrias, correspondiente a 2003, la categoría a la que correspondía un número mayor de creación de empresas era la de los nanomateriales.</s>
  </p>
  <p id="5">
    <s id="11">Tan sólo en el sector de la tecnología medioambiental, los nanomateriales permitirán la aparición de nuevos medios de reducir la producción de desechos, utilizar los recursos más moderadamente, limpiar la contaminación industrial, brindar agua potable y mejorar la eficiencia de la producción y el uso de la energía.</s>
    <s id="12">Entre las aplicaciones comerciales de los nanomateriales actualmente -o en un futuro próximo- disponibles figuran partículas de titanio nanofabricadas para filtros solares y pinturas, compuestos de nanotubos de carbono en neumáticos, nanopartículas de sílice como lubricantes sólidos y nanomateriales compuestos de proteínas en jabones, champúes y detergentes.</s>
  </p>
  <p id="6">
    <s id="13">La producción, el uso y la eliminación de nanomateriales propiciará inevitablemente su aparición en el aire, el agua y los suelos o en organismos.</s>
    <s id="14">Se necesitan investigaciones para velar por que los nanomateriales y la industria que los produce lleguen a ser activos en lugar de riesgos medioambientales.</s>
  </p>
  <p id="7">
    <s id="15">Por desgracia, poco se sabe sobre las posibles repercusiones medioambientales de los nanomateriales.</s>
    <s id="16">Resulta irónico que las propiedades de los nanomateriales que pueden resultar motivo de preocupación, como, por ejemplo, la absorción de nanopartículas por las células, con frecuencia son precisamente las propiedades deseadas para los usos beneficiosos en las aplicaciones médicas.</s>
  </p>
  <p id="8">
    <s id="17">Por ejemplo, de diez años de estudios de los posibles efectos en la salud de una clase de nanomateriales compuestos de carbono y conocidos como fullerenes se desprende que sus moléculas, que tienen forma de balón de fútbol y reciben el nombre de buckyballs, son potentes antioxidantes, comparables en potencia con la vitamina E. De otros estudios se desprende que algunos tipos de buckyballs pueden ser tóxicos para las células tumorales.</s>
  </p>
  <p id="9">
    <s id="18">Según dos estudios recientes, las buckyballs podrían empeorar las funciones cerebrales de los peces y resultar muy tóxicas para cultivos de tejido humano, pero las conclusiones de dichos estudios resultan difíciles de interpretar, en parte porque los nanomateriales que utilizaron estaban contaminados con un disolvente orgánico añadido para movilizar los fullerenes en el agua.</s>
  </p>
  <p id="10">
    <s id="19">En un estudio posterior de la toxicidad de los fullerenes no se encontró toxicidad importante en las buckyballs, pero sí que se observó una reacción tóxica en cultivos de células a un segundo grupo de fullerenes, llamado “nanotubos de una sola pared”.</s>
    <s id="20">En este momento, la cuestión de la posible toxicidad de los nanomateriales con fullerenes sigue sin haber quedado zanjada.</s>
  </p>
  <p id="11">
    <s id="21">La determinación de si una substancia es “peligrosa” entraña no sólo la de la toxicidad del material, sino también la de hasta qué punto entrará en contacto alguna vez con una célula viva.</s>
    <s id="22">Se puede evaluar la toxicidad introduciendo buckyballs en un estanque con peces, pero también hemos de averiguar si las buckyballs podrían llegar alguna vez a un “estanque con peces” del mundo real, como, por ejemplo, un lago o un río.</s>
  </p>
  <p id="12">
    <s id="23">Sí que sabemos que, cuando los materiales se resisten a la degradación, pueden estar presentes en el medio ambiente durante largos períodos de tiempo y, por tanto, tener una mayor posibilidad de experimentar interacciones con el medio ambiente vivo, pero los procesos que pueden propiciar la descomposición de nanomateriales, incluida su degradación por acción de bacterias, están prácticamente inexplorados.</s>
  </p>
  <p id="13">
    <s id="24">Además, como en el caso de la toxicidad y la persistencia, poco se sabe sobre cómo es de prever que se muevan las nanopartículas en el medio ambiente.</s>
    <s id="25">Los nanomateriales más peligrosos serían los que son a un tiempo móviles y tóxicos.</s>
    <s id="26">Los fullerenes, que han sido el objeto de los primeros estudios de toxicidad, figuran entre los menos móviles de los nanomateriales que hemos estudiado hasta ahora.</s>
    <s id="27">Nuestra labor inicial sobre la movilidad de los nanomateriales en formaciones que se parecen a acuíferos de aguas subterráneas o filtros de arena han revelado que, si bien un tipo de nanomaterial puede ser muy móvil, otro puede permanecer inmóvil.</s>
    <s id="28">Así, pues, cada nanomaterial puede actuar de forma diferente.</s>
  </p>
  <p id="14">
    <s id="29">Las preocupaciones por los posibles efectos de los nanomateriales en la salud y el medio ambiente tal vez hayan quedado eclipsadas por la apremiante necesidad de que su producción sea limpia y medioambientalmente benigna.</s>
    <s id="30">De hecho, de muchos de los ingredientes utilizados para fabricar nanomateriales se sabe actualmente que presentan riesgos para la salud humana.</s>
  </p>
  <p id="15">
    <s id="31">Una tendencia alentadora es la de que con frecuencia los métodos utilizados para producir nanomateriales se vuelven “más verdes” al pasar del laboratorio a la producción industrial.</s>
    <s id="32">Dejando de lado la cuestión de la toxicidad de los nanomateriales, los resultados preliminares indican que la fabricación de nanomateriales entraña riesgos menores que los relacionados con muchas actividades industriales actuales o comparables con ellos.</s>
  </p>
  <p id="16">
    <s id="33">Sería una ingenuidad imaginar que la nanotecnología vaya a evolucionar sin presentar riesgos para nuestra salud y el medio ambiente.</s>
    <s id="34">Si bien intentar detener el desarrollo de las tecnologías que recurren a los nanomateriales sería tan irresponsable como irrealista, un desarrollo responsable de dichas tecnologías requiere vigilancia y compromiso social.</s>
  </p>
  <p id="17">
    <s id="35">La nanotecnología medioambientalmente inocua tendrá sus costos en tiempo, dinero y capital político, pero con previsión y cuidado se puede desarrollar la nanotecnología de un modo que mejore nuestro bienestar y el de nuestro planeta.</s>
  </p>
</document>
