<?xml version="1.0" encoding="utf-8"?>
<document>
  <HEADLINE>
    <s id="1">¿Hacia una Sexta República francesa?</s>
  </HEADLINE>
  <p id="1">
    <s id="2">PARIS – Casi 50 años después de que el general Charles de Gaulle creara la Quinta República, Nicolas Sarkozy quiere cambiar las instituciones fundamentales de Francia.</s>
    <s id="3">Un consejo de expertos le enviará sus propuestas el 1 de noviembre.</s>
  </p>
  <p id="2">
    <s id="4">Mientras que la democracia británica está profundamente arraigada a pesar de su constitución supuestamente ampquot;no escritaampquot;, y la constitución estadounidense ha sido enmendada apenas 26 veces desde 1787, Francia ha redactado de nuevo su constitución 15 veces desde 1789.</s>
    <s id="5">Sólo la Tercera República (1875-1940) duró más tiempo que la Quinta República actual.</s>
  </p>
  <p id="3">
    <s id="6">Establecidas a las apuradas en 1958 por De Gaulle en medio de la crisis argelina, las instituciones de la Quinta República fueron blanco de ataques desde el primer día.</s>
    <s id="7">El antagonismo que gran parte de la izquierda sentía por la Quinta República, que fue modelada para cuadrar con la figura sobredimensionada de De Gaulle, se desvaneció recién en 1981, cuando François Mitterrand, uno de los opositores más resonantes de De Gaulle, se benefició del poder consignado a la presidencia.</s>
  </p>
  <p id="4">
    <s id="8">Desde entonces, surgió un consenso a favor de la estructura constitucional de 1958, porque le brindó a Francia el ejecutivo fuerte del que siempre había carecido.</s>
    <s id="9">La constitución de De Gaulle también resultó ser lo suficientemente flexible como para permitirle a Francia superar varias crisis -Argelia, mayo de 1968, la renuncia de De Gaulle, los traspasos del gobierno de la derecha a la izquierda y el antagonismo entre los presidentes de izquierda y los primeros ministros de derecha o viceversa (ampquot;la cohabitaciónampquot;), como sucedió en 1986, 1993 y 1997.</s>
  </p>
  <p id="5">
    <s id="10">Sin embargo, a pesar de medio siglo de estabilidad política, cada vez son más las críticas de los acuerdos institucionales de la Quinta República.</s>
    <s id="11">Algunos culpan a la naturaleza híbrida del sistema de De Gaulle por la aparente parálisis política de Francia.</s>
    <s id="12">Ni presidencial (el primer ministro es responsable ante la Asamblea Nacional, mientras que no existe ninguna responsabilidad en un régimen presidencial) ni parlamentario, (el presidente es elegido por sufragio directo y tiene un poder significativo), el sistema ha estado incrementando los períodos de ampquot;cohabitaciónampquot;, que generalmente resultaron ineficientes.</s>
  </p>
  <p id="6">
    <s id="13">Otros creen que las instituciones actuales de Francia son la causa principal, si no la única, de una crisis democrática en ciernes.</s>
    <s id="14">La desconfianza hacia los políticos aumenta, manifestada en una concurrencia electoral débil (excepto en el caso de la última elección presidencial), votos de protesta por partidos extremistas y la incapacidad del Estado de reformarse.</s>
    <s id="15">Todas estas tendencias negativas fueron simbolizadas por el éxito de Jean-Marie Le Pen al llegar a la segunda vuelta en las elecciones presidenciales de 2002.</s>
  </p>
  <p id="7">
    <s id="16">Desde que se estableció la Quinta República, tanto la sociedad francesa como el mundo han sufrido cambios enormes, con consecuencias importantes para la manera en que se gobierna el país.</s>
    <s id="17">La globalización ha reducido la libertad de acción del Estado y la Unión Europea ha ganado en prominencia.</s>
  </p>
  <p id="8">
    <s id="18">¿Esto significa que una Sexta República es inevitable?</s>
    <s id="19">Como el presidente ya se elige de forma directa, algunos críticos recomiendan un régimen presidencial puro, como en Estados Unidos.</s>
    <s id="20">Otros están a favor de avanzar hacia un régimen parlamentario puro, al estilo del Reino Unido.</s>
  </p>
  <p id="9">
    <s id="21">Sin embargo, un régimen presidencial corre el riesgo de un estancamiento entre el ejecutivo y el legislativo, y un régimen parlamentario puro, como existía en la Tercera República, tiene un historial de fracaso en Francia.</s>
    <s id="22">Tampoco Francia parece dispuesta a respaldar un sistema electoral de mayoría simple, que les da a los gobiernos mayorías parlamentarias fuertes, como en el Reino Unido.</s>
  </p>
  <p id="10">
    <s id="23">Sarkozy parece estar a favor de renovar la Quinta República.</s>
    <s id="24">Le gusta la orientación presidencial fuerte del sistema actual, especialmente desde que se redujo el mandato presidencial de siete años a cinco, y ahora prácticamente coincide con el ciclo electoral legislativo.</s>
  </p>
  <p id="11">
    <s id="25">Pero Sarkozy también está a favor de vínculos institucionales más estrechos entre la presidencia y el parlamento.</s>
    <s id="26">Por ejemplo, le gustaría dirigirse a la Asamblea Nacional una vez al año, cosa que hoy tiene prohibido hacer, dado que sólo el primer ministro es responsable ante el parlamento.</s>
    <s id="27">De la misma manera, le gustaría imponer un límite de dos mandatos al presidente, y exigir la aprobación parlamentaria de la designación de ciertos altos funcionarios por parte del presidente.</s>
  </p>
  <p id="12">
    <s id="28">Los cambios para corregir el desequilibrio entre el poder presidencial y parlamentario, de hecho, son necesarios.</s>
    <s id="29">La legislatura debería tener más peso a la hora de definir la agenda de la nación.</s>
  </p>
  <p id="13">
    <s id="30">Para fortalecer este nuevo equilibrio institucional, Sarkozy está considerando brindarle a la oposición un status formal, convirtiéndola así en un verdadero poder alternativo, y quiere revisar el Artículo 16 de la constitución, que le da un poder excesivo al presidente en tiempos de crisis.</s>
    <s id="31">También está pensando en la posibilidad de transformar el actual Tribunal Constitucional en una Corte Suprema a la que los ciudadanos pudieran apelar bajo ciertas circunstancias, y de eliminar la autoridad del presidente de presidir el Alto Consejo del Poder Judicial.</s>
  </p>
  <p id="14">
    <s id="32">Nadie puede predecir qué surgirá del consejo de expertos que Sarkozy ha designado para considerar estos cambios constitucionales.</s>
    <s id="33">Los miembros del consejo representan tanto a la mayoría como a la oposición, y por lo tanto tienen opiniones muy diferentes sobre estas cuestiones.</s>
  </p>
  <p id="15">
    <s id="34">Sin embargo, dado que la mayoría de la población apoya los principios fundamentales de la Quinta República –como la elección directa del presidente y un ejecutivo fuerte-, cualquier reequilibrio de las instituciones políticas de Francia probablemente no altere de manera sustancial la estructura constitucional de 1958.</s>
    <s id="35">Por otra parte, todo cambio constitucional necesitaría estar respaldado por el 60% de los votos tanto en la Asamblea Nacional como en el Senado, lo que hace que la búsqueda de consenso sea mucho más necesaria.</s>
  </p>
</document>
