<?xml version="1.0" encoding="utf-8"?>
<document>
  <HEADLINE>
    <s id="1">El comercio como salida a la crisis</s>
  </HEADLINE>
  <p id="1">
    <s id="2">GINEBRA- El comercio global se contrajo en 2009 a niveles nunca vistos desde la Gran Depresión, y los que pagan el precio más alto son aquéllos que menos tienen.</s>
    <s id="3">Así pues, cuando los ministros de comercio de los 153 miembros de la Organización Mundial del Comercio se reúnan en Ginebra a finales de este mes, la cuestión de cómo la OMC y el sistema multilateral de comercio podrían ayudar a los países más pobres será prioritaria en la agenda.</s>
  </p>
  <p id="2">
    <s id="4">Debido en gran parte a una caída abrupta de los niveles de la demanda interna y la producción, pero también a una escasez de financiamiento asequible, el volumen del comercio disminuirá este año más de 10% .</s>
    <s id="5">Está por verse si el próximo año se recuperará.</s>
    <s id="6">A pesar de que hay pruebas de que el volumen del comercio creció durante el verano, la recuperación ha sido poco uniforme –y tan frágil que una caída súbita de los mercados de valores o de divisas podría socavar una vez más la confianza de los consumidores y las empresas que conduciría a un mayor deterioro del comercio.</s>
  </p>
  <p id="3">
    <s id="7">Los países más pobres del mundo se enfrentan a los peores apuros cuando el comercio pierde dinamismo.</s>
    <s id="8">No pueden darse el lujo de improvisar paquetes de estímulo fiscal o rescates de industrias debilitadas para amortiguar el desplome provocado por la crisis económica.</s>
    <s id="9">Para ellos, el comercio representa una enorme parte de la actividad económica global y es sin duda la mejor vía para salir de una crisis que los ha golpeado fuertemente.</s>
  </p>
  <p id="4">
    <s id="10">La ironía es que el comercio se ha desplomado justo cuando estos países comenzaban a estar cada vez más activos en los mercados globales, con exportaciones que aumentaron más del 20% durante esta década.</s>
    <s id="11">Para las naciones que dependen del comercio, la brusca caída de las exportaciones este año fue algo agobiante.</s>
    <s id="12">Desde que comenzó la crisis, los ingresos por exportaciones de los países más pobres del mundo han disminuido 26,800 millones de dólares o 44%.</s>
  </p>
  <p id="5">
    <s id="13">La Conferencia Ministerial de la OMC que se llevará a cabo a finales de mes ofrecerá una oportunidad para analizar la mejor forma de generar crecimiento y aliviar la pobreza en estos países.</s>
    <s id="14">Una de ellas es la conclusión de la Ronda de Doha de negociaciones comerciales para finales de 2010 –de acuerdo con las intenciones expresadas por los líderes mundiales.</s>
    <s id="15">Lograr el acuerdo de Doha representa una de las herramientas más valiosas a nuestro alcance para alcanzar los Objetivos de Desarrollo del Milenio de las Naciones Unidas.</s>
  </p>
  <p id="6">
    <s id="16">Francamente, todos nosotros ya sabemos lo que se necesita.</s>
    <s id="17">Con todo, la Ronda de Doha ha salido perjudicada por malentendidos fundamentales –primero, por las razones de los países para comerciar y, segundo, por cómo comercian.</s>
  </p>
  <p id="7">
    <s id="18">Los países comercian, primero y principalmente, porque está en su interés hacerlo.</s>
    <s id="19">También es del interés de un país reducir las barreras a la importación a fin de tener un acceso más barato a los bienes y servicios que no puede producir de manera competitiva.</s>
    <s id="20">El comercio incrementa la competencia y mantiene la inflación bajo control.</s>
    <s id="21">De esta forma, el comercio puede elevar los niveles de vida.</s>
    <s id="22">Además, los países que reducen las barreras a la importación también terminan aumentando sus exportaciones.</s>
  </p>
  <p id="8">
    <s id="23">La renuencia de los negociadores comerciales a emprender lo que claramente está en su propio interés refleja otro mal entendido, más grave, sobre la forma de comerciar de los países.</s>
    <s id="24">Consideremos el comercio de iPods entre los Estados Unidos y China.</s>
    <s id="25">Cada iPod que los Estados Unidos deciden no importar se traduce en una “disminución” de 150 dólares en las exportaciones registradas de China, aunque solamente 4 dólares de ese valor se agregan realmente en China.</s>
    <s id="26">Japón, que contribuye con alrededor de 100 dólares del valor, sufre mucho más la supuesta disminución de las exportaciones de China.</s>
    <s id="27">Claramente, la leyenda ampquot;made inampquot; significa algo muy diferente de lo que significaba hace veinte años.</s>
    <s id="28">Nuestros procesos de producción están tan globalizados que los aranceles a la importación de un país bien podrían sancionar las importaciones de una de sus propias empresas globales.</s>
  </p>
  <p id="9">
    <s id="29">Para muchos países, particularmente en el mundo en desarrollo, reducir los obstáculos al comercio es insuficiente para participar plenamente en la economía global porque también necesitan crear su propia capacidad de comercio.</s>
  </p>
  <p id="10">
    <s id="30">Ese es el objetivo central de la iniciativa de Ayuda para el Comercio.</s>
    <s id="31">A pesar de la crisis económica, las contribuciones de los donantes de la Ayuda para el Comercio a fin de ayudar a los menos afortunados han aumentado 10% por año desde 2005, y los principales donantes están en vías de cumplir o superar sus compromisos de futuros fondos.</s>
    <s id="32">Varios de los principales países han aceptado incrementar sus contribuciones este año para la creación de infraestructura, capacidad productiva y conocimientos técnicos en el mundo en desarrollo.</s>
  </p>
  <p id="11">
    <s id="33">Sin embargo, la Ayuda para el Comercio no sustituye las oportunidades de apertura de mercados y mejores normas que ofrece la Ronda de Doha.</s>
    <s id="34">Los miembros de la OMC ya han acordado que los países ricos –y aquéllos en desarrollo que estén en condiciones de hacerlo- abrirían sus mercados completamente al 97% de las exportaciones de los países más pobres del mundo, y reducirían enormemente los derechos de los productos para los que aún hay barreras.</s>
  </p>
  <p id="12">
    <s id="35">Como resultado, los subsidios al algodón, que reducen los precios y desplazan las exportaciones africanas, disminuirían drásticamente, y las exportaciones de algodón de los países pobres recibirían un tratamiento libre de derechos y de cuotas en los mercados de los países ricos.</s>
    <s id="36">Todos los subsidios a la agricultura que distorsionan el comercio se reducirían radicalmente en un 70%-80% en los principales países que los otorgan.</s>
    <s id="37">Con nuevas normas que agilicen los procedimientos aduaneros se acortarían significativamente los tiempos de tránsito.</s>
    <s id="38">Debemos avanzar en este asunto.</s>
  </p>
  <p id="13">
    <s id="39">Lo frustrante es que estamos muy cerca de llegar a un acuerdo que, según el Peterson Institute for International Economics, con sede en Washington, traería beneficios económicos globales de 300 a 700 mil millones de dólares anuales.</s>
    <s id="40">Pero, para obtener esos beneficios, debemos concluir el acuerdo.</s>
    <s id="41">La próxima Conferencia Ministerial debería enviar la señal de que estamos dispuestos a hacerlo.</s>
  </p>
</document>
