<?xml version="1.0" encoding="utf-8"?>
<document>
  <HEADLINE>
    <s id="1">Tendencias y modas en Davos</s>
  </HEADLINE>
  <p id="1">
    <s id="2">El Foro Económico Mundial que cada año se celebra en Davos se percibe, correctamente, como un “barómetro” global.</s>
    <s id="3">Sin embargo, el espectacular sol que hay sobre la ciudad estos días no puede disipar las sombras de la crisis financiera que han envuelto al mundo, causando una atmósfera de desesperanza y perdición en la reunión de este año.</s>
    <s id="4">Hoy más que nunca, el orgulloso lema del foro, “Comprometidos con un mundo mejor”, parece estar desvinculado de la realidad.</s>
    <s id="5">No es confianza lo que predomina en Davos 2008, sino una sensación de impotencia, si es que no aturdimiento, ante la creciente complejidad del mundo.</s>
  </p>
  <p id="2">
    <s id="6">De hecho, Davos es menos un barómetro que nos ayuda a comprender las tendencias subyacentes que están dando forma al mundo que un espejo que refleja las ideas, las inquietudes y, tal vez, los rumores de moda.</s>
    <s id="7">De los debates formales y las charlas informales con los colegas de la multitud de personas que acude a Davos, uno puede hacerse una idea de quién prefiere el establishment estadounidense que gane las próximas elecciones (Hillary Clinton), las predicciones para el próximo referendo en Irlanda acerca del tratado europeo “simplificado” (será una votación muy estrecha) y la imagen internacional del Presidente francés Nicolas Sarkozy (nada de buena).</s>
  </p>
  <p id="3">
    <s id="8">Para esto no es necesario ir a Davos, pero es en las montañas suizas donde estas ideas adquieren un halo de legitimidad –llamémoslo el sello “Me lo dijeron en Davos”- que explican por qué los analistas económicos y políticos siguen regresando, a pesar de la combinación de pomposidad y vacuidad intelectual del Foro.</s>
    <s id="9">Las eminencias que tienen el privilegio de acudir a este evento reciben la oportunidad de dar muestras de sabiduría y expresar pensamientos bien ponderados.</s>
  </p>
  <p id="4">
    <s id="10">En cuanto a los líderes del mundo de los negocios, a pesar de las altas sumas que deben pagar por convertirse en miembros de la “Familia Davos”, también siguen viniendo, porque para ellos el Foro representa una inversión que les ahorra tiempo y dinero.</s>
    <s id="11">¿En qué otro lugar del mundo pueden conocer en una sola oportunidad a tantos socios o clientes potenciales, como por ejemplo jefes de estados emergentes?</s>
  </p>
  <p id="5">
    <s id="12">Por supuesto, el peligro de Davos radica en su mezcla concentrada de clases llenas de palabrería y el mundo real de la política y los negocios.</s>
    <s id="13">El conformismo fluye naturalmente de estos encuentros y crea un mundo en el que todos tienden a pensar parecido, como si una comunidad realmente global pudiera producir una manera global de pensar, incluso si son variadas las opiniones acerca de cómo enfrentar la actual crisis financiera.</s>
  </p>
  <p id="6">
    <s id="14">Lo que está de moda en Davos este año es pensar que la crisis refleja dos profundas tendencias globales: por ejemplo, el declive de la influencia de Estados Unidos.</s>
    <s id="15">Tras la guerra en Iraq y la lenta reacción de la administración Bush al Huracán Katrina, la crisis de las hipotecas basura en Estados Unidos se percibe como algo que no hace más que acelerar el irresistible ascenso de Asia y el paso desde un mundo unipolar a uno multipolar, a pesar de que la crisis financiera generalizada también termine afectando el crecimiento asiático.</s>
  </p>
  <p id="7">
    <s id="16">Para países como China e India, reducir el crecimiento de un 8% a un 5% es casi equivalente a una recesión en Occidente.</s>
    <s id="17">Ayer, cuando Estados Unidos estornudaba, el mundo cogía un resfriado.</s>
    <s id="18">Hoy, si Estados Unidos coge una neumonía, ¿podrá Asia apenas estornudar?</s>
  </p>
  <p id="8">
    <s id="19">La segunda tendencia que se subraya en Davos es el retorno al estado.</s>
    <s id="20">En el último número de Foreign Affairs, el fundador y presidente del Foro, Klaus Schwab, pregunta ampquot;¿Cómo las empresas pueden salvar al mundo?ampquot;</s>
    <s id="21">Sin embargo, con la crisis financiera colgando sobre las cabezas de los participantes de Davos como la espada de Damocles, la pregunta está comenzando a ser ampquot;¿Pueden los estados y las instituciones internacionales salvar a las empresas?ampquot;</s>
  </p>
  <p id="9">
    <s id="22">El retorno al estado, incluso si es el poder de la Comisión Europea para sancionar a Microsoft, está en boca de todos, y no hace más que reforzar el creciente escepticismo acerca del mercado y la infecciosa y peligrosa avaricia de sus principales actores.</s>
  </p>
  <p id="10">
    <s id="23">Esta tendencia, si es confirmada por la realidad, podría significar el fin de lo que simboliza Davos: un mundo abierto, global y transparente.</s>
    <s id="24">Sin embargo, ¿está preparado el mundo para un regreso a las políticas proteccionistas y los reflejos nacionalistas?</s>
    <s id="25">¿Ocurrirá que la libertad y transparencia actuales, por haber producido resultados indeseados, terminen en un retorno a restricciones a los movimientos de bienes, personas y capitales?</s>
  </p>
  <p id="11">
    <s id="26">Este año en Davos, grandes esperanzas han cedido terreno a grandes aprehensiones.</s>
    <s id="27">¿Cómo se puede fingir estar actuando para cambiar el mundo si ya no se lo entiende?</s>
  </p>
</document>
