<?xml version="1.0" encoding="utf-8"?>
<document>
  <HEADLINE>
    <s id="1">El impuesto de Trump a Estados Unidos</s>
  </HEADLINE>
  <p id="1">
    <s id="2">BERKELEY – Mitch McConnell, el líder de la mayoría republicana del Senado de Estados Unidos, recientemente proclamó que "2017 era el mejor año para los conservadores en los 30 años que he estado aquí", entre otras razones porque la administración del presidente Donald Trump "resultó ser… muy sólida, conservadora, de centro-derecha, pro-negocios".</s>
  </p>
  <p id="2">
    <s id="3">Sin duda, es posible escuchar a los donantes republicanos expresar sentimientos similares mientras degustan sus canapés de langostinos.</s>
    <s id="4">Después de todo, la administración Trump ha reculado en materia de regulaciones ambientales y ha recortado impuestos para los ricos.</s>
    <s id="5">¿Qué puede no gustarles?</s>
  </p>
  <p id="3">
    <s id="6">Sin duda, Trump y su familia son cleptócratas en ciernes.</s>
    <s id="7">Pero eso significa que están en contra de que el gobierno se quede con "su" riqueza.</s>
    <s id="8">Son aliados naturales de quienes piensan que la brecha de ingresos y riqueza de Estados Unidos podría ser inclusive mayor de lo que ya es.</s>
  </p>
  <p id="4">
    <s id="9">Y no importa si la administración Trump es completamente inepta, o si la legislación impositiva del año pasado fue el proyecto de ley peor redactado de la historia reciente.</s>
    <s id="10">La ineptitud de Trump, en todo caso, les da a los republicanos del Congreso más oportunidades aún para crear resquicios legislativos y garantizar un trato preferencial para sus donantes.</s>
    <s id="11">Parecería que para el Partido Republicano, una cleptocracia incompetente y errática podría ser la mejor forma de gobierno.</s>
  </p>
  <p id="5">
    <s id="12">O al menos esto era así hasta el 1 de marzo de 2018, el día en que Trump dejó en claro su intención de imponer, de forma generalizada, aranceles a las importaciones del 25% sobre el acero y del 10% sobre el aluminio.</s>
    <s id="13">Esa decisión, observa Pat Roberts, senador republicano de Kansas, "no va a caer bien en los sectores agrícolas".</s>
  </p>
  <p id="6">
    <s id="14">Como señala Roberts, la estrategia de Trump hacia el proteccionismo este año va en contra de sus primeros logros en materia de políticas.</s>
    <s id="15">"Tenemos un paquete de reforma impositiva que le está trayendo muchos beneficios a la comunidad empresarial", le dijo Roberts al Kansas City Star, "y ésta es una medida política que va en contra de eso".</s>
    <s id="16">Su preocupación ahora es que Trump quiera aplicar "una política comercial que esencialmente resulte en que todos los beneficios de la reforma impositiva sean absorbidos por los mayores costos de producción que se trasladan a los consumidores".</s>
  </p>
  <p id="7">
    <s id="17">Tiene razón.</s>
    <s id="18">Al final, los consumidores norteamericanos son los que pagarán por los aranceles de Trump.</s>
    <s id="19">Esas amplias medidas proteccionistas afectarán a todos los sectores de la industria estadounidense de una manera u otra, y los fabricantes ciertamente no absorberán todos los costos de los insumos de acero y aluminio más caros.</s>
    <s id="20">Al mismo tiempo, otros países introducirán aranceles propios sobre las exportaciones estadounidenses.</s>
    <s id="21">La Unión Europea, por ejemplo, está planeando aplicar aranceles a productos típicamente norteamericanos como las motos Harley-Davidson, el borbón y los pantalones Levi's.</s>
  </p>
  <p id="8">
    <s id="22">De manera que Trump esencialmente ha propuesto un nuevo impuesto a los consumidores y a las industrias exportadoras de Estados Unidos, cuyos costos serán absorbidos, en gran medida, por sus propios seguidores en el corazón y el Cinturón de Óxido de Estados Unidos.</s>
    <s id="23">Es más, Trump parece haber llegado a su decisión casi de la nada.</s>
    <s id="24">A los mercados bursátiles los tomó desprevenidos e inmediatamente cayeron alrededor del 1,5%.</s>
    <s id="25">Y según el informe del Kansas City Star, "Roberts y otros senadores republicanos no recibieron ningún anticipo formal desde la Casa Blanca".</s>
  </p>
  <p id="9">
    <s id="26">Es más, los republicanos se han sentido tan amedrentados por Trump que la mejor respuesta que pudo pergeñar Paul Ryan, el portavoz de la Cámara de Representantes, fue que "espera que el presidente considere las consecuencias no intencionadas de esta idea y analice otras estrategias antes de avanzar".</s>
  </p>
  <p id="10">
    <s id="27">Resulta ser que la decisión de Trump fue tomada en contra del consejo -por cierto, de las objeciones- no sólo de su principal asesor económico, Gary Cohn, sino también de su asesor de seguridad nacional, el general H.R. McMaster, su secretario del Tesoro, Steven Mnuchin, y su secretario de Defensa, James Mattis.</s>
  </p>
  <p id="11">
    <s id="28">Por otro lado, el secretario de Comercio, Wilbur Ross, aparentemente favorece los aranceles.</s>
    <s id="29">Pero no está del todo claro por qué.</s>
    <s id="30">El propio Departamento de Comercio sin duda reconoce que más norteamericanos se benefician de los precios más bajos del acero y del aluminio que de los precios más elevados.</s>
  </p>
  <p id="12">
    <s id="31">Otro defensor de los aranceles es Peter Navarro, quien recientemente fue promovido a director de la Oficina para la Política Comercial e Industrial y director del Consejo Nacional de Comercio de la Casa Blanca.</s>
    <s id="32">No es una sorpresa.</s>
    <s id="33">Navarro ha escrito una cantidad de libros alarmistas sobre la relación comercial de Estados Unidos con China, incluido uno titulado Muerte por China.</s>
    <s id="34">Sin embargo, Navarro todavía no ha sido capaz de explicar de qué manera la creación de una industria del acero doméstica más grande a través de aranceles dará como resultado un beneficio neto para la economía estadounidense.</s>
  </p>
  <p id="13">
    <s id="35">Un último defensor clave de los aranceles es el representante comercial de Estados Unidos, Robert Lighthizer, quien anteriormente se desempeñó como abogado para la industria del acero.</s>
    <s id="36">Como sucede con Ross, no está del todo claro qué piensa Lighthizer.</s>
    <s id="37">Tiene que saber que los aranceles de Trump prácticamente no tendrán posibilidades de impulsar las industrias del acero y del aluminio de Estados Unidos sin también imponer costos sustanciales a la economía.</s>
    <s id="38">¿No toma conciencia de que su propia reputación en definitiva dependerá de si la administración tiene una política comercial exitosa o una claramente estúpida?</s>
  </p>
  <p id="14">
    <s id="39">Ahora que Trump ha incendiado el sistema comercial global, cabe preguntarse si los plutócratas de Estados Unidos y sus falderos en el Congreso pronto tomarán consciencia de que un gobierno torpe encadenado al capricho impredecible de un presidente lábil no es, en verdad, ideal para sustentar y crear riqueza.</s>
    <s id="40">En una cleptocracia, los depredadores muchas veces descubren que ellos son la presa.</s>
  </p>
</document>
