<?xml version="1.0" encoding="utf-8"?>
<document>
  <HEADLINE>
    <s id="1">¿Dónde está el mundo para los palestinos?</s>
  </HEADLINE>
  <p id="1">
    <s id="2">AMÁN – No debería sorprender que el acuerdo de paz entre Israel y los palestinos propuesto por Estados Unidos tenga todas las características de una transacción inmobiliaria.</s>
    <s id="3">Este supuesto “Acuerdo del siglo” en verdad no encarna ninguno de los ingredientes de una resolución de conflicto exitosa, como por ejemplo hablar y escuchar, un acuerdo sobre los intereses centrales y una solución de compromiso que la mayoría pueda respaldar.</s>
    <s id="4">Y cómo se la podría respaldar cuando los socios más importantes en la conversación –los palestinos- sólo se destacaron por su ausencia, después de haber quedado fuera de la sala ante las demandas imposibles.</s>
  </p>
  <p id="2">
    <s id="5">Broadly defined, intervention refers to actions that influence the domestic affairs of another sovereign state, and they can range from broadcasts, economic aid, and support for opposition parties to blockades, cyber attacks, drone strikes, and military invasion.</s>
    <s id="6">Which ones will the US president-elect favor?</s>
  </p>
  <p id="3">
    <s id="7">After 15 years as chancellor of the European Union's largest member state, Angela Merkel will leave the political stage later this year, creating uncertainty about what lies ahead for Germany.</s>
    <s id="8">Five recent books on the issues dominating German political debates offer some answers, but also more questions.</s>
  </p>
  <p id="4">
    <s id="9">Poco después del compromiso loable de Jared Kushner en mayo de 2018 de que la búsqueda de la paz es “la búsqueda más noble de la humanidad”, el periodista Robert Fisk formuló la pregunta correcta sobre el plan de Kushner: “Después de tres guerras árabe-israelíes, decenas de miles de muertes palestinas y millones de refugiados, ¿Kushner realmente cree que los palestinos llegarán a un acuerdo a cambio de dinero?”</s>
  </p>
  <p id="5">
    <s id="10">Los cínicos entre nosotros podrían concluir, con Chris Doyle, director del Consejo para el Entendimiento Árabe-Británico, que “la paz entre israelíes y palestinos no es una consideración.</s>
    <s id="11">Es pura cosmética”.</s>
    <s id="12">Las acciones tempranas de la administración norteamericana –el respaldo de los asentamientos en Cisjordania de Israel, el traslado de la embajada de Estados Unidos a Jerusalén y el recorte de fondos para el Organismo de Obras Públicas y Socorro de las Naciones Unidas (que asiste a los refugiados palestinos)- efectivamente sugieren eso.</s>
    <s id="13">Como dijo Lara Friedman, presidenta de la Fundación por la Paz de Oriente Medio, en 2018: “Es muy claro que el objetivo general es que los refugiados palestinos dejen de ser un problema definiéndolos como inexistentes”.</s>
    <s id="14">La propuesta de Kushner hace lo mismo con los palestinos en general y con Palestina como una entidad en funcionamiento.</s>
  </p>
  <p id="6">
    <s id="15">La propuesta deja de lado toda consideración del derecho internacional y numerosas resoluciones del Consejo de Seguridad de las Naciones Unidas, sugiriendo en cambio que los palestinos deberían cambiar su tierra más fértil por desierto y aceptar un territorio parecido a un pedazo de queso Gouda, conectado por puentes y túneles y rodeado casi por completo por zonas bajo soberanía israelí.</s>
    <s id="16">Esta es una afrenta a la dignidad de los palestinos, para no hablar de sus esperanzas y aspiraciones para el futuro.</s>
    <s id="17">Mientras tanto, los temores por el destino de Jerusalén y los derechos históricos de soberanía sobre los lugares sagrados deben preocupar a los musulmanes en todo el mundo.</s>
  </p>
  <p id="7">
    <s id="18">Durante gran parte de mi vida, las crisis de nuestra región han sido problemas familiares.</s>
    <s id="19">En reuniones entre el futuro primer presidente de Israel, Chaim Weizmann, y mi difunto tío abuelo, el rey Faisal I, luego de la Primera Guerra Mundial, la discusión giraba en torno a un estado árabe federado en la región, donde judíos, cristianos y musulmanes de cultura árabe vivirían en un contexto de independencia y convivencia.</s>
  </p>
  <p id="8">
    <s id="20">Era una visión que también abrazaba mi abuelo, en base a un compromiso irrevocable con una visión de la dignidad humana que implicaba pluralismo e igualdad de derechos para todos los credos.</s>
    <s id="21">Era una visión iluminada, sustentada por fuertes creencias morales, pero también era una visión estructuralista –lo que Abba Eban, el ministro de Relaciones Exteriores de Israel en los años 1970, calificó como un Benelux para la región-.</s>
    <s id="22">Y es importante reconocer que cuando Jordania les otorgó la nacionalidad a los jordanos palestinos, fue sobre la base de que los palestinos eran un wadiyyah, una creencia, y que su derecho a la autodeterminación no iba a verse perjudicado o denegado.</s>
    <s id="23">Es difícil no preguntarse cuán diferentes podrían haber resultado las cosas si el rey Abdullah I de Jordania y Yitzhak Rabin, quien luego fuera primer ministro israelí y, también, un gran pacifista, no hubieran sido asesinados por sus creencias.</s>
  </p>
  <p id="9">
    <s id="24">Enjoy unlimited access to the ideas and opinions of the world's leading thinkers, including weekly long reads, book reviews, and interviews;</s>
    <s id="25">The Year Ahead annual print magazine; the complete PS archive; and more – All for less than $9 a month.</s>
  </p>
  <p id="10">
    <s id="26">Recuerdo los días vertiginosos luego del tratado de paz de 1994 de Jordania con Israel, cuando había tanta esperanza.</s>
    <s id="27">Hoy suena inimaginable, pero la buena voluntad era tal en aquel momento que, tras recaudar unos 10 millones de dólares en un teletón para una ayuda humanitaria a Bosnia, mi difunto hermano el rey Hussein fue contactado por Rabin, quien sugirió que hiciéramos una iniciativa conjunta.</s>
    <s id="28">Así fue que volamos en aviones juntos.</s>
    <s id="29">Al llegar, yo moderé una conferencia de prensa con musulmanes bosnios, croatas, serbios y los delegados israelíes, todos con buenos motivos como para no sentir un afecto mutuo.</s>
    <s id="30">Aun así, el mensaje fue un mensaje de paz en los Balcanes y de paz en Oriente Medio.</s>
  </p>
  <p id="11">
    <s id="31">La causa de la desilusión que vino después tiene dos aristas.</s>
    <s id="32">Primero, nunca hubo un mecanismo para que este tipo de ideas visionarias continuaran.</s>
    <s id="33">Y, segundo, aunque mi propio país, Jordania, sí firmó un tratado de paz con Israel, nunca dejó de ser una paz fría, porque nunca se sentaron las bases para modificar las actitudes de la gente e involucrarla en el proceso.</s>
    <s id="34">En consecuencia, la paz fría nunca se convirtió en una paz cálida –una paz que va más allá de cabezas parlantes y que compromete a todos.</s>
  </p>
  <p id="12">
    <s id="35">Un cuarto de siglo más tarde, ese objetivo se siente más lejos que nunca, y la propuesta de Kushner no ayudará.</s>
    <s id="36">“A veces hay que arriesgarse estratégicamente a romper cosas para llegar a alguna parte”, dijo en 2018.</s>
    <s id="37">Ese crudo sentimiento, con su reminiscencia de Robespierre y Lenin, delata una falta aterradora de entendimiento de la situación, y amenaza con minar todos los esfuerzos para traer estabilidad a esta región atribulada.</s>
  </p>
  <p id="13">
    <s id="38">La semana pasada escuchamos el testimonio conmovedor de una sobreviviente de Auschwitz.</s>
    <s id="39">“¿Dónde estaba el mundo?”, quería saber.</s>
    <s id="40">No puedo más que preguntar lo mismo: ¿Dónde estará el mundo para los palestinos en las semanas y meses por venir?</s>
  </p>
</document>
