<?xml version="1.0" encoding="utf-8"?>
<document>
  <HEADLINE>
    <s id="1">Unas lecciones alemanas necesarias para el presidente Trump</s>
  </HEADLINE>
  <p id="1">
    <s id="2">MÚNICH – El presidente de Estados Unidos Donald ha criticado el enorme superávit de cuenta corriente de Alemania, mismo que él considera es el resultado de la manipulación alemana de la moneda.</s>
    <s id="3">Pero, el presidente está equivocado.</s>
    <s id="4">Si bien el superávit externo de Alemania, que se encuentra en un nivel del 8% del PIB, es grande – demasiado grande – no es el resultado de la manipulación de la moneda por parte de Alemania.</s>
    <s id="5">Los verdaderos culpables son: una burbuja inflacionaria de crédito en el sur de Europa, las políticas expansivas del Banco Central Europeo y los productos financieros que los bancos norteamericanos venden al mundo.</s>
    <s id="6">Por lo tanto, en lugar de culpar a Alemania, el Presidente Trump haría bien en centrarse en las instituciones de su propio país.</s>
  </p>
  <p id="2">
    <s id="7">El superávit comercial de Alemania se basa en el hecho de que Alemania vende sus productos a un precio demasiado bajo.</s>
    <s id="8">En este punto, la administración de Trump está básicamente en lo correcto.</s>
    <s id="9">El euro está demasiado barato en relación con el dólar estadounidense, y Alemania está vendiendo demasiado barato a sus socios comerciales dentro de la eurozona.</s>
    <s id="10">Esta subvaloración aumenta la demanda de bienes alemanes en otros países, mientras que Alemania se tornó reacia a importar tanto como exporta.</s>
  </p>
  <p id="3">
    <s id="11">El euro tiene actualmente un precio de 1,07 dólares, mientras que la paridad del poder adquisitivo determinada por la OCDE asciende a 1,29 dólares.</s>
    <s id="12">Esto implica una infravaloración del euro del 17%.</s>
    <s id="13">Además, Alemania es un país demasiado barato dentro de la eurozona, un 19% si se usa como línea base un cálculo que a partir del año 2013 realiza Goldman Sachs, y se le resta a dicho cálculo la apreciación en términos reales desde ese momento.</s>
    <s id="14">De manera general, esto implica que la moneda de Alemania está infravalorada en cerca de un tercio.</s>
  </p>
  <p id="4">
    <s id="15">En conclusión, el hecho de que los productos alemanes están infravalorados es indiscutible.</s>
    <s id="16">La pregunta es por qué el tipo de cambio se ha desviado tan lejos de los fundamentos.</s>
  </p>
  <p id="5">
    <s id="17">La infravaloración dentro de la eurozona tiene sus raíces en la burbuja inflacionaria de crédito desencadenada por el anuncio y la implementación del euro en el sur de Europa después de la Cumbre de Madrid de 1995, que trajo consigo recortes drásticos en las tasas de interés en estas economías.</s>
    <s id="18">Las tasas de interés en Italia, España y Portugal cayeron alrededor de cinco puntos porcentuales, y en Grecia aproximadamente 20 puntos porcentuales.</s>
  </p>
  <p id="6">
    <s id="19">El crédito externo barato generado por el euro permitió que los gobiernos y los sectores de la construcción de estos países aumentaran los salarios más rápidamente que la productividad, aumentando, a su vez, los precios y socavando la competitividad de sus sectores manufactureros.</s>
    <s id="20">Alemania, que estaba entonces en una profunda crisis, mantuvo la inflación baja, en línea con las exigencias del Tratado de Maastricht, por lo que llegó a convertirse en un país más barato, y más barato en términos relativos.</s>
  </p>
  <p id="7">
    <s id="21">La infravaloración del euro, por el contrario, tiene dos causas fundamentales.</s>
    <s id="22">Una de ellas es la política monetaria ultra suelta del Banco Central Europeo, en particular su programa de flexibilización cuantitativa (QE), en virtud del cual se están utilizando 2,3 millones de millones de euros de dinero recién impreso para comprar valores de la eurozona.</s>
  </p>
  <p id="8">
    <s id="23">Parte de ese dinero está fluyendo hacia el extranjero en busca de mayores rendimientos, lo que conduce a la depreciación del euro.</s>
    <s id="24">Esta es, verdaderamente, una forma de manipulación indirecta de la moneda.</s>
    <s id="25">Cabe señalar, sin embargo, que el Consejo de Gobierno del BCE adoptó la QE y otras medidas expansionistas, a pesar de la feroz oposición del Bundesbank alemán.</s>
    <s id="26">Por lo tanto, esta no es una política de la que Alemania pueda ser considerada como responsable.</s>
  </p>
  <p id="9">
    <s id="27">La segunda causa raíz de la infravaloración del euro radica en el país presidido por el presidente Trump.</s>
    <s id="28">Gracias al estado del dólar como la principal moneda de reserva del mundo, la industria financiera estadounidense ha logrado en las últimas décadas ofrecer a los inversionistas internacionales un potpurrí de productos atractivos.</s>
    <s id="29">Esto ha impulsado el valor del dólar y ha socavado crónicamente la competitividad de las exportaciones, en una forma muy similar al efecto que tuvieron los productos financieros ofrecidos por la ciudad de Londres en el Reino Unido, mismos que alimentaron la apreciación de la libra esterlina durante los años en los que la membresía del Reino Unido en la UE no estaba en disputa.</s>
  </p>
  <p id="10">
    <s id="30">Los economistas hablan de la “enfermedad holandesa” en situaciones como esta, por lo ocurrido durante el surgimiento de la industria del gas de los Países Bajos en los años sesenta, situación que aumentó la presión sobre el florín holandés, diezmando el sector manufacturero.</s>
    <s id="31">Si un país vende gas o productos financieros al resto del mundo no importa mucho; el punto es que el sector exitoso agobia a los otros sectores, causando una apreciación real del tipo de cambio.</s>
    <s id="32">Al lamentarse por el efecto que tiene el dólar fuerte sobre el empleo manufacturero en Estados Unidos, el presidente Trump debe dirigir su mirada hacia Wall Street, no hacia Alemania.</s>
  </p>
  <p id="11">
    <s id="33">También debe considerar que los seductores productos financieros de Estados Unidos, que han afectado tanto al sector exportador de Estados Unidos, a veces han sido castillos en el aíre, en lugar de legítimas oportunidades de inversión.</s>
    <s id="34">Tanto el presidente Jimmy Carter como el presidente Bill Clinton incitaron a los corredores de bolsa con su Ley de reinversión comunitaria a ayudar a que los pobres de los Estados Unidos obtengan vivienda propia mediante préstamos generosos, a pesar de que estaba claro desde el principio que muchos de estos prestatarios nunca tendrían la capacidad de devolver el dinero.</s>
  </p>
  <p id="12">
    <s id="35">Los corredores de bolsa vendieron sus reclamaciones sobre valores a los bancos, y estos últimos, a su vez, las empaquetaron astutamente en valores opacos respaldados por activos que luego endosaron al mundo como “estúpido dinero alemán” con calificaciones AAA ficticias.</s>
    <s id="36">“Estúpido dinero alemán” fue el término usado en Wall Street para los fondos cuyo flujo fue a financiar la política social de EE.UU.</s>
  </p>
  <p id="13">
    <s id="37">Esa estafa fue expuesta durante la crisis financiera.</s>
    <s id="38">En el año 2010, el gobierno de Alemania tuvo que apoyar a sus bancos con 280 miles de millones de euros, estableciendo dos bancos malos para hacerse cargo de estos problemáticos productos financieros.</s>
    <s id="39">Visto desde esta perspectiva, un gran número de los Porsches, Mercedes y BMW entregados a EE.UU. nunca han sido pagados en absoluto.</s>
    <s id="40">El presidente de Estados Unidos debe tomar esto en consideración antes de amenazar con una guerra comercial con Alemania – o incluso antes de darse el gusto de sembrar cizaña en Twitter.</s>
  </p>
  <SOURCE LANG="inglés" TRANSLATOR="Rocío L. Barrientos." />
</document>
