<?xml version="1.0" encoding="utf-8"?>
<document>
  <HEADLINE>
    <s id="1">El ascenso de Turquía y la decadencia del Pan-Arabismo</s>
  </HEADLINE>
  <p id="1">
    <s id="2">TEL AVIV – El fiasco mortífero de la "flotilla de la paz" encabezada por Turquía que se dirigía a Gaza puso de relieve las crecientes tensiones de la alianza israelí-turca.</s>
    <s id="3">Sin embargo, ayudó principalmente a mostrar las razones subyacentes del cambio de la orientación occidental de Turquía hacia una enfocada a convertirse en un actor fundamental en Medio Oriente –en alianza con los regímenes rebeldes de la región y con actores radicales no estatales.</s>
  </p>
  <p id="2">
    <s id="4">La política exterior no se puede separar de sus fundamentos internos.</s>
    <s id="5">La identidad de las naciones, su espíritu, siempre ha sido un motivo en la definición de sus prioridades estratégicas.</s>
    <s id="6">Por supuesto, los errores de Israel también desempeñaron un papel en la erosión de su alianza con Turquía.</s>
    <s id="7">Sin embargo, el colapso de su vieja “alianza con la periferia”, incluida Turquía, el Irán del Sha y Etiopía tiene más relación con los cambios revolucionarios en estos países –el ascenso al poder del Ayatola Khomeini, el fin del régimen del emperador Haile Selassie y ahora el cambio islámico del primer ministro turco Recep Tayyip Erdogan –que con las políticas de Israel.</s>
  </p>
  <p id="3">
    <s id="8">La crisis actual pone de manifiesto la profundidad del complejo de identidad de Turquía, su oscilación entre una herencia kemalista orientada a Occidente y su legado otomano oriental.</s>
    <s id="9">Rechazada por la Unión Europea, Erdogan está inclinando la balanza hacia esto último.</s>
  </p>
  <p id="4">
    <s id="10">El kemalismo siempre consideró al legado otomano como una carga, un obstáculo para la modernización.</s>
    <s id="11">En la visión de Erdogan, la modernización no excluye un retorno de Turquía a sus raíces islámicas, ni supone un abandono de su destino como potencia de Medio Oriente, incluso si eso significa ignorar las políticas encabezadas por los Estados Unidos en la región.</s>
  </p>
  <p id="5">
    <s id="12">En efecto, Erdogan respondió positivamente a las condiciones de Europa para la adhesión turca a la UE.</s>
    <s id="13">Sus reformas –liberalización económica, cooperación con el Tribunal Europeo de Derechos Humanos, mejora de los derechos de la minoría kurda y debilitamiento de las ambiciones pretorianas del ejército - son avances importantes en la historia de la República Turca.</s>
  </p>
  <p id="6">
    <s id="14">Con todo, Erdogan también ha estado dispuesto a utilizar los requisitos de Europa como pretexto para frenar la capacidad del ejército de controlar su revolución islámica.</s>
    <s id="15">La elección de su aliado político, Abdullah Gul, como presidente, contra la voluntad del ejército –en efecto, contra toda la tradición kemalista- es un ejemplo de ello.</s>
  </p>
  <p id="7">
    <s id="16">Para bloquear una medida destinada a prohibir el Partido de la Justicia y el Desarrollo (AKP), Erdogan también sometió al Tribunal Constitucional de Turquía –que junto con el ejército es uno de los guardianes del kemalismo –cambiando arbitrariamente su composición.</s>
    <s id="17">Ahora, una reforma constitucional que supuestamente tiene el objetivo de “promover la membresía de Turquía en la UE” reducirá más el papel del ejército como guardián del Estado laico y fortalecerá el control del gobierno sobre el poder judicial.</s>
  </p>
  <p id="8">
    <s id="18">La revolución islámica de Erdogan también se ha extendido al sistema educativo mediante la introducción de un plan de estudios notablemente religioso.</s>
    <s id="19">Para apoyar el desplazamiento estratégico de Turquía, una nueva ley ha hecho obligatoria la enseñanza del árabe en las escuelas.</s>
    <s id="20">Es difícil imaginar un golpe más simbólico a la visión de Ataturk.</s>
  </p>
  <p id="9">
    <s id="21">Erdogan cree que al ejercer la capacidad de mediación de Turquía recuperará la carga de sus antepasados otomanos como garantes de la paz y la seguridad en el Mashrek.</s>
    <s id="22">Los esfuerzos de Turquía para actuar como negociador de la paz entre Israel y sus enemigos árabes, la estridente defensa de la causa palestina de Erdogan y su pretensión de ser el mediador en la disputa nuclear entre Irán y Occidente reflejan las percepciones cambiantes de Turquía sobre sí misma como líder regional.</s>
  </p>
  <p id="10">
    <s id="23">Tanto para Israel como para Occidente, el contexto regional del ascenso de Turquía es particularmente preocupante.</s>
    <s id="24">El neo-otomanismo de Erdogan no es un regreso a una idílica Mancomunidad Otomana.</s>
    <s id="25">Es más bien un choque entre un eje radical en ascenso encabezado por dos potencias no árabes (Turquía e Irán) y los regímenes árabes conservadores en decadencia.</s>
  </p>
  <p id="11">
    <s id="26">Turquía puso a Israel en el banquillo de la opinión pública mundial por el asunto de la “flotilla de la paz” de tal forma que todavía podría obligar al gobierno de Binyamin Netanyahu a tomar la vía de las negociaciones de paz creíbles, dar un impulso a Hamas y lograr el inminente fin al bloqueo israelí de Gaza.</s>
    <s id="27">Ese éxito sorprendente pone de relieve la impotencia de los aliados árabes de Occidente.</s>
  </p>
  <p id="12">
    <s id="28">En efecto, la relevancia regional creciente de Turquía refleja el fracaso de los árabes.</s>
    <s id="29">No pudieron hacer que avanzara su iniciativa de paz con Israel, y son cómplices del bloqueo en Gaza con la esperanza de que Hamas se derrumbe, humillando así a sus propias oposiciones islámicas.</s>
  </p>
  <p id="13">
    <s id="30">Como democracias islámicas cuyos gobiernos surgen de elecciones populares, Irán y Turquía –y sus aliados Hamas y Jezbolá- pueden reivindicar una ventaja sobre los regímenes árabes, los cuales sufren de un déficit creciente de legitimidad.</s>
    <s id="31">Todos son autocracias seculares que se mantienen en el poder gracias a sus servicios de inteligencia todopoderosos e intrusivos.</s>
  </p>
  <p id="14">
    <s id="32">La estrategia de Erdogan lo hace cómplice de la agenda de los enemigos más feroces de Occidente.</s>
    <s id="33">Incluso coqueteó con el perverso régimen islamista del presidente sudanés Omar al-Bashir al darle la bienvenida a Turquía después de haber sido acusado por el Tribunal Penal Internacional por las masacres de Darfur sobre la base de que “los musulmanes no cometen genocidio.”</s>
  </p>
  <p id="15">
    <s id="34">Irán y Turquía están destinados a reafirmar sus credenciales islámicas cada vez más a medida que se acercan a las masas árabes.</s>
    <s id="35">Que el discurso panislámico haya sustituido ahora la causa del panarabismo es un retroceso importante para los regímenes árabes moderados.</s>
  </p>
  <p id="16">
    <s id="36">Con todo, a pesar de la revolución islámica progresiva de Erdogan, Turquía no es un segundo Irán.</s>
    <s id="37">El AKP sigue siendo un partido progresista, heterogéneo que no ve contradicción entre el Islam y la democracia.</s>
    <s id="38">Tampoco se ha dado del todo por vencido respecto al sueño europeo de Turquía.</s>
  </p>
  <p id="17">
    <s id="39">Además, una oposición secular cada vez más fuerte, el Partido Popular Republicano (CHP) bajo el liderazgo vigoroso de Kemal Kilicdaroglu, ayudará a detener la ola islamista.</s>
    <s id="40">Con el regreso de Israel a una estrategia de paz sobria y con un diálogo franco entre Turquía y sus aliados de la OTAN, aún puede rescatarse el puente turco entre Oriente y Occidente.</s>
  </p>
</document>
