<?xml version="1.0" encoding="utf-8"?>
<document>
  <HEADLINE>
    <s id="1">Turquía anclada a un referéndum</s>
  </HEADLINE>
  <p id="1">
    <s id="2">MADRID – Mientras la UE trata de capear el temporal nacionalista que amenaza con erosionar sus instituciones, algunos de sus más importantes aliados estratégicos están contribuyendo a la incertidumbre que reina en el ambiente.</s>
    <s id="3">Claro ejemplo de ello es Turquía, que es candidata oficial a adherirse a la UE desde 1999 e ingresó en la OTAN en 1952.</s>
    <s id="4">Sobre el papel, Turquía reúne unas condiciones ideales para tender puentes entre Europa y Oriente Próximo, pero su reciente deriva—incluyendo las acusaciones del Presidente Recep Tayyip Erdoğan a las instituciones alemanas y neerlandesas de incurrir en prácticas nazis—resulta muy alarmante.</s>
  </p>
  <p id="2">
    <s id="5">Desde el reprobable intento de golpe de Estado de julio del pasado año, Erdoğan ha emprendido una ofensiva con el propósito de afianzar su poder.</s>
    <s id="6">Haciendo valer su renovada popularidad y amparado por el estado de emergencia que se viene prolongando desde julio, el líder turco se ha visto facultado para gobernar por decreto.</s>
    <s id="7">Más de 100.000 funcionarios han sido despedidos o suspendidos de su empleo y rivales políticos de Erdoğan han sido encarcelados.</s>
    <s id="8">Además, se han clausurado organizaciones de la sociedad civil y medios de comunicación, ganándose Turquía el dudoso honor de ser el país con más periodistas entre rejas.</s>
  </p>
  <p id="3">
    <s id="9">Pero las maniobras del Presidente turco no se han detenido aquí.</s>
    <s id="10">Erdoğan consiguió promover una reforma constitucional que se someterá a referéndum a mediados de abril.</s>
    <s id="11">De aprobarse, Turquía se transformaría en una República presidencialista y Erdoğan se haría con competencias que ni siquiera Mustafa Kemal Atatürk—el venerado “padre” del Estado turco—llegó a tener nunca.</s>
    <s id="12">El Consejo de Europa ha alertado sobre la falta de garantías del referéndum, que tendrá lugar bajo el estado de emergencia.</s>
    <s id="13">Una reforma de este calado dejaría más maltrecha todavía a la democracia turca y podría dar alas a Erdoğan en el desarrollo de su política exterior, que en los últimos tiempos ha sido de todo menos previsible.</s>
  </p>
  <p id="4">
    <s id="14">Si el acuerdo sobre los refugiados de marzo de 2016 dio cierto impulso a las relaciones entre la UE y Turquía, la actual escalada de tensiones diplomáticas ha supuesto un auténtico jarro de agua fría.</s>
    <s id="15">Hace unas semanas, la Canciller alemana Angela Merkel alzó el tono contra Erdoğan en protesta contra sus ataques a la libertad de prensa.</s>
    <s id="16">Por su parte, el líder turco ha reaccionado con inaceptables contramedidas y exabruptos al bloqueo de mítines a favor de la reforma constitucional en varios países europeos, cayendo incluso en una peligrosa banalización del nazismo.</s>
  </p>
  <p id="5">
    <s id="17">Erdoğan no puede escudarse en el acuerdo sobre los refugiados para tomarse estas licencias.</s>
    <s id="18">Evitando respuestas en caliente que podrían resultar contraproducentes, la UE debe cerrar filas y mandar el claro mensaje de que Turquía es un socio fundamental, pero no a cualquier precio.</s>
    <s id="19">En este sentido, las mesuradas declaraciones de la Alta Representante Federica Mogherini y el Comisario Johannes Hahn son bienvenidas.</s>
  </p>
  <p id="6">
    <s id="20">Las tiranteces entre la UE y Turquía sirven de telón de fondo a otros giros importantes que se están produciendo en la política exterior turca.</s>
    <s id="21">Tras superar de modo sorprendentemente rápido sus disputas con el Presidente Putin, Erdoğan se ha aproximado a Rusia en su gestión de la Guerra de Siria, en la que Turquía intervino militarmente en agosto de 2016.</s>
    <s id="22">Aunque puedan albergarse dudas acerca de esta incipiente alianza, debe decirse que el mejor entendimiento turco-ruso ha generado ya algunos réditos sobre el terreno.</s>
  </p>
  <p id="7">
    <s id="23">Uno de los objetivos principales de la intervención militar turca en Siria es derrotar al Estado Islámico.</s>
    <s id="24">Sin embargo, el gobierno turco también pretende impedir el establecimiento de un Kurdistán independiente que pueda proyectarse hacia el sureste de Turquía.</s>
    <s id="25">Para ello, ha puesto su punto de mira sobre un destacado oponente del Estado Islámico como es el Partido de la Unión Democrática (PYD), al que atribuyen conexiones con el Partido de los Trabajadores del Kurdistán (PKK).</s>
    <s id="26">Tanto Estados Unidos como la UE coinciden con Erdoğan en tildar al PKK de grupo terrorista, pero ven con gran preocupación los ataques contra el PYD lanzados por el gobierno turco.</s>
    <s id="27">Por el momento, la Administración Trump no se ha mostrado partidaria de retirar el apoyo estadounidense al PYD.</s>
  </p>
  <p id="8">
    <s id="28">La cuestión kurda es fuente de muchas incertidumbres a nivel geoestratégico y complica de manera significativa el panorama regional.</s>
    <s id="29">Ante esta situación, Estados Unidos y la UE no deberían dejar de presionar a Erdoğan a actuar de acuerdo con un orden de prioridades sensato, y la primera de dichas prioridades es aquella sobre la que nadie disiente: acabar con la barbarie del Estado Islámico.</s>
    <s id="30">Con tal de alcanzar este objetivo, resulta ineludible construir una coalición lo más inclusiva posible para abordar la toma de Raqqa con visos de éxito.</s>
  </p>
  <p id="9">
    <s id="31">Por otro lado, la UE no debe titubear en su defensa de los vínculos que mantiene con Turquía, que han resultado mutuamente beneficiosos.</s>
    <s id="32">Cabe recordar que la unión arancelaria con la UE—que data de 1995—ha contribuido de manera sustancial al despegue económico turco.</s>
    <s id="33">Los últimos acontecimientos han enturbiado las perspectivas de avances diplomáticos con la UE, y tal vez las fricciones persistan al menos hasta que se logre la tan ansiada paz en Siria, pero la situación no tiene por qué ser irreversible.</s>
  </p>
  <p id="10">
    <s id="34">Para que la política exterior del país euroasiático no se mostrase tan errática y pudiese reverdecer su apuesta por la UE, sin duda sería de gran ayuda que los turcos se expresasen en el referéndum con total libertad, y que éste siguiese siendo el caso en el futuro.</s>
    <s id="35">Por encima de todo, la UE continúa comprometida con una Turquía estable y plural, que dé rienda suelta al impresionante dinamismo que atesora su ciudadanía.</s>
  </p>
</document>
