<?xml version="1.0" encoding="utf-8"?>
<document>
  <HEADLINE>
    <s id="1">Unificar a Occidente en la cuestión del cambio climático</s>
  </HEADLINE>
  <p id="1">
    <s id="2">WASHINGTON, DC – El presidente Barack Obama ha llamado al cambio climático uno de los desafíos más importantes de nuestro tiempo, y está presionando por una legislación interna sobre el comercio de derechos de emisión, y al mismo tiempo está renovando la participación de su país en las negociaciones de las Naciones Unidas.</s>
  </p>
  <p id="2">
    <s id="3">Sin embargo, este cambio de actitud no significa que ahora los Estados Unidos y la Unión Europea estarán de acuerdo en cuanto a la forma de abordar el cambio climático.</s>
    <s id="4">A pesar de una convergencia de objetivos de largo plazo –alrededor de un 80% de reducción de las emisiones de dióxido de carbono para el 2050- todavía quedan obstáculos importantes y se necesitará un liderazgo real de ambas partes para evitar que en Copenhague se dé el fracaso que se evitó por poco en Kyoto en 1997.</s>
  </p>
  <p id="3">
    <s id="5">Entonces, ¿cuáles son las cuestiones que pueden causar un impasse?</s>
  </p>
  <p id="4">
    <s id="6">Primero, debe entenderse que la UE y los Estados Unidos empiezan la carrera de reducción de emisiones desde puntos muy diferentes.</s>
    <s id="7">Cuando la entonces UE de los 15 ratificó el Protocolo de Kyoto, se comprometió a reducir las emisiones de CO2 en 8% respecto de los niveles de los años noventa para 2012.</s>
    <s id="8">Al estar los Estados Unidos fuera del proceso de Kyoto, las emisiones de gases de efecto invernadero de este país se incrementaron en 19% entre los años noventa y 2005, mientras que las emisiones de la UE de los 15 aumentaron en 8% durante ese periodo, un nivel que supera los objetivos de Kyoto, pero está muy por debajo del total de las emisiones de los Estados Unidos.</s>
  </p>
  <p id="5">
    <s id="9">Sin embargo, una vez que se ven con más cuidado, las cifras muestran que gran parte del desempeño de la UE no es resultado de una planificación deliberada.</s>
    <s id="10">Dado que el punto de referencia de Kyoto de 1990 coincidió con la reunificación de Alemania, las emisiones de la ex Alemania del Este pudieron incluirse en los datos iniciales de la UE.</s>
    <s id="11">La política energética británica también cambió alrededor de esas fechas, de la dependencia del carbón al uso del gas natural del Mar del Norte.</s>
    <s id="12">Si el Reino Unido y Alemania se excluyen de los datos del periodo 1990-2005, las emisiones de la UE de los 13 se incrementaron en un 24%.</s>
  </p>
  <p id="6">
    <s id="13">Así, pues, la diferencia principal entre los Estados Unidos y la UE no fue el Protocolo de Kyoto ni las políticas ambientales de la UE, sino factores externos.</s>
    <s id="14">La Agencia Europea de Medio Ambiente sigue manteniendo que la UE alcanzará la meta fijada para 2012.</s>
    <s id="15">Sin embargo, a fin de lograrlo, la UE tendrá que usar la reforestación y otros mecanismos de Kyoto, incluido el comercio de derechos de emisión, al que la UE se opuso originalmente en Kyoto.</s>
  </p>
  <p id="7">
    <s id="16">Segundo, las metas de reducción de emisiones propuestas por la administración Obama serán el objetivo máximo del Congreso, pero se quedarán por debajo del compromiso 20/20/20 de la UE.</s>
    <s id="17">En el presupuesto federal de la administración Obama se establece un objetivo de reducción del 14% respecto de los niveles de 2005 para 2020 y una disminución del 83% para 2050 (la administración eligió adecuadamente 2005 en lugar de 1990 como punto de referencia).</s>
    <s id="18">El proyecto de ley Waxman-Markey que aprobó cerradamente la Cámara de Representantes en el verano de 2009 esencialmente adopta las directrices de la administración.</s>
    <s id="19">Sin embargo, es probable que la ley que finalmente salga del Congreso tenga metas menos ambiciosas.</s>
    <s id="20">Así, los Estados Unidos irán a Copenhague en diciembre con un conjunto de objetivos muy diferentes a los de Europa, y con un punto de referencia distinto.</s>
  </p>
  <p id="8">
    <s id="21">La UE también debe aceptar que para el Congreso es una tarea política hercúlea aprobar legislación de cumplimiento obligatorio de reducción de emisiones antes de la reunión de Copenhague.</s>
    <s id="22">Una sólida falange de senadores está decidida a impedir que se apruebe cualquier legislación climática de cumplimiento obligatorio, y la crisis económica global ha creado el peor ambiente posible para añadir más cargas financieras a las empresas y los hogares.</s>
    <s id="23">Creo que el Congreso aprobará un cierto tipo de ley de cumplimiento obligatorio de comercio de derechos de emisión, pero es más probable que suceda el año próximo y que se quede incluso más abajo de los objetivos de la UE que las propuestas de la administración Obama.</s>
  </p>
  <p id="9">
    <s id="24">Además, es improbable que en Copenhague Obama acepte cualquier acuerdo internacional vinculante que vaya más allá de los objetivos establecidos por el Congreso.</s>
    <s id="25">Tampoco es probable que la administración consiga un apoyo de dos tercios en el Senado para respaldar un tratado post-Kyoto sin que haya compromisos vinculantes de parte de China e India.</s>
    <s id="26">China ya tiene normas obligatorias internas de intensidad de energía, pero ciertamente no aceptará objetivos vinculantes de reducción de emisiones.</s>
    <s id="27">Existe el riesgo real de que el costo de aprobar un proyecto de ley interna de comercio de derechos de emisión sea imponer sanciones comerciales a los grandes países emergentes emisores que se nieguen a aceptar límites obligatorios de algún tipo.</s>
  </p>
  <p id="10">
    <s id="28">Hay formas de evitar un enfrentamiento entre la UE y los Estados Unidos en Copenhague.</s>
    <s id="29">Una comunicación oportuna y constante con los más altos funcionarios encargados de asuntos climáticos de la administración Obama ayudaría a la UE a entender la postura probable de los Estados Unidos.</s>
    <s id="30">También serán esenciales los esfuerzos coordinados entre la UE y los Estados Unidos para persuadir a los principales países en desarrollo como China e India de que contribuyan significativamente al acuerdo de Copenhague.</s>
  </p>
  <p id="11">
    <s id="31">El problema no es meramente de competitividad para las empresas europeas y estadounidenses.</s>
    <s id="32">A fin de detener los aumentos de las temperaturas que nos dicen los científicos que deben evitarse para impedir una catástrofe, se requieren medidas importantes de parte de los principales países en desarrollo.</s>
    <s id="33">En el Tratado de Río de 1992 se hizo un llamado para que los países en desarrollo emprendieran acciones “comunes pero diferenciadas”, no a la inacción.</s>
    <s id="34">Si bien China y otros países en desarrollo pueden solicitar transferencia de tecnología a los países desarrollados, la UE y los Estados Unidos deben insistir en que no sea a expensas de la pérdida de la propiedad intelectual.</s>
  </p>
  <p id="12">
    <s id="35">Lo que es más importante, cada país (o en el caso de la UE, grupo de países) debería comprometerse a cumplir sus propios objetivos y hacer todos los esfuerzos para garantizar que, juntos, den como resultado el nivel general de reducciones que los científicos creen necesario para estabilizar las temperaturas globales.</s>
    <s id="36">Esto contrasta con Kyoto, en el que los llamados países desarrollados del “Anexo I” en esencia adoptaron objetivos idénticos.</s>
    <s id="37">Este cambio será difícil para la UE porque sus empresas afrontarán un conjunto de objetivos más estrictos que sus competidores en los Estados Unidos o en cualquier otro lugar.</s>
    <s id="38">Pero puede ser lo mejor que podamos esperar dadas las circunstancias.</s>
  </p>
  <p id="13">
    <s id="39">Las actitudes de los estadounidenses hacia el cambio climático se han transformado durante la administración Obama.</s>
    <s id="40">Sin embargo, las realidades políticas pondrán un límite a lo que los Estados Unidos podrán hacer antes y después de Copenhague.</s>
    <s id="41">Mientras más pronto se tomen en cuenta estas limitaciones, más probable será que se logre un acuerdo post Kyoto significativo.</s>
    <s id="42">Benjamin Franklin dijo a los colonos estadounidenses, “debemos estar unidos porque sino separados seguramente nos colgarán.”</s>
    <s id="43">Lo mismo se aplica a los Estados Unidos y la UE.</s>
  </p>
</document>
