<?xml version="1.0" encoding="utf-8"?>
<document>
  <HEADLINE>
    <s id="1">El llamado de lo tribal</s>
  </HEADLINE>
  <p id="1">
    <s id="2">LONDRES – ¿Por qué toman los políticos las decisiones que toman?</s>
    <s id="3">Y ¿por qué luego los votantes deciden apoyarlos?</s>
    <s id="4">Una posible respuesta es que los electores prefieren a políticos cuyos principios comparten, y reeligen a quienes promueven dichos principios durante el desempeño de sus funciones.</s>
    <s id="5">Otra alternativa es que los electores apoyan a los políticos que defienden sus intereses económicos o de otro tipo.</s>
    <s id="6">Y que cuando esos representantes ya no lo hacen, dejan de votar por ellos.</s>
  </p>
  <p id="2">
    <s id="7">Broadly defined, intervention refers to actions that influence the domestic affairs of another sovereign state, and they can range from broadcasts, economic aid, and support for opposition parties to blockades, cyber attacks, drone strikes, and military invasion.</s>
    <s id="8">Which ones will the US president-elect favor?</s>
  </p>
  <p id="3">
    <s id="9">After 15 years as chancellor of the European Union's largest member state, Angela Merkel will leave the political stage later this year, creating uncertainty about what lies ahead for Germany.</s>
    <s id="10">Five recent books on the issues dominating German political debates offer some answers, but also more questions.</s>
  </p>
  <p id="4">
    <s id="11">Estos modelos sencillos e intuitivos ocupan el centro de la economía política moderna.</s>
    <s id="12">No obstante, parecen inútiles a la hora de explicar la política de hoy, especialmente cuando se trata de los conservadores en Estados Unidos.</s>
  </p>
  <p id="5">
    <s id="13">Examinemos las posturas con respecto a los déficits fiscales en dicho país durante los últimos doce años.</s>
    <s id="14">A fines de 2008, cuando el mundo enfrentaba la que entonces era la peor crisis económica desde la Gran Depresión, los asesores del presidente electo Barack Obama deseaban un estímulo fiscal de US$1.800 billones, aunque creían que la cifra era utópica, pese a que su partido controlaba las dos cámaras del Congreso.</s>
    <s id="15">El gobierno finalmente solicitó un estímulo de US$1.200 billones, y el Congreso aprobó un paquete por un total de US$787 mil millones.</s>
  </p>
  <p id="6">
    <s id="16">Este estímulo resultó tremendamente impopular entre los conservadores estadounidenses.</s>
    <s id="17">Según dijo John Cassidy en la revista The New Yorker en 2014, "los republicanos, casi en su totalidad, describen la [...]</s>
    <s id="18">Ley de Recuperación y Reinversión de Estados Unidos promulgada en 2009 como un fracaso total".</s>
  </p>
  <p id="7">
    <s id="19">Sin embargo, en marzo de 2020, con Donald Trump en la Casa Blanca y el COVID-19 en todas partes, el Congreso aprobó un paquete de rescate de US$2.200 billones, el primero de varios.</s>
    <s id="20">El Senado votó 96-0 por la medida, con todos los republicanos a su favor.</s>
  </p>
  <p id="8">
    <s id="21">El estímulo de Trump es mucho más grande que el de Obama y, a diferencia del paquete de 2008, se desembolsará en un año en lugar de dos.</s>
    <s id="22">En 2009, el déficit presupuestario federal alcanzó un total de US$1.400 billones.</s>
    <s id="23">Hoy, la Oficina de Presupuestos del Congreso de Estados Unidos proyecta que llegará a US$3.700 billones en 2020, con lo que la deuda pública federal superará el 100% del PIB por primera vez desde la Segunda Guerra Mundial.</s>
  </p>
  <p id="9">
    <s id="24">Enjoy unlimited access to the ideas and opinions of the world's leading thinkers, including weekly long reads, book reviews, and interviews;</s>
    <s id="25">The Year Ahead annual print magazine; the complete PS archive; and more – All for less than $9 a month.</s>
  </p>
  <p id="10">
    <s id="26">Pero, en la actualidad no hay ningún conservador que proteste contra el exceso de gasto del gobierno o los elevados déficits, y menos aún que llame a la austeridad.</s>
    <s id="27">¿Por qué?</s>
    <s id="28">Porque el estímulo frente a la pandemia fue un proyecto de ley republicano, promulgado por un presidente republicano.</s>
  </p>
  <p id="11">
    <s id="29">Esta dinámica no se limita exclusivamente a la política presupuestaria.</s>
    <s id="30">Como lo muestra Ezra Klein en su libro Why We're Polarized (Porqué estamos polarizados), los debates en Estados Unidos respecto al llamado mandato individual –la obligación impuesta por el gobierno de que todos deben adquirir un seguro médico– han seguido un patrón semejante en las décadas recientes.</s>
    <s id="31">La idea de un mandato individual fue propuesta primero por el economista conservador Milton Friedman y adoptada a principios de la década de 1990 por poderosos senadores republicanos, entre ellos el entonces Líder de la Minoría, Bob Dole.</s>
    <s id="32">Y fue el entonces gobernador de Massachusetts, Mitt Romney, también republicano, quien primero aplicó el modelo en 2006.</s>
  </p>
  <p id="12">
    <s id="33">El hecho de que Friedman y los republicanos pro mercado libre apoyaran una obligación impuesta por el gobierno es menos sorprendente de lo que parece.</s>
    <s id="34">Si adquirir un seguro médico es completamente optativo, entonces los ricos y los sanos se excluirán para evitar tener que subvencionar indirectamente a quienes tienen bajos ingresos o una mayor probabilidad de enfermarse.</s>
    <s id="35">El precio de las pólizas de seguro será alto para quienes lo contraten, los muy pobres probablemente terminarán sin seguro, y muchos más solo con un seguro insuficiente.</s>
  </p>
  <p id="13">
    <s id="36">Por lo tanto, en última instancia, la única forma de lograr que funcione un mercado de seguros médicos es forzar la participación de todos.</s>
    <s id="37">Los conservadores deberían preferir este enfoque al de un sistema tipo canadiense en el que el gobierno se hace cargo de todos los costos, como también al de un servicio nacional de salud estilo británico, en el que el Estado presta los servicios y asume los gastos.</s>
  </p>
  <p id="14">
    <s id="38">Un consenso pareció fácil de alcanzar.</s>
    <s id="39">Habría bastado con que los republicanos pactaran con los demócratas que desean garantizar que todos tengan seguro médico (la mayoría), forjando así un amplio consenso entre los dos partidos que hubiera cambiado el curso de la política de salud en Estados Unidos.</s>
  </p>
  <p id="15">
    <s id="40">Sin embargo, de acuerdo a Klein, bastó con que los demócratas adoptaran el mandato individual para que los republicanos se opusieran a la idea.</s>
    <s id="41">En julio de 2009, Obama manifestó su apoyo a esta política, luego de haber tenido dudas al principio, y la convirtió en el elemento clave de lo que posteriormente pasó a llamarse Obamacare.</s>
    <s id="42">Ya en diciembre de ese año todos los senadores republicanos habían declarado que el mandato individual era “inconstitucional”, entre ellos los seis que previamente habían patrocinado un proyecto de ley que lo incluía.</s>
  </p>
  <p id="16">
    <s id="43">Más tarde, la eliminación de Obamacare pasó a ser uno de los pilares centrales de la campaña presidencial de Trump en 2016.</s>
    <s id="44">Y el sistema de atención a la salud volverá a ser una importante línea divisoria entre demócratas y republicanos en las elecciones presidenciales de noviembre.</s>
  </p>
  <p id="17">
    <s id="45">Los repetidos cambios de opinión de los políticos republicanos acerca de los déficits presupuestarios y la atención de la salud, revelan que ellos no se guían por principios.</s>
    <s id="46">Tampoco parece que se les pueda aplicar el modelo basado en los intereses: ¿por qué habría de ser bueno para los votantes republicanos un enorme déficit fiscal aplicado hoy, pero no así durante la crisis de 2008?</s>
  </p>
  <p id="18">
    <s id="47">Tienta llegar a la conclusión de que los políticos se están volviendo cada vez más corruptos y abiertamente dispuestos a mentir y engañar para conseguir sus propósitos.</s>
    <s id="48">Pero ello no puede ser toda la verdad.</s>
    <s id="49">Lo que los funcionarios públicos corruptos desean por sobre todo es mantenerse en el poder, y si los electores objetaran esta conducta, dejarían de votar por ellos.</s>
  </p>
  <p id="19">
    <s id="50">El hecho es que hoy día a muchos votantes no les importa que un político diga una cosa y luego haga otra, siempre y cuando sea su político, alguien con quien se identifican como miembro de su misma tribu.</s>
  </p>
  <p id="20">
    <s id="51">Puesto que es difícil saber qué políticas funcionan y cuáles no, y aún más difícil determinar qué políticos mantendrán sus promesas, la mayor parte de los votantes no espera dar con una respuesta por su propia cuenta.</s>
    <s id="52">En lugar de ello, depositan su confianza en un líder que es probable comparta sus valores y tome las decisiones que ellos habrían tomado si hubieran tenido suficiente información.</s>
  </p>
  <p id="21">
    <s id="53">Entonces, cuando los líderes cambian el rumbo de sus políticas a medio camino, como repetidamente lo han hecho los republicanos, sus seguidores suponen que tuvieron razones de peso para hacerlo.</s>
    <s id="54">El columnista del Financial Times, Simon Kuper, lo expresa de modo acertado: “En un país dividido, la mayor parte de los partidarios de un político tolerará la incompetencia (aunque provoque la muerte del abuelo) antes de cambiarse de equipo".</s>
  </p>
  <p id="22">
    <s id="55">La política en Estados Unidos, y en otras partes del mundo, se está volviendo cada vez más tribal.</s>
    <s id="56">Ello explica por qué en 2016 Trump obtuvo solo el 22% de los condados donde se encuentra el supermercado orgánico Whole Foods, mientras que ganó en el 76% de los condados donde se puede comer pan de maíz y pollo frito en un restaurant Cracker Barrel.</s>
    <s id="57">Y el tribalismo también explica el discurso en tono de guerra cultural y valórica que Trump pronunció el 3 de julio en Mount Rushmore.</s>
  </p>
  <p id="23">
    <s id="58">Los republicanos en Estados Unidos comprenden bien las claves de la política identitaria.</s>
    <s id="59">Es posible que ella les vuelva a producir buenos resultados.</s>
    <s id="60">Si los demócratas no aprenden rápidamente a contrarrestarla, habrá celebraciones en Cracker Barrel este noviembre.</s>
  </p>
  <SOURCE TRANSLATOR="Ana María Velasco" />
</document>
