<?xml version="1.0" encoding="utf-8"?>
<document>
  <HEADLINE>
    <s id="1">La inusual recuperación de Estados Unidos ya es también la más larga</s>
  </HEADLINE>
  <p id="1">
    <s id="2">LONDRES – En los próximos meses se publicarán datos que mostrarán que la expansión económica actual en Estados Unidos es la más larga registrada.</s>
    <s id="3">Pero aunque el país sigue superando a otras economías avanzadas, el éxito todavía no logró disipar la persistente sensación de inseguridad económica y frustración de muchos estadounidenses; tampoco calma el temor a que las autoridades no tengan margen de maniobra para responder a la siguiente desaceleración económica o perturbación financiera.</s>
  </p>
  <p id="2">
    <s id="4">La expansión actual comenzó a mediados de 2009, después de la crisis financiera de 2008 y la “Gran Recesión”.</s>
    <s id="5">Impulsada al principio por intervenciones fiscales excepcionales y políticas monetarias antes inimaginables, la economía sentó bases suficientemente sólidas para permitir un renacimiento de la confianza del sector privado y la recuperación de los balances corporativos.</s>
    <s id="6">Con el avance acelerado de nuevas tecnologías, la expansión fue liderada en gran parte por empresas tecnológicas de la nueva “economía de plataformas”.</s>
    <s id="7">Y recibió un impulso adicional de medidas procrecimiento, por ejemplo desregulación y rebajas impositivas.</s>
  </p>
  <p id="3">
    <s id="8">Ahora que la tasa de desempleo en Estados Unidos se sitúa en 3,6%, el salario real (ajustado por inflación) crece al 1,6%.</s>
    <s id="9">Y con los datos trimestrales más recientes que indican un 3,1% de crecimiento anualizado del PIB, la actividad económica de los Estados Unidos sigue superando a la de Europa y Japón por amplio margen.</s>
    <s id="10">Esta fortaleza alentó una creciente asertividad de Estados Unidos en la búsqueda de sus objetivos nacionales en la escena mundial, que incluye pasar por alto viejos mecanismos de cooperación y resolución de conflictos y amenazar con la imposición de aranceles a las importaciones y otras medidas proteccionistas.</s>
  </p>
  <p id="4">
    <s id="11">Para llegar a este punto, Estados Unidos tuvo que enfrentar un contexto externo desfavorable, que incluyó una crisis existencial de deuda en Europa y la desaceleración del crecimiento económico de China.</s>
    <s id="12">En el plano interno, una profunda polarización política, sobre todo desde 2011, obstaculizó la actividad legislativa del Congreso y produjo varias amenazas de cierre de la administración pública y cierres reales (entre ellos el más largo registrado).</s>
    <s id="13">En ausencia de medidas procrecimiento de parte del Congreso, la política monetaria pasó a ser la única herramienta importante.</s>
    <s id="14">Tras tener que ampliar considerablemente su lugar en la economía durante los años de la crisis, la Reserva Federal de los Estados Unidos estuvo al borde de aplicar políticas sumamente erradas y se volvió más vulnerable a la interferencia política.</s>
  </p>
  <p id="5">
    <s id="15">Como el crecimiento anual durante la última década fue a menudo endeble y no lo suficientemente inclusivo (lo que se conoce como la “nueva normalidad” o estancamiento secular), la economía estadounidense quedó con una sensación residual de bajo desempeño y vulnerabilidad potencial.</s>
    <s id="16">Según una encuesta muy citada de la Fed, casi la mitad de las familias estadounidenses dicen no tener ahorros suficientes para cubrir un gasto de emergencia por 400 dólares.</s>
  </p>
  <p id="6">
    <s id="17">No extraña que la confianza en las instituciones y en la opinión de los expertos siga siendo tan baja.</s>
    <s id="18">En combinación con una desigualdad excesiva (de ingresos, riqueza y oportunidades), la frustración y el malestar político se mantienen altos.</s>
    <s id="19">Para colmo de males, la difusión de pronósticos pesimistas sobre las implicaciones de la tecnología y de la globalización sigue alimentando el temor a disrupciones y dislocaciones del mercado laboral.</s>
    <s id="20">Y fuera de los Estados Unidos, muchos temen que la superpotencia que es responsable de emitir la moneda de reserva internacional, y que cumple un papel decisivo en muchas interacciones multilaterales, ya no sea un anclaje confiable y predecible del sistema global de comercio y finanzas.</s>
  </p>
  <p id="7">
    <s id="21">Además, a diferencia de expansiones anteriores, Estados Unidos todavía no llegó a estar suficientemente protegido contra futuros desafíos económicos y financieros.</s>
    <s id="22">O, como dijo el expresidente estadounidense John F. Kennedy y repitió el año pasado la directora gerente del FMI Christine Lagarde, no reparamos el tejado cuando todavía brillaba el sol.</s>
  </p>
  <p id="8">
    <s id="23">Más allá de la falta de autoprotección en el nivel de las familias, la capacidad de la Fed para contrarrestar recesiones económicas y disrupciones financieras es bastante limitada.</s>
    <s id="24">La tasa de política monetaria actual está en 2,25%‑2,5%, pero en desaceleraciones pasadas fueron necesarios recortes de cinco puntos porcentuales o más.</s>
    <s id="25">Además, el balance de la Fed está sobredimensionado y el mecanismo para la transmisión de las medidas de política monetaria a la economía real está bastante debilitado.</s>
    <s id="26">E incluso si las autoridades fiscales adoptaran un papel más activo, partirían de un nivel de déficit y deuda relativamente altos.</s>
  </p>
  <p id="9">
    <s id="27">Para prolongar la expansión actual hará falta mucha pericia.</s>
    <s id="28">Las autoridades (en particular, el Congreso) deben, por un lado, evitar grandes errores y minimizar el riesgo de crisis financieras, y por el otro hacer más para estimular el crecimiento.</s>
    <s id="29">Estados Unidos necesita una estrategia bien dirigida para la modernización y actualización de su infraestructura.</s>
  </p>
  <p id="10">
    <s id="30">Las autoridades y los economistas influyentes también deben estar más atentos a la distribución de los frutos del crecimiento económico; entre otras cosas, hay que mejorar la protección de los sectores más vulnerables de la sociedad y crear estabilizadores automáticos más fuertes.</s>
    <s id="31">Las empresas, por su parte, deben esforzarse más en asumir sus responsabilidades sociales, aunque solo sea para no terminar en la misma posición que los bancos después de la debacle de 2008.</s>
    <s id="32">Cada vez más voces se alzan para pedir una mayor regulación de las grandes tecnológicas.</s>
  </p>
  <p id="11">
    <s id="33">Además, después de trastornar el comercio global, Estados Unidos debe garantizar que seguirá siendo el ancla del sistema internacional basado en reglas.</s>
    <s id="34">De lo contrario, su influencia sobre los acontecimientos económicos y financieros en todo el mundo se debilitará.</s>
  </p>
  <p id="12">
    <s id="35">Pronto Estados Unidos estará celebrando (y con razón) la expansión más larga de su historia.</s>
    <s id="36">Pero no debe perder de vista los desafíos que aún le quedan.</s>
    <s id="37">Lo último que necesita el mundo ahora mismo es que la expansión actual dé paso a un período prolongado de menor crecimiento, mayor inestabilidad financiera y aumento de las tensiones transfronterizas.</s>
  </p>
  <SOURCE TRANSLATOR="Esteban Flamini" />
</document>
