<?xml version="1.0" encoding="utf-8"?>
<document>
  <HEADLINE>
    <s id="1">Ha llegado la hora de adoptar decisiones sobre Venezuela</s>
  </HEADLINE>
  <p id="1">
    <s id="2">CIUDAD DE MÉXICO – Hasta ahora la crisis venezolana sólo surtía efectos dentro del propio país.</s>
    <s id="3">Salvo uno que otro exabrupto de Hugo Chávez antes de morir, una que otra expropriación de empresas extranjeras sin la adecuada compensación y una que otra injerencia menor en las contiendas electorales de naciones vecinas, los estragos de quince años de despilfarro, corrupción, desviación autoritaria y violaciones crecientes de los derechos humanos únicamente habían dañado a ...</s>
    <s id="4">Venezuela.</s>
    <s id="5">Ya, no.</s>
  </p>
  <p id="2">
    <s id="6">La decisión del Presidente Barack Obama de calificar formalmente a Venezuela de “amenaza para la seguridad nacional” de los Estados Unidos intensifica el enfrentamiento entre el gobierno de Nicolás Maduro y “el imperio”.</s>
    <s id="7">Los motivos de la decisión estadounidense permanecen en el misterio; asimismo, no se comprenden del todo las consecuencias jurídicas de esta “certificación”.</s>
    <s id="8">Pero no es imposible que parte de la explicación radique en la pasividad latinoamericana ante los encarcelamientos o desafueros de dirigentes opositores, la represión contra manifestantes estudiantiles y empresariales, la censura a los medios de comunicación y el derrumbe de la economía venezolana.</s>
    <s id="9">Tal vez lo que Obama pretenda sea obligar a que se definan países como el Brasil, México, Chile y Colombia, que, sin ser parte del ALBA, es decir, la coalición chavista de la región, han mantenido un desconcertante silencio ante los atropellos recurrentes de Chávez y Maduro.</s>
    <s id="10">Sobre todo, la operación norteamericana puede meter una cuña entre Caracas y La Habana justo cuando al régimen cubano le importa más que nunca acelerar las negociaciones con Washington.</s>
    <s id="11">Conviene recordarlo: sin Venezuela, Cuba se hunde, a menos que encuentre una tabla de salvación sustitutiva.</s>
    <s id="12">La única disponible es la normalización de relaciones con los Estados Unidos, cosa en mi opinión imposible a corto plazo, pero que en opinión de muchos expertos está a la vuelta de la esquina.</s>
  </p>
  <p id="3">
    <s id="13">Maduro reaccionó de dos maneras a la afrenta de Obama.</s>
    <s id="14">Primero, pidió poderes especiales a la Asamblea legislativa, promulgó nuevas leyes rehabilitantes y movilizó al ejército y a las milicias en maniobras de guerra, como si la invasión estadounidense fuera inminente: el viejo argumento de la agresión externa que justifica la represión interna.</s>
    <s id="15">Segundo, buscó y consiguió el apoyo de UNASUR, una de las nuevas organizaciones regionales cuyos pronunciamientos son tan frecuentes como inocuos, y solicitó una reunión del Consejo Permanente de la OEA el 18 de marzo, día en que será elegido el nuevo Secretario General, para vituperar la decisión de Obama y obtener respaldo latinoamericano.</s>
    <s id="16">Más aún, se prepara para transformar la Cumbre de las Américas, a la que normalmente acuden EU, Canadá y todos los países de la región, salvo Cuba, en un aquelarre retórico contra el “intervencionismo yanqui” en su país.</s>
    <s id="17">Sólo, que esta vez asistirán en principio a la reunión de Panamá Obama y Raúl Castro; se darán la mano; se sentaran a la misma mesa y tal vez celebren una reunión bilateral, si logran destrabar las negociaciones sobre la apertura de embajadas en cada capital y en particular quitar a Cuba de la lista de países que, según Washington, apoyan el “terrorismo internacional.”</s>
    <s id="18">No se ve claramente cómo se puede conciliar el deshielo de Estados Unidos con Cuba con una virulenta confrontación verbal y política con Venezuela, en la que Cuba y sus aliados se verán obligados a tomar partido.</s>
    <s id="19">Ya lo hizo el Gobierno isleño desde La Habana., manifestando su apoyo incondicional a Maduro, pero con Obama enfrente habrá de pensárselo dos veces.</s>
  </p>
  <p id="4">
    <s id="20">Pero tampoco se vislumbra una salida fácil para los países antiintervencionistas sin ser prochavistas.</s>
    <s id="21">No parece sencillo esquivar los escollos de Panamá sin comprometerse con unos o con otros.</s>
    <s id="22">¿Que harán los presidentes del Brasil, México, Chile y los demás países antiintervencionistas pero no prochavistas que han aplaudido –con toda razón– la distensión entre Cuba y los Estados Unidos?</s>
    <s id="23">¿Se unirán al estridente coro de Maduro, Daniel Ortega, Evo Morales, Rafael Correa, Cristina Kirchner acorralando a Obama en Panamá o repetirán la exhortación del Rey Juan Carlos I a Chávez: “¿Por qué no te callas?”</s>
    <s id="24">¿Tratarán de desactivar la trampa tendida por Maduro a Obama o se resignarán a la ausencia del estadounidense, si la celada se confirma?</s>
  </p>
  <p id="5">
    <s id="25">Sólo es seguro un vaticinio: los grandes países de América Latina no podrán hacer la vista gorda ante la tragedia venezolana, como ha sucedido hasta ahora.</s>
    <s id="26">Gracias al aparente exceso de Obama, a la apremiante necesidad cubana de atraer inversiones, turistas y comercio y frente al descalabro económico venezolano, producto de la incompetencia y de la caída del precio del petróleo, se ha agotado el tiempo de la indiferencia.</s>
    <s id="27">Enhorabuena.</s>
  </p>
</document>
