<?xml version="1.0" encoding="utf-8"?>
<document>
  <HEADLINE>
    <s id="1">A la espera de Hamas</s>
  </HEADLINE>
  <p id="1">
    <s id="2">La decisión de Mahmoud Abbas, Presidente de la Autoridad Nacional Palestina, de posponer indefinidamente las elecciones del Consejo Legislativo programadas para este mes ha profundizado las desavenencias con Hamas, su rival islámico.</s>
    <s id="3">Hamas está a disgusto con la decisión unilateral de Abbas ya que argumenta que es una violación directa de un acuerdo entre Hamas y Fatah, el Partido de Abbas, y que condujo al actual cese al fuego con Israel.</s>
    <s id="4">Hamas alega que no se le consultó antes de que se anunciara la decisión.</s>
  </p>
  <p id="2">
    <s id="5">El 17 de julio, fecha original de la elección, puso a Fatah en una situación difícil.</s>
    <s id="6">Con su imagen pública manchada por la corrupción y por sus luchas internas, Fatah considera su convención del 4 de agosto como una oportunidad de unirse con miras a la campaña electoral.</s>
    <s id="7">Hamas está muy conciente del desorden de Fatah y acusa a Abbas de posponer las elecciones legislativas por razones partidistas y no nacionales.</s>
  </p>
  <p id="3">
    <s id="8">Recientemente, Hamas ganó varias elecciones locales en Cisjordania y en Gaza, lo que lleva a los observadores a predecir un fuerte apoyo hacia Hamas en las elecciones parlamentarias.</s>
    <s id="9">La popularidad de Fatah entre los palestinos se ha desplomado desde el estallido de la segunda intifada a finales del año 2000.</s>
    <s id="10">Fatah, que desde hace mucho es la columna vertebral del movimiento nacional palestino, ha sido la facción dominante en la OLP.</s>
    <s id="11">Apoyado por los Acuerdos de Oslo y el establecimiento de la Autoridad Palestina (AP) en 1994, Fatah ha visto caer su popularidad en la última década por las acusaciones de corrupción e incompetencia.</s>
  </p>
  <p id="4">
    <s id="12">Tiene poco que Hamas ingresó a la política electoral y ha obtenido impresionantes victorias sobre los candidatos de Fatah en muchos municipios, en particular en la franja de Gaza.</s>
    <s id="13">Por ello los líderes de Fatah temen que si se presentan a las elecciones nacionales en su estado actual de impopularidad y división sufrirán una seria derrota.</s>
  </p>
  <p id="5">
    <s id="14">Nada de esto se reconoció en el anuncio sobre el aplazamiento de las elecciones.</s>
    <s id="15">Abbas dijo que el retraso se debió a una petición de la Comisión Electoral Central palestina después que esta declarara que no podía cumplir con la fecha programada para las elecciones porque la ley electoral no había sido aprobada aún.</s>
    <s id="16">La Comisión dice que necesita al menos dos meses después de la ratificación para organizar las votaciones.</s>
  </p>
  <p id="6">
    <s id="17">La ley electoral fue aprobada tras su tercera lectura en la legislatura palestina pero fue rechazada por Abbas, una decisión que se encuentra dentro de sus prerrogativas presidenciales.</s>
    <s id="18">Abbas quiere que todos los candidatos sean incluidos en listas nacionales, lo que permitiría una representación proporcional de los principales grupos y facciones palestinas de la legislatura.</s>
    <s id="19">Inicialmente Abbas llegó a un acuerdo con Hamas sobre un sistema en el que la mitad de los escaños parlamentarios serían elegidos mediante voto regional y la otra mitad por una lista de partidos.</s>
    <s id="20">Sin embargo, la legislatura aprobó una ley por la que se habrían elegido dos terceras partes de los escaños regionalmente.</s>
  </p>
  <p id="7">
    <s id="21">Aunque la fórmula promovida por Abbas beneficiará a todos los grupos y partidos políticos, Hamas tiene su propia agenda.</s>
    <s id="22">Se dice que Hamas cree que un sistema regional funcionará a su favor, juicio que fue alentado por las elecciones locales recientes, en las que encontró apoyo concentrado en áreas particulares.</s>
    <s id="23">Fatah prefiere un sistema de votación en el que el tamaño de la población determine el alcance de la representación parlamentaria.</s>
  </p>
  <p id="8">
    <s id="24">Sin importar qué sistema electoral surja de este proceso, Abbas está decidido a incorporar a Hamas al sistema político palestino.</s>
    <s id="25">Su esperanza es que si Hamas se vuelve parte de la política palestina normal será más fácil para él convencerlos de dejar las armas y de ese modo ampliar su mandato popular para las conversaciones de paz con Israel.</s>
  </p>
  <p id="9">
    <s id="26">Un número creciente de señales apoyan esta aseveración.</s>
    <s id="27">Hamas ha estado en las listas de terroristas de los europeos y de los estadounidenses por algún tiempo y desearía cambiar su imagen en Occidente al tiempo que ingresa al sistema político palestino.</s>
    <s id="28">Con la mayor parte de su liderazgo histórico muerto a manos de los israelíes en años recientes, los nuevos líderes de Hamas parecen estar dispuestos a considerar una nueva postura, como lo demostró la participación del partido en las elecciones.</s>
    <s id="29">Hamas también está siguiendo de cerca el progreso de la campaña estadounidense para reformar el Medio Oriente, así como la guerra contra el terrorismo y los enfrentamientos en Irak.</s>
  </p>
  <p id="10">
    <s id="30">Pero hay una gran pregunta por contestar: ¿cambiarán los Estados Unidos su política de boicot total contra Hamas?</s>
    <s id="31">Algunos reportes recientes indican que, como resultado del creciente auge político del grupo en los territorios palestinos, la administración Bush piensa relajar su enfoque de línea dura hacia Hamas.</s>
    <s id="32">El apoyo estadounidense a la democracia en la región aumenta este dilema.</s>
    <s id="33">¿De qué manera puede la administración Bush apoyar elecciones libres y después rechazar la decisión de los palestinos?</s>
  </p>
  <p id="11">
    <s id="34">Para aquéllos que exigen un cambio en la política estadounidense la lógica es clara.</s>
    <s id="35">Reconocer la popularidad de Hamas -y por lo tanto su papel político- marginará al brazo armado de la organización.</s>
    <s id="36">La experiencia previa con los partidos islámicos en Jordania y en otros lugares tiende a apoyar esta opinión.</s>
    <s id="37">Pero Hamas está jugando sus cartas sagazmente y tiene un sentido agudo de su creciente fortaleza.</s>
    <s id="38">En última instancia, la agenda de Hamas estará determinada por su objetivo de convertirse en la fuerza política dominante en Palestina.</s>
  </p>
</document>
