<?xml version="1.0" encoding="utf-8"?>
<document>
  <HEADLINE>
    <s id="1">La guerra en contra de las leyes de la guerra</s>
  </HEADLINE>
  <p id="1">
    <s id="2">Es imposible sobreestimar el valor de las Convenciones de Ginebra de 1949 y los "Protocolos" adicionales de 1977.</s>
    <s id="3">En simples términos humanos, millones de personas están hoy con vida porque esas normas permitieron el trabajo del Comité Internacional de la Cruz Roja (CICR).</s>
    <s id="4">Juntos, las convenciones y los protocolos forman lo que erróneamente se ha dado en llamar el derecho humanitario internacional (DHI), pero que en realidad regula la guerra, buscando limitar sus efectos, sin importar las razones que hayan llevado a ella, y restringir los métodos empleados, incluso en las que se emprenden por una causa justa.</s>
  </p>
  <p id="2">
    <s id="5">Por ejemplo, muchos Estados creen actualmente que la prohibición de atacar blancos civiles en forma deliberada es obligatoria, y actúan sobre esa base al limitar sus tácticas en el campo de batalla.</s>
    <s id="6">Observemos el cambio en el comportamiento militar estadounidense, de la era de Vietnam, cuando los comandantes hablaban de destruir aldeas "a fin de salvarlas", a sus operaciones en Kosovo y Afganistán, cuando consultaban a abogados militares e incluso a funcionarios del CICR sobre qué objetivos podían bombardear.</s>
  </p>
  <p id="3">
    <s id="7">Estos avances, que lograron un apoyo institucional adicional con el establecimiento de la Corte Penal Internacional en julio del año pasado, llevaron a muchos a creer que el triunfo del derecho internacional ya no es una esperanza utópica, sino una posibilidad práctica.</s>
    <s id="8">La imagen sigue siendo atractiva, pero en su seducción moral se esconden peligros morales e intelectuales serios.</s>
  </p>
  <p id="4">
    <s id="9">Vale la pena recordar la observación de Walter Benjamin en el sentido de que "todo documento de la civilización es al mismo tiempo un documento de la barbarie".</s>
    <s id="10">Florence Nightingale comprendió eso cuando no quiso unirse al fundador del CICR, Henri Dunant, en la década de 1860.</s>
    <s id="11">Ella sostenía que poner límites a la guerra, como intenta hacerlo el CICR, es hacerla más justificable moralmente para quienes participan en ellas.</s>
  </p>
  <p id="5">
    <s id="12">En efecto, la idealización de cualquier documento tiene un matiz religioso que debería provocar el escepticismo de cualquier persona pensante.</s>
    <s id="13">El derecho no debe de tener una mayor inmunidad al examen crítico que cualquier otro credo.</s>
    <s id="14">Cuando Jakob Kellenberger, el actual presidente del CICR, afirma que lo que subyace al DHI es "el principio de humanidad", ingresamos al terreno de la idolatría legal.</s>
  </p>
  <p id="6">
    <s id="15">Pero el DHI se enfrenta no sólo al reto ético de manejar su arrogancia moral.</s>
    <s id="16">La guerra comenzó a mutar en la última parte del siglo XX.</s>
    <s id="17">A pesar de los horrores del reciente conflicto entre Etiopía y Eritrea y la posibilidad de que una catástrofe acompañe al ataque anglo-estadounidense en contra de Iraq, actualmente la mayoría de las guerras son guerras civiles.</s>
    <s id="18">Como tales, están, casi por definición, menos sujetas a reglas que las guerras entre Estados.</s>
  </p>
  <p id="7">
    <s id="19">Las razones son simples y brutales.</s>
    <s id="20">En una guerra civil, cada bando tiende a negar la legitimidad, si no es que la humanidad del contrario.</s>
    <s id="21">La meta no es tanto la victoria en el campo de batalla como la limpieza étnica, el sojuzgamiento e incluso el genocidio.</s>
    <s id="22">Si, como en Bosnia, el objetivo de un comandante es remplazar a la población musulmana de cierta zona con serbios, entonces la guerra, por definición, se hace indistinguible del crimen de guerra.</s>
  </p>
  <p id="8">
    <s id="23">Si ese comandante serbio luchara siguiendo las reglas del DHI (es decir, ofreciendo a los civiles una protección básica) entonces no tendría caso iniciar las hostilidades.</s>
    <s id="24">Para los serbios bosnios en 1992, los hutus de Ruanda en 1994 o el Frente Unido Revolucionario en Sierra Leona, los verdaderos adversarios no eran los combatientes enemigos, sino la población civil de un grupo étnico o cultural rival.</s>
  </p>
  <p id="9">
    <s id="25">En esas circunstancias, el derecho no sirve para nada.</s>
    <s id="26">El que se cometan crímenes de guerra puede provocar una intervención militar como en Kosovo o Timor oriental.</s>
    <s id="27">Pero la idea de que tales intervenciones se pueden volver la norma, que las grandes potencias (y sólo las grandes potencias tienen los recursos para actuar con efectividad) enviarán a sus tropas a matar y morir en guerras interminables de altruísmo es utópica en el peor sentido del término.</s>
    <s id="28">Es completamente irrealizable.</s>
  </p>
  <p id="10">
    <s id="29">Así, lejos de haber triunfado, el derecho humanitario internacional nunca ha estado en mayor peligro.</s>
    <s id="30">El derecho supone un consenso moral entre Estados y caudillos que existe sólo en la retórica.</s>
    <s id="31">Sí, el gobierno de Ruanda firmó la Convención sobre el Genocidio.</s>
    <s id="32">Pero una firma no significa sinceridad.</s>
    <s id="33">Obviamente, algunas normas consiguen a la larga el consentimiento y el apoyo de aquéllos a quienes van dirigidas.</s>
    <s id="34">El problema es que ninguna ley de la naturaleza garantiza que eso pase.</s>
  </p>
  <p id="11">
    <s id="35">Mientras tanto, la verdadera conducción de las guerras entre Estados se está volviendo más, no menos, bárbara.</s>
    <s id="36">En la mayoría de los conflictos, los derechos de los prisioneros se ignoran rutinariamente, la tortura es generalizada y se ignora la inviolabilidad de las instalaciones culturales o religiosas.</s>
    <s id="37">Cuando Kellenberger se emociona por el surgimiento de una sociedad civil supuestamente decidida a "lograr un mayor respeto por los derechos humanos y el derecho humanitario", está confundiendo sus sueños con la realidad.</s>
  </p>
  <p id="12">
    <s id="38">De hecho, los ataques en contra del DHI vienen no sólo de los cabecillas militares de Costa de Marfil o Chechenia o Aceh.</s>
    <s id="39">Vienen cada vez más de los Estados que, en la conducción de sus operaciones militares convencionales, tienden a respetar las leyes de la guerra.</s>
    <s id="40">La llamada "guerra contra el terrorismo" se encargó de ello.</s>
  </p>
  <p id="13">
    <s id="41">Los EU, en particular, creen actualmente que la mayoría de sus adversarios no son soldados en el sentido convencional, sino "combatientes ilegales", gente a la que la protección de las Convenciones de Ginebra no se aplica.</s>
    <s id="42">La erosión del DHI se deriva ahora, en la misma medida al menos, de las decisiones tomadas en Washington que de la crueldad de los comandantes milicianos de las selvas de Africa occidental.</s>
  </p>
</document>
