<?xml version="1.0" encoding="utf-8"?>
<document>
  <HEADLINE>
    <s id="1">¿A dónde va el dólar fuerte?</s>
  </HEADLINE>
  <p id="1">
    <s id="2">En su primer viaje internacional, el nuevo Secretario del Tesoro de los Estados Unidos, Paul O’Neill, tuvo un tropiezo –al decir la verdad.</s>
    <s id="3">Durante la administración Clinton, el Secretario del Tesoro Robert Rubin y después Lawrence Summers afirmaron que Estados Unidos tenía “una política de dólar fuerte”.</s>
    <s id="4">O’Neill declaró que “no estamos siguiendo...una política de dólar fuerte”.</s>
    <s id="5">Ante los ataques inmediatos por dar marcha atrás a una política sostenida durante tanto tiempo, rápidamente se retractó.</s>
    <s id="6">Qué lástima, porque su comentario fue mucho más sensato que las afirmaciones de sus predecesores.</s>
  </p>
  <p id="2">
    <s id="7">La verdad es que los Estados Unidos no tienen una política de tipo de cambio.</s>
    <s id="8">Cuando Alan Greenspan pondera cuál será el siguiente movimiento de las tasas de interés en los EU, se presta poca atención al tipo de cambio del dólar frente al euro, el yen u otras divisas.</s>
    <s id="9">Las decisiones de política monetaria del país dependen de la fuerza o debilidad de la economía interna y de la inflación.</s>
    <s id="10">Si la economía se está desacelerando, si hay capacidad excesiva y si la inflación es baja, las tasas de interés se reducen; si la economía es fuerte, el exceso de la capacidad se limita y las presiones inflacionarias crecen, las tasas aumentan.</s>
    <s id="11">La Reserva Federal tampoco interviene directamente en los mercados de divisas, salvo en circunstancias extraordinarias.</s>
  </p>
  <p id="3">
    <s id="12">Sólo en un sentido se puede decir que EU tenga una política de “dólar fuerte”: la política monetaria de la Reserva Federal está diseñada para mantener baja la inflación.</s>
    <s id="13">El dólar se mantiene “fuerte” en términos de su poder de compra de bienes y servicios estadounidenses.</s>
    <s id="14">Pero eso no es lo que los mercados creían que significaba una política de “dólar fuerte”.</s>
    <s id="15">Suponían que la política de dólar fuerte se refería al tipo de cambio.</s>
    <s id="16">En este sentido, la política de “dólar fuerte” significaría que Estados Unidos tiene una política de “euro débil” o de “yen débil”.</s>
    <s id="17">Tal cosa no existe.</s>
  </p>
  <p id="4">
    <s id="18">Entonces, ¿por qué varios Secretarios del Tesoro han dicho que los EU tienen una política de dólar fuerte?</s>
    <s id="19">Parte de la respuesta es que el apoyo a un dólar fuerte es un lema fácil; suena patriótico.</s>
    <s id="20">Además, si los secretarios Rubin y Summers hubieran dicho que creían en un “euro débil” la afirmación habría sido tomada como hostil, aunque implícitamente eso es lo que estaban diciendo.</s>
    <s id="21">Rubin y Summers habrían hecho declaraciones más verdaderas si hubieran dicho que Estados Unidos de hecho no tiene una política de tipo de cambio, que es lo que O’Neill intentó hacer.</s>
  </p>
  <p id="5">
    <s id="22">Existe otra razón para sus aseveraciones.</s>
    <s id="23">Algunos funcionarios de EU creen que las declaraciones sobre un “dólar fuerte” contribuyen a estabilizar los mercados de divisas, aun cuando la política monetaria estadounidense no se dirigiera a fortalecer el dólar frente al euro o el yen.</s>
    <s id="24">Hay quienes creen que, sin esas declaraciones, el dólar caería frente a esas divisas.</s>
    <s id="25">Después de todo, si el Secretario del Tesoro de los EU no apoya al dólar, entonces, ¿qué sostendría su valor?</s>
  </p>
  <p id="6">
    <s id="26">De acuerdo con esta interpretación, los participantes en el mercado comenzarían a predecir la caída del dólar y venderían la moneda anticipándose a ella.</s>
    <s id="27">Esas ventas de la divisa en efecto llevarían al colapso del dólar.</s>
    <s id="28">Estaríamos frenta a una profecía que se cumple sola.</s>
  </p>
  <p id="7">
    <s id="29">Estas profecías parece que se cumplen.</s>
    <s id="30">Las afirmaciones sobre una política de “dólar fuerte” podrían sostener el valor de la moneda durante un tiempo, probablemente algunos años.</s>
    <s id="31">Pero a la larga, las fuerzas y debilidades económicas fundamentales tienen efectos más fuertes sobre el tipo de cambio que las profecías.</s>
  </p>
  <p id="8">
    <s id="32">Si, como parece ser el caso actualmente, la economía de Estados Unidos se está debilitando mientras que la de Europa sigue fuerte, el dólar se debilitará frente al euro, aunque el Secretario del Tesoro de EU promueva o deje de promover su divisa.</s>
    <s id="33">Un dólar más débil frente al euro ayudará a conservar la demanda en EU mientras la economía se desacelera.</s>
    <s id="34">De modo similar, el yen tenderá a depreciarse tanto frente al dólar como frente al euro, dadas las debilidades subyacentes de Japón.</s>
  </p>
  <p id="9">
    <s id="35">Si algún efecto tuvieron las declaraciones sobre la política de dólar fuerte, tal vez fue ayudar a promover la burbuja financiera de Estados Unidos entre 1998 y 2000.</s>
    <s id="36">Los inversionistas en EU y el resto del mundo creyeron durante este corto periodo que las inversiones en ese país garantizaban riqueza.</s>
    <s id="37">Ello contribuyó al boom y a la caída de las acciones de tecnología en los EU.</s>
  </p>
  <p id="10">
    <s id="38">La visión inocente de que el dólar sería siempre fuerte (y de que se fortalecería aún más) frente al euro añadió combustible a los flujos de capital hacia Estados Unidos.</s>
    <s id="39">Ahora que la burbuja se está reventando, los mercados están deprimidos y el dólar se está debilitando frente al euro.</s>
    <s id="40">Los excesos del pasado podrían generar una recesión en EU este año.</s>
  </p>
  <p id="11">
    <s id="41">¿Cuál debería de ser la política de tipo de cambio de Estados Unidos?</s>
    <s id="42">Lo correcto es basar la política monetaria estadounidense en las condiciones internas, más que en el tipo de cambio.</s>
    <s id="43">Las economías pequeñas, muy integradas con sus socios comerciales podrán fijarse metas de tipo de cambio, o fijar su tipo de cambio con el de la divisa de sus socios comerciales, pero a las economías grandes y relativamente cerradas como los EU, la UE y Japón les conviene más centrarse en sus condiciones internas y dejar que los mercados fijen el tipo de cambio.</s>
  </p>
  <p id="12">
    <s id="44">Debe permitirse que el dólar suba o baje frente al euro o al yen dependiendo de las fuerzas subyacentes de las tres zonas económicas.</s>
    <s id="45">En el contexto actual, es probable que las fuerzas del mercado lleven a un mayor debilitamiento del dólar frente al euro y del yen frente al dólar y al euro.</s>
  </p>
  <p id="13">
    <s id="46">Así, el Secretario O’Neill tuvo razón, aunque sus palabras fueron torpes.</s>
    <s id="47">Los Estados Unidos no deben tener ni una política de dólar fuerte ni una política de dólar débil, sino más bien una política monetaria interna sensata, y el convencimiento de que los mercados de divisas son los que deben determinar el tipo de cambio.</s>
  </p>
</document>
