<?xml version="1.0" encoding="utf-8"?>
<document>
  <HEADLINE>
    <s id="1">¿Pueden tasas ultrabajas ser contractivas?</s>
  </HEADLINE>
  <p id="1">
    <s id="2">CHICAGO – El rendimiento real (tras descontar la inflación) de los bonos del Tesoro de los Estados Unidos a diez años en la actualidad es cero, y fue extremadamente bajo durante la mayor parte de los últimos ocho años.</s>
    <s id="3">En tanto, el 40% de los bonos de grado de inversión fuera de los Estados Unidos tienen rendimiento nominal negativo.</s>
    <s id="4">Y hace poco, el Banco Central Europeo redujo la tasa de depósito a -0,5% como parte de un nuevo paquete de medidas de estímulo económico para la eurozona.</s>
  </p>
  <p id="2">
    <s id="5">Siempre se pensó que la baja de tipos de interés estimula el crecimiento económico.</s>
    <s id="6">Pero una investigación reciente de nuestra autoría indica que tal vez no sea así.</s>
    <s id="7">Por el contrario, unos valores extremadamente bajos pueden frenar el crecimiento, al aumentar la concentración de mercado.</s>
    <s id="8">Si este argumento es correcto, implica que seguir bajando las tasas no salvará a la economía global del estancamiento.</s>
  </p>
  <p id="3">
    <s id="9">La visión tradicional sostiene que la reducción del tipo de interés a largo plazo aumenta el valor actual neto de los flujos futuros de efectivo, lo que estimula a las empresas a invertir en tecnologías que mejoran la productividad, mejoras que a su vez tendrán un efecto expansivo sobre la economía.</s>
  </p>
  <p id="4">
    <s id="10">Pero si la baja de tipos de interés produce además un efecto opuesto sobre el análisis estratégico de las empresas, les quitará incentivo para invertir en mejoras de la productividad.</s>
    <s id="11">Además, conforme el tipo de interés real a largo plazo se aproxima a cero, este efecto estratégico contractivo comienza a predominar.</s>
    <s id="12">De modo que en el actual entorno de tipos de interés bajos, lo más probable es que una mayor reducción de las tasas desacelere la economía, al reducir el crecimiento de la productividad.</s>
  </p>
  <p id="5">
    <s id="13">Este efecto estratégico actúa por medio de la competencia intrasectorial.</s>
    <s id="14">La reducción de tipos de interés alienta a todas las empresas de un determinado sector a invertir más, pero el incentivo es mayor para las empresas líderes.</s>
    <s id="15">De modo que con el tiempo, la baja de tipos de interés a largo plazo aumenta la concentración monopólica de las industrias.</s>
  </p>
  <p id="6">
    <s id="16">Nuestra investigación indica que entre las empresas líderes y las de segunda línea se da una interacción estratégica, en el sentido de que la política de inversión de cada parte depende de un análisis de la política de inversión ajena.</s>
    <s id="17">En particular, ante una reducción de tipos de interés, la respuesta de las empresas líderes es más intensa, lo que desalienta a sus competidoras y las lleva a dejar de invertir, al ver que las empresas dominantes se les alejan demasiado.</s>
    <s id="18">Y una vez que la empresa líder ya no enfrenta una amenaza competitiva seria, finalmente también deja de invertir y se convierte en un “monopolio perezoso”.</s>
  </p>
  <p id="7">
    <s id="19">Tal vez la mejor analogía sea con dos corredoras que disputan una carrera perpetua alrededor de una pista; la que gana cada vuelta recibe un premio.</s>
    <s id="20">Y el valor actual descontado de los premios potenciales las alienta a mejorar su posición.</s>
  </p>
  <p id="8">
    <s id="21">Ahora, supongamos que en algún momento de la carrera, el tipo de interés usado como factor de descuento del premio futuro se reduce.</s>
    <s id="22">Como el valor actual del premio futuro aumenta, ambas corredoras tienen un motivo para correr más rápido.</s>
    <s id="23">Este es el efecto económico tradicional.</s>
    <s id="24">Pero ese incentivo es mayor para la que lleva la delantera, porque está más cerca del premio y por tanto tiene más chances de obtenerlo.</s>
  </p>
  <p id="9">
    <s id="25">De modo que la corredora adelantada acelerará más, y eso desalentará a la segunda, que ve alejarse sus posibilidades de alcanzarla.</s>
    <s id="26">Si ese efecto de desaliento es suficientemente grande, la empresa que va segunda se rendirá; entonces la empresa líder también desacelerará, porque a partir de entonces no enfrentará una amenaza competitiva.</s>
    <s id="27">Nuestra investigación indica que este efecto estratégico de desaliento se vuelve dominante conforme el tipo de interés usado como factor de descuento del valor del premio se aproxima a cero.</s>
  </p>
  <p id="10">
    <s id="28">En una economía real, es probable que el efecto estratégico se intensifique, porque en la práctica la empresa líder y la de segunda línea no pagan los mismos intereses; por lo general, la empresa competidora paga un diferencial por encima del interés que se le pide a la empresa líder, y ese diferencial tiende a mantenerse conforme se reducen los tipos de interés.</s>
    <s id="29">Esta ventaja financiera para los líderes de la industria fortalece todavía más el efecto estratégico contractivo de los tipos de interés bajos.</s>
  </p>
  <p id="11">
    <s id="30">Este efecto contractivo ayuda a explicar una variedad de fenómenos económicos mundiales importantes.</s>
    <s id="31">En primer lugar, la baja de tipos de interés que comenzó a principios de los ochenta se relacionó con una creciente concentración de mercados, aumento de las ganancias corporativas, pérdida de dinamismo empresarial y reducción del crecimiento de la productividad.</s>
    <s id="32">Todo ello es coherente con nuestro modelo.</s>
    <s id="33">Además, la secuencia temporal de las tendencias agregadas también coincide con el modelo: los datos muestran un aumento de la concentración de mercados y de la rentabilidad desde los ochenta hasta inicios de este siglo, seguido por una desaceleración del crecimiento de la productividad a partir de 2005.</s>
  </p>
  <p id="12">
    <s id="34">En segundo lugar, el modelo formula algunas predicciones empíricas exclusivas que hemos contrastado con los datos.</s>
    <s id="35">Por ejemplo, una cartera de acciones con una posición larga respecto de las empresas líderes y corta respecto de las otras generará rendimientos positivos si bajan los tipos de interés; y en particular, este efecto se intensifica si el tipo de interés ya era bajo desde un primer momento.</s>
    <s id="36">Esto también coincide con las predicciones del modelo.</s>
  </p>
  <p id="13">
    <s id="37">El efecto contractivo de los tipos de interés ultrabajos tiene importantes derivaciones para la economía global.</s>
    <s id="38">Nuestro análisis indica que en esas circunstancias, seguir bajando las tasas tendrá un efecto económico negativo, por medio de un aumento de la concentración de mercados y un menor crecimiento de la productividad.</s>
    <s id="39">De modo que lejos de salvar la economía global, es posible que continuar con esta política cause todavía más problemas.</s>
  </p>
  <SOURCE TRANSLATOR="Esteban Flamini" />
</document>
