<?xml version="1.0" encoding="utf-8"?>
<document>
  <HEADLINE>
    <s id="1">Otro verano largo y caliente en Estados Unidos</s>
  </HEADLINE>
  <p id="1">
    <s id="2">NUEVA YORK – ¿Está Estados Unidos enfrentándose a una repetición de los actos ocurridos durante el verano del año 1968?</s>
    <s id="3">En aquel entonces, el mundo también vio imágenes que mostraban la efervescencia de la furia popular en Estados Unidos, ya que la mayoría de los barrios céntricos y pobres con poblaciones afroamericanas ardían en llamas, y los jóvenes eran gasificados con agentes lacrimógenos, así como violentamente confrontados, y a menudo brutalmente golpeados, por la policía antidisturbios y la Guardia Nacional.</s>
  </p>
  <p id="2">
    <s id="4">Broadly defined, intervention refers to actions that influence the domestic affairs of another sovereign state, and they can range from broadcasts, economic aid, and support for opposition parties to blockades, cyber attacks, drone strikes, and military invasion.</s>
    <s id="5">Which ones will the US president-elect favor?</s>
  </p>
  <p id="3">
    <s id="6">After 15 years as chancellor of the European Union's largest member state, Angela Merkel will leave the political stage later this year, creating uncertainty about what lies ahead for Germany.</s>
    <s id="7">Five recent books on the issues dominating German political debates offer some answers, but also more questions.</s>
  </p>
  <p id="4">
    <s id="8">El resultado de los desórdenes civiles fue el que algunos liberales en Estados Unidos temen que ocurra nuevamente a finales de este año.</s>
    <s id="9">En aquella época, el candidato presidencial republicano Richard Nixon prometió a la “mayoría silenciosa”, a los “no gritones” y a los “no manifestantes” que él restauraría la ley y el orden por la fuerza.</s>
    <s id="10">Las áreas urbanas devastadas y pobladas en su mayoría por afroamericanos, se vieron privadas de fondos federales y, consecuentemente, aún más aisladas, los habitantes blancos de los suburbios compraron más armas, y las fuerzas policiales fueron armadas como si fueran una rama del ejército.</s>
  </p>
  <p id="5">
    <s id="11">Los problemas en el año 1968, al igual que las protestas de hoy, se iniciaron por de la ira contra la opresión de los negros en Estados Unidos.</s>
    <s id="12">Un día después de que Martin Luther King, Jr. declarara que “la nación está enferma”, fue asesinado a tiros por un criminal racista blanco.</s>
    <s id="13">Las protestas posteriores no fueron solamente una expresión de ira por el asesinato de King, sino también por la falta de oportunidades económicas y educativas que sobrevinieron como resultado de una larga, y a menudo violenta, historia racista.</s>
  </p>
  <p id="6">
    <s id="14">A pesar de los dos mandatos de un presidente afroamericano en la Casa Blanca, las condiciones hoy en día son apenas algo mejores – y en algunos aspectos son peores.</s>
    <s id="15">Este año la muerte violenta de King se vio reflejada en la muerte de George Floyd, el indefenso hombre negro de 46 años de edad quien fue asesinado en Minneapolis por un policía que se arrodilló sobre su cuello durante casi nueve minutos.</s>
  </p>
  <p id="7">
    <s id="16">Además, la pandemia COVID-19 ha golpeado a los afroamericanos con especial furia, debido a que muchos carecen de ahorros financieros y se ven obligados a trabajar en sectores que revisten riesgo, por ejemplo, como personal de enfermería y en otros puestos destinados para “trabajadores esenciales”, que a menudo no ofrecen atención sanitaria adecuada.</s>
    <s id="17">Una vez que la depresión mundial se asiente y se haga sentir, muchos afroamericanos no gozarán de ningún tipo de protección, en absoluto.</s>
  </p>
  <p id="8">
    <s id="18">Y, sin embargo, hay diferencias importantes entre la actualidad y el verano del 1968, aparte del hecho de que en aquel momento la música era más atractiva, y había más oportunidades en el ámbito sexual.</s>
    <s id="19">El último punto no es del todo frívolo.</s>
    <s id="20">Estar, en los hechos, encerrado en relativo aislamiento durante varios meses sólo puede haber incrementado las frustraciones de muchos jóvenes, quienes hoy están muy contentos de poder desahogarlas en las calles.</s>
  </p>
  <p id="9">
    <s id="21">Enjoy unlimited access to the ideas and opinions of the world's leading thinkers, including weekly long reads, book reviews, and interviews;</s>
    <s id="22">The Year Ahead annual print magazine; the complete PS archive; and more – All for less than $9 a month.</s>
  </p>
  <p id="10">
    <s id="23">Las protestas en el 1968 no fueron incitadas solamente por la desigualdad racial, sino también por la Guerra de Vietnam.</s>
    <s id="24">Los dos problemas estaban relacionados.</s>
    <s id="25">El presidente Lyndon B. Johnson, quien pertenecía al Partido Demócrata fue responsable de intensificar esa guerra temeraria y salvaje, y a su vez fue quien promulgó la ley de los derechos civiles, misma que realmente mejoró la vida de los afroamericanos; sin embargo, al hacerlo, provocó el odio de muchos votantes del sur, quienes cambiaron su lealtad política migrando hacia al Partido Republicano, lo que a su vez ayudó a empujar a dicho Partido más hacia la derecha.</s>
  </p>
  <p id="11">
    <s id="26">Los “gritones” y los “manifestantes” contra los que Nixon luchaba no sólo eran negros, sino también jóvenes blancos que se resistían a ser obligados a luchar en una guerra que consideraban inmoral.</s>
    <s id="27">Robert F. Kennedy, el candidato que prometió poner fin a la guerra y que visitó los guetos en llamas para calmar los temores de los afroamericanos, fue asesinado dos meses después de King.</s>
  </p>
  <p id="12">
    <s id="28">Nixon ganó las elecciones de noviembre no sólo porque calmó con promesas de ley y orden a la “mayoría silenciosa” que estaba presa del pánico, sino también porque Hubert Humphrey, un demócrata decente de la corriente principal dentro de dicho Partido, se negó a condenar la Guerra de Vietnam.</s>
    <s id="29">Joe Biden, el presunto candidato demócrata de este año, ha demostrado aparentemente que, a pesar de todos sus defectos, no es otro Hubert Humphrey.</s>
    <s id="30">Él simpatiza claramente con los manifestantes.</s>
    <s id="31">Biden rememoró públicamente muchos casos de violencia policial contra personas negras desarmadas y prometió reformar la aplicación de la ley.</s>
  </p>
  <p id="13">
    <s id="32">Durante tiempos malos, el retador tiene cierta ventaja.</s>
    <s id="33">Del mismo modo que Johnson fue considerado responsable de la escalada de una guerra cada vez más impopular, el actual ocupante de la Casa Blanca tendrá que llevar en sus hombros la responsabilidad de la enfermedad por la que atraviesa Estados Unidos hoy.</s>
    <s id="34">No se puede culpar a Donald Trump de la pandemia de COVID-19, pero sí se le puede responsabilizar por fallar en la respuesta.</s>
  </p>
  <p id="14">
    <s id="35">Del mismo modo, el racismo institucional que una vez más está incendiando las calles de Estados Unidos no comenzó con Trump.</s>
    <s id="36">Pero, Trump deliberadamente ha avivado sus llamas al insultar a los inmigrantes de piel oscura, llamándolos criminales y al denominar como personas decentes a los supremacistas blancos armados, él calificó a los manifestantes negros enojados como “matones”, y alentó a los miembros de las fuerzas armadas, guardia nacional y policías para que actuaran de la peor manera, o como el propio Trump lo expresó, junto con un gruñido: “Por favor, no sean demasiado amables”.</s>
  </p>
  <p id="15">
    <s id="37">Mientras algunos grupos de la extrema derecha en Estados Unidos hablan, de manera esperanzadora, sobre una muy próxima “guerra racial”, Trump no hace nada por aminorar su entusiasmo violento.</s>
    <s id="38">Por el contrario, parece deleitarse con eso.</s>
    <s id="39">El reciente tuit de Trump sobre que “cuando empiece el saqueo, comienza el tiroteo” es una cita directa de lo expresado por el jefe de policía de Miami, Florida, quien, en el año 1967, ordenó a sus tropas apuntar sus escopetas a los manifestantes de las “zonas negras” de su ciudad.</s>
  </p>
  <p id="16">
    <s id="40">Esto se llama “agitar a las bases”.</s>
    <s id="41">Y, con seguridad, gran parte de las bases de Trump se agitará.</s>
    <s id="42">La gran pregunta en noviembre será: ¿Qué harán las personas que votaron por Trump en el año 2016, pero que no son tan fanáticos en cuanto a brindarle su apoyo; qué piensan ahora las mujeres blancas de los suburbios, los trabajadores de cuello azul del medio oeste y los sureños de la tercera edad (que se encuentran entre los más vulnerables a la infección por COVID-19)?</s>
  </p>
  <p id="17">
    <s id="43">Muchos estadounidenses están claramente horrorizados por las palabras groseras e incendiarias de su presidente.</s>
    <s id="44">Pero, ¿se verá contrarrestada su desaprobación por la ansiedad que causa los violentos disturbios sociales?</s>
    <s id="45">¿Harán los prejuicios raciales de antaño, a menudo no expresados, o incluso reconocidos, que ellos voten por la falsa seguridad ofrecida por un grosero matón blanco?</s>
  </p>
  <p id="18">
    <s id="46">Mucho dependerá de lo caliente que se ponga este verano.</s>
    <s id="47">Si en noviembre las personas piensan racionalmente, es difícil imaginar que una cantidad suficiente de ellas vaya a votar a favor de mantener en el poder a esta espantosa administración por otros cuatro años más.</s>
    <s id="48">Sin embargo, se debe tomar en cuenta que el miedo es el peor enemigo de la razón.</s>
  </p>
  <SOURCE LANG="inglés" TRANSLATOR="Rocío L. Barrientos" />
</document>
