<?xml version="1.0" encoding="utf-8"?>
<document>
  <HEADLINE>
    <s id="1">¿Cuál es la próxima etapa de la emancipación de la mujer?</s>
  </HEADLINE>
  <p id="1">
    <s id="2">LONDRES – El 6 de febrero de 2018, marcó el centenario de la Ley de Representación del Pueblo, que concedió por primera vez el derecho de voto a (algunas) mujeres en Gran Bretaña – una recompensa por el trabajo femenino durante la Primera Guerra Mundial.</s>
    <s id="3">En honor a este evento histórico, se erigirán estatuas en ciudades británicas de dos líderes en la lucha por el sufragio femenino: Millicent Fawcett y Emmeline Pankhurst.</s>
  </p>
  <p id="2">
    <s id="4">La emancipación económica de las mujeres tuvo que esperar hasta después de la Segunda Guerra Mundial, cuando la escasez permanente de mano de obra masculina – que incidentalmente es el resultado de las políticas keynesianas de pleno empleo – sacó cada vez más mujeres de las labores domésticas y las llevó a trabajar a las fábricas y las tiendas.</s>
    <s id="5">Esta segunda ola de emancipación se concentró en las desigualdades económicas, especialmente la discriminación en la selección de empleos y las disparidades en los salarios y los derechos de propiedad.</s>
  </p>
  <p id="3">
    <s id="6">Estas batallas también han sido ganadas en su mayoría.</s>
    <s id="7">La discriminación en la herencia ha desaparecido hace mucho tiempo, y se acepta en teoría la igualdad de remuneración por el mismo trabajo, aunque persiste un sesgo de género (como ocurre con la selección de puestos superiores).</s>
    <s id="8">Por ejemplo, Carrie Gracie renunció recientemente como editora de China de la BBC en protesta por la desigualdad salarial entre editores masculinos y femeninos, avergonzando a seis altos empleados hombres para que lleguen a aceptar recortes salariales sustanciales.</s>
  </p>
  <p id="4">
    <s id="9">Solo es cuestión de tiempo – para superar el hábito, los prejuicios y la inercia – antes de lo que es aceptado en principio se convierte en práctica.</s>
    <s id="10">El argumento restante más interesante para el tratamiento desigual se refiere a las actividades para las cuales hay una prima por las cualidades físicas, como en el deporte.</s>
    <s id="11">En las sociedades tradicionales, los hombres peleaban, porque eran más fuertes, más rápidos y más altos.</s>
    <s id="12">No es sorprendente que uno de los últimos bastiones de la desigualdad salarial actual sea el deporte competitivo, que es una forma ritualizada de guerra.</s>
  </p>
  <p id="5">
    <s id="13">En la mayoría de los principales deportes, hay equipos y eventos separados para hombres y mujeres, y se espera que los niveles de rendimiento de las mujeres sean más bajos.</s>
    <s id="14">Por ejemplo, los partidos de tenis masculino a menudo comprenden hasta cinco sets, en comparación con tres para las mujeres.</s>
    <s id="15">Los mejores hombres pueden vencer a las mejores mujeres porque son más fuertes, golpean la pelota con más fuerza y ​​tienen más resistencia.</s>
    <s id="16">En la natación, la carrera más larga para los hombres es de 1.500 metros, mientras que para las mujeres es de 800 metros.</s>
    <s id="17">Un deporte en el que las mujeres compiten en igualdad de condiciones con los hombres es el ecuestre – no sólo en carreras, sino también en doma clásica, saltos y concursos completos de tres días</s>
  </p>
  <p id="6">
    <s id="18">La pregunta es si la paga debe ser igual en un área en la cual el rendimiento es desigual “por naturaleza”.</s>
    <s id="19">En tenis, se acepta el principio de igualdad de retribución por rendimiento desigual para eventos de grand slam, pero no para otros.</s>
    <s id="20">En otra parte, la brecha salarial de género sigue siendo llamativa, en particular en el fútbol (balón pie).</s>
    <s id="21">A la capitana del equipo de mujeres profesionales de Inglaterra, Steph Houghton, se le paga sólo £65.000 ($90.000) al año, mientras que a Neymar, el jugador masculino más caro del mundo, recibe aproximadamente 500 veces más.</s>
    <s id="22">Y, mientras las jugadoras en Ia Súper Liga Femenina de Inglaterra ganan un salario anual de hasta £35.000, a los jugadores masculinos del Chelsea se les paga, en promedio, la asombrosa cifra de £4,5 millones.</s>
  </p>
  <p id="7">
    <s id="23">Un argumento frecuentemente utilizado para igualar el salario es que las deportistas ponen tanto esfuerzo como los deportistas para producir resultados.</s>
    <s id="24">Esto se remonta a la antigua teoría laboral del valor, que sostenía que todo valor fue creado por el trabajo.</s>
    <s id="25">Pero el vínculo entre las horas de trabajo y los precios de mercado es casi inexistente en la práctica, por lo que los economistas necesitan una explicación diferente para los precios del mercado.</s>
  </p>
  <p id="8">
    <s id="26">Los economistas de hoy dicen que los precios (incluidos los sueldos y salarios) están determinados por la demanda del consumidor.</s>
    <s id="27">Lo que cuesta una cosa depende no de la cantidad de tiempo y el esfuerzo dedicado a producirlo, sino de lo que vale para el comprador.</s>
    <s id="28">A los futbolistas masculinos se les paga más que a las jugadoras porque sus servicios son más solicitados.</s>
    <s id="29">Si los equipos de fútbol femenino comenzaran a pagarles a sus jugadores lo mismo que a los equipos masculinos, irían a la quiebra.</s>
    <s id="30">El desempleo es el precio de insistir en que se le pague por encima del nivel de</s>
  </p>
  <p id="9">
    <s id="31">“despeje de mercado”.</s>
  </p>
  <p id="10">
    <s id="32">Los precios de mercado, insisten los economistas, no miden el valor moral sino el valor del mercado.</s>
    <s id="33">Si queremos que las recompensas determinadas por el mercado se equiparen con las recompensas “justas”, debemos abolir los mercados – la solución socialista – o reestructurar las preferencias individuales.</s>
  </p>
  <p id="11">
    <s id="34">Un argumento es que las mujeres en el deporte tendrían el mismo precio de mercado que los hombres, si solo se eliminaran los sesgos de género estructurales, como una mayor cobertura de los medios y el patrocinio de los deportes masculinos.</s>
    <s id="35">Aunque el valor de mercado puede estar determinado por la demanda del consumidor, como dice la teoría económica, estas preferencias son en sí mismas el resultado de sesgos de género socialmente estructurados.</s>
    <s id="36">En ausencia de estos sesgos, la demanda de deportes femeninos – medida por la asistencia a partidos, clasificaciones de televisión, etc. – equivaldría a la demanda de deportes masculinos.</s>
  </p>
  <p id="12">
    <s id="37">Este argumento se basa en el supuesto, que va más allá de los deportes, de que la igualdad real de género no se alcanzará hasta que la formación de gustos y hábitos ya no esté sujeta a estereotipos de género.</s>
    <s id="38">A los niños no se les daría automáticamente pistolas de juguete, mientras que las niñas reciben muñecas.</s>
  </p>
  <p id="13">
    <s id="39">Esto suena bastante razonable, hasta que uno reconoce los límites a los que las feministas radicales están dispuestos a ir para rediseñar gustos y preferencias.</s>
    <s id="40">El lenguaje está siendo purgado sistemáticamente del “sesgo de género”.</s>
    <s id="41">Los cursos universitarios en humanidades y ciencias sociales están sujetos a formas implícitas o explícitas de censura de género.</s>
    <s id="42">El género mismo se ve cada vez más como “construido socialmente”; y los niños, por lo tanto, deberían ser alentados a elegir su propio género.</s>
  </p>
  <p id="14">
    <s id="43">Para mí, la última ofensiva contra los hombres es una buena causa que enloqueció en el camino.</s>
    <s id="44">Pero, a su vez, en mi calidad de hombre blanco de 78 años, eso es lo que yo debería pensar, ¿no es cierto?</s>
  </p>
  <SOURCE LANG="inglés" TRANSLATOR="Rocío L. Barrientos." />
</document>
