<?xml version="1.0" encoding="utf-8"?>
<document>
  <HEADLINE>
    <s id="1">Aliviando a la generación Facebook</s>
  </HEADLINE>
  <p id="1">
    <s id="2">LOS ANGELES – Una vez más, los jóvenes se han llevado la peor parte de la situación política.</s>
    <s id="3">El resultado del referendo sobre el Brexit en el Reino Unido no es más que un recordatorio de la creciente división generacional que atraviesa la afiliación política, los niveles de ingreso y la raza.</s>
  </p>
  <p id="2">
    <s id="4">Casi el 75% de los votantes del Reino Unido entre 18 y 24 años votaron por "quedarse" en la Unión Europea y el "irse" les fue impuesto por los votantes de más edad.</s>
    <s id="5">Y ésta es apenas una manera entre varias en las que el futuro económico de la Generación Y, y el de sus hijos, está siendo decidido por otros.</s>
  </p>
  <p id="3">
    <s id="6">Yo estoy cerca de cumplir 60 años y me preocupa que nuestra generación en el mundo avanzado sea recordada -para nuestra vergüenza y pesar- como la que perdió el norte en materia económica.</s>
  </p>
  <p id="4">
    <s id="7">En el período previo a la crisis financiera global de 2008, nos deleitamos con el apalancamiento, y nos sentíamos cada vez con más derechos a recurrir al crédito para vivir más allá de nuestros medios y para asumir demasiado riesgo financiero especulativo.</s>
    <s id="8">Dejamos de invertir en motores genuinos de crecimiento, permitiendo que nuestra infraestructura se deteriorara, que nuestro sistema educativo decayera y que nuestros programas de capacitación y reestructuración laboral se erosionaran.</s>
  </p>
  <p id="5">
    <s id="9">Permitimos que el presupuesto fuera rehén de intereses especiales, lo que ha resultado en una fragmentación del sistema tributario que, para sorpresa de nadie, ha impartido al sistema económico un nuevo sesgo anti-crecimiento injusto.</s>
    <s id="10">Y fuimos testigos de un drástico agravamiento de la desigualdad, no sólo de ingresos y riqueza, sino también de oportunidades.</s>
  </p>
  <p id="6">
    <s id="11">La crisis de 2008 debería haber sido nuestra llamada de atención económica.</s>
    <s id="12">No lo fue.</s>
    <s id="13">En lugar de utilizar la crisis para catalizar el cambio, básicamente nos dimos por vencidos y volvimos a hacer más de lo mismo.</s>
  </p>
  <p id="7">
    <s id="14">Concretamente, no hicimos más que intercambiar fábricas privadas de crédito y apalancamiento por fábricas públicas.</s>
    <s id="15">Cambiamos un sistema bancario excesivamente apalancado por inyecciones de liquidez experimentales suministradas por autoridades monetarias hiperactivas.</s>
    <s id="16">En el proceso, sobrecargamos a los bancos centrales, poniendo en riesgo su credibilidad y su autonomía política, así como su estabilidad financiera futura.</s>
  </p>
  <p id="8">
    <s id="17">Al salir de la crisis, trasladamos los pasivos privados de los balances de los bancos a los contribuyentes -los de hoy y los futuros-, pero no logramos reparar plenamente el sector financiero rescatado.</s>
    <s id="18">Dejamos que la desigualdad se agravara y nos cruzamos de brazos mientras demasiados jóvenes en Europa languidecían en el desempleo, corriendo el riesgo de una transición alarmante de desempleo a inempleabilidad.</s>
  </p>
  <p id="9">
    <s id="19">En resumen, no hicimos lo suficiente como para revitalizar los motores de un crecimiento inclusivo sustentable, debilitando al mismo tiempo la producción potencial y amenazando el futuro desempeño económico.</s>
    <s id="20">Y estamos agravando estos errores en serie con una gran imposibilidad a la hora de actuar en materia de sustentabilidad a más largo plazo, particularmente en lo que concierne al planeta y la cohesión social.</s>
  </p>
  <p id="10">
    <s id="21">La economía precaria naturalmente se propagó a la política alborotada, en tanto segmentos crecientes de la población han perdido su confianza en el establishment político, en las elites empresariales y en la opinión de los expertos.</s>
    <s id="22">La fragmentación política resultante, inclusive el ascenso de movimientos marginales y anti-establishment, ha hecho que resultara más difícil aún diseñar respuestas más apropiadas en materia de políticas económicas.</s>
  </p>
  <p id="11">
    <s id="23">Para colmo de males, ahora estamos permitiendo un contragolpe regulatorio contra innovaciones tecnológicas que afectan a industrias arraigadas e ineficientes, y que le ofrecen a la gente un mayor control de su vida y su bienestar.</s>
    <s id="24">Las crecientes restricciones aplicadas a compañías como Airbnb y Uber perjudican especialmente a los jóvenes, tanto como productores como consumidores.</s>
  </p>
  <p id="12">
    <s id="25">Si no cambiamos el curso pronto, las próximas generaciones enfrentarán tendencias económicas, financieras y políticas que se retroalimentan y que las agobian con demasiado poco crecimiento, demasiada deuda, precios de activos inflados artificialmente y niveles alarmantes de desigualdad y polarización política partidaria.</s>
    <s id="26">Afortunadamente, somos conscientes del creciente problema, nos preocupan sus consecuencias y tenemos un buen criterio respecto de cómo generar el cambio tan necesario.</s>
  </p>
  <p id="13">
    <s id="27">Dado el rol de la innovación tecnológica, gran parte de la cual es liderada por los jóvenes, hasta una reorientación pequeña de las políticas podría tener un impacto significativo y rápido en la economía.</s>
    <s id="28">A través de una estrategia política más integral, podríamos transformar un círculo vicioso de estancamiento económico, inmovilidad social y volatilidad de mercado en un círculo virtuoso de crecimiento inclusivo, estabilidad financiera genuina y mayor coherencia política.</s>
    <s id="29">Lo que se necesita, en particular, es un progreso simultáneo en reformas estructurales pro-crecimiento y una mejor gestión de la demanda.</s>
    <s id="30">También debemos ocuparse de los sectores excesivamente endeudados y mejorar los marcos políticos regionales y globales.</s>
  </p>
  <p id="14">
    <s id="31">Si bien son altamente deseables, estos cambios sólo se materializarán si se ejerce una mayor presión constructiva sobre los políticos.</s>
    <s id="32">En otras palabras, son pocos los políticos que defenderán cambios que prometen beneficios a más largo plazo pero que suelen implicar alteraciones en el corto plazo.</s>
    <s id="33">Y los votantes de más edad que los respaldan se opondrán a cualquier erosión significativa de sus derechos -recurriendo, inclusive, a políticos populistas y soluciones peligrosamente simplistas como el Brexit cuando perciben que sus intereses están amenazados.</s>
  </p>
  <p id="15">
    <s id="34">Lamentablemente, los jóvenes han sido demasiado complacientes en lo que concierne a la participación política, en especial en cuestiones que afectan directamente su bienestar y el de sus hijos.</s>
    <s id="35">Sí, casi las tres cuartas partes de los votantes jóvenes respaldaban la campaña a favor de "quedarse" en el Reino Unido.</s>
    <s id="36">Pero sólo una tercera parte de ellos se presentó a votar.</s>
    <s id="37">Por el contrario, la tasa de participación de las personas de más de 65 años superó el 80%.</s>
    <s id="38">Sin duda, la ausencia de jóvenes en las urnas dejó la decisión en manos de la gente de más edad, cuyas preferencias y motivaciones difieren, aunque sea de manera inocente.</s>
  </p>
  <p id="16">
    <s id="39">La Generación Y ha ganado extraordinariamente una mayor autoridad respecto de cómo comunica, propaga, consigue y disemina información, comparte sus recursos, interactúa con empresas y mucho más.</s>
    <s id="40">Ahora debe aspirar a una mayor autoridad en la elección de sus representantes políticos y en cómo obligarlos a asumir responsabilidades.</s>
    <s id="41">Si no lo hace, mi generación -por lo general de manera inadvertida- seguirá endeudándose excesivamente a costa de su futuro.</s>
  </p>
</document>
