<?xml version="1.0" encoding="utf-8"?>
<document>
  <HEADLINE>
    <s id="1">Más seguridad para Japón</s>
  </HEADLINE>
  <p id="1">
    <s id="2">TOKIO – El segundo periodo de Shinzo Abe como primer ministro de Japón comenzó con un énfasis intenso en la revitalización económica.</s>
    <s id="3">Esta política, que casi de inmediato se comenzó a llamar “Abenomía”, está compuesta por lo que se conoce como las “tres flechas”: una audaz política monetaria, una política fiscal expansionista y reformas estructurales para estimular la inversión privada.</s>
    <s id="4">Además, haber sido electos como anfitriones de los Juegos Olímpicos de Tokio de 2020 significa una cuarta flecha: una mayor inversión en infraestructura y más ingresos por turismo en los años previos a su celebración.</s>
  </p>
  <p id="2">
    <s id="5">No hay duda de que, tras 15 años de recesión deflacionaria, falta mucho para dar por alcanzada la revitalización de la economía japonesa.</s>
    <s id="6">Sin embargo, los efectos de las reformas de Abe se están pudiendo ver en áreas como los precios de las acciones y los tipos de cambio.</s>
  </p>
  <p id="3">
    <s id="7">Pero Abe también debe hacer frente a un ambiente de seguridad tan frágil como la economía japonesa antes de que asumiera el gobierno en diciembre pasado.</s>
    <s id="8">De hecho, hace siete años (en su primer mandato) enfrentó los mismos problemas pero sus iniciativas resultaron paralizadas por su propia dimisión.</s>
    <s id="9">Ahora impulsa un segundo intento de crear un sistema de gestión de la seguridad nacional para satisfacer las necesidades de Japón, así como las de sus aliados, en el Asia del siglo veintiuno.</s>
  </p>
  <p id="4">
    <s id="10">En un discurso al plenario de la cámara baja de la Dieta japonesa el 25 de octubre, Abe recalcó el que, dada la actual situación en el ámbito de la seguridad del continente asiático, “resulta esencial fortalecer las funciones de mando para implementar la política de seguridad nacional del primer ministro”.</s>
    <s id="11">Ahora que sus correligionarios liberal-demócratas controlan las cámaras baja y alta de la Dieta, hay certeza de que se aprobará el proyecto de ley para modernizar la gestión de la seguridad nacional japonesa.</s>
  </p>
  <p id="5">
    <s id="12">El proyecto de ley apunta a crear un Consejo de Seguridad Nacional Japonés, en base a lo aprendido de los éxitos y fracasos de instituciones similares en otros países, como el NSC en Estados Unidos.</s>
    <s id="13">Ahora el Consejo de Seguridad de Japón, una especie de medida parche para asesorar en tiempos de crisis al primer ministro y los miembros del gabinete pertinentes, se reorganizará como una institución formal.</s>
  </p>
  <p id="6">
    <s id="14">Formarán parte del nuevo CSN el primer ministro, el secretario del gabinete y los ministros de exteriores y defensa, añadiéndose otros ministros de manera ad hoc según sea necesario.</s>
    <s id="15">En la oficina del primer ministro se creará un Secretariado Permanente de Seguridad nacional, con 60 especialistas de seguridad procedentes de diversos ámbitos para determinar las bases de las políticas de estrategia de seguridad nacional para el mediano y largo plazo, y que se reflejará en pautas que deberán seguir los diplomáticos y las entidades de defensa de Japón.</s>
  </p>
  <p id="7">
    <s id="16">Al igual que otros países, Japón ha enfrentado disputas jurisdiccionales entre organismos de asuntos exteriores, defensa y policía que han dificultado la agrupación y el análisis de información de inteligencia.</s>
    <s id="17">Pero, con la creación del CSN, cada ministerio y entidad de gobierno comunicará al nuevo secretariado la información que considere importante para la seguridad nacional.</s>
    <s id="18">Este llevará a cabo un análisis integrado y enviará informes al primer ministro y otros funcionarios.</s>
  </p>
  <p id="8">
    <s id="19">Por supuesto, como en otros países, las burocracias son criaturas de hábito.</s>
    <s id="20">Como ya podemos ver, no va a ser fácil superar los obstáculos que significará la integración vertical de ministros y organismos de gobierno.</s>
    <s id="21">Llevará tiempo alcanzar la institucionalización, pero se trata de un objetivo al que no se puede restar importancia.</s>
  </p>
  <p id="9">
    <s id="22">Por ejemplo, el nuevo CSN tendrá la responsabilidad de compartir información de inteligencia con otros países, entre ellos Estados Unidos, su aliado más importante.</s>
    <s id="23">Como resultado, un tema esencial será cómo proteger dicha información, en especial si se piensa en el viejo hábito de filtrar información de seguridad a los medios de comunicación.</s>
  </p>
  <p id="10">
    <s id="24">Por esta razón la Dieta también está pensando en elaborar un proyecto de ley sobre la protección de información clasificada que contemple penas más severas para los funcionarios de gobierno que filtren secretos, especialmente los vinculados a la seguridad nacional.</s>
    <s id="25">El trauma de las leyes mordaza impuestas a prensa antes y durante la Segunda Guerra Mundial hizo que tras su término se las eliminara del todo.</s>
    <s id="26">Uno de sus efectos es que Japón acabó por convertirse en un paraíso para los espías, con medidas de contrainteligencia insuficientes y poca capacidad de mantener información en secreto.</s>
  </p>
  <p id="11">
    <s id="27">Más aún, las largas décadas de paz tras 1945 han contribuido a que entre los políticos haya menor conciencia de la necesidad de la confidencialidad.</s>
    <s id="28">Por ejemplo, los periódicos japoneses siempre informan en sus ediciones del día dónde, cuándo y con quién cenó el Primer Ministro la jornada anterior.</s>
  </p>
  <p id="12">
    <s id="29">En contraste con el sistema estadounidense de gobierno presidencial, Japón se rige por un gobierno parlamentario.</s>
    <s id="30">Pero ambos tienen como objetivo la seguridad nacional y el manejo de las eventuales crisis; de hecho, una de las primeras medidas del Primer Ministro David Cameron cuando llegó al poder fue crear un CSN para mejorar la coordinación de las decisiones sobre políticas.</s>
    <s id="31">Si bien hace mucho que debería haberse creado una contraparte japonesa, no es demasiado tarde para que Japón coseche los beneficios en términos de mejora de la dirección y coherencia de las políticas que una entidad así ha de aportar.</s>
  </p>
  <SOURCE LANG="inglés" TRANSLATOR="David Meléndez Tormen" />
</document>
