<?xml version="1.0" encoding="utf-8"?>
<document>
  <HEADLINE>
    <s id="1">A Black and White Question</s>
  </HEADLINE>
  <p id="1">
    <s id="2">NEW YORK – In the afternoon of July 16 two men appeared to be breaking into a fine house in an expensive area of Cambridge, Massachusetts.</s>
    <s id="3">Alerted by a telephone call, a policeman arrived smartly on the scene.</s>
    <s id="4">He saw one black male standing inside the house and asked him to come out.</s>
    <s id="5">The man refused.</s>
    <s id="6">He was then told to identify himself.</s>
    <s id="7">The man, still refusing to step out, said he was a Harvard professor, showed his ID, and warned the cop not to mess with him.</s>
    <s id="8">He said something about black men in America being singled out, and asked the cop, who was white, for his name and identification.</s>
    <s id="9">The cop, joined by several colleagues, arrested the professor for disorderly conduct.</s>
  </p>
  <p id="2">
    <s id="10">We now know that the professor had broken into his own home, with the help of his chauffeur, because the door was jammed.</s>
  </p>
  <p id="3">
    <s id="11">What was unusual here was not the cop’s heavy-handedness.</s>
    <s id="12">Most people in the US know that if you talk back to the police, they will get nasty very fast.</s>
    <s id="13">The fact that the man was black might or might not have made the cop go for his handcuffs even sooner than he might normally have done.</s>
    <s id="14">That, too, would not have been unusual.</s>
  </p>
  <p id="4">
    <s id="15">What made this case special was that Henry Louis “Skip” Gates is one of the most celebrated professors in the country, famous for his books, his articles, and numerous television appearances.</s>
    <s id="16">He is a grandee, a mover and shaker in the academic and media world, a friend of President Barack Obama.</s>
    <s id="17">That is why he warned the cop, Sgt. James Crowley, a veteran of the Cambridge police force, not to mess with him.</s>
  </p>
  <p id="5">
    <s id="18">Class and race overlap in the US.</s>
    <s id="19">In this instance, it is impossible to pry them apart.</s>
    <s id="20">Gates, deeply conscious, indeed a specialist of the terrible history of race relations in his country, instinctively assumed that he was a victim of prejudice.</s>
    <s id="21">From his words it appears that he was equally conscious of not getting the proper respect due to a distinguished Harvard professor and media celebrity.</s>
    <s id="22">As he put it to his daughter in an interview published online: “[Crowley] should have gotten out of there and said, ‘I’m sorry, sir, good luck.</s>
    <s id="23">Loved your [television] series—check with you later!’”</s>
  </p>
  <p id="6">
    <s id="24">Alas, Sgt.Crowley had never heard of Professor Gates.</s>
    <s id="25">A local man whose brothers all serve in the police force, a sports fan, and an amateur basketball coach, Crowley does not move in the same social circles as Gates.</s>
  </p>
  <p id="7">
    <s id="26">As it happens, the charges were duly dropped, and there the case might have rested if President Obama, tired and frustrated after weeks of fighting for his healthcare bill, had not weighed in on behalf of his “friend” Gates, and called the police “stupid.”</s>
    <s id="27">Both he and Gates then spoke of “learning” from the incident.</s>
    <s id="28">Gates might even be planning a television documentary on racial profiling.</s>
  </p>
  <p id="8">
    <s id="29">One thing to be learned, if we didn’t know this already, is how close racial sensitivities are to the surface of US life, despite the election of a black president.</s>
    <s id="30">The complexities of black anger, white guilt, and of black, and white fear, are so vexed that most Americans prefer not to talk about race at all.</s>
    <s id="31">The field is too full of mines.</s>
    <s id="32">One of Obama’s great achievements is that he made it into a serious topic through the brilliance and subtlety of his rhetoric.</s>
  </p>
  <p id="9">
    <s id="33">And there remains plenty to talk about: the grotesquely disproportionate number of black men in US prisons; the lack of educational opportunities in poor, mostly black areas; the appalling healthcare system; and the very real brutality used by police officers against blacks, who don’t have the privilege of a Harvard ID.</s>
    <s id="34">It is probably true that many white policemen, even if they are trained to avoid racial profiling, as Sgt. Crowley was, need to be convinced that a black man can be at home in one of the finer houses of Cambridge, or any other American city.</s>
  </p>
  <p id="10">
    <s id="35">But is the Gates affair the right way to enter into this discussion?</s>
    <s id="36">One might argue that it was.</s>
    <s id="37">If not Professor Gates, then who?</s>
    <s id="38">Precisely because he is a grandee, he is in the position to draw national attention to a serious issue.</s>
    <s id="39">If the same thing had happened to an unknown man in Harlem, or some other poor, or predominantly black district, no one would ever have heard about it.</s>
    <s id="40">The fact that it happened to a professor in Cambridge makes everyone sit up and take notice.</s>
  </p>
  <p id="11">
    <s id="41">There is, however, a danger that it will have an adverse affect on the necessary national discussion about race.</s>
    <s id="42">By having made such a big issue out of what was in fact a relatively minor event Gates could be accused of trivializing much worse instances of abuse.</s>
  </p>
  <p id="12">
    <s id="43">Indeed, we don’t even know for certain whether this was such an instance.</s>
    <s id="44">Crowley never mentioned the color of Gates’ skin.</s>
    <s id="45">There was no question of violence.</s>
    <s id="46">There were just very raw nerves and hypersensitivity to hints of disrespect, on the part of the professor, and of the cop.</s>
    <s id="47">Outrage about a professor who is not to be messed with is not the best way to discuss the plight of countless, poor, anonymous people, whom most of us find it too easy to ignore.</s>
  </p>
</document>
