<?xml version="1.0" encoding="utf-8"?>
<document>
  <HEADLINE>
    <s id="1">Advise and Relent</s>
  </HEADLINE>
  <p id="1">
    <s id="2">WASHINGTON, DC – Dropping bombs as a solution to the world’s trouble spots may be falling out of fashion (with the notable exception of Libya), but finger wagging is definitely back in.</s>
    <s id="3">Hardly a day goes by without a major newspaper somewhere in the West offering sage and specific, but often not-so-friendly, advice to distant struggling democracies on what they “must” do to earn the “international community’s” approbation.</s>
  </p>
  <p id="2">
    <s id="4">Of course, such advice, like much of newspapers themselves nowadays, comes free of charge.</s>
    <s id="5">But it is also advice that is free of responsibility, and, as Stanley Baldwin once said, power without responsibility is the prerogative of the harlot.</s>
  </p>
  <p id="3">
    <s id="6">There is a considerable gap between offers of advice one cannot refuse and the responsibility to deal with the consequences when that advice proves wrong or extremely difficult to implement.</s>
    <s id="7">The world’s advice givers might try to keep this in mind when offering to help leaders of distant countries that are grappling with problems with which the adviser has little or no first-hand experience.</s>
  </p>
  <p id="4">
    <s id="8">Every once in a while, a profession (most frequently, economics) determines that it has reached a consensus on how to solve a problem.</s>
    <s id="9">The so-called “Washington Consensus” that held sway before the recent financial crisis was a good example.</s>
  </p>
  <p id="5">
    <s id="10">In the case of nascent democracies, the formula that is now often made compulsory is this: lift all bans on political activities, liberalize the media, hold elections (the sooner, the better), resolve all minority issues in favor of the minorities, abandon trade barriers, and rid the country of corruption, preferably overnight.</s>
    <s id="11">New governments are urged to tackle all of these problems immediately and simultaneously, lest they lose “momentum” and begin backsliding.</s>
    <s id="12">The subtext is clear: be like us now.</s>
  </p>
  <p id="6">
    <s id="13">How to do this is left up to the new leaders, who are often credited with goodness and powers of persuasion they never had and never will have.</s>
    <s id="14">In many cases, the cohesiveness of opposition movements that come to power in the wake of a political upheaval may not be what the international media presume it to be.</s>
  </p>
  <p id="7">
    <s id="15">Indeed, some components of these so-called “democratic coalitions” may not be democratic at all.</s>
    <s id="16">Some leaders, such as Nelson Mandela, rise to the historic occasion, against all odds.</s>
    <s id="17">Others, such as Kazakhstan’s Nursultan Nazarbayev (popular with Western media when he first came on the scene) plainly has not.</s>
    <s id="18">How can we help ensure these movements’ sustainability in such fluid moments?</s>
  </p>
  <p id="8">
    <s id="19">Modesty is a virtue in private life.</s>
    <s id="20">It should also be a guide in dispensing political advice.</s>
    <s id="21">I would start by keeping in mind that some countries’ capacity to absorb advice is limited, so it should be offered in smaller portions.</s>
    <s id="22">Where to start?</s>
  </p>
  <p id="9">
    <s id="23">The most important and potentially sustaining feature of a new democracy lies in its effort to commit itself to observing international human-rights standards.</s>
    <s id="24">In fact, there is a large body of literature that indicates that even countries in the aftermath of internal conflict can reach a higher level of compliance with these standards.</s>
  </p>
  <p id="10">
    <s id="25">But human rights should not be conflated with democracy.</s>
    <s id="26">While democracy is, no doubt, the form of governance that best preserves human rights, the two are not the same thing.</s>
  </p>
  <p id="11">
    <s id="27">Human rights will not co-exist with dictatorship, or with any other non-democracy, for long.</s>
    <s id="28">Setting standards and goals of human rights is a powerful signal that a country is pointing itself in the right direction.</s>
    <s id="29">The country is in effect announcing that it is moving toward democratic institutional arrangements.</s>
    <s id="30">Banning torture, complying with international standards of prisoners’ rights, and enshrining rights of association and public assembly all immediately come to mind.</s>
  </p>
  <p id="12">
    <s id="31">The embrace of essential human-rights standards as a cornerstone of a country’s development is one of our era’s seminal innovations.</s>
    <s id="32">The notion that a dictator can claim the sovereign right to abuse his people has become unacceptable.</s>
    <s id="33">A country that makes progress on human rights and commits to the change of behavior required to meet these international standards can also make a decisive turn toward a better future.</s>
  </p>
  <p id="13">
    <s id="34">We should therefore focus on meeting international human-rights standards as a goal that a new democracy “must” (to use a favorite word of Western editorial writers) move toward quickly.</s>
    <s id="35">But we should not confuse these values with the other essential elements of progress, such as establishing liberalized trade regimes, creating institutional structures with a separation of powers, and rooting out corruption.</s>
    <s id="36">These are absolute necessities for democratic success, but they require longer-term development of institutional capacity.</s>
    <s id="37">Corruption, for example, may have cultural antecedents and is part and parcel of institutional weakness.</s>
    <s id="38">In most cases, neither can be remedied overnight.</s>
  </p>
  <p id="14">
    <s id="39">Above all, we need to show patience with the new governments of the countries we hope to see evolving toward democracy, and avoid the tendency to expect instant gratification.</s>
    <s id="40">A few months of politics will never overcome a few centuries of sociology.</s>
    <s id="41">So, as we watch and wait, we need to be as supportive – but not overbearing – as possible.</s>
  </p>
</document>
