<?xml version="1.0" encoding="utf-8"?>
<document>
  <HEADLINE>
    <s id="1">How to Eat to Save the World</s>
  </HEADLINE>
  <p id="1">
    <s id="2">LONDON – There is not a country in the world that is not grappling with the serious health and environmental consequences of their people’s diets.</s>
    <s id="3">There has to be a better way to feed everyone well and sustainably.</s>
  </p>
  <p id="2">
    <s id="4">Following its targeted killing of Iran's second most powerful leader, the US could well find itself with no alternative but to devote more military resources to the Middle East, a path that could lead to additional Iranian provocations.</s>
    <s id="5">And that shift would occur at a time of growing challenges to US interests elsewhere in the world.</s>
  </p>
  <p id="3">
    <s id="6">The targeted killing by the United States of one of Iran's top military leaders represents a significant symbolic defeat for the Iranian regime, but it does not augur all-out war.</s>
    <s id="7">After all, Iran and the US have already been at war for decades, and neither side has an interest in an uncontrolled military escalation now.</s>
  </p>
  <p id="4">
    <s id="8">As in previous years, Project Syndicate asked its commentators to offer their best guesses about the events and trends that will define the coming 12 months.</s>
    <s id="9">If there is one common theme in this year's selection, it is that what happens in 2020 will weigh on the present for many years to come.</s>
  </p>
  <p id="5">
    <s id="10">As it stands, roughly 820 million people worldwide lack sufficient food, and many more – often in the same countries – consume unhealthy foods that lead to obesity, heart disease, diabetes, and other life-limiting conditions.</s>
    <s id="11">The health risks of poor diets now outweigh the combined impact of alcohol, smoking, unsafe sex, and drug abuse.</s>
  </p>
  <p id="6">
    <s id="12">On the environmental front, global food production is the single largest source of human pressure on the planet’s resources, using 40% of the world’s land and 70% of its freshwater.</s>
    <s id="13">It also contributes substantially to rising greenhouse-gas emissions, loss of biodiversity, the emergence of ocean dead zones, and deforestation.</s>
  </p>
  <p id="7">
    <s id="14">With the global population set to reach ten billion by 2050, the challenge of feeding the world in a healthy and sustainable way will only deepen.</s>
    <s id="15">Meeting that challenge will require major, long-term systemic changes.</s>
    <s id="16">A good place to start is the set of science-based guidelines recently released by the EAT-Lancet Commission on Healthy Diets from Sustainable Food Systems, funded by Wellcome (with which both of us are affiliated).</s>
  </p>
  <p id="8">
    <s id="17">In the proposed “win-win” diet, approximately one-third of calories would be acquired from whole grains and tubers; protein would come primarily from plant sources, though about a half-ounce of red meat per day would also be included; and about 17 ounces of fruits and vegetables would be consumed daily.</s>
    <s id="18">On average, the diet would halve global consumption of red meat and sugar, and more than double the amount of fruits, vegetables, nuts, and legumes, consumed worldwide today.</s>
  </p>
  <p id="9">
    <s id="19">Of course, given the diversity of food systems around the world, not to mention the role of culture and tradition in shaping diets, specific components would need to be adapted to local needs and tastes.</s>
    <s id="20">But, if the entire world adopted a version of this diet, up to 11.6 million premature food-related deaths could be prevented every year.</s>
  </p>
  <p id="10">
    <s id="21">The Commission’s report sets out clear strategies for making that happen, with international organizations and national governments taking the lead in ensuring that healthy, sustainable diets are available, attractive, and affordable for all.</s>
    <s id="22">Implementing them will require, first and foremost, an overhaul of countries’ agricultural sectors, to ensure that they are providing the diet’s necessary components.</s>
    <s id="23">Rather than basing decisions solely on production levels, farmers need to produce sufficiently diverse products and adopt sustainable practices.</s>
    <s id="24">To that end, effective incentives will need to be created.</s>
  </p>
  <p id="11">
    <s id="25">Moreover, in low-income countries, strengthening the infrastructure linking rural farming communities with urban centers would go a long way toward expanding access to fresh, healthy produce, while reducing waste associated with transportation.</s>
    <s id="26">In fact, if one accounts for the entire supply chain, almost one-third of all food produced worldwide is being wasted.</s>
    <s id="27">Given this, national waste-reduction programs will have to complement higher investment in infrastructure.</s>
  </p>
  <p id="12">
    <s id="28">Likewise, in order to ensure long-term global food security, more resources must be directed toward the development of more nutritious, higher-yielding, and more resilient crops that can withstand temperature fluctuations, extreme weather, and pests.</s>
    <s id="29">Whatever new seeds are developed must be made available and affordable for farmers worldwide.</s>
    <s id="30">In the meantime, farmers in arid regions need better access to existing drought-tolerant crops, such as the high-protein legume cowpea, in order to protect soil and preserve moisture.</s>
  </p>
  <p id="13">
    <s id="31">More generally, a sustainable diet requires the world to improve its stewardship of the planet.</s>
    <s id="32">This means taking action not just to slow deforestation, but also to reforest degraded land, as well as to protect marine biodiversity and prevent the expansion of agricultural land.</s>
  </p>
  <p id="14">
    <s id="33">The EAT-Lancet Commission’s report does not have all the answers.</s>
    <s id="34">More work is needed, for example, to determine how best to transform food production in low-resource settings.</s>
    <s id="35">But the evidence-based strategy the report advocates provides a useful framework for all stakeholders – including governments, producers, and citizens – to cooperate in transforming unsustainable food systems and ensuring a healthy diet for all.</s>
  </p>
</document>
