<?xml version="1.0" encoding="utf-8"?>
<document>
  <HEADLINE>
    <s id="1">ISIS 2.0 and the Information War</s>
  </HEADLINE>
  <p id="1">
    <s id="2">WASHINGTON, DC – In December 2018, US President Donald Trump declared victory over the Islamic State (ISIS), tweeting that “ISIS is largely defeated and other local countries, including Turkey, should be able to easily take care of whatever remains.</s>
    <s id="3">We’re coming home!”</s>
    <s id="4">And in the first three months of this year, Trump said or tweeted 16 times that ISIS was either completely defeated or soon would be.</s>
  </p>
  <p id="2">
    <s id="5">Following its targeted killing of Iran's second most powerful leader, the US could well find itself with no alternative but to devote more military resources to the Middle East, a path that could lead to additional Iranian provocations.</s>
    <s id="6">And that shift would occur at a time of growing challenges to US interests elsewhere in the world.</s>
  </p>
  <p id="3">
    <s id="7">The targeted killing by the United States of one of Iran's top military leaders represents a significant symbolic defeat for the Iranian regime, but it does not augur all-out war.</s>
    <s id="8">After all, Iran and the US have already been at war for decades, and neither side has an interest in an uncontrolled military escalation now.</s>
  </p>
  <p id="4">
    <s id="9">As in previous years, Project Syndicate asked its commentators to offer their best guesses about the events and trends that will define the coming 12 months.</s>
    <s id="10">If there is one common theme in this year's selection, it is that what happens in 2020 will weigh on the present for many years to come.</s>
  </p>
  <p id="5">
    <s id="11">But the United States government appears to disagree.</s>
    <s id="12">In August, the three lead inspectors general from the Department of Defense, Department of State, and the US Agency for International Development submitted a joint report to Congress reviewing Operation Inherent Resolve, the US campaign to defeat ISIS in Syria and Iraq, over the period from April 1 through June 30 of this year.</s>
    <s id="13">They concluded that, “Despite the loss of physical territory, thousands of ISIS fighters remain in Iraq and Syria and are carrying out attacks and working to rebuild their capabilities.”</s>
  </p>
  <p id="6">
    <s id="14">The ISIS resurgence is partly the result of Trump’s December 2018 decisions to withdraw all US troops from Syria and halve the number in Afghanistan, which prompted Secretary of Defense James Mattis to resign and made America’s regional security partners less able to conduct counterterrorism operations.</s>
    <s id="15">In Iraq, ISIS is regrouping and building clandestine terrorist cells in key areas of Baghdad, Ninewa, and Al Anbar provinces, and in the Middle Euphrates River Valley.</s>
    <s id="16">In Syria, the group is mounting strong counteroffensives in Al-Raqqah and Homs province, and is aggressively seeking to establish a safe-haven zone.</s>
  </p>
  <p id="7">
    <s id="17">Trump is not likely to reverse his decision on troop withdrawals.</s>
    <s id="18">But ISIS’s battlespace is digital as much as physical.</s>
    <s id="19">And in that regard at least, the Trump administration must strengthen America’s capacity to wage war effectively.</s>
  </p>
  <p id="8">
    <s id="20">When ISIS attacked the Iraqi city of Mosul during height of the group’s insurgency in 2014, millions of people watched in real time by following the hashtag #AllEyesOnISIS on Arabic Twitter.</s>
    <s id="21">They included the city’s Iraqi defenders, who became increasingly demoralized and fled.</s>
    <s id="22">As Peter W. Singer and Emerson T. Brooking write in their book LikeWar: The Weaponization of Social Media, ISIS ran “a military offensive like a viral marketing campaign and won a victory that shouldn’t have been possible.”</s>
  </p>
  <p id="9">
    <s id="23">Similarly, the resurgent ISIS 2.0 uses press releases and social-media savvy to spread its influence worldwide and recruit foreign fighters, sympathizers, and financial backers.</s>
    <s id="24">In April 2019, for example, the group released a video of its leader, Abu Bakr al-Baghdadi, who claimed responsibility for the deadly Easter Sunday bomb attacks in Sri Lanka.</s>
    <s id="25">ISIS’s global media operation also produces Soldiers Harvest II, an upgraded weekly publication covering the group’s military operations.</s>
  </p>
  <p id="10">
    <s id="26">This communications offensive is enabling ISIS to contest the global view that the group has been defeated following the collapse of its caliphate.</s>
    <s id="27">Even more fundamentally, as Singer and Brooking point out, ISIS has weaponized the Internet itself, creating a digital battlespace in which an online narrative of victory can translate into success on the ground.</s>
  </p>
  <p id="11">
    <s id="28">Americans and publics around the world must finally understand that the war against ISIS and other jihadi terrorist groups is a new and different kind of conflict that will not be “won” once and for all.</s>
    <s id="29">Support for ISIS, al-Qaeda, Boko Haram, and the like reflects multiple social, economic, and demographic factors, from corruption to climate change.</s>
    <s id="30">The fight against these groups must therefore take place in many different arenas, starting with the domestic politics of the countries in which they operate.</s>
  </p>
  <p id="12">
    <s id="31">This struggle must also take place online, as the US military well knows.</s>
    <s id="32">In 2016, the US Joint Chiefs of Staff published a paper that focused on how to win the “battle for the narrative.”</s>
    <s id="33">It opened with the quote: “It’s easier to kill a bad man than a bad idea.”</s>
    <s id="34">With that in mind, US Cyber Command will be transformed into an information warfare operations command by 2028, with the goal of integrating cyber, electronic warfare, and information operations.</s>
  </p>
  <p id="13">
    <s id="35">But 2028 is almost a decade away, and ISIS won’t wait.</s>
    <s id="36">Moreover, this fight is too important to leave only to the soldiers.</s>
    <s id="37">The US National Security Strategy should thus recommend a collaborative model similar to the British Army’s 77th Brigade, which combines government departments under one umbrella to conduct information warfare.</s>
  </p>
  <p id="14">
    <s id="38">Regrettably, the Trump administration has gutted the US State Department’s Global Engagement Center, which originally countered terrorist propaganda and is now tasked with fighting global disinformation.</s>
    <s id="39">Fortunately, Congress has pushed back; the State Department needs to be a full partner in developing a strong and credible counter-narrative, which requires much more nuance and range than traditional counter-propaganda.</s>
  </p>
  <p id="15">
    <s id="40">Furthermore, other countries fighting ISIS must ensure that they have similar capabilities and can collaborate with allies both diplomatically and militarily.</s>
    <s id="41">Information wars are contests between different ways of seeing and understanding the world, and they require new capabilities and expertise that extend well beyond traditional communications.</s>
  </p>
  <p id="16">
    <s id="42">Finally, national and global media outlets face a quandary.</s>
    <s id="43">On one hand, stories about ISIS press releases and interviews raise the visibility, and to some extent the attractiveness, of it and similar groups.</s>
    <s id="44">On the other hand, the significant decline in US media coverage of ISIS over the past few years strengthens the public perception that it is no longer a threat.</s>
    <s id="45">Reporters and editors should be aware of this tension, and should perhaps examine more closely how the forces countering ISIS worldwide are engaging with the public.</s>
  </p>
  <p id="17">
    <s id="46">Publicity is the lifeblood of all terrorist groups; they use attacks to raise awareness of their cause and to attract the support of the disaffected.</s>
    <s id="47">Moreover, digital technologies allow ISIS to control parts of the virtual landscape in a way it rarely can on the ground, enabling it to regroup and find new ways to mount physical attacks.</s>
  </p>
  <p id="18">
    <s id="48">ISIS’s recent media resurgence is thus the precursor to the group’s physical revival.</s>
    <s id="49">That is why the information war against ISIS should never stop.</s>
  </p>
</document>
