<?xml version="1.0" encoding="utf-8"?>
<document>
  <HEADLINE>
    <s id="1">Insecure Europe</s>
  </HEADLINE>
  <p id="1">
    <s id="2">MADRID – For the last five years, Europe has been shaken by financial and economic convulsions that have wreaked havoc on many of its citizens’ livelihoods.</s>
    <s id="3">The good news is that progress is finally being made in redeveloping the European Union’s economic and monetary architecture, which should help to bring about a return to growth.</s>
    <s id="4">But EU leaders’ focus on internal problems has caused them largely to neglect external policies, particularly in the area of security.</s>
    <s id="5">As 2014 begins, economic insecurity is giving way to worries about the EU’s strategic position.</s>
  </p>
  <p id="2">
    <s id="6">There were expectations that the European Council’s December meeting would signal a return to a more outward-looking approach, especially on security matters.</s>
    <s id="7">Unfortunately, these hopes were quickly dashed.</s>
    <s id="8">Indeed, the disparate assortment of initiatives that were agreed at the meeting, though interesting, lack the needed breadth and scope, and will have to be integrated within a weak and outdated strategic framework.</s>
  </p>
  <p id="3">
    <s id="9">The flawed nature of the current European Security Strategy – drafted in 2003, with a token revision in 2008 – reflects the circumstances surrounding its conception.</s>
    <s id="10">The ESS was developed in the aftermath of the Iraq war, amid heated debate over a proposed European constitution, in a hasty and reactive process hijacked by those who sought to position Europe as a counterweight – or even a rival power – to the United States.</s>
  </p>
  <p id="4">
    <s id="11">Making matters worse, the geopolitical environment has changed fundamentally in the decade since the ESS was ratified, owing to economic rebalancing toward Asia, the upheavals in the Arab world, the revival of Russian assertiveness, and the rise of isolationist tendencies in the US.</s>
    <s id="12">As a result, the ESS does not capture the reality of today’s world – a fact that is obvious from its opening declaration that “Europe has never been so prosperous.”</s>
  </p>
  <p id="5">
    <s id="13">To be sure, the ESS’s three basic tenets – development assistance, soft power, and effective multilateralism – remain important.</s>
    <s id="14">But Europe’s leaders must reconceive these concepts in light of today’s challenges.</s>
  </p>
  <p id="6">
    <s id="15">In terms of development, Europe must move away from the idea that aid should be used to bolster trade linkages and acknowledge the importance of foreign investment.</s>
    <s id="16">In fact, net private capital flows to developing countries now outweigh official development assistance by nearly ten to one worldwide.</s>
  </p>
  <p id="7">
    <s id="17">As the world’s second-largest source of foreign direct investment, the EU wields considerable influence, with European investors bringing credibility to projects and regions, thereby serving to attract further investment.</s>
    <s id="18">For example, Morocco’s Ouarzazate Solar Power Plant and its Drinking Water Efficiency Program were launched with €37 million ($50.6 million) from the EU’s Neighborhood Investment Facility; these projects subsequently gained additional funding totaling more than €600 million.</s>
  </p>
  <p id="8">
    <s id="19">The ESS’s emphasis on soft power is also in urgent need of reassessment.</s>
    <s id="20">The upsurge of protest across the Arab world raised expectations among Europeans that these countries would, to some extent, emulate Western institutions, values, and norms.</s>
    <s id="21">But, while that did not occur, European principles certainly have not lost their allure, as recent protests in Ukraine, triggered by President Viktor Yanukovych’s decision to shun closer ties with Europe, have shown.</s>
  </p>
  <p id="9">
    <s id="22">Nonetheless, the ESS’s soft-power vision should not be allowed to obscure the security challenges that Europe faces.</s>
    <s id="23">With the rise of non-traditional threats, Europeans are increasingly overlooking classical security risks like inter-state warfare, believing that they are no longer relevant – a notion that is reflected in the ESS.</s>
    <s id="24">But, as China’s increasingly assertive stance in the South and East China Seas starkly demonstrates, this idea is not only wrong; it can be very dangerous.</s>
  </p>
  <p id="10">
    <s id="25">This brings us to the ESS’s third tenet: advancing “the development of a stronger international society, well-functioning international institutions, and a rule-based international order.”</s>
    <s id="26">In this case, the problem comes down to a lack of commitment, with the EU choosing the convenience of informal and ad hoc groupings over the challenge of reforming key institutions like the United Nations, the International Monetary Fund, and the World Bank, which are essential for effective multilateralism.</s>
  </p>
  <p id="11">
    <s id="27">Indeed, the EU is among the leading actors in the current “G” fad, which has culminated most recently in the G-20.</s>
    <s id="28">And, despite being an embodiment of international law, the EU indulges in soft-law approaches, whether at the recent COP-19 climate-change meeting in Warsaw, or by supporting the “Geneva agreement” on Iran’s nuclear program, which, it is now clear, is nothing more than two aspirational declarations linked by a press release.</s>
  </p>
  <p id="12">
    <s id="29">In developing its new security strategy, Europe must consider America’s role as an essential component of the geopolitical environment, viewing the US not as a foil, but as a nuanced partner.</s>
    <s id="30">Beyond NATO, which remains important even at a low ebb, the proposed Transatlantic Trade and Investment Partnership offers a potent opportunity to shape a rule-based international order.</s>
  </p>
  <p id="13">
    <s id="31">The shine may have come off the EU, but the gripping scenes from Kyiv’s Maidan Square are a powerful reminder of the enduring appeal of Europe’s core values.</s>
    <s id="32">What the EU needs now is an updated external strategy that capitalizes on this allure to bolster its influence, security, and prosperity, thereby halting its slide toward irrelevance.</s>
  </p>
</document>
