<?xml version="1.0" encoding="utf-8"?>
<document>
  <HEADLINE>
    <s id="1">Another Balkan High Noon</s>
  </HEADLINE>
  <p id="1">
    <s id="2">With the world focused on Iraq, North Korea, and a possible clash with Iran over nuclear weapons, Kosovo has fallen off the radar screen.</s>
    <s id="3">That inattention will end soon; a decision about the province’s fate is looming.</s>
  </p>
  <p id="2">
    <s id="4">The United States and its European friends have repeatedly stated their intent to make the difficult decision before the end of the year on whether to separate Kosovo from Serbia.</s>
    <s id="5">This decision – crucial to the future of an unstable region – will test Western determination and unity.</s>
  </p>
  <p id="3">
    <s id="6">Negotiations this year in Vienna, brokered by the United Nations, showed that an agreed settlement between Serbia and Kosovo on “final status” will not happen.</s>
    <s id="7">Talks continue, but, as UN negotiator and former Finnish President Martti Ahtisaari diplomatically told the Security Council, they are effectively dead.</s>
  </p>
  <p id="4">
    <s id="8">No Serbian leader will agree to Kosovo’s independence, because nationalism remains the dominant political force in the country.</s>
    <s id="9">Indeed, Prime Minister Vojislav Kostunica, the apostle of Serbian nationalism, has been trying in every way to undermine Kosovo’s interim government.</s>
    <s id="10">He is rushing to hold a national referendum this month on a new constitution without serious parliamentary debate or the usual public education.</s>
    <s id="11">The main purpose of his new constitution is its preamble, which enshrines Kosovo as an inalienable part of Serbia.</s>
  </p>
  <p id="5">
    <s id="12">Kosovo’s ethnic Albanians have proclaimed that they will not accept any tie to Serbia, no matter how tenuous.</s>
    <s id="13">Throughout the 1990’s, they virtually opted out of Serbian-run Kosovo by creating parallel institutions.</s>
    <s id="14">Their forced mass exodus in 1999 and NATO’s subsequent intervention, which ended Serbia’s rule and established a quasi-state under UN administration, has made anything other than independence intolerable.</s>
  </p>
  <p id="6">
    <s id="15">Some time over the next month or two, the Balkan Contact Group — the US, UK, France, Germany, Italy, and Russia – will consider Ahtisaari’s recommendations on Kosovo’s final status and possibly propose a solution to the Security Council, which must make the final decision.</s>
    <s id="16">In public, all Contact Group members have tried to leave the question of Kosovo’s final status open, but informally the US and some of its allies have told the two parties that they will propose independence this year.</s>
  </p>
  <p id="7">
    <s id="17">Some members of the Security Council – particularly Russia and China – are opposed to or skeptical of an imposed settlement, and few governments favor dividing up another country’s territory, however compelling the circumstances.</s>
    <s id="18">Whether the Security Council will approve independence largely depends on averting a Russian veto, which will require considerable diplomatic effort.</s>
  </p>
  <p id="8">
    <s id="19">The nature of the independence bestowed is also important.</s>
    <s id="20">An independent Kosovo must be secured and its minorities protected.</s>
    <s id="21">Northern Kosovo, now largely under Belgrade’s control, must not be partitioned off in all but name.</s>
    <s id="22">In the interest of reducing the blow to Serbia, the Security Council must avoid granting independence in ways that are so contorted that the new state cannot effectively function.</s>
  </p>
  <p id="9">
    <s id="23">If the Security Council fails to reach a decision on final status, it will produce a GRAVE situation: Kosovo would declare independence unilaterally, and all nations would have to make up their mind whether or not to recognize the new state.</s>
    <s id="24">If that happens, it is likely that the Serbs of North Kosovo would declare their own independence.</s>
    <s id="25">At a minimum, Serbia would campaign strongly against recognition.</s>
  </p>
  <p id="10">
    <s id="26">In fact, Serbia’s government is already trying to persuade the West to postpone a decision until mid-2007.</s>
    <s id="27">It claims that if Kosovo is granted independence, the ultranationalist Radical Party will come to power in the next elections, and believes that holding elections as early as this year will cause the Contact Group to delay a proposal to the Security Council.</s>
    <s id="28">Moreover, the government has encouraged the leaders of Bosnia’s Republika Srpska to threaten to hold their own referendum on separation from a still fragile Bosnia.</s>
    <s id="29">And they continue to push -- unsuccessfully -- for Ahtisaari’s removal in order to prolong the Vienna talks.</s>
  </p>
  <p id="11">
    <s id="30">The timing of the constitutional referendum appears to be a part of this delaying strategy.</s>
    <s id="31">Some hope that postponement will stimulate violence in Kosovo and further encourage Western reconsideration of independence.</s>
  </p>
  <p id="12">
    <s id="32">That tactic may be working.</s>
    <s id="33">Many European Union countries are worried about the implications of taking away a country’s territory, as well as the impact of Kosovo’s independence on Serbian democracy.</s>
    <s id="34">Given Serbia’s political instability, they question the harm of a short-term postponement – albeit mostly self-inflicted.</s>
    <s id="35">But delay only offers more room for Kostunica to find ways to make a Security Council decision more difficult.</s>
  </p>
  <p id="13">
    <s id="36">The West must ignore Belgrade’s siren song.</s>
    <s id="37">Serbian politics will be chaotic and unstable for the foreseeable future, and Serbian politicians will attempt to present this as an excuse to avoid facing the loss of Kosovo.</s>
    <s id="38">Likewise, there will be problems establishing ties between Serbia and Kosovo under any circumstances.</s>
  </p>
  <p id="14">
    <s id="39">But failure to proceed definitively now on Kosovo’s final status will produce a worse Balkan situation, one that blocks Serbia’s move toward the West and ultimate membership in the EU, condemns Kosovo’s ethnic minorities to dangerous ambiguity, and imperils fragile states like Bosnia and Macedonia.</s>
  </p>
  <p id="15">
    <s id="40">No realistic solution exists for Kosovo but independence.</s>
    <s id="41">If Serbia wants to join the West, it must not forsake that opportunity by trapping itself in its nationalist past.</s>
  </p>
</document>
