<?xml version="1.0" encoding="utf-8"?>
<document>
  <HEADLINE>
    <s id="1">Nature vs. Infrastructure</s>
  </HEADLINE>
  <p id="1">
    <s id="2">CAMBRIDGE – In November 2017, scientists working in Sumatra, Indonesia, made an exciting announcement: they had discovered a new species of orangutan, bringing to seven the number of great ape species globally.</s>
  </p>
  <p id="2">
    <s id="3">Following its targeted killing of Iran's second most powerful leader, the US could well find itself with no alternative but to devote more military resources to the Middle East, a path that could lead to additional Iranian provocations.</s>
    <s id="4">And that shift would occur at a time of growing challenges to US interests elsewhere in the world.</s>
  </p>
  <p id="3">
    <s id="5">The targeted killing by the United States of one of Iran's top military leaders represents a significant symbolic defeat for the Iranian regime, but it does not augur all-out war.</s>
    <s id="6">After all, Iran and the US have already been at war for decades, and neither side has an interest in an uncontrolled military escalation now.</s>
  </p>
  <p id="4">
    <s id="7">As in previous years, Project Syndicate asked its commentators to offer their best guesses about the events and trends that will define the coming 12 months.</s>
    <s id="8">If there is one common theme in this year's selection, it is that what happens in 2020 will weigh on the present for many years to come.</s>
  </p>
  <p id="5">
    <s id="9">But one year later, the only home of the 800 wild Tapanuli orangutans is being cleared for a $1.6 billion dam and hydroelectric power plant.</s>
    <s id="10">Although the project will contribute less than 1% of the country’s planned generating capacity, scientists say it will lead to the extinction of this rare species.</s>
    <s id="11">This raises, once again, a key question: what is nature worth?</s>
  </p>
  <p id="6">
    <s id="12">Indonesia is not alone in making environmentally detrimental trade-offs.</s>
    <s id="13">The twenty-first century will be a period of unprecedented infrastructure expansion, and a staggering $90 trillion will be spent over the next 15 years to build or replace dams, power plants, and other facilities.</s>
    <s id="14">In fact, more infrastructure will be built over the next decade and a half than currently exists.</s>
    <s id="15">Naturally, habitats will be disrupted in the process.</s>
  </p>
  <p id="7">
    <s id="16">And yet, environmentally reckless growth is not preordained; it is possible to make smart, sustainable choices.</s>
    <s id="17">To do so, we must recognize the true value of nature, and make environmental ethics and cost-benefit analyses part of every project.</s>
  </p>
  <p id="8">
    <s id="18">At the moment, this is not happening; most infrastructure is planned and constructed on the basis of market assessments that fail to account for nature.</s>
    <s id="19">As a result, the world is facing a growing crisis: the weakening of ecosystem services – such as clean water, flood defense, and bee pollination – that protect biodiversity and form the foundation on which human welfare depends.</s>
  </p>
  <p id="9">
    <s id="20">To change the status quo, we must make an ethical choice not to expose critical habitats and “natural capital” to greater danger – regardless of the possible economic returns.</s>
    <s id="21">Just as most of the world has rejected the use of slave or child labor, the permanent destruction of nature must be repudiated.</s>
  </p>
  <p id="10">
    <s id="22">Some economists have recognized this by building environmental costs into their arguments; the Amazon rainforest is a case in point.</s>
    <s id="23">There, deforestation has reduced the production of vapor clouds that are essential to transporting rain across South America.</s>
    <s id="24">The drought that parched São Paulo between 2014 and 2017 is believed to have been caused, at least in part, by the absence of these “flying rivers.”</s>
    <s id="25">As the Brazilian climate scientist Antonio Nobre has noted, if these aerial water pumps are permanently turned off, an area that accounts for 70% of South America’s gross national product would be turned into desert.</s>
  </p>
  <p id="11">
    <s id="26">Of course, identifying critical natural capital is challenging, especially at smaller scales.</s>
    <s id="27">While many can agree on the importance of protecting the Amazon, it is harder to demonstrate the value of preserving orangutans in Indonesia.</s>
    <s id="28">But, over time, loss of the Tapanuli orangutan’s habitat would profoundly change the composition of the rainforest and disrupt its ecological services.</s>
    <s id="29">At the same time, the elimination of a species of great ape – our closest kin – would erase an opportunity to understand better our own evolution and genetics.</s>
  </p>
  <p id="12">
    <s id="30">In the developed world, some governments and businesses are making the ethical choice by applying the “precautionary principle” to growth.</s>
    <s id="31">Adopted in 1992 as part of the Rio Declaration on Environment and Development, the principle embodies the conclusion that it is wiser – and ultimately cheaper – to avoid environmental degradation in the first place.</s>
  </p>
  <p id="13">
    <s id="32">The real challenge is to instill this ethos in developing economies, where the bulk of future infrastructure spending will occur.</s>
    <s id="33">Consider highway development.</s>
    <s id="34">By 2050, there will be 15.5 million miles of new paved roads, enough to circle the Earth more than 600 times.</s>
    <s id="35">More than 90% of this fresh pavement will be laid in developing countries, which already face huge environmental pressure.</s>
    <s id="36">In the Amazon region, for example, there are nearly 53,000 mining leases encompassing 21% of the basin’s land mass.</s>
    <s id="37">In Guinea, a World Bank-supported dam is reportedly threatening a key chimpanzee sanctuary.</s>
    <s id="38">And in Tanzania, the government has approved a dam and hydroelectric plant in the Selous Game Reserve, a UNESCO World Heritage Site.</s>
  </p>
  <p id="14">
    <s id="39">With human needs increasing as populations and incomes grow, there are legitimate reasons to build more infrastructure.</s>
    <s id="40">But if current trends continue, short-term interests will strip away the natural assets on which all life depends.</s>
    <s id="41">To plan for smart development, governments and business must recognize nature’s role in supporting economic activity and ensuring ecological and human health.</s>
    <s id="42">After all, we do not – and cannot – live in a world where nature has no value.</s>
  </p>
</document>
