<?xml version="1.0" encoding="utf-8"?>
<document>
  <HEADLINE>
    <s id="1">Arab Fathers and Sons</s>
  </HEADLINE>
  <p id="1">
    <s id="2">The deaths of Yasir Arafat and of Sheikh Zayd, the long-standing ruler of the United Arab Emirates, continues the generational change that began in 1999-2000, when the leaders of Jordan, Morocco, Bahrain, and Syria died in quick succession.</s>
    <s id="3">Across the Middle East people are younger, and their political leaders older, than the world average.</s>
    <s id="4">The gradual replacement of one generation of elites by another may be one of the key factors in determining whether or not effective reform takes place in the Arab world.</s>
  </p>
  <p id="2">
    <s id="5">At present, four political generations co-exist on the region’s socio-political map.</s>
    <s id="6">The outgoing leadership generation – that of Arafat, King Hussein or Hafiz al-Assad, King Fahd and President Mubarak – was born before 1935 and has determined events in the Middle East since the 1970’s.</s>
  </p>
  <p id="3">
    <s id="7">These leaders came of age and began their careers during the era of decolonization.</s>
    <s id="8">They were weaned on Gamal Abdel-Nasser’s pan-Arab nationalism, and the crucial political event for them was the Arab defeat in the 1967 Arab-Israeli war.</s>
    <s id="9">Members of this generation sought a strong Arab leadership that would create a balance of power with Israel.</s>
    <s id="10">They also believed in – or at least toyed with – forms of socialism and étatism, and did not consider democracy or civil rights to be priorities.</s>
  </p>
  <p id="4">
    <s id="11">The next generation was born between 1935 and 1955, and in many respects represents a generation “in between.”</s>
    <s id="12">Most benefited from the economic growth and expanded educational opportunities associated with the oil boom of the 1970’s.</s>
    <s id="13">At the same time, political participation remained blocked by the previous generation, which never intended to give up power voluntarily.</s>
    <s id="14">Unsurprisingly, many in this generation grew dissatisfied, and not a few began to look for Islamic alternatives to the prevailing political systems.</s>
  </p>
  <p id="5">
    <s id="15">Rather than determining events in the coming two or three decades, this generation is likely to be sidelined by the next cohort, born between 1955 and 1975.</s>
    <s id="16">This is the generation of Syria’s President Bashar al-Assad, Jordan’s King Abdullah and Morocco’s King Muhammad VI.</s>
    <s id="17">Some call this the “generation of sons” – sons of leaders who led their states for decades.</s>
  </p>
  <p id="6">
    <s id="18">This age cohort was not much influenced by the Arab-Israeli wars or the East-West conflict.</s>
    <s id="19">Instead, their political education included the Gulf War of 1991 and the Arab-Israeli peace process of the 1990’s, with its crises and breakdown.</s>
    <s id="20">Jailed West Bank Fatah leader Marwan Barghouti is as representative of this group as the leaders of Syria and Jordan.</s>
  </p>
  <p id="7">
    <s id="21">Members of this generation are better acquainted with notions of globalization and economic reform than with socialism and revolution.</s>
    <s id="22">Except for the Palestinians, they have never known their countries other than as independent and comparatively stable states.</s>
    <s id="23">In the Palestinian territories, the jil al-intifada , the generation of the (first and second) Palestinian uprising, will likely become the founding generation.</s>
  </p>
  <p id="8">
    <s id="24">But it is the fourth group that underscores the relevance of generational issues in the Arab world.</s>
    <s id="25">Even when combined, the first three generations make up barely one-third of the entire Arab population.</s>
    <s id="26">Almost 60% of all Arabs are younger than 20, with roughly 70% below the age of 30.</s>
  </p>
  <p id="9">
    <s id="27">This raises a key question: what happens to these Arab “baby boomers” if the generation now coming to power clings to it as tenaciously as the generation of Mubarak, Assad, and Hussein?</s>
  </p>
  <p id="10">
    <s id="28">The political generation of Bashar al-Assad, King Abdullah, and Gamal Mubarak – son of Egypt’s ailing president – forms a less coherent picture than that of the outgoing leadership.</s>
    <s id="29">In that elder generation, many had pursued military careers, and many of their aides and collaborators were engineers and civil servants.</s>
  </p>
  <p id="11">
    <s id="30">The socio-professional profile of the new elite is broader.</s>
    <s id="31">Economists, bankers, and entrepreneurs as well as of technology or communication experts are common.</s>
    <s id="32">There are also more traditional politicians: personalities who see themselves as representatives of particular social or economic interests, not as apolitical technocrats.</s>
  </p>
  <p id="12">
    <s id="33">This new leadership elite is in many ways more cosmopolitan than its predecessors; their average level of education is higher; a few have foreign degrees.</s>
    <s id="34">Women also play a somewhat greater role.</s>
  </p>
  <p id="13">
    <s id="35">Developments in Morocco, Bahrain, and Jordan certainly seem to suggest that this changing of the guard can help soften rigid political structures and allow for broader participation.</s>
    <s id="36">But generational change need not be accompanied by economic reform and steps towards political liberalization – witness North Korea under Kim Il Sung’s son, Kim Jong Il.</s>
  </p>
  <p id="14">
    <s id="37">Indeed, experience gives little reason to presume that a modern way of speaking, willingness to liberalize the economy, and an urge for technological development automatically translates into a democratic opening.</s>
    <s id="38">It is more realistic to expect that the new Arab elites will make use of their states’ authoritarian institutions, both to overcome resistance to their economic agendas and to consolidate their newly acquired power.</s>
  </p>
  <p id="15">
    <s id="39">This is anything but a risk-free path.</s>
    <s id="40">Without a significant increase in opportunities for political participation, including genuinely competitive elections, the chasm between a predominantly young population and a ruling elite with a narrow generational base will widen.</s>
    <s id="41">Such continuing political inertia leaves an increasingly young Arab population prey to the appeal of extremist ideologies, while driving the best and brightest to seek their fortune elsewhere.</s>
  </p>
</document>
