<?xml version="1.0" encoding="utf-8"?>
<document>
  <HEADLINE>
    <s id="1">Argentina's Lessons</s>
  </HEADLINE>
  <p id="1">
    <s id="2">Argentina's collapse incited the largest default in history.</s>
    <s id="3">Pundits agree this is merely the latest in a string of IMF-led bailouts that squandered billions of dollars and failed to save the economies they were meant to help.</s>
    <s id="4">The nature of that failure, however, is disputed.</s>
    <s id="5">Some claim that the IMF was too lenient; others that it was too tough.</s>
  </p>
  <p id="2">
    <s id="6">Those who blame the IMF see the problem as self-inflicted through profligate and corrupt spending by Argentina.</s>
    <s id="7">Such attempts at blame-shifting are misguided: one can understand the default as the consequence of economic mistakes made over a decade.</s>
    <s id="8">Understanding what went wrong provides important lessons for the future.</s>
  </p>
  <p id="3">
    <s id="9">The problems began with the hyperinflation of the 1980s.</s>
    <s id="10">To slash inflation, expectations needed to be changed; ``anchoring'' the currency to the dollar was supposed to do this.</s>
    <s id="11">This was a return to a variant of the old gold standard argument.</s>
    <s id="12">If inflation continued, the country's real exchange rate would appreciate, the demand for its exports would fall, unemployment would increase, and that would dampen wage and price pressures.</s>
    <s id="13">Market participants, knowing this, would realize that inflation would not be sustained.</s>
    <s id="14">So long as the commitment to the exchange rate system remained credible, so was the commitment to halt inflation.</s>
  </p>
  <p id="4">
    <s id="15">If inflationary expectations were changed, then disinflation could occur without the costly unemployment.</s>
    <s id="16">This prescription worked for a time in a few countries, but was risky, as Argentina was to show.</s>
  </p>
  <p id="5">
    <s id="17">The IMF encouraged this exchange rate system.</s>
    <s id="18">Now they are less enthusiastic, though Argentina, not the IMF, is paying the price.</s>
    <s id="19">The peg did lower inflation; but it did not promote sustained growth.</s>
    <s id="20">Argentina should have been encouraged to fix a more flexible exchange rate system, or at least an exchange rate more reflective of the country's trading patterns.</s>
  </p>
  <p id="6">
    <s id="21">Other mistakes in Argentina's ``reform'' program also occurred.</s>
    <s id="22">Argentina was praised for allowing large foreign ownership of banks.</s>
    <s id="23">For a while this created a seemingly more stable banking system, but that system failed to lend to small and medium sized firms.</s>
    <s id="24">After the burst of growth that arrived with hyperinflation's end, growth slowed, partly because firms in the country couldn't get adequate finance.</s>
    <s id="25">Argentina's government recognized the problem, but was hit by numerous shocks beyond its control before it could act.</s>
  </p>
  <p id="7">
    <s id="26">East Asia's crisis of 1997 provided the first hit.</s>
    <s id="27">Partly because of IMF mismanagement, this became a global financial crisis, raising interest rates for all emerging markets including Argentina.</s>
    <s id="28">Argentina's exchange rate system survived, but at a heavy price - the onset of double-digit unemployment.</s>
  </p>
  <p id="8">
    <s id="29">Soon, high interest rates strained the country's budget.</s>
    <s id="30">Yet Argentina's debt to GDP ratio - even as it began to collapse - remained moderate, at around 45%, lower than Japan's.</s>
    <s id="31">But with 20% interest rates, 9% of the country's GDP would be spent annually on financing its debt.</s>
    <s id="32">The government pursued fiscal austerity, but not enough to make up for the vagaries of the market.</s>
  </p>
  <p id="9">
    <s id="33">The global financial crisis that followed East Asia's crisis set off a series of big exchange rate adjustments.</s>
    <s id="34">The dollar, to which Argentina's peso was tied, increased sharply in value.</s>
    <s id="35">Meanwhile, Argentina's neighbor and Mercosur trading partner, Brazil, saw its currency depreciate - some say that it became significantly undervalued.</s>
    <s id="36">Wages and prices fell, but not enough to allow Argentina to compete effectively, especially since many of the agricultural goods which constitute Argentina's natural comparative advantages face high hurdles in entering the markets of rich countries.</s>
  </p>
  <p id="10">
    <s id="37">Hardly had the world recovered from the 1997-1998 financial crisis when it slid into the 2000/2001 global slowdown, worsening Argentina's situation.</s>
    <s id="38">Here the IMF made its fatal mistake.</s>
    <s id="39">It encouraged a contractionary fiscal policy, the same mistake it had made in East Asia, and with the same disastrous consequence.</s>
  </p>
  <p id="11">
    <s id="40">Fiscal austerity was supposed to restore confidence.</s>
    <s id="41">But the numbers in the IMF program were fiction; any economist would have predicted that contractionary policies incite slowdown, and that budget targets would not be met.</s>
    <s id="42">Needless to say, the IMF program did not fulfill its commitments.</s>
    <s id="43">Confidence is seldom restored as an economy goes into a deep recession and double-digit unemployment.</s>
  </p>
  <p id="12">
    <s id="44">Perhaps a military dictator, like Chile's Pinochet, could suppress the social and political unrest that arises in such conditions.</s>
    <s id="45">But in Argentina's democracy, this was impossible.</s>
    <s id="46">In repeated visits to Argentina, I marveled at how long suffering the Argentineans were; to me, it is more a surprise that unrest took so long to manifest itself, not that street turmoil unseated Argentina's president.</s>
  </p>
  <p id="13">
    <s id="47">Seven lessons must now be drawn:</s>
  </p>
  <p id="14">
    <s id="48">1.</s>
    <s id="49">In a world of volatile exchange rates, pegging a currency to one like the dollar is highly risky.</s>
    <s id="50">Argentina should have been encouraged to move off its exchange rate system years ago.</s>
  </p>
  <p id="15">
    <s id="51">2.</s>
    <s id="52">Globalization exposes a country to enormous shocks.</s>
    <s id="53">Countries must cope with those shocks - adjustments in exchange rates are part of the coping mechanism.</s>
  </p>
  <p id="16">
    <s id="54">3.</s>
    <s id="55">You ignore social and political contexts at your peril.</s>
    <s id="56">Any government that follows policies which leave large fractions of the population unemployed or underemployed is failing in its primary mission.</s>
  </p>
  <p id="17">
    <s id="57">4.</s>
    <s id="58">A single-minded focus on inflation - without a concern for unemployment or growth - is risky.</s>
  </p>
  <p id="18">
    <s id="59">5.</s>
    <s id="60">Growth requires financial institutions that lend to domestic firms.</s>
    <s id="61">Selling banks to foreign owners, without creating appropriate safeguards, may impede growth and stability.</s>
  </p>
  <p id="19">
    <s id="62">6.</s>
    <s id="63">One seldom restores economic strength - or confidence - with policies that force an economy into a deep recession.</s>
    <s id="64">For insisting on contractionary policies, the IMF bears its great culpability.</s>
  </p>
  <p id="20">
    <s id="65">1.</s>
    <s id="66">7.</s>
    <s id="67">Better ways are needed to deal with situations akin to Argentina.</s>
    <s id="68">I argued for this during East Asia's crisis; the IMF argued against me, preferring its big-bail-out strategy.</s>
    <s id="69">Now the IMF belatedly recognizes that it should explore alternatives.</s>
  </p>
  <p id="21">
    <s id="70">The IMF will work hard to shift blame - there will be allegations of corruption, and it will be said that Argentina did not pursue needed measures.</s>
    <s id="71">Of course, the country needed to undertake other reforms - but following the IMF's advice regarding contractionary fiscal policies made matters worse.</s>
    <s id="72">Argentina's crisis should remind us of the pressing need to reform the global financial system - and thorough reform of the IMF is where we must begin.</s>
  </p>
</document>
