<?xml version="1.0" encoding="utf-8"?>
<document>
  <HEADLINE>
    <s id="1">Asia's 'Rational' Panic</s>
  </HEADLINE>
  <p id="1">
    <s id="2">CAMBRIDGE: Asia’s financial crisis amazes not only for its ferocity, but for its speedy dismantling of conventional wisdom.</s>
    <s id="3">Six months ago, Asia’s economies were "miracles."</s>
    <s id="4">Now, they are "basket cases."</s>
    <s id="5">Prominent articles ask whether Asia will experience a "lost decade" comparable to Latin America in the 1980s.</s>
    <s id="6">This new wisdom is not only wrong but dangerous, because it is potentially self-fulfilling.</s>
  </p>
  <p id="2">
    <s id="7">Financial panic in Asia emerged after years of growth so high and steady that international lenders and domestic borrowers became complacent about financial risks.</s>
    <s id="8">International banks lent hundreds of billions of dollars to Asian banks and corporations, much on a short-term basis.</s>
    <s id="9">Borrowing fueled booming investment spending -- some wasteful, but most catalyzing rapid development.</s>
  </p>
  <p id="3">
    <s id="10">High levels of short-term debt create what economists call "financial fragility."</s>
    <s id="11">Even if debt levels are tolerable and economies well managed, high short-term debt exposes borrowers to the risk of rapid changes in market sentiment.</s>
    <s id="12">Short-term loans are tied up in long-term projects.</s>
    <s id="13">If many investors demand repayment, borrowers have a hard time meeting these demands, even if the long-term projects are sound.</s>
  </p>
  <p id="4">
    <s id="14">"Rational panic" ensues.</s>
    <s id="15">Every investor wants to be the first out, because existing short-term assets cannot cover short-term loans.</s>
    <s id="16">The investors are "rational" individually, but their collective action leads to tragedy.</s>
    <s id="17">This is the story of recent trouble in Thailand, Indonesia, Malaysia, the Philippines, Korea, and nearly all emerging markets.</s>
  </p>
  <p id="5">
    <s id="18">The panic is now made worse by problems in Hong Kong and Japan.</s>
    <s id="19">Investors withdrew funds from Hong Kong not because of credit risk, but because of exchange-rate concerns.</s>
    <s id="20">Hong Kong banks, it is said, began withdrawing credits from elsewhere in Asia.</s>
    <s id="21">A lingering crisis in Japan's banks pushed them to cash in claims throughout Asia, too.</s>
  </p>
  <p id="6">
    <s id="22">The main danger now is that Asian economies will be forced to default on debts or cancel investment and kill growth.</s>
    <s id="23">The IMF seeks to help, but its prescriptions might do more harm than good.</s>
    <s id="24">The IMF usually deals with profligate governments.</s>
    <s id="25">If it blindly applies its usual</s>
  </p>
  <p id="7">
    <s id="26">approaches -- pushing to tighten credit, cut spending, and close weak banks -- creditors might feel that growth is doomed for years.</s>
    <s id="27">Panic might intensify.</s>
    <s id="28">Early market responses to the IMF's intervention are worrying: stock markets in Indonesia and Korea declined 25% and 20% respectively.</s>
  </p>
  <p id="8">
    <s id="29">In the depths of the Depression, Franklin Roosevelt told Americans that "the only thing we have to fear is fear itself."</s>
    <s id="30">His success in boosting confidence was vital to America's political stability.</s>
    <s id="31">Asia needs Roosevelt-style reassurance, not a misplaced financial orthodoxy.</s>
  </p>
</document>
