<?xml version="1.0" encoding="utf-8"?>
<document>
  <HEADLINE>
    <s id="1">Avoiding Breakdown: Asia's Crisis Demands New Inte</s>
  </HEADLINE>
  <p id="1">
    <s id="2">NEW YORK: The international financial system is suffering a systemic breakdown, but we are unwilling to acknowledge it.</s>
    <s id="3">The abandonment of fixed exchange rate regimes in south-east Asia touched off an unraveling process that has exceeded everyone's worst fears, including my own.</s>
    <s id="4">So far the large bail-out programed implemented by the International Monetary Fund have not worked.</s>
  </p>
  <p id="2">
    <s id="5">Lending by the international financial institutions can never replace lending by the private sector.</s>
    <s id="6">The rescue packages are supposed to do their work by re-establishing private sector confidence.</s>
    <s id="7">Unfortunately, the currencies of the debtor countries have continued to depreciate, aggravating their debt problems and further undermining confidence.</s>
  </p>
  <p id="3">
    <s id="8">The countries concerned were over-indebted to start with.</s>
    <s id="9">The decline in their currencies, coupled with the drastic rise in interest rates, has rendered the debt burden even more crushing.</s>
  </p>
  <p id="4">
    <s id="10">We are dealing with a self-reinforcing process.</s>
    <s id="11">Once it is reversed, it could become self-reinforcing in the opposite direction.</s>
    <s id="12">The trouble is that the process is still moving away from equilibrium.</s>
    <s id="13">It is impossible to tell how far it may go.</s>
    <s id="14">What started out as a minor imbalance has become a much bigger one that threatens to engulf not only international credit but also international trade.</s>
    <s id="15">We are on the verge of worldwide deflation.</s>
  </p>
  <p id="5">
    <s id="16">The IMF has been criticized for applying the wrong remedy.</s>
    <s id="17">The FT's columnist Martin Wolf has pointed out that the deflationary effect of the debt burden is reinforced by the deflationary effect of the IMF programed.</s>
  </p>
  <p id="6">
    <s id="18">Jeffrey Sachs, director of the Harvard Institute for International Development, has carried the criticism further by blaming the IMF for insisting on punitively high interest rates.</s>
    <s id="19">But high interest rates are essential to prevent the currency from going into a free fall.</s>
    <s id="20">They have served to protect the exchange rate in countries as diverse as Hong Kong and Russia.</s>
    <s id="21">It is difficult to see how high interest rates could be avoided, given the constraints under which the IMF operates.</s>
  </p>
  <p id="7">
    <s id="22">The problems run much deeper.</s>
    <s id="23">But we are unwilling to face them.</s>
    <s id="24">The prevailing system of international lending is fundamentally flawed yet the IMF regards it as its mission to preserve the system.</s>
    <s id="25">This does not imply I am not a great believer in the IMF.</s>
    <s id="26">Without it, and without other official creditors, the system would already have collapsed in 1982 and again in 1994-95.</s>
    <s id="27">With luck, we may pull through once again.</s>
    <s id="28">But it is high time to recognize the defects of the system and reconsider the mission of the fund.</s>
  </p>
  <p id="8">
    <s id="29">The private sector is ill-suited to allocate international credit.</s>
    <s id="30">It provides either too little or too much.</s>
    <s id="31">It does not have the information with which to form a balanced judgment.</s>
    <s id="32">Moreover, it is not concerned with maintaining macro-economic balance in the borrowing countries.</s>
    <s id="33">Its goals are to maximize profit and minimize risk.</s>
    <s id="34">This makes it move in a herd-like fashion in both directions.</s>
  </p>
  <p id="9">
    <s id="35">The excess always begins with overexpansion, and the correction is always associated with pain.</s>
    <s id="36">But with the intervention of the IMF and other official lenders, the pain is felt more by the borrowers than by the creditors.</s>
    <s id="37">That is why overexpansion has recurred so soon after each crisis.</s>
    <s id="38">Successive crises have, however, become more difficult to handle.</s>
  </p>
  <p id="10">
    <s id="39">In 1982, banks lending to Latin America were involved for their own account.</s>
    <s id="40">The crisis was contained by persuading them to act collectively and to extend fresh credit to allow the debtors to service their debt.</s>
    <s id="41">The banks did get hurt in the process although not as much as the borrowers.</s>
    <s id="42">Latin America lost a decade of growth.</s>
    <s id="43">The banks learned to minimize their own exposure and to act as underwriters and wholesalers instead.</s>
  </p>
  <p id="11">
    <s id="44">In the 1994-95 crisis, it was the holders of Mexican treasury bills that had to be bailed out, mainly by the US Treasury.</s>
    <s id="45">By 1997 some of the banks had forgotten their painful experiences and became engaged on their own account, particularly with South Korean companies.</s>
  </p>
  <p id="12">
    <s id="46">The Korean crisis, as distinct from that in other south-east Asian countries, bears some similarities to Brazil in 1982 - with one major difference: the loans are not to Korea as a sovereign country but to individual companies.</s>
    <s id="47">This has made it more difficult to get the banks to act collectively.</s>
  </p>
  <p id="13">
    <s id="48">Since we are in the middle of a crisis it is impossible to predict how it will play itself out.</s>
    <s id="49">There are other shoes that may yet drop, notably China.</s>
    <s id="50">On the other hand, Japan, which looks so bad at present, has the wherewithal to solve its problems.</s>
  </p>
  <p id="14">
    <s id="51">It is not too soon to start thinking how the system could be improved.</s>
    <s id="52">Fresh ideas on the subject could even have a beneficial effect on how the current crisis is handled.</s>
    <s id="53">But that would require questioning some of the most cherished tenets of the business community.</s>
    <s id="54">To argue that financial markets in general, and international lending in particular, need to be regulated is likely to outrage the financial community.</s>
    <s id="55">Yet the evidence for just that is overwhelming.</s>
  </p>
  <p id="15">
    <s id="56">Given the uneven distribution of savings and investment opportunities, there is a crying need for international capital movements.</s>
    <s id="57">But the private sector is notoriously inefficient in the international allocation of credit.</s>
    <s id="58">It follows that international capital movements need to be supervised and the allocation of credit regulated by an international authority.</s>
  </p>
  <p id="16">
    <s id="59">This goes against the grain of prevailing wisdom.</s>
    <s id="60">How can bureaucrats know better than those who take risks for their own account?</s>
    <s id="61">The answer is that the technocrats running the proposed international authority would be charged with maintaining macroeconomic balance, while the technocrats in charge of banks are guided by profit considerations.</s>
    <s id="62">Banks earn fees as well as a return on capital and in the end they can count on the support of the official lenders, because IMF and central bank intervention - like that in Korea - tends to favor creditors.</s>
    <s id="63">It would be better for the official lenders to control the risks they are taking more directly.</s>
  </p>
  <p id="17">
    <s id="64">I propose setting up an International Credit Insurance Corporation as a sister institution to the IMF.</s>
    <s id="65">This new authority would guarantee international loans for a modest fee.</s>
    <s id="66">The borrowing countries would be obliged to provide data on all borrowings, public or private, insured or not.</s>
    <s id="67">This would enable the authority to set a ceiling on the amounts it is willing to insure.</s>
    <s id="68">Up to those amounts the countries concerned would be able to access international capital markets at prime rates.</s>
    <s id="69">Beyond these, the creditors would have to beware.</s>
  </p>
  <p id="18">
    <s id="70">The authority would base its judgment not only on the amount of credit outstanding, but also on the macroeconomic conditions in the countries concerned.</s>
    <s id="71">This would render any excessive credit expansion unlikely.</s>
    <s id="72">The capital of the proposed institution would consist of Special Drawing Rights.</s>
    <s id="73">This would render its guarantees watertight.</s>
    <s id="74">The SDRs would not be inflationary because they would be used only in case of default; at that time they would replace money that had been lost.</s>
  </p>
  <p id="19">
    <s id="75">There are many issues to be resolved.</s>
    <s id="76">The most important is the link between the borrowing countries and the borrowers within those countries.</s>
    <s id="77">Special care must be taken not to give governments discretionary power over the allocation of credit because that could foster corrupt dictatorships.</s>
    <s id="78">But once the need for such an institution is recognised, the details could be worked out.</s>
  </p>
  <p id="20">
    <s id="79">The institution can be set up only at a time when international lending is in a state of collapse.</s>
    <s id="80">We are now entering such a period.</s>
    <s id="81">We can probably navigate through it without setting up a new international authority of the sort I am proposing.</s>
    <s id="82">But we would be missing a great opportunity.</s>
  </p>
  <p id="21">
    <s id="83">Moreover, the extent of the crisis could be mitigated by the prospect of an early revival of international lending on a sounder footing.</s>
    <s id="84">If the world is indeed entering a deflationary period, an International Credit Insurance Corporation could play an important role.</s>
  </p>
</document>
