<?xml version="1.0" encoding="utf-8"?>
<document>
  <HEADLINE>
    <s id="1">Barbarians at the Gate?</s>
  </HEADLINE>
  <p id="1">
    <s id="2">Europe's lumpen outsiders are becoming insiders as the Continent's political pendulum swings to the right.</s>
    <s id="3">After the Netherlands and France, Germany may be next (German elections are due in the autumn, and the center-right candidate - Minister/President Stoiber of Bavaria - is now the favorite).</s>
    <s id="4">Spain, Austria, Italy, Denmark, Portugal are already ruled by center-right governments.</s>
    <s id="5">This swing does not simply mark the return of traditional conservative parties and policies - smaller governments, more attention to the interests of capital - to power.</s>
    <s id="6">Something new is at work.</s>
  </p>
  <p id="2">
    <s id="7">What's new is the fact that many of today's center-right governments are supported by populist or nationalist parties.</s>
    <s id="8">In Italy, the Netherlands, Austria, and Denmark, the government is either a coalition or a minority government propped up by the pivotal support of populist right-wing parties.</s>
    <s id="9">In France the government is composed of mainstream center-right politicians.</s>
    <s id="10">Yet, President Chirac owes his victory to the success of the far right National Front.</s>
  </p>
  <p id="3">
    <s id="11">This is a decisive novelty.</s>
    <s id="12">In the past, Europe's political contests were waged between left wing parties representing the interests of labor, and right wing parties representing the interests of capital.</s>
    <s id="13">Centrist parties that represented the middle classes and moderated the ideological extremes of left and right were pivotal.</s>
    <s id="14">Nowadays, ideological differences between left and right are blurred.</s>
    <s id="15">So a new breed of politicians and a new constituency of voters hold the balance of power.</s>
  </p>
  <p id="4">
    <s id="16">The successes of populist/right wing parties can largely be attributed to the failures of left-leaning governments.</s>
    <s id="17">Europe's disappointing economic performance lies at the root of this.</s>
    <s id="18">European unemployment remains high, and productivity growth (and hence living standards) has slowed since the mid-1990s.</s>
    <s id="19">Even non-economically-minded voters perceive the striking difference with the US, where productivity growth has skyrocketed since the mid-1990s and unemployment is far lower.</s>
    <s id="20">Some voters are beginning to think that their cherished European welfare state may be to blame.</s>
  </p>
  <p id="5">
    <s id="21">Many European voters also feel threatened and unprotected.</s>
    <s id="22">A common slogan is that Europe's social model trades less economic growth for more social protection and less risk.</s>
    <s id="23">But this idea does not convince everyone.</s>
    <s id="24">Large groups of "outsiders" (young unemployed and first time job seekers, temporary workers, shopkeepers and other self-employed) do not see these supposed benefits because they lack a stable and protected job, or do not qualify for unemployment insurance, or are too young to benefit from public pension systems.</s>
    <s id="25">These voters also complain about crime, and of the deteriorating quality of life in their cities.</s>
  </p>
  <p id="6">
    <s id="26">Many "outsiders" supported right-wing populist parties in the latest elections; their votes are critical for the survival of the new center-right governments in many European countries.</s>
    <s id="27">These "outsiders" were often neglected in Europe's traditional political competition, and their demands received little or no attention.</s>
    <s id="28">Across Europe, they have suddenly become political arbiters.</s>
  </p>
  <p id="7">
    <s id="29">What these newly influential voters want is clear: less immigration, crackdowns on crime, more economic opportunities, but also more protection against economic risk and international competition.</s>
    <s id="30">Politicians representing these voters lack experience in government, sometimes are technically unprepared for governance, and are suspicious of technocrats and bureaucrats, particularly those in Brussels.</s>
    <s id="31">On many issues, the positions of populist parties conflict with the traditional pro-capital and pro-market platforms of established center-right parties.</s>
  </p>
  <p id="8">
    <s id="32">Not all of this is black.</s>
    <s id="33">Some of the demands of these voters are sensible and will improve policymaking.</s>
    <s id="34">Most of Europe, for example, needs better crime prevention and a serious effort at cracking down on illegal immigration.</s>
    <s id="35">But in other important policy choices, populist parties could lead Europe astray.</s>
  </p>
  <p id="9">
    <s id="36">Of course, most European countries need to rethink the foundations of their welfare state.</s>
    <s id="37">Working life needs to be lengthened, public pensions are often too generous, labor markets too rigid.</s>
    <s id="38">Traditional pro-capitalist right-wing parties would welcome such reforms.</s>
    <s id="39">Yet, welfare state reform is not a priority of right-wing populists.</s>
  </p>
  <p id="10">
    <s id="40">But the biggest risks are to European integration.</s>
    <s id="41">The new populist and nationalist parties are suspicious of Europe in general, and of EU enlargement in particular.</s>
    <s id="42">This hostility comes at the wrong moment in time, with Europe engaged in ambitious and difficult constitutional reforms.</s>
    <s id="43">European enlargement, moreover, although imminent, is not a done deal.</s>
    <s id="44">Negotiations for enlargement are still under way.</s>
  </p>
  <p id="11">
    <s id="45">The Convention on the Future of Europe is discussing ways to integrate new policy areas, such as internal security, immigration, elements of a common foreign policy and of external security.</s>
    <s id="46">But the Convention's outcome is unpredictable.</s>
    <s id="47">The opposition posed by this newly empowered political constituency could be decisive.</s>
  </p>
  <p id="12">
    <s id="48">Traditional center-right parties have been pro-Europe.</s>
    <s id="49">European integration has rarely been affected by the left/right divide.</s>
    <s id="50">That holiday from serious politics may be over for good.</s>
  </p>
</document>
