<?xml version="1.0" encoding="utf-8"?>
<document>
  <HEADLINE>
    <s id="1">Losing Interest</s>
  </HEADLINE>
  <p id="1">
    <s id="2">BERKELEY – Two of the world’s most prominent economic institutions, the International Monetary Fund and Former US Treasury Secretary Larry Summers, recently warned that the global economy may be facing an extended period of low interest rates.</s>
    <s id="3">Why is that a bad thing, and what can be done about it?</s>
  </p>
  <p id="2">
    <s id="4">Adjusted for inflation, interest rates have been falling for three decades, and their current low level encourages investors, searching for yield, to take on additional risk.</s>
    <s id="5">Low rates also leave central banks little room for loosening monetary policy in a slowdown, because nominal interest cannot fall below zero.</s>
    <s id="6">And they are symptomatic of an economy that is out of sorts.</s>
  </p>
  <p id="3"></p>
  <p id="4">
    <s id="7">Identifying the problem, much less prescribing solutions, requires diagnosing underlying causes.</s>
    <s id="8">And here, unfortunately, economists do not agree.</s>
    <s id="9">Some point to an increase in global saving, attributable mainly to high-saving emerging markets.</s>
    <s id="10">Readers will detect here echoes of the “savings glut” argument popularized nearly a decade ago by the likes of former US Federal Reserve Board Chairmen Alan Greenspan and Ben Bernanke.</s>
  </p>
  <p id="5">
    <s id="11">There is only one problem: the data show little evidence of a savings glut.</s>
    <s id="12">Since 1980, global savings have fluctuated between 22% and 24% of world GDP, with little tendency to trend up or down.</s>
  </p>
  <p id="6">
    <s id="13">Even if global saving slightly exceeds 24% of world GDP in 2014, it is unlikely to remain that high for long.</s>
    <s id="14">China’s saving will come down as its GDP growth slows, the authorities decontrol interest rates on bank deposit, and the economy rebalances toward consumption.</s>
    <s id="15">That will be true of other emerging markets as well, as their growth rates similarly fall from the exceptional peaks scaled at the end of the last decade.</s>
  </p>
  <p id="7">
    <s id="16">The same empirical objection applies to arguments that blame low interest rates on the increasing concentration of income and wealth.</s>
    <s id="17">It is plausible that the wealthy consume smaller shares of their income, and recent trends in income and wealth distribution certainly are troubling on many grounds.</s>
    <s id="18">But to affect global interest rates, these trends have to translate into increased global savings.</s>
    <s id="19">And the evidence is not there.</s>
  </p>
  <p id="8">
    <s id="20">A second explanation for low interest rates is a dearth of attractive investment projects.</s>
    <s id="21">But this does not appear to be the diagnosis of stock markets, notably in the United States, where equities are trading at record-high prices.</s>
    <s id="22">And it sits uneasily with the enthusiasm with which venture capitalists are investing in firms commercializing new technologies.</s>
  </p>
  <p id="9">
    <s id="23">Some economists, led by Northwestern’s Robert Gordon, argue that, stock market valuations notwithstanding, all the great inventions have been made.</s>
    <s id="24">The commercial potential of the Internet, the human genome project, and robotics pales in comparison with that of the spinning jenny, the steam engine, and indoor plumbing.</s>
  </p>
  <p id="10">
    <s id="25">Maybe so, but it is worth observing that technology skeptics have been consistently wrong for 200 years.</s>
    <s id="26">History suggests that, while we may not know what the high-return inventions of the future will be, we can be confident that there will be some.</s>
  </p>
  <p id="11">
    <s id="27">Still others, like the Fed’s current leader, Janet Yellen, suggest that investment and interest rates are depressed as a result of the damage done to the economy and the labor force during the Great Recession.</s>
    <s id="28">Specifically, the skills and morale of the long-term unemployed have been eroded.</s>
    <s id="29">Detached from the labor market, they lack incomes to spend; and, stigmatized by long-term unemployment, they are not regarded as attractive employees.</s>
  </p>
  <p id="12">
    <s id="30">As a result, firms see inadequate demand for their products, and a shortage of qualified workers to staff their assembly lines.</s>
    <s id="31">The result is low capital spending, one of the striking anomalies of the current recovery, which in turn can explain other troubling aspects of the recovery, from slow growth to low interest rates.</s>
  </p>
  <p id="13">
    <s id="32">This argument has considerable merit.</s>
    <s id="33">But, though it can explain why capital spending has been weak and interest rates have been low for the last three years, it cannot account for why capital expenditure has been insufficient to prevent rates from trending down for more than three decades.</s>
    <s id="34">Here, the only explanation still standing is the shift in the composition of activity away from capital-intensive forms of production, like manufacturing, to less capital-intensive activities, like services.</s>
  </p>
  <p id="14">
    <s id="35">If the disorder has multiple causes, then there should be multiple treatments.</s>
    <s id="36">There should be tax incentives for firms to hire the long-term unemployed; more public spending on infrastructure, education, and research to compensate for the shortfall in private capital spending; and still higher capital requirements for banks and strengthened regulation of nonbank financial institutions to prevent them from excessive risk-taking.</s>
  </p>
  <p id="15">
    <s id="37">Finally, central banks should set a higher inflation target, which would give them more room to cut nominal interest rates in response to a future slowdown.</s>
    <s id="38">This is not something that a new Fed chair, anxious to establish her anti-inflation bona fides, can say out loud.</s>
    <s id="39">But that is what her arguments imply.</s>
  </p>
</document>
