<?xml version="1.0" encoding="utf-8"?>
<document>
  <HEADLINE>
    <s id="1">The Struggle for Belarus</s>
  </HEADLINE>
  <p id="1">
    <s id="2">MINSK – Belarusian opposition leaders knew beforehand that they would be protesting the falsified result of the presidential election this past weekend, and had already adopted three governing principles.</s>
    <s id="3">Their demonstrations must be absolutely peaceful, they must be sustained, and they must seek specific objectives, including free elections and the restoration of the country’s democratic constitution.</s>
  </p>
  <p id="2">
    <s id="4">Project Syndicate commentators have once again shared some of their favorite books from the past year.</s>
    <s id="5">From economics, history, and long-form reporting to poetry and timely re-issues of old classics, all readers should find something of interest.</s>
  </p>
  <p id="3">
    <s id="6">Now that Belarusian President Aleksandr Lukashenko has essentially nullified the election, claiming – preposterously – that some 80% of Belarusians voted for him, supporters of the opposition candidate, Svetlana Tikhanovskaya, are putting these principles into practice.</s>
  </p>
  <p id="4">
    <s id="7">The regime’s opponents are disciplined and technologically savvy.</s>
    <s id="8">Because the central authorities completely control the official media, an alternative media ecosystem has emerged online, where independent publications’ readership has grown by 300-400% in recent weeks.</s>
  </p>
  <p id="5">
    <s id="9">By contrast, Lukashenko is still clinging to the 1990s.</s>
    <s id="10">After five terms in office, he seems to have learned nothing.</s>
    <s id="11">Having proved incapable of countering independent reporting, he has resorted to shutting off the Internet and mobile phone networks at opposition rallies.</s>
    <s id="12">But Belarusians have quickly found ways around this through the use of proxy servers and end-to-end encrypted messaging (in fact, I dictated this commentary over the phone, owing to the Internet blackout).</s>
  </p>
  <p id="6">
    <s id="13">No one seriously doubts the pervasiveness of election fraud in Belarus.</s>
    <s id="14">But, rather than succumb to despair or cynicism, Belarusians have refused to accept that there is no point in voting.</s>
    <s id="15">On Election Day, voters gathered at polling stations in droves, building up a critical mass to prove that there was significant turnout.</s>
    <s id="16">Observers sat outside and recorded the number of people entering.</s>
    <s id="17">Although they could not ask people how they voted, they counted how many were wearing the white ribbons of the opposition.</s>
  </p>
  <p id="7">
    <s id="18">The observers’ mere presence was a clear demonstration that Lukashenko can no longer rely on repression and fear.</s>
    <s id="19">Belarusians have increasingly begun to express their views openly, even in smaller towns and villages.</s>
    <s id="20">My own firsthand observations match those of independent analysts who have estimated that roughly two-thirds to three-quarters of the electorate supports the opposition.</s>
  </p>
  <p id="8">
    <s id="21">Enjoy unlimited access to the ideas and opinions of the world's leading thinkers, including weekly long reads, book reviews, and interviews;</s>
    <s id="22">The Year Ahead annual print magazine; the complete PS archive; and more – All for less than $9 a month.</s>
  </p>
  <p id="9">
    <s id="23">While here, I have asked many poll watchers how they remained so determined, given that everyone knew their votes wouldn’t be counted, and that the fraudulent result would be announced immediately.</s>
    <s id="24">They explained that these tactics would prove effective in the long run, because they serve as a visible demonstration of what free and fair elections should look like.</s>
  </p>
  <p id="10">
    <s id="25">No one can deny that Tikhanovskaya’s supporters were there, and that they were committed to voting.</s>
    <s id="26">That fact alone will sow uncertainty among Lukashenko loyalists, including those who make up the electoral committees.</s>
  </p>
  <p id="11">
    <s id="27">After assembling en masse and observing the polling stations, the next step was to launch demonstrations in response to the long-foreseen outcome.</s>
    <s id="28">The plan was that, after gathering at polling places at around 6 p.m. and demanding to hear the voter-turnout count at 8 p.m., everyone would move to pre-designated sites for mass mobilization.</s>
    <s id="29">In smaller towns, everyone knew to gather in the largest square.</s>
    <s id="30">In Minsk, the meeting point was Victory Square, near the Minsk Hero City Obelisk.</s>
    <s id="31">If the way was blocked, people knew to head instead for Independence Avenue, followed by Victors Avenue.</s>
  </p>
  <p id="12">
    <s id="32">The assembly quickly took shape in Victory Square and gradually grew, spreading in multiple directions.</s>
    <s id="33">Cars honked and people sang and played the Perestroika-era song “Khochu peremen!”</s>
    <s id="34">(Want to Change) by the Soviet rock band Kino.</s>
    <s id="35">Special police units, having clearly prepared for the moment, showed up on cue to intimidate the crowd, which responded by chanting, “All together!”</s>
    <s id="36">Then, a column of several dozen armored vehicles rolled in and closed off a key intersection.</s>
    <s id="37">Step by step, phalanxes of police arrived and claimed more space.</s>
  </p>
  <p id="13">
    <s id="38">Nonetheless, the protesters remained peaceful, and consistently made clear that they didn’t consider the police their enemy.</s>
    <s id="39">Many chanted, “The police with the people!”</s>
    <s id="40">The implied message was: We understand that you’re just following orders, and would probably prefer to be anywhere other than where you’re standing.</s>
  </p>
  <p id="14">
    <s id="41">Again, these tactics have long been in the making.</s>
    <s id="42">On the night before the election, opposition leaders told me that they have no doubt that almost everyone in Lukashenko’s own ranks deeply dislikes him.</s>
    <s id="43">The open displays of kindness toward the same security forces who are expected to beat protesters are designed to exploit these divisions, by letting security forces know that they do not have to be synonymous with the Lukashenko regime.</s>
  </p>
  <p id="15">
    <s id="44">At one point, several hundred policemen with large shields and batons emerged from the column of vehicles, occupying part of the square and launching explosives and flash grenades.</s>
    <s id="45">I don’t know whether they were firing rubber bullets, blanks, or live ammunition, but the intent was clearly to instill terror in the crowd.</s>
  </p>
  <p id="16">
    <s id="46">In the event, their efforts at intimidation were only moderately effective.</s>
    <s id="47">The protesters did not retreat fully, and they remained absolutely peaceful.</s>
    <s id="48">They kept a close eye on any potential provocateurs in their ranks, corralling anyone who took up bottles or other objects to throw at the police.</s>
  </p>
  <p id="17">
    <s id="49">The dark squadrons of shielded security forces who occupied the square took a long time in doing so, and clearly were not trying to force a violent confrontation.</s>
    <s id="50">Only at the end did the police start chasing fleeing protesters and running toward the crowd.</s>
  </p>
  <p id="18">
    <s id="51">The square is open on three sides, but movement is impeded in some places.</s>
    <s id="52">This is where some demonstrators were caught and beaten.</s>
    <s id="53">Soon thereafter, Reuters reported that some 1,300 people had been detained; other independent media sources indicate that several people are in critical condition, and that at least one died after being deliberately run over by a police truck.</s>
  </p>
  <p id="19">
    <s id="54">The demonstrations are now expected to grow.</s>
    <s id="55">What we have seen so far is merely the beginning.</s>
    <s id="56">The opposition has it all planned out.</s>
    <s id="57">Every day, people know to meet in the squares at 7 p.m., where peaceful protests will continue, organizers say, until they are no longer needed.</s>
  </p>
</document>
