<?xml version="1.0" encoding="utf-8"?>
<document>
  <HEADLINE>
    <s id="1">The Future of Storytelling</s>
  </HEADLINE>
  <p id="1">
    <s id="2">VIRGINIA BEACH – In October, a group of storytelling pioneers will gather in New York City for a future of storytelling summit.</s>
    <s id="3">Their focus will be on new media, and the way it enables some surprising opportunities for interactivity.</s>
    <s id="4">But a story is more than the mode of its telling, so the future is likely to be even more remarkable than these experts predict.</s>
  </p>
  <p id="2">
    <s id="5">Beneath the medium of a story are the gears that drive it.</s>
    <s id="6">A new form of analysis is emerging that promises to reveal more of that engine, so we can better understand why some tales grip us.</s>
    <s id="7">If it succeeds, it would fuel new creative forms, more powerful stories, and make us less vulnerable to manipulation by governments and companies.</s>
  </p>
  <p id="3">
    <s id="8">The focus on new media is understandable, because it enables novel relationships.</s>
    <s id="9">Consider a scenario proposed by Latitude Research, a firm that envisions new intersections of content and technology: Many unconnected people are reading the same book simultaneously, all aiming to reach a particular scene – say, a dance ball – by a certain date.</s>
    <s id="10">On that day, the readers dress up and attend the ball that they are reading about, held somewhere in their city.</s>
  </p>
  <p id="4">
    <s id="11">This sort of potential is becoming big business.</s>
    <s id="12">Facebook founder Mark Zuckerberg believes immersion in virtual spaces will advance the way we build social narrative.</s>
    <s id="13">The company recently acquired the startup virtual-reality firm Oculus for $2 billion.</s>
  </p>
  <p id="5">
    <s id="14">But the excitement surrounding these innovations can miss some important aspects of what we love about stories.</s>
    <s id="15">New media alone simply changes the mode of the same old tales, whereas the focus on interactivity overlooks a successful tale’s central feature: we often ask storytellers to thrill us in ways that we cannot manage ourselves.</s>
  </p>
  <p id="6">
    <s id="16">This is where a new method of analysis could help, by modeling narrative as a river of transforming situations and searching for the forces that propel them forward.</s>
    <s id="17">Tracking these forces is difficult, because they are usually invisible and spread among many factors.</s>
    <s id="18">Thanks to new media and technologies, however, some are now becoming more conspicuous.</s>
  </p>
  <p id="7">
    <s id="19">Consider an example from the action blockbuster genre.</s>
    <s id="20">The 2007 Transformers movie had a “fractional” structure that deliberately left gaps in the story, to make it more tantalizing.</s>
    <s id="21">Computer-generated imagery (CGI) in that film extended the notion visually, changing the way battle scenes unfolded.</s>
  </p>
  <p id="8">
    <s id="22">In CGI, a “camera” is an invented perspective, which means the director can point it anywhere.</s>
    <s id="23">Despite this, the camera in Transformers “saw” and “understood” very little of the fight scenes.</s>
    <s id="24">It faced the wrong directions, came too close, and jumped from view to view, as if its operator did not know what would happen next.</s>
    <s id="25">Suddenly, a fiction invented for eight-year-old toy consumers became engaging for adults.</s>
  </p>
  <p id="9">
    <s id="26">This style of visual confusion has since been extended further, to the level of plot.</s>
    <s id="27">At the beginning of the blockbuster World War Z, a family suddenly flees in panic, but neither they nor the audience know from what.</s>
    <s id="28">The camera and the protagonists are both anchorless, and the effect is arresting.</s>
  </p>
  <p id="10">
    <s id="29">Coming technologies will make it possible to see the architecture behind the thrill, along with the way the audience appropriates it afterwards.</s>
    <s id="30">The result could be a greater awareness of why certain tales influence us.</s>
    <s id="31">Stories already help us decide with whom to fall in love, which politicians to support, where to live, and which goods and services to buy.</s>
    <s id="32">A deeper understanding of the narratives we consume could improve our quality of life, as it did in the case of food safety.</s>
  </p>
  <p id="11">
    <s id="33">Only a few generations ago, food corporations could tell any story and be believed.</s>
    <s id="34">Trans fats were celebrated as a food of the future; cigarettes were advertised for their health benefits.</s>
    <s id="35">Corporations and legislators believed that consumers were too lazy and unsophisticated to understand the underlying science.</s>
  </p>
  <p id="12">
    <s id="36">Today food is labeled in detail.</s>
    <s id="37">Schools teach children how to interpret this information.</s>
    <s id="38">Not everyone cares, but the Internet allows anyone to delve as deeply as they wish.</s>
    <s id="39">None of this was imaginable even 30 years ago, but we are all better off, including the food industry.</s>
  </p>
  <p id="13">
    <s id="40">Soon the same transparency might be possible for consumed narrative.</s>
    <s id="41">What advantage might such awareness bring?</s>
  </p>
  <p id="14">
    <s id="42">Consider a future in which smart objects (phones, computers, and so forth) monitor the dynamics of the narratives you inhabit, in the same way that they will monitor your physical health.</s>
    <s id="43">In private, your phone will advise you why a call to a friend ended badly.</s>
    <s id="44">Your computer will offer new ways to relate information, in order to improve your work.</s>
    <s id="45">In a quiet moment, you will ask to see these systems’ inner workings, so that you can view your own ideas nested within those of your family, workplace, or any other environment in which you hope they will find a foothold.</s>
    <s id="46">You will know when a personal narrative is working well for you, or when it is controlling you instead.</s>
  </p>
  <p id="15">
    <s id="47">Stories remade with new media and methods may fit us more closely than we can currently imagine, in ways that seem almost like companionship.</s>
    <s id="48">It is an exciting prospect – all the more so because we are still at the beginning of the tale.</s>
  </p>
</document>
