<?xml version="1.0" encoding="utf-8"?>
<document>
  <HEADLINE>
    <s id="1">Beyond NATO’s Libyan Redemption</s>
  </HEADLINE>
  <p id="1">
    <s id="2">SINGAPORE – While NATO probably will not want to replicate its Libya intervention anywhere else anytime soon, it appears that the alliance, with a little help from its friends, has prevailed in Libya, succeeding in toppling Col. Muammar el-Qaddafi.</s>
    <s id="3">This is a good moment for NATO, but one that evokes more a sense of relief than of celebration.</s>
  </p>
  <p id="2">
    <s id="4">Given the mismatch of member states’ policy (topple Qaddafi) and a strategy to “protect civilians” based on a contested United Nations Security Council resolution, NATO can certainly take pride in managing a great challenge and strengthening its role as the preeminent Euro-Atlantic institution.</s>
  </p>
  <p id="3">
    <s id="5">Now, however, comes the really hard part.</s>
    <s id="6">Libya was not a smoothly operating country before the civil war started six months ago; today, it is thoroughly broken and will require an enormous amount of rebuilding – post-conflict operations, or “stability ops,” to use the current jargon.</s>
    <s id="7">Libya’s needs run the gamut of challenges faced by countries in transition: governance, institutional capacity building, economic reform, and security.</s>
  </p>
  <p id="4">
    <s id="8">As in most post-conflict countries, effective and legitimate leadership will prove hard to come by.</s>
    <s id="9">The National Transitional Council, the governing body established in February by the various rebel groups, has functioned fairly well, given the mammoth centrifugal forces and other pressures at work.</s>
    <s id="10">But the skills needed for leadership of a wartime governing council are very different from those needed to run a sovereign state.</s>
  </p>
  <p id="5">
    <s id="11">Given the variety of the figures on the Council, there will be natural pressure from within Libya and beyond for a quick move to elections of some sort.</s>
    <s id="12">The various political groupings need to discuss a timeframe for a popular vote, brief the restive international community, and finally set (and keep!) the date.</s>
    <s id="13">But that date should be set sufficiently in the future to allow an adequate start on rebuilding political institutions and the economy.</s>
  </p>
  <p id="6">
    <s id="14">The security and judicial system, a wasteland under Qaddafi, should be the first priority, though it is the area probably most in need of deeper, longer-term reform.</s>
    <s id="15">One can only imagine the endemic nepotism and corruption that have traditionally characterized Libya’s police forces, but they will need to be made adequately operational quickly, probably via a new loyalty oath and some crash training.</s>
    <s id="16">It is not ideal by any means, but allowing the streets to be policed by militias and various tribal-based groups would be far more dangerous.</s>
  </p>
  <p id="7">
    <s id="17">What to do with the various rebel groups that “liberated” the country will probably be one of the main challenges facing any new provisional government.</s>
    <s id="18">One can expect that NATO’s devastating airstrikes on Qaddafi’s forces will soon be forgotten in the heroic retelling of the intrepid rebel troops’ advance to Tripoli.</s>
  </p>
  <p id="8">
    <s id="19">The sooner these forces can be decommissioned, the better.</s>
    <s id="20">Many will probably be absorbed into Libya’s security service, but many others, one hopes, can go back to their place of origin.</s>
    <s id="21">The sheer amount of weaponry strewn around the country will probably pose the greatest challenge to its prospects as a successful state with an effective government.</s>
  </p>
  <p id="9">
    <s id="22">Qaddafi’s armed forces were chosen on the basis of loyalty and ethnic affiliation, rather than any concept of merit, so the temptation to strip everyone to their underwear and send them home (to describe what may be the most humane of outcomes) might be great.</s>
    <s id="23">But arguably the most important lesson learned in Iraq resulted from the almost catastrophic decision to decommission Saddam’s army without pay or pension.</s>
    <s id="24">That move lay at the root of many of Iraq’s subsequent security problems.</s>
  </p>
  <p id="10">
    <s id="25">Libya is fortunate is some ways.</s>
    <s id="26">The oil sector appears to be relatively intact, and thus should contribute to government revenues relatively soon.</s>
    <s id="27">By contrast, other countries undergoing radical change, including Egypt and Tunisia, are more dependent on the service sector, including the always-finicky tourism industry.</s>
  </p>
  <p id="11">
    <s id="28">The international community must stand ready to assist Libya.</s>
    <s id="29">Key decisions need to be made in close consultation with the country’s emerging leadership about which international institutions, civilian and military, should be present on the ground.</s>
    <s id="30">Again, NATO might be popular now, but that could change quickly.</s>
    <s id="31">Libyans, like other Arab peoples, may turn out to hold the conflicting views that have so confused the West in Iraq: they want us there, but they also want us gone.</s>
  </p>
  <p id="12">
    <s id="32">Governance, institution building, security, and agreeing on an international presence are daunting challenges, but probably the most worrisome aspect of post-Qaddafi Libya will be the view among Western experts that experience in Iraq and Afghanistan has given them the knowledge and the skill sets to manage all these operations.</s>
    <s id="33">One recalls Talleyrand’s famous aphorism on the restitution of the Bourbons – that they learned nothing and forgot nothing.</s>
  </p>
  <p id="13">
    <s id="34">The Western countries’ collective knowledge is no substitute for a collective wisdom about Libya’s distinct history and rhythms.</s>
    <s id="35">Qaddafi was a brutal dictator, but he gained power – and maintained his grip on it for 42 years – for a reason.</s>
    <s id="36">If we learned anything from Iraq and Afghanistan, it is that a few years of politics, or institutional rebuilding, does not trump centuries of culture.</s>
    <s id="37">Those centuries, not the remnants of the Qaddafi regime, are likely to be the real enemy of change in Libya.</s>
  </p>
</document>
