<?xml version="1.0" encoding="utf-8"?>
<document>
  <HEADLINE>
    <s id="1">Tech Titans at Bay?</s>
  </HEADLINE>
  <p id="1">
    <s id="2">CAMBRIDGE – Big Tech is back in the spotlight – and not in a good way.</s>
    <s id="3">On July 29, the chief executives of Amazon, Apple, Google, and Facebook spent more than five hours fielding tough questions about their overwhelming market power from a bipartisan antitrust panel in the US House of Representatives.</s>
    <s id="4">Is the end of an era approaching?</s>
  </p>
  <p id="2">
    <s id="5">Project Syndicate commentators have once again shared some of their favorite books from the past year.</s>
    <s id="6">From economics, history, and long-form reporting to poetry and timely re-issues of old classics, all readers should find something of interest.</s>
  </p>
  <p id="3">
    <s id="7">In many ways, the COVID-19 pandemic has been a boon for tech companies.</s>
    <s id="8">As Amazon’s Jeff Bezos, Apple’s Tim Cook, Google’s Sundar Pichai, and Facebook’s Mark Zuckerberg all noted in their opening statements at the antitrust hearing, people appreciate the services their companies provide.</s>
    <s id="9">Recent research indicates that the COVID-19 crisis has deepened this appreciation.</s>
  </p>
  <p id="4">
    <s id="10">This is not surprising.</s>
    <s id="11">Digital technologies have enabled workers to do their jobs from home, students to continue their classes while schools are closed, and people to stay in touch with loved ones and entertain themselves while sheltering in place.</s>
  </p>
  <p id="5">
    <s id="12">Tech companies have been reaping enormous benefits from this shift.</s>
    <s id="13">In the first half of 2020, while the global economy confronted an unprecedented recession, Amazon’s share price rose by about 40%, fueled by rising online purchases and increased used of cloud services.</s>
    <s id="14">Zoom’s market value has more than tripled since the start of the COVID-19 crisis, as it became a hub for remote meetings and online socializing.</s>
  </p>
  <p id="6">
    <s id="15">As for Google and Facebook, they suffered temporary losses from reduced advertising revenues.</s>
    <s id="16">But they still account for an overwhelming share of the digital-advertising market – four-fifths in the United Kingdom, to cite one example.</s>
    <s id="17">Moreover, while Google and Facebook are free to use, the UK Competition and Markets Authority (CMA) has concluded that consumers are effectively paying for their services indirectly through advertising revenues, at a rate of £500 ($656) per household annually – a testament to their market power.</s>
  </p>
  <p id="7">
    <s id="18">It is too early to say how much of people’s lives will move online, or for how long.</s>
    <s id="19">People may fear COVID-19, but they also suffer from Zoom fatigue.</s>
    <s id="20">Nonetheless, it seems likely that work and social patterns will undergo some sustained changes, which will have far-reaching policy implications.</s>
  </p>
  <p id="8">
    <s id="21">Enjoy unlimited access to the ideas and opinions of the world's leading thinkers, including weekly long reads, book reviews, and interviews;</s>
    <s id="22">The Year Ahead annual print magazine; the complete PS archive; and more – All for less than $9 a month.</s>
  </p>
  <p id="9">
    <s id="23">For starters, closing the digital divide will become more urgent than ever.</s>
    <s id="24">Of the many forms of inequality the pandemic is exposing and exacerbating, unequal access to the Internet and digital technologies is among the most prominent.</s>
  </p>
  <p id="10">
    <s id="25">All the services that have made lives so much better under social-distancing rules – from remote working to online shopping to streaming services – are available only to those with access to a reasonably fast and reliable Internet connection and suitable hardware.</s>
    <s id="26">Many are also receiving health care and accessing government support online, further highlighting the critical importance of universal access.</s>
  </p>
  <p id="11">
    <s id="27">In recent years, governments have increasingly recognized this imperative.</s>
    <s id="28">For example, in 2018, the US Federal Communications Commission made closing the digital divide a high priority.</s>
    <s id="29">And yet about one in 20 people in the United States still have no high-speed Internet connection.</s>
    <s id="30">In rural areas, about one-third of households are not connected.</s>
    <s id="31">The figures are similarly bleak in the UK.</s>
  </p>
  <p id="12">
    <s id="32">Closing the gap will require large-scale investment in digital infrastructure, including broadband connectivity and 5G for mobile services.</s>
    <s id="33">In both the US and the UK, governments are working to deliver on the first imperative, by making the low-return rural investments that cannot attract private capital.</s>
    <s id="34">Progress on the second imperative may be more difficult, owing to political opposition to the Chinese telecoms giant and 5G leader Huawei.</s>
  </p>
  <p id="13">
    <s id="35">But Huawei may be turn out to be the tip of an iceberg, because the current shift online will lead to greater political and regulatory scrutiny of tech giants.</s>
    <s id="36">For one thing, regulators are likely to pressure telecommunications companies to increase investment, spurring debates about license obligations and pricing (how much companies must invest, and how they will fund it).</s>
    <s id="37">Past disputes about where along the value chain costs should fall – from physical network operators to streaming services – may re-emerge.</s>
  </p>
  <p id="14">
    <s id="38">But, as the recent US antitrust hearing suggests, the most contentious issue will probably be the market power of digital companies.</s>
    <s id="39">Even in today’s highly polarized political environment, growing concern about Big Tech – including the viability of small producers and the economy’s dependence on digital market access – is broadly shared.</s>
    <s id="40">And US regulators have already signaled their concern, with inquiries by both the Federal Trade Commission and the Department of Justice.</s>
  </p>
  <p id="15">
    <s id="41">The European Union is far ahead of the US when it comes to regulating, taxing, and constraining Big Tech.</s>
    <s id="42">The European Commission has pursued multiple antitrust cases against the tech giants, as well as broader initiatives such as the proposed Digital Services Act.</s>
    <s id="43">Margrethe Vestager – previously the European commissioner for competition, and currently Executive Vice President of the European Commission for A Europe Fit for the Digital Age – has led the way on this front.</s>
  </p>
  <p id="16">
    <s id="44">In the UK, the CMA is working to implement the Furman Review, a government-commissioned report on digital-market competition published in March 2019.</s>
    <s id="45">The panel recommended subjecting strategically important companies to targeted regulation, including a code of conduct that will likely cover issues such as favoring one’s own services, changes in terms and conditions, and pre-notification of all mergers.</s>
  </p>
  <p id="17">
    <s id="46">It remains to be seen how such efforts will play out, especially in a US headed toward a highly contentious presidential election.</s>
    <s id="47">But one thing is clear: Though the tech monopolists may capture significant short-term gains from the accelerating shift online, they can no longer avoid the harsh glare of the political spotlight.</s>
    <s id="48">The writing may be on the wall.</s>
  </p>
</document>
