<?xml version="1.0" encoding="utf-8"?>
<document>
  <HEADLINE>
    <s id="1">Biotech's Brave Old World</s>
  </HEADLINE>
  <p id="1">
    <s id="2">Skeptics about agricultural biotechnology lambaste it as unproven, untested, unnatural, and uncontrollable.</s>
    <s id="3">Nothing could be farther from the truth.</s>
    <s id="4">On the contrary, neither biotechnology nor genetic engineering are new, and consumers, government, and industry all have had long, extensive, and positive experience with both.</s>
  </p>
  <p id="2">
    <s id="5">Early biotechnology--the application of biological systems to technical or industrial processes--dates to 6000 B.C., when the Babylonians used specialized microorganisms in fermentation to brew alcoholic beverages.</s>
    <s id="6">Genetic engineering can be dated from man's recognition that animals and crop plants can be selected and bred to enhance desired characteristics.</s>
    <s id="7">Early biologists and agriculturists carried out selection for desired traits, generating poorly understood changes in the organisms' genetic material.</s>
  </p>
  <p id="3">
    <s id="8">Put another way, "nature" didn't give us seedless grapes, the tangelo (a tangerine-grapefruit hybrid), and fungus-resistant strawberries: farmers and plant breeders did.</s>
    <s id="9">During the past half-century, better understanding of genetics at the molecular level has added to the sophistication of the genetic improvement of all manner of organisms.</s>
  </p>
  <p id="4">
    <s id="10">Opponents of biotech repeatedly raise dire warnings of the movement of "rogue genes" between the modified crop and wild (or domesticated) relatives.</s>
    <s id="11">But, at the risk of mixing metaphors, this is a red herring.</s>
  </p>
  <p id="5">
    <s id="12">Gene flow is ubiquitous.</s>
    <s id="13">All crop plants have relatives somewhere, and some gene flow commonly occurs if the two populations are grown close together.</s>
    <s id="14">Gene flow from wild relatives to crop plants may even be encouraged by subsistence farmers to maintain the broad genetic base of the varieties that they plant using seed harvested from an earlier crop.</s>
    <s id="15">Such gene flow does not occur when farmers buy their seeds from seed producers, of course, but in that case gene flow in the other direction is still possible, with genes from the cultivated crop ending up in the wild relative.</s>
  </p>
  <p id="6">
    <s id="16">That is most likely if genes from the crop confer a selective advantage on the recipient, an occurrence that is uncommon with gene-splicing, where most often the added gene places the recipient at a natural di sadvantage.</s>
    <s id="17">The worst-case scenario would be gene transfer from plants engineered for enhanced resistance to certain herbicides.</s>
    <s id="18">Once the gene has been transferred to the wild relative, there will be a strong selection pressure to maintain it there if the same herbicide is used, making the weedy wild relatives more difficult to control.</s>
    <s id="19">But even this scenario raises no issues of ecological or food safety.</s>
    <s id="20">For if the use of one herbicide were compromised, farmers would simply use another.</s>
  </p>
  <p id="7">
    <s id="21">Gene transfer is an age-old concern for farmers.</s>
    <s id="22">Growing hundreds of crops, virtually all of which have been genetically improved, the practitioners of "conventional" agriculture in North America meticulously developed strategies for preventing pollen cross-contamination in the field--when and if it is necessary for commercial reasons.</s>
  </p>
  <p id="8">
    <s id="23">A good example is Canola--the genetically improved rapeseed developed by Canadian plant breeders a half-century ago.</s>
    <s id="24">The original rapeseed oil was harmful when ingested because of high levels of erucic acid.</s>
    <s id="25">After conventional plant breeding led to the development of rapeseed varieties with low concentrations of erucic acid, canola oil became the most commonly consumed oil in Canada.</s>
    <s id="26">But high-erucic acid rapeseed oil is still used as a lubricant and plasticizer.</s>
    <s id="27">So the high- and low-erucic acid varieties of rapeseed plants must be carefully segregated in the field and thereafter.</s>
    <s id="28">Canadian farmers and processors accomplish this routinely and without difficulty.</s>
  </p>
  <p id="9">
    <s id="29">These applications of conventional biotechnology, or genetic engineering, represent monumental scientific, technological, commercial, and humanitarian successes.</s>
    <s id="30">But the techniques they were relatively crude and recently have been supplemented--and in many cases replaced--by "the new biotechnology," a set of enabling techniques that enable genetic modification at the molecular level.</s>
    <s id="31">The prototype of these techniques, variously called gene-splicing or genetic modification ("GM"), is a more precise, better understood, and more predictable method for altering genetic material than was possible previously.</s>
  </p>
  <p id="10">
    <s id="32">An authoritative 1989 analysis of genetic technologies by the US National Research Council summarized the scientific consensus: "With classical techniques of gene transfer, a variable number of genes can be transferred, the number depending on the mechanism of transfer; but predicting the precise number or the traits that have been transferred is difficult, and we cannot always predict the [traits] that will result.</s>
    <s id="33">With organisms modified by molecular methods, we are in a better, if not perfect, position to predict [their traits]."</s>
  </p>
  <p id="11">
    <s id="34">The desired "product" of gene-splicing may be the engineered organism itself--a bacteria to clean up oil spills, a weakened virus used as a vaccine, or a papaya tree that resists viruses--or it may be a biosynthetic product of the cells, such as human insulin produced in bacteria, or oil expressed from seeds.</s>
  </p>
  <p id="12">
    <s id="35">Gene-spliced plants have for several years been grown worldwide on more than 100 million acres annually.</s>
    <s id="36">More than two-thirds of processed foods in the US contain ingredients derived from gene-spliced organisms.</s>
    <s id="37">There has not been a single mishap that resulted in injury to a single person or ecosystem.</s>
    <s id="38">Thus, both theory and experience confirm the extraordinary predictability and safety of gene-splicing technology and its products.</s>
  </p>
  <p id="13">
    <s id="39">The new gene-splicing techniques have yielded many important new research tools and commercial products, and have only begun to change the way we do biological research and to increase the choices available to farmers, food producers, physicians, and consumers.</s>
    <s id="40">But they are merely an extension, or refinement, of the kinds of genetic modification that preceded the era of "new bio-technology."</s>
    <s id="41">So welcome to Biotech's Brave Old World.</s>
  </p>
</document>
