<?xml version="1.0" encoding="utf-8"?>
<document>
  <HEADLINE>
    <s id="1">The Poverty of Renewables</s>
  </HEADLINE>
  <p id="1">
    <s id="2">MIAMI – According to UN Secretary-General Ban Ki-moon, “Climate change harms the poor first and worst.”</s>
    <s id="3">This is true, because the poor are the most vulnerable and have the least resources with which to adapt.</s>
    <s id="4">But we often forget that current policies to address global warming make energy much more costly, and that this harms the world’s poor much more.</s>
  </p>
  <p id="2">
    <s id="5">Solar and wind power was subsidized by $60 billion in 2012.</s>
    <s id="6">This means that the world spent $60 billion more on energy than was needed.</s>
    <s id="7">And, because the total climate benefit was a paltry $1.4 billion, the subsidies essentially wasted $58.6 billion.</s>
    <s id="8">Biofuels were subsidized by another $19 billion, with essentially no climate benefit.</s>
    <s id="9">All of that money could have been used to improve health care, hire more teachers, build better roads, or lower taxes.</s>
  </p>
  <p id="3">
    <s id="10">Forcing everyone to buy more expensive, less reliable energy pushes up costs throughout the economy, leaving less for other public goods.</s>
    <s id="11">The average of macroeconomic models indicates that the total cost of the EU’s climate policy will be €209 billion ($280 billion) per year from 2020 until the end of the century.</s>
  </p>
  <p id="4">
    <s id="12">The burden of these policies falls overwhelmingly on the world’s poor, because the rich can easily pay more for their energy.</s>
    <s id="13">I am often taken aback by well-meaning and economically comfortable environmentalists who cavalierly suggest that gasoline prices should be doubled or electricity exclusively sourced from high-cost green sources.</s>
    <s id="14">That may go over well in affluent Hunterdon County, New Jersey, where residents reportedly spend just 2% of their income on gasoline.</s>
    <s id="15">But the poorest 30% of the US population spend almost 17% of their after-tax income on gasoline.</s>
  </p>
  <p id="5">
    <s id="16">Similarly, environmentalists boast that households in the United Kingdom have reduced their electricity consumption by almost 10% since 2005.</s>
    <s id="17">But they neglect to mention that this reflects a 50% increase in electricity prices, mostly to pay for an increase in the share of renewables from 1.8% to 4.6%.</s>
  </p>
  <p id="6">
    <s id="18">The poor, no surprise, have reduced their consumption by much more than 10%, whereas the rich have not reduced theirs at all.</s>
    <s id="19">Over the past five years, heating a UK home has become 63% more expensive, while real wages have declined.</s>
    <s id="20">Some 17% of households are now energy poor – that is, they have to spend more than 10% of their income on energy; and, because elderly people are typically poorer, about a quarter of their households are energy poor.</s>
    <s id="21">Deprived pensioners burn old books to keep warm, because they are cheaper than coal, they ride on heated buses all day, and a third leave part of their homes cold.</s>
  </p>
  <p id="7">
    <s id="22">In Germany, where green subsidies will cost €23.6 billion this year, household electricity prices have increased by 80% since 2000, causing 6.9 million households to live in energy poverty.</s>
    <s id="23">Wealthy homeowners in Bavaria can feel good about their inefficient solar panels, receiving lavish subsidies essentially paid by poor tenants in the Ruhr, who cannot afford their own solar panels but still have to pay higher electricity costs.</s>
  </p>
  <p id="8">
    <s id="24">The list goes on.</s>
    <s id="25">In Greece, where tax hikes on oil have driven up heating costs by 48%, more and more Athenians are cutting down park trees, causing air pollution from wood burning to triple.</s>
  </p>
  <p id="9">
    <s id="26">But climate policies carry an even larger cost in the developing world, where three billion people lack access to cheap and plentiful energy, perpetuating their poverty.</s>
    <s id="27">They cook and keep warm by burning twigs and dung, producing indoor air pollution that causes 3.5 million deaths per year – by far the world’s biggest environmental problem.</s>
  </p>
  <p id="10">
    <s id="28">Access to electricity could solve that problem, while allowing families to read at night, own a refrigerator to keep food from spoiling, or use a computer to connect with the world.</s>
    <s id="29">It would also allow businesses to produce more competitively, creating jobs and economic growth.</s>
  </p>
  <p id="11">
    <s id="30">Consider Pakistan and South Africa, where a dearth of generating capacity means recurrent blackouts that wreak havoc on businesses and cost jobs.</s>
    <s id="31">Yet the funding of new coal-fired power plants in both countries has been widely opposed by well-meaning Westerners and governments.</s>
    <s id="32">Instead, they suggest renewables as the solution.</s>
  </p>
  <p id="12">
    <s id="33">But this is hypocritical.</s>
    <s id="34">The rich world gets just 1.2% of its energy from hugely expensive solar and wind technologies, and we would never accept having power only when the wind was blowing.</s>
    <s id="35">Over the next two years, Germany will build ten new coal-fired power plants to keep the lights on.</s>
  </p>
  <p id="13">
    <s id="36">In 1971, 40% of China’s energy came from renewables.</s>
    <s id="37">Since then, it has powered its explosive economic growth almost exclusively with highly polluting coal, lifting 680 million people out of poverty.</s>
    <s id="38">Today, China gets a trifling 0.23% of its energy from wind and solar.</s>
    <s id="39">By contrast, Africa gets 50% of its energy today from renewables – and remains poor.</s>
  </p>
  <p id="14">
    <s id="40">A new analysis from the Center for Global Development quantifies our disregard of the world’s poor.</s>
    <s id="41">Investing in renewables, we can pull one person out of poverty for about $500.</s>
    <s id="42">But, using gas electrification, we could pull more than four people out of poverty for the same amount.</s>
    <s id="43">By focusing on our climate concerns, we deliberately choose to leave more than three out of four people in darkness and poverty.</s>
  </p>
  <p id="15">
    <s id="44">Addressing global warming effectively requires long-term innovation that makes green energy affordable to all.</s>
    <s id="45">Until then, wasting enormous sums of money at the expense of the world’s poor is no solution at all.</s>
  </p>
</document>
