<?xml version="1.0" encoding="utf-8"?>
<document>
  <HEADLINE>
    <s id="1">Blaming Islam is Too Easy</s>
  </HEADLINE>
  <p id="1">
    <s id="2">The terrorist attacks in America and the war against the Taliban have incited wide speculation about the relationship between culture and economic development.</s>
    <s id="3">Most pointedly, is the Islamic world thwarted from modernizing because its culture is trapped in the Middle Ages?</s>
    <s id="4">Is poor economic development in much of the Middle East and Central Asia the result of cultural practices that are hostile to economic growth?</s>
  </p>
  <p id="2">
    <s id="5">The usual charge is that the Islamic world missed the advances of the European Enlightenment, when the state and religion were separated, modern scientific ideas were adopted, and cultural attitudes towards women modernized.</s>
    <s id="6">As a result, it is alleged, the Islamic world cannot cope with the demands of modernization, either in technology or in cultural practices, such as the granting of rights to women, which is necessary for economic success in the modern world.</s>
  </p>
  <p id="3">
    <s id="7">As always with crude generalizations, elements of truth are intermixed with a mass of confusion.</s>
    <s id="8">The truth is that certain cultural practices support economic modernization.</s>
    <s id="9">These include a tendency towards greater equality between men and women and their roles in society; a culture that rewards educational attainment with high social status; the secularization of many aspects of modern life, including the preeminence of modern science; and cultural practices that favor social mobility in the choice of occupations.</s>
    <s id="10">The falsehood is to believe that some cultures are static and inimical to change, while others are somehow uniquely modern.</s>
  </p>
  <p id="4">
    <s id="11">In all parts of the world, cultures have had to adjust to the changes in economic organization, technology, and scientific knowledge of the past two hundred years.</s>
    <s id="12">In Western Europe and the US, for example, the cultural acceptance of social and economic equality between men and women has involved a long process of political struggle and evolving social norms.</s>
    <s id="13">The pace of change has varied markedly within regions and across cultural sub-groups.</s>
  </p>
  <p id="5">
    <s id="14">The Islamic world, which stretches over 15,000 kilometers, dozens of countries, and more than 1 billion followers of the faith, is similarly subject to widespread cultural variation.</s>
    <s id="15">Islamic countries in the Mediterranean region (such as Morocco, Tunisia, Egypt, and Turkey) are culturally and politically distinct from Islamic countries in the Arabian Peninsula (such as Saudi Arabia, Yemen, and Oman), which differ from Islamic countries in Central Asia (such as Afghanistan, Pakistan, Tajikistan), Southeast Asia (such as Indonesia and Malaysia) and Sub-Saharan Africa (such as Mali and Chad).</s>
  </p>
  <p id="6">
    <s id="16">Consider one example: the number of children per woman in society, known as the ``total fertility rate.''</s>
    <s id="17">In societies where women are not allowed to work and are expected to remain home and raise children, the number of children is very high.</s>
    <s id="18">Economic growth tends to suffer: when poor households have many children, the education given to each child also tends to be reduced.</s>
  </p>
  <p id="7">
    <s id="19">In some parts of the Islamic world, most notably in the Arabian peninsula, the fertility rate remains very high.</s>
    <s id="20">A woman in Yemen will on average give birth to more than 7 children in her lifetime.</s>
    <s id="21">In Saudi Arabia, the average is over 6 children.</s>
    <s id="22">In other parts of the Islamic world, the fertility rate is far lower and has declined in recent decades, signaling a major shift in cultural norms.</s>
    <s id="23">In Tunisia, the average fertility rate has dropped from 6.2 in the 1970s to 2.3 today, just slightly above the 2.0 average in the US.</s>
    <s id="24">Similarly, in Turkey the fertility rate fell from 5.2 in the early 1970s to 2.7 in the late 1990s.</s>
    <s id="25">In Indonesia, the decline in fertility rates was about the same.</s>
    <s id="26">Women have entered the labor force in these societies in much greater number, delivering economic gains and improvements in their social status.</s>
  </p>
  <p id="8">
    <s id="27">We can therefore note that in Islamic societies like Tunisia, Turkey, Indonesia, and Malaysia, economic growth and cultural change has proceeded rapidly in the past generation.</s>
    <s id="28">Some of these countries have been among the world's fastest growing economies in recent decades.</s>
    <s id="29">Islamic culture has neither been a barrier to growth, nor has it been static.</s>
    <s id="30">As in other parts of the world, culture in these countries has shown its vibrancy and also its capacity to adjust to changing conditions.</s>
  </p>
  <p id="9">
    <s id="31">In the Arabian peninsula, cultural change has been slower, as has economic development.</s>
    <s id="32">Causation probably runs in both directions here: cultural factors may have impeded economic growth, while poor economic performance (say, bad economic policies and over-dependence on oil) may have slowed the adaptation of cultural practices to the needs of a modern economy.</s>
    <s id="33">In very remote places like Afghanistan or Chad, weak connections with the world economy also delayed the process of social change.</s>
  </p>
  <p id="10">
    <s id="34">These examples should warn us away from three current tendencies.</s>
    <s id="35">The first is to give easy labels to complex and diverse societies.</s>
    <s id="36">The idea of a single conservative ``Islamic world'' is as mistaken as a single modern ``Western society.''</s>
    <s id="37">Diversity is very high; cultural practices vary widely.</s>
    <s id="38">Simplistic labels reflect more prejudice than understanding.</s>
  </p>
  <p id="11">
    <s id="39">The second tendency is to believe that culture is somehow static and unchanging.</s>
    <s id="40">Cultures everywhere change in response to technological developments, economic growth, and - of course - globalization.</s>
    <s id="41">The third tendency is to believe that culture is the key to economic development.</s>
    <s id="42">Economic development is determined by many factors, including geography, politics, international relations, and culture.</s>
    <s id="43">Cultural differences across societies are often more the outcome than the cause of differences in economic development.</s>
  </p>
</document>
