<?xml version="1.0" encoding="utf-8"?>
<document>
  <HEADLINE>
    <s id="1">Capitalizing on Climate Unity</s>
  </HEADLINE>
  <p id="1">
    <s id="2">BONN – When Donald Trump was elected US president a year ago, some said the end of the Paris climate agreement was nigh.</s>
    <s id="3">Yet, as the latest round of global climate talks in Bonn, Germany, has shown, the world’s political leaders are more committed to the deal than ever.</s>
    <s id="4">This is good news, but the fact remains that countries’ commitments do not yet add up to enough to turn the tide – and our window of opportunity to act effectively on climate change is rapidly closing.</s>
  </p>
  <p id="2">
    <s id="5">Trump’s decision to withdraw the United States – the world’s largest historical carbon dioxide emitter – from the Paris agreement dealt the accord a major blow.</s>
    <s id="6">Many of America’s closest allies – including both of our countries, the Marshall Islands and Australia – were deeply disappointed by the move, which was shortsighted, for both America and the world.</s>
  </p>
  <p id="3">
    <s id="7">But it is hard not to take heart from the fresh wave of global resolve Trump’s decision has unleashed, both globally and within the US itself.</s>
    <s id="8">Almost every major US state, city, and company has now pledged to do more to ensure that their country can meet its commitments, despite the Trump administration’s opposition.</s>
  </p>
  <p id="4">
    <s id="9">The fact that climate action is now the worlds’ biggest economic opportunity has certainly helped.</s>
    <s id="10">According to the Trump administration’s own analysis, more than twice as many Americans are now working in the solar industry than in coal, oil, and gas combined.</s>
    <s id="11">And earlier this year, the OECD indicated that we could boost global growth by 5% per year by 2050, simply by linking the climate and growth agendas.</s>
  </p>
  <p id="5">
    <s id="12">There is no time to waste; climate change has already arrived.</s>
    <s id="13">This year’s record-breaking drought in the Marshall Islands, apocalyptic storms in the Caribbean, and devastating floods in Bangladesh and the US demonstrate this.</s>
  </p>
  <p id="6">
    <s id="14">As the United Nations Environment Programme recently reminded us, even if every country hits its existing 2030 emissions-reduction targets, we will be unable to limit warming to below 1.5° Celsius above preindustrial levels – the threshold, recognized in the Paris agreement, beyond which the impact of climate change becomes far greater.</s>
    <s id="15">Our chances even of staying within the more conservative – and dangerous – 2° Celsius limit will be slim.</s>
  </p>
  <p id="7">
    <s id="16">To ignore this reality is to gamble with the existential future of many island countries, not to mention the prosperity of the global economy.</s>
    <s id="17">Without a sharp rise in global ambition for emissions reductions by 2020, we will be unable to save the world’s most vulnerable countries.</s>
    <s id="18">And if runaway climate change takes hold, no country will be immune to its effects.</s>
  </p>
  <p id="8">
    <s id="19">Unfortunately, things will get a lot worse before they get better.</s>
    <s id="20">That is why we must step up our efforts to boost our resilience to the climate effects we won’t be able to avoid, and address the associated security consequences.</s>
  </p>
  <p id="9">
    <s id="21">In the meantime, we must urgently increase the ambition of our climate commitments.</s>
    <s id="22">Fortunately, several upcoming events offer an opportunity to do just that.</s>
    <s id="23">We need to seize that opportunity with both hands.</s>
  </p>
  <p id="10">
    <s id="24">Next month, French President Emmanuel Macron will host a conference to mark the two-year anniversary of the Paris agreement.</s>
    <s id="25">And next September, California Governor Jerry Brown will host his own summit to galvanize greater action by cities, companies, and other non-state actors.</s>
    <s id="26">The biggest opportunity, however, will come in 2019, when UN Secretary-General António Guterres convenes world leaders in New York for the biggest climate gathering since the Paris talks.</s>
  </p>
  <p id="11">
    <s id="27">We need to build an arc of ambition across these events that can, in the words of our friend Tony de Brum, the late Marshallese foreign minister and untiring climate warrior at the Paris conference, deliver a pathway to survival for the most vulnerable.</s>
  </p>
  <p id="12">
    <s id="28">Some significant players are already going above and beyond their pledges.</s>
    <s id="29">A number of others, including the Marshall Islands, are set to bring forward new targets by 2020, to augment their current targets, which reach only as far as 2025.</s>
    <s id="30">Still others – including France, India, and New Zealand – have said informally that they are eager to do more.</s>
  </p>
  <p id="13">
    <s id="31">The truth is that almost all countries have the capacity to do more, especially if the support is there and the opportunities are identified.</s>
    <s id="32">The imperative now is to create the right political conditions both to motivate and facilitate action.</s>
    <s id="33">As more countries signal their ability to increase the ambition of their commitments, still more will follow.</s>
  </p>
  <p id="14">
    <s id="34">At the same time, we must ensure that every sector, as well as every country, does its fair share.</s>
    <s id="35">This includes, for example, international shipping, which, if it were a country, would be the world’s sixth-largest emitter.</s>
  </p>
  <p id="15">
    <s id="36">Next year’s “Talanoa Dialogue” – to be convened by Fiji, which last week became the first island state to chair UN climate talks – will help countries identify exactly how they can achieve the goals set in the Paris agreement.</s>
    <s id="37">That dialogue, which countries should approach in good faith, must be a springboard for further action.</s>
    <s id="38">To that end, the recent Intergovernmental Panel on Climate Change report laying out pathways for keeping the temperature rise below the 1.5°C threshold will be crucial.</s>
    <s id="39">The science remains key.</s>
  </p>
  <p id="16">
    <s id="40">The Paris talks proved that political success is possible, if leaders are given the right platform, if civil society mobilizes behind them, and if the world acts in unison.</s>
    <s id="41">To get the rest of the way to a sustainable future, we must apply this lesson again.</s>
    <s id="42">The catchphrase at the Bonn conference was “further, faster, and together.”</s>
    <s id="43">Our collective challenge is to translate a nice-sounding slogan into reality.</s>
  </p>
</document>
