<?xml version="1.0" encoding="utf-8"?>
<document>
  <HEADLINE>
    <s id="1">Are Britons Really Softening on Immigration?</s>
  </HEADLINE>
  <p id="1">
    <s id="2">LONDON – In the United Kingdom, the new conventional wisdom is that attitudes toward immigration are softening.</s>
    <s id="3">A headline in the Financial Times this July stated that “negativity about immigration falls sharply in Brexit Britain.”</s>
    <s id="4">Likewise, a recent report by the UK Migration Advisory Committee surmises that “the UK may find itself in the position of ending free movement just as public concern falls about the migration flows that result from it.”</s>
  </p>
  <p id="2">
    <s id="5">This is notable, considering that it has been only two years since a widespread public backlash against uncontrolled immigration delivered a victory to “Leave” in the Brexit referendum.</s>
    <s id="6">Moreover, there have been no major changes to immigration policy.</s>
    <s id="7">Britain is still in the European Union, and EU citizens are still free to move to the UK.</s>
    <s id="8">And though migration levels have dropped somewhat, they remain extraordinarily high by historic standards, far exceeding the government’s net immigration target of “below tens of thousands.”</s>
  </p>
  <p id="3">
    <s id="9">Still, opinion polls have undeniably changed.</s>
    <s id="10">Survey respondents are now more positive about the economic and cultural effects of immigration, and fewer people now name immigration as one of the most important issues facing the UK.</s>
    <s id="11">Moreover, this trend appears across the political and social spectrum, and equally among Remainers and Leavers.</s>
    <s id="12">And while it has actually been observable since the turn of the millennium, it has gained momentum since the Brexit vote.</s>
  </p>
  <p id="4">
    <s id="13">The apparent disconnect between the attitudes that fueled Brexit and the attitudes that show up in opinion polls cries out for investigation.</s>
    <s id="14">Until we understand what’s driving these unexpected changes, we need to be mindful of how survey findings are presented, and how they inform policymaking decisions.</s>
  </p>
  <p id="5">
    <s id="15">To that end, we at the National Institute of Economic and Social Research (NIESR) recently assessed the available evidence of Britons’ social attitudes toward immigration over time.</s>
    <s id="16">In a new study, we show that there are several possible explanations for the extraordinary shifts in the polls on this issue.</s>
  </p>
  <p id="6">
    <s id="17">For starters, the UK is finally having a conversation about migration.</s>
    <s id="18">And while this conversation has often been confrontational and dominated by extreme views, it may have prompted some people to consider the pros, rather than just the cons.</s>
    <s id="19">After all, there is ample evidence to show that immigration has benefited the UK economically.</s>
  </p>
  <p id="7">
    <s id="20">Similarly, since the Brexit vote, the debate over the rights of EU citizens already residing in the UK, along with the recent controversy over the so-called Windrush generation of immigrants from the Caribbean, has attracted public support for migrants.</s>
    <s id="21">These conversations seem to have tapped into people’s sense of fairness.</s>
    <s id="22">Previously, the principle of fairness had been used against migrants, such as when asylum seekers are accused of trying to exploit the British welfare system.</s>
  </p>
  <p id="8">
    <s id="23">An alternative explanation is that some Britons have modified their views after witnessing an overwhelmingly negative public debate on immigration in recent years.</s>
    <s id="24">Previously, even slight skepticism toward migration was perceived to be anti-immigrant.</s>
    <s id="25">But the realization that others hold more extreme views may have led people to see themselves as more positively inclined toward immigration.</s>
    <s id="26">They have adjusted their responses to survey questions accordingly, even though their views have remained essentially the same.</s>
  </p>
  <p id="9">
    <s id="27">Similarly, some immigration skeptics, or those belonging to the “anxious middle,” may feel misrepresented or misinterpreted in a public debate dominated by extreme views.</s>
    <s id="28">If so, they may have moderated their position on immigration in recent survey responses.</s>
    <s id="29">Alternatively, there may be a “reassurance effect” among immigration skeptics if they feel that their concerns are already being addressed (though this could disappear rapidly if they start to suspect otherwise).</s>
    <s id="30">By the same token, immigration liberals may have been galvanized by the Brexit vote and the rise of the nationalist UK Independence Party in recent years.</s>
  </p>
  <p id="10">
    <s id="31">Lastly, the image of immigrants that survey respondents have in mind may have changed in recent years, now that EU migration and the Windrush generation have dominated the media coverage.</s>
    <s id="32">When answering survey questions, the average Briton may be thinking more about these cohorts than, say, asylum seekers and refugees fleeing from conflicts in the Middle East and North Africa.</s>
    <s id="33">In other words, a change in people’s idea of the average immigrant may have made them more supportive of immigration generally.</s>
  </p>
  <p id="11">
    <s id="34">Many other factors could explain the shift in the polls on this issue.</s>
    <s id="35">But as some of the possibilities outlined above show, the change in survey responses does not necessarily imply a softening of public attitudes toward immigration.</s>
    <s id="36">Rather, it tells us that our knowledge about public sentiment needs to improve.</s>
    <s id="37">As British Future’s National Conversation on Immigration and NIESR’s own work with focus groups in Kent have shown, people’s views on migration are nuanced and multifaceted.</s>
  </p>
  <p id="12">
    <s id="38">As British policymakers set out to design a new post-Brexit immigration policy, it is very important that we continue to develop our understanding of why people hold and express the views that they do.</s>
    <s id="39">Simply assuming that we already know the answer is not an option.</s>
  </p>
</document>
