<?xml version="1.0" encoding="utf-8"?>
<document>
  <HEADLINE>
    <s id="1">A Post-Election Reckoning for British Politics</s>
  </HEADLINE>
  <p id="1">
    <s id="2">LONDON – Speaking outside No. 10 Downing Street following his emphatic election victory, British Prime Minister Boris Johnson thanked long-time Labour supporters for having “lent” his Conservative Party their votes.</s>
    <s id="3">It was a curious phrase, whose meaning depended entirely on context.</s>
    <s id="4">The Tories had breached Labour’s strongholds in the Midlands and North East England on the promise of “getting Brexit done.”</s>
    <s id="5">Leaving the European Union, as Britain will on January 31, 2020, will be Johnson’s repayment of the debt he owes these voters.</s>
  </p>
  <p id="2">
    <s id="6">Following its targeted killing of Iran's second most powerful leader, the US could well find itself with no alternative but to devote more military resources to the Middle East, a path that could lead to additional Iranian provocations.</s>
    <s id="7">And that shift would occur at a time of growing challenges to US interests elsewhere in the world.</s>
  </p>
  <p id="3">
    <s id="8">The targeted killing by the United States of one of Iran's top military leaders represents a significant symbolic defeat for the Iranian regime, but it does not augur all-out war.</s>
    <s id="9">After all, Iran and the US have already been at war for decades, and neither side has an interest in an uncontrolled military escalation now.</s>
  </p>
  <p id="4">
    <s id="10">As in previous years, Project Syndicate asked its commentators to offer their best guesses about the events and trends that will define the coming 12 months.</s>
    <s id="11">If there is one common theme in this year's selection, it is that what happens in 2020 will weigh on the present for many years to come.</s>
  </p>
  <p id="5">
    <s id="12">But “getting Brexit done” won’t be enough for the Tories to hold on to their parliamentary seats, as Johnson recognized.</s>
    <s id="13">The Conservatives, he said, will need to turn themselves once again into a “one nation” party.</s>
    <s id="14">For its part, if Labour is to regain its heartlands, it will need to find a way of reconnecting with its alienated supporters.</s>
  </p>
  <p id="6">
    <s id="15">What this double reconfiguration entails is reasonably clear.</s>
    <s id="16">The Conservatives will need to break with Thatcherite economics, and Labour will need to loosen its embrace of minorities and minority culture.</s>
    <s id="17">Both will need to move back to a middle ground.</s>
    <s id="18">The libertarian dream of a free market in both economics and morals does not resonate with an economically interventionist but socially conservative electorate.</s>
  </p>
  <p id="7">
    <s id="19">Brexit was a reaction to economic betrayal, the British version of a European-wide revolt by what French President Emmanuel Macron called the “left-behinds.”</s>
    <s id="20">This label is precisely right as a description, but overwhelmingly wrong as a prescription, for it suggests that the future is technologically determined, and that people simply will have to adapt to it.</s>
    <s id="21">The state’s duty, according to this view, is to enable the left-behinds to board the cost-cutting, labor-shedding bullet express, whereas what most people want is a reasonably secure job that pays a decent wage and gives them a sense of worth.</s>
  </p>
  <p id="8">
    <s id="22">No one would deny that governments have a vital role to play in providing people with the employment skills they need.</s>
    <s id="23">But it is also governments’ task to manage the trade-off between security and efficiency so that no sizeable fraction of the population is left involuntarily unemployed.</s>
  </p>
  <p id="9">
    <s id="24">Guaranteed full employment was the key point of consensus of the Keynesian economics of the 1950s and 1960s, embraced by right and left, with the political battle centered on questions of wealth and income distribution.</s>
    <s id="25">This is the kind of dynamic center the Conservatives should try to regain.</s>
  </p>
  <p id="10">
    <s id="26">Any Toryism that seeks to be genuinely “one nation” must acknowledge that the fiscal austerity that the Conservatives imposed on the country from 2010 to 2017 caused great and unnecessary harm to millions of people.</s>
    <s id="27">The Tories must show that they understand why austerity was wrong in those circumstances, and that the purpose of the budget is not to balance the government’s accounts, but to balance the economy at full employment.</s>
    <s id="28">Deficits and surpluses reflect the state of the economy.</s>
    <s id="29">This means that no effort should be made to cut the deficit when the economy is shrinking or to expand it when the economy is growing, because that produces deflation in the downswing and inflation in the upswing – exactly the opposite of what is needed.</s>
    <s id="30">George Osborne’s greatest contribution to Toryism now would be to explain where and how, as chancellor of the exchequer, he went wrong between 2010 and 2016.</s>
  </p>
  <p id="11">
    <s id="31">A party pledged to govern from the center should implement policies to stabilize the labor market.</s>
    <s id="32">These should include a permanent public investment program aimed at rebalancing the United Kingdom’s regions and “greening” its infrastructure, together with a buffer of guaranteed public-sector jobs that inflates and deflates automatically with economic downturns and upturns.</s>
    <s id="33">The beauty of the second lies precisely in its automaticity, guarding it against the charge of being at the mercy of vote-hungry politicians.</s>
  </p>
  <p id="12">
    <s id="34">Together, these policies would limit business fluctuations, rebalance the economy geographically, and lay the ecological foundations for future growth.</s>
    <s id="35">What they imply is a deceleration of the rush to automate and globalize, regardless of social cost.</s>
  </p>
  <p id="13">
    <s id="36">Labour, for its part, needs to recognize that most of its voters are culturally conservative, which became clear with respect to Brexit.</s>
    <s id="37">The election result disclosed a culture gap between Remainers and Leavers, which for a subset of London and university-campus-based Remainers amounted to a culture war between a politically correct professional class and a swath of the population routinely dubbed stupid, backward, and undereducated, or, more generously, misinformed.</s>
    <s id="38">One symptom of this gap was the common media depiction of Johnson as a “serial liar,” as though it was his mendacity that obscured from befuddled voters the truth of their situation.</s>
  </p>
  <p id="14">
    <s id="39">Political correctness ramifies through contemporary culture.</s>
    <s id="40">I first became aware of a cultural offensive against traditional values in the 1970s, when school history textbooks started to teach that Britain’s achievements were built on the exploitation of colonial peoples, and that people should learn to feel suitably apologetic for the behavior of their forbears.</s>
    <s id="41">Granted that much history is myth-making, no community can live without a stock of myths in which it can take pride.</s>
    <s id="42">And “normal” people don’t want to be continuously told that their beliefs, habits, and prejudices are obsolete.</s>
  </p>
  <p id="15">
    <s id="43">In the continuous evolution of cultural norms, therefore, a new balance needs to be struck between the urge to overthrow prejudice and the need to preserve social cohesion.</s>
    <s id="44">Moreover, whereas the phrase “left behind” may reasonably describe the situation of the economically precarious, it is quite wrong as a cultural description.</s>
    <s id="45">There are too many cultural left-behinds, and their cultural “re-skilling” will take much longer than any economic re-skilling.</s>
    <s id="46">But such re-skilling is not the right prescription.</s>
    <s id="47">Metropolitan elites have no right to force their norms on the rest of the country.</s>
    <s id="48">Labour will need to remember that “normal” people want a TransPennine railway much more than a transgender future.</s>
  </p>
  <p id="16">
    <s id="49">In short, just as the right went wrong in forcing economic individualism down people’s throats, so the left has gone wrong in its contempt for majority culture.</s>
    <s id="50">In the UK, the price for elite incapacity in both areas has been Brexit; in Europe and the United States generally, it has been the growth of populism.</s>
  </p>
  <p id="17">
    <s id="51">Economic and cultural utopians alike are destroyers: they want to tear down what has been built in order to create something more perfect.</s>
    <s id="52">The dream of perfection is the death of statesmanship.</s>
    <s id="53">Politicians who aspire to govern on behalf of the whole community should aim for the best possible result, not the best result possible.</s>
  </p>
</document>
