<?xml version="1.0" encoding="utf-8"?>
<document>
  <HEADLINE>
    <s id="1">Bush’s Intellectual Torturers</s>
  </HEADLINE>
  <p id="1">
    <s id="2">Paris – The top-secret memoranda released by the Obama administration concerning torture practices in CIA prisons shed new light on a fundamental question: how is it that people acting in the name of the United States government could so easily accept the idea of torturing the detainees in their charge?</s>
  </p>
  <p id="2">
    <s id="3">The newly published documents do not disclose the very facts of torture, which were already well known by whomever wanted to know them.</s>
    <s id="4">But they do reveal a great deal of information about how the torture sessions unfolded and how the agents involved perceived them.</s>
  </p>
  <p id="3">
    <s id="5">What is most striking is the discovery of niggling little rules, outlined in CIA manuals and co-opted by the government’s legal executives.</s>
    <s id="6">One would have thought that torture was the result of blunders or unintentional excesses committed on the spur of the moment.</s>
    <s id="7">On the contrary, these memos make clear that torture was a tactic formulated in minute detail.</s>
  </p>
  <p id="4">
    <s id="8">In the Bush administration’s “guidelines,” torture can be divided into three categories, of varying levels of intensity: “baseline” (nudity, dietary manipulation, sleep deprivation); “corrective” (hitting); and “coercive” (water-dousing, box confinement, water-boarding).</s>
  </p>
  <p id="5">
    <s id="9">For a facial slap, the interrogator was supposed to hit with fingers slightly spread, at equal length between the tip of the chin and the bottom of the corresponding earlobe.</s>
    <s id="10">Dousing a naked detainee with water was to last 20 minutes if the water’s temperature measured 5 °C, 40 minutes at 10 °C, and up to 60 minutes at 15 °C. Sleep deprivation could not exceed 180 hours, but could start over again after eight hours rest.</s>
  </p>
  <p id="6">
    <s id="11">Water immersion in a tub could last up to 12 seconds, no more than two hours a day, for up to thirty days in a row.</s>
    <s id="12">Waterboarding could last 40 seconds at most, though two prisoners were subjected to this torment a combined total of 286 times in a single month.</s>
    <s id="13">Confinement in a small box could not exceed two hours, but if the prisoner could stand in the box, it could continue up to eight hours at a time, 18 hours a day.</s>
    <s id="14">If an insect was introduced into the box, rules governed that, too.</s>
  </p>
  <p id="7">
    <s id="15">How the torturers were trained is also disclosed.</s>
    <s id="16">Most methods were reverse-engineered from the training given to US soldiers preparing to face “long and extreme” situations (which somehow enabled executives to conclude that these ordeals are perfectly bearable).</s>
    <s id="17">In other words, the torturers had been tortured themselves.</s>
    <s id="18">An intense crash course lasting four weeks followed, enough to instruct them in their new jobs.</s>
  </p>
  <p id="8">
    <s id="19">The Bush lawyers were the torturers’ necessary partners, whose work was intended to ensure legal impunity.</s>
    <s id="20">This was also a novelty: torture does not appear as a breach of a common standard, unfortunate but justifiable.</s>
    <s id="21">Instead, it has a legal standard.</s>
  </p>
  <p id="9">
    <s id="22">Here, lawyers fell back on another series of techniques.</s>
    <s id="23">In order to circumvent the law, interrogation had to be conducted outside the US, even if that place was an overseas American military base.</s>
  </p>
  <p id="10">
    <s id="24">The legal definition of torture implies the intentional infliction of severe suffering.</s>
    <s id="25">Torturers are thus advised to deny such an intention.</s>
    <s id="26">As a result, the goal of a facial slap is not to inflict physical pain, but to induce surprise and humiliation.</s>
    <s id="27">The purpose of confinement in a box is not to disorient someone, but to give the detainee a feeling of discomfort.</s>
    <s id="28">The torturer must always emphasize his “good faith,” “honest beliefs,” and the reasonable premise for them.</s>
  </p>
  <p id="11">
    <s id="29">So euphemisms were systematically used: “enhanced techniques” for torture, “interrogation expert” for torturer.</s>
    <s id="30">Leaving material imprints is contra-indicated.</s>
    <s id="31">To that end, mental damage is preferable to physical injury.</s>
    <s id="32">Any video recordings of these sessions, not surprisingly, would be destroyed afterwards.</s>
  </p>
  <p id="12">
    <s id="33">Various professional groups were involved with torture practices.</s>
    <s id="34">Thus, the contagion went well beyond the torturers’ limited circle.</s>
    <s id="35">Besides the lawyers legitimating the deeds, psychologists, psychiatrists, doctors (whose presence was mandatory at any session), and scholars also regularly provided moral, legal, or philosophical justifications.</s>
    <s id="36">And, while males inflicted torture, degradation in the presence of women enhanced the humiliation.</s>
  </p>
  <p id="13">
    <s id="37">Who is to be held legally liable for this perversion of the law and basic moral principles?</s>
  </p>
  <p id="14">
    <s id="38">The volunteer who carries out the task of torture is less liable than the high-ranking civil servant who justified and nurtured it.</s>
    <s id="39">And the latter is less liable than the political decision-maker who asked for it.</s>
  </p>
  <p id="15">
    <s id="40">Friendly foreign governments, especially in Europe, can also be held responsible: although they knew about the torture, and took advantage of the information thus obtained, at no point have they expressed the slightest protest, or even signal their disapproval.</s>
    <s id="41">Their silence was tantamount to consent.</s>
  </p>
  <p id="16">
    <s id="42">Should we therefore prosecute them?</s>
  </p>
  <p id="17">
    <s id="43">The best democratic punishment for politicians is not to re-elect them.</s>
    <s id="44">As for unelected collaborators and enablers, we can hope that they will be sanctioned by their peers: who would like to study with a professor who advocated torture?</s>
    <s id="45">Who wants justice done by a judge who authorized brutality?</s>
    <s id="46">Who wants to be treated by a doctor who oversaw it?</s>
  </p>
  <p id="18">
    <s id="47">If we are to understand why some Americans accepted administering torture so easily, we need not look for some ancestral hatred or fear of Muslims and Arabs.</s>
    <s id="48">No, the cause is far worse.</s>
    <s id="49">The memos that the Obama administration has disclosed teach us that anyone who complies with seemingly noble principles dictated by a “sense of duty” or by the necessary “defense of the homeland,” or who is urged by a basic fear for his own life and welfare, or the lives and welfare of his kin, can become a torturer.</s>
  </p>
</document>
