<?xml version="1.0" encoding="utf-8"?>
<document>
  <HEADLINE>
    <s id="1">Cambodia Is Criminalizing Democracy</s>
  </HEADLINE>
  <p id="1">
    <s id="2">PARIS – The sham trial of Kem Sokha, the leader of the Cambodia National Rescue Party (CNRP), is underway in Phnom Penh.</s>
    <s id="3">How the international community responds will send a powerful signal to Hun Sen, the world’s longest-serving prime minister, about his ability to continue to trample on Cambodia’s democracy and its people’s human rights.</s>
  </p>
  <p id="2">
    <s id="4">Project Syndicate commentators have once again shared some of their favorite books from the past year.</s>
    <s id="5">From economics, history, and long-form reporting to poetry and timely re-issues of old classics, all readers should find something of interest.</s>
  </p>
  <p id="3">
    <s id="6">After Kem Sokha and I founded the CNRP, Cambodia’s first united democratic opposition party, in 2012, we quickly gained strong public support.</s>
    <s id="7">In both the 2013 general election and the 2017 communal elections, the CNRP won nearly half the vote, despite systematic structural bias in favor of the ruling Cambodian People’s Party (CPP).</s>
  </p>
  <p id="4">
    <s id="8">Terrified by the obvious threat the CNRP posed to his rule, Hun Sen sought a pretext to crush us.</s>
    <s id="9">So, in 2017, when I was still the CNRP’s leader, he proposed an amendment that would bar “convicted criminals” from leading a political party – a clear bid to use the string of politically motivated convictions on my record to discredit the CNRP.</s>
    <s id="10">To prevent him from succeeding, I resigned as CNRP leader in February 2017, leaving Kem Sokha, with his clean record, in charge.</s>
  </p>
  <p id="5">
    <s id="11">That didn’t stop Hun Sen. Seven months after my resignation, his government simply fabricated treason charges against Kem Sokha.</s>
    <s id="12">Within two months, the CNRP was dissolved by a judiciary loyal to Hun Sen.</s>
    <s id="13">(In both 2018 and 2019, Cambodia ranked second to last in the World Justice Project’s Rule of Law Index.)</s>
    <s id="14">The fact that a two-year investigation into Kem Sokha hasn’t produced a shred of evidence against him is, apparently, irrelevant.</s>
  </p>
  <p id="6">
    <s id="15">But Hun Sen knows that a party is more than its official status; it is its people.</s>
    <s id="16">So instead of, say, addressing the abject poverty in which a huge share of Cambodians live, he has channeled his energy and the government’s resources toward keeping Kem Sokha and me apart and pressuring CNRP supporters to defect.</s>
  </p>
  <p id="7">
    <s id="17">Today, Kem Sokha is forbidden from leaving the country, and I am barred from entering it.</s>
    <s id="18">When I last tried to do so in November, Hun Sen issued a directive prohibiting commercial airlines that serve Cambodia from allowing me to board, and threatening “serious consequences” for anyone that defied the ban.</s>
    <s id="19">Moreover, he convinced Thailand to prevent me from flying into Bangkok, in order to stop me from crossing into Cambodia by land.</s>
  </p>
  <p id="8">
    <s id="20">Enjoy unlimited access to the ideas and opinions of the world's leading thinkers, including weekly long reads, book reviews, and interviews;</s>
    <s id="21">The Year Ahead annual print magazine; the complete PS archive; and more – All for less than $9 a month.</s>
  </p>
  <p id="9">
    <s id="22">Hun Sen’s desperation to keep me out of Cambodia betrays the weakness of his position.</s>
    <s id="23">I have challenged him many times to try me instead of Kem Sokha, but he fears the national and international response to my arrest and trial as much as he fears the support I would receive if he allowed me to move freely in Cambodia.</s>
    <s id="24">More than 90% of the 5,007 CNRP local councilors elected in 2017 relinquished their positions, rather than defect to the CPP.</s>
    <s id="25">Likewise, over 90% of the 118 leading CNRP figures whom Hun Sen’s regime banned from politics have refused to trade their political allegiance for the reinstatement of their political rights.</s>
  </p>
  <p id="10">
    <s id="26">Ordinary CNRP supporters – who comprise nearly half of Cambodia’s population – also remain loyal, despite the threat of violent harassment, arrest, or forced exile.</s>
    <s id="27">In the 2018 national election, they refused to endorse any of the CPP-approved “opposition” parties.</s>
    <s id="28">They were not about to let the CPP pretend that the national assembly – filled exclusively with CPP members – was in any way fair or representative.</s>
  </p>
  <p id="11">
    <s id="29">Like that bogus election, Kem Sokha’s sham trial will go ahead.</s>
    <s id="30">He will most likely be found guilty, and then be granted a royal pardon by King Norodom Sihamoni, at Hun Sen’s request.</s>
    <s id="31">The pardon is critical to avoid any appeal or, worse, acquittal – an outcome that would expose the government’s deceit and force it to reinstate the CNRP.</s>
    <s id="32">Releasing a pardoned Kem Sokha, by contrast, would support the narrative that Hun Sen’s government was right about him and the CNRP.</s>
  </p>
  <p id="12">
    <s id="33">There can be no democracy without a credible opposition, and in today’s Cambodia, there can be no credible opposition without the CNRP.</s>
    <s id="34">Releasing Kem Sokha with a record marred by politically motivated lies that provide a pretext for maintaining the ban on the CNRP would not only fail to advance democracy; it would accelerate Cambodia’s descent into authoritarianism.</s>
  </p>
  <p id="13">
    <s id="35">The world’s democracies must not fall for Hun Sen’s charade.</s>
    <s id="36">The European Union is considering withdrawal of tariff-free access for Cambodian exports.</s>
    <s id="37">Others, too, must make it clear that Cambodia will face consequences unless the authorities promptly drop all charges against Kem Sokha, reinstitute the CNRP under his leadership, and hold free and fair elections.</s>
    <s id="38">Democracy demands nothing less.</s>
  </p>
</document>
