<?xml version="1.0" encoding="utf-8"?>
<document>
  <HEADLINE>
    <s id="1">Can We Regulate Systemic Risk?</s>
  </HEADLINE>
  <p id="1">
    <s id="2">MILAN – In the past two years, two dangerous episodes of financial instability and sudden changes in market dynamics have hit the world economy.</s>
    <s id="3">More are likely, because the global economy is out of balance in several respects as it emerges from the crisis, particularly in terms of sovereign debt and the structure of global demand.</s>
  </p>
  <p id="2">
    <s id="4">Systemic risks drive most crises, and pose a challenge for several reasons.</s>
    <s id="5">First, they are not easy to detect with confidence, and are even more difficult to prove.</s>
    <s id="6">Second, predicting the exact timing of a break point (when bubbles burst, markets lock up, and credit freezes) is, and will likely remain, beyond our ability.</s>
    <s id="7">Finally, crises are highly non-linear events, which means that they occur without much warning.</s>
  </p>
  <p id="3">
    <s id="8">Periodic outbreaks of instability impose high social costs on those who had the least to do with causing them.</s>
    <s id="9">If repeated, this pattern may erode confidence in financial markets and regulators, which could well lead to heavy-handed regulation, the expansion of the state, and retrenchment from globalization.</s>
  </p>
  <p id="4">
    <s id="10">But the problem is even more serious.</s>
    <s id="11">The financial and economic crisis is morphing into a sovereign debt crisis in advanced countries.</s>
    <s id="12">Financial and economic imbalance can lead to dangerous fiscal imbalance, as tax revenues plunge and social insurance and bailout expenditures rise.</s>
    <s id="13">The International Monetary Fund suggests that as much as 75% of the “fiscal stimulus” in the advanced countries comprises non-discretionary counter-cyclical measures.</s>
  </p>
  <p id="5">
    <s id="14">Undetected imbalances and systemic risk make fiscal policies seem prudent when they are not.</s>
    <s id="15">Spain, for example, was not running a fiscal deficit coming into the crisis.</s>
    <s id="16">But its revenues and expenditures were in part determined by a highly leveraged real-estate bubble.</s>
  </p>
  <p id="6">
    <s id="17">Extreme fiscal imbalance can also lead to a growth trap in which fiscal consolidation has such a large negative effect on growth as to be self-defeating.</s>
    <s id="18">Greece is probably a case in point.</s>
    <s id="19">Eventually, the only way out is to reset the value of liabilities via restructuring or inflation.</s>
  </p>
  <p id="7">
    <s id="20">If systemic risk can cause this kind of cascading sequential imbalance, then the “sovereign” needs to be alert, competent at identifying rising systemic risk, and able to take corrective action early.</s>
  </p>
  <p id="8">
    <s id="21">We are about to get a comprehensive package of re-regulation focused on capital requirements and leverage, transparency, ratings and other sources of information, incentives, conflicts of interest and limits on the scope of financial firms, consumer protection, and resolution mechanisms.</s>
    <s id="22">The hope is that such reforms will reduce the likelihood and severity of systemic risk.</s>
  </p>
  <p id="9">
    <s id="23">But that doesn’t deal with global imbalances and other contributors to and signs of instability.</s>
    <s id="24">In addition and as a complement to re-regulation, we need a comprehensive systemic risk monitor.</s>
  </p>
  <p id="10">
    <s id="25">Some prominent policymakers and analysts, however, argue that oversight aimed at identifying and stemming systemic risk is futile.</s>
    <s id="26">With incomplete models of risk dynamics and a complex and constantly changing global financial system, detection is, they argue, either impossible or so prone to error that the effort would be counter-productive.</s>
    <s id="27">Asset bubbles are hard to identify with certainty.</s>
  </p>
  <p id="11">
    <s id="28">If skeptics are right, then we should accept that we will periodically be out of financial and fiscal balance without knowing it in advance.</s>
    <s id="29">Thus, we should also accept the need for much more conservative fiscal positioning than was thought necessary even three years ago.</s>
  </p>
  <p id="12">
    <s id="30">In statistics and the theory of decision-making under uncertainty, errors are inevitable.</s>
    <s id="31">There are two kinds.</s>
    <s id="32">One error is to reject a true proposition; the other is to accept a false one.</s>
    <s id="33">Let’s call them RWT (reject when true) and AWF (accept when false).</s>
  </p>
  <p id="13">
    <s id="34">The issue can then be framed as follows: in the context of detecting and responding to systemic risk, which of the two types of errors has the higher expected costs?</s>
  </p>
  <p id="14">
    <s id="35">Opponents of prudential oversight of systemic risk take two different positions.</s>
  </p>
  <p id="15">
    <s id="36">One is that the AWF error won’t occur, because there are no reliable ex ante signs of rising potential instability.</s>
    <s id="37">Looking for them is a waste of resources.</s>
    <s id="38">Instability just strikes like lightning.</s>
    <s id="39">This seems wrong.</s>
    <s id="40">In the 2008 crisis, for example, some analysts issued warning signs, and some investors noted and responded to them.</s>
    <s id="41">Admittedly, these warnings did not add up to an ironclad case, and they certainly didn’t predict the timing of the break.</s>
    <s id="42">But the signs were there.</s>
  </p>
  <p id="16">
    <s id="43">A second position accepts that there are warning signs, but that they are so unreliable that responding to them would do more harm than good.</s>
    <s id="44">This implies that AWF has a higher expected cost than RWT, because there are a lot of false positives and/or the cure is worse than the disease.</s>
    <s id="45">One can accept that there are costs to AWF.</s>
    <s id="46">But RWT is costly, too, as we have seen, so the aggregate negative effect of the policy response to false positives (AWF) would have to be large to be convincing.</s>
    <s id="47">I am not convinced.</s>
  </p>
  <p id="17">
    <s id="48">There may be a deeper bias at work.</s>
    <s id="49">In business and investing, choices under conditions of uncertainty are made all the time, and mistakes are routine.</s>
    <s id="50">By contrast, developed country policymakers’ default stance seems to be that proactive or preemptive measures require a high degree of certainty, owing to a deep-seated belief that financial markets are stable and self-regulating.</s>
  </p>
  <p id="18">
    <s id="51">If one believes that market instability is rare, then it is reasonable to refuse to act unless there is a compelling case to do so.</s>
    <s id="52">In light of experience, the view that the financial system is only exceptionally unstable or on an unsustainable path seems at least questionable.</s>
  </p>
  <p id="19">
    <s id="53">Based on new theory and experience, we may eventually conclude that policy responses to systemic risk are impossible to devise, and that the costs of the AWF errors are higher than the RWT errors.</s>
    <s id="54">But we should at least conduct the experiment, assigning responsibility to a new or existing institution that has access to information, deep analytical talent in both financial and macroeconomic analysis, and is relatively free of conflicts of interest.</s>
    <s id="55">The analysis should be made public and could influence perceptions of systemic risk and market behavior, thereby increasing self-regulatory capacity of the system.</s>
  </p>
</document>
