<?xml version="1.0" encoding="utf-8"?>
<document>
  <HEADLINE>
    <s id="1">Can Green Trade Tariffs Combat Climate Change?</s>
  </HEADLINE>
  <p id="1">
    <s id="2">BERKELEY – In recent months, China has taken center stage in the international debate over global warming.</s>
    <s id="3">It has surpassed the United States as the world’s largest source of greenhouse gases, and it became developing nations’ diplomatic champion at the recent United Nations climate negotiations in Bali.</s>
    <s id="4">Now China may become the target of a full-fledged trade war that could destroy – or perhaps rescue – the chances of bringing rich and poor nations together to fight global warming.</s>
  </p>
  <p id="2">
    <s id="5">The focus on China intensified late last year, when new data from the International Energy Agency and other research organizations revealed that China had overtaken the US as the largest source of greenhouse gases – and, more ominously, that its emissions are growing at a rate that exceeds all wealthy nations’ capacity to decrease theirs.</s>
    <s id="6">Even if China met its own targets for energy conservation, its emissions would increase by about 2.3 billion metric tons over the next five years – far larger than the 1.7 billion tons in cutbacks imposed by the Kyoto Protocol on the 37 developed “Annex 1” countries, including the US.</s>
  </p>
  <p id="3">
    <s id="7">After the inconclusive end of the UN led Bali talks on the global environment, worry has grown among US and European industries – especially iron, steel, cement, glass, chemicals, and pulp and paper – that any new climate treaty would put them at a big disadvantage against their fast-growing competitors in China.</s>
    <s id="8">In response, the US Congress is moving to create a system of trade sanctions that would levy heavy taxes on imports from other major greenhouse gas emitters.</s>
    <s id="9">Ironically, the American plan is taking shape even before the US takes any action to reduce its own emissions, inviting charges of hypocrisy, violation of international law, and threatening a major trade war.</s>
  </p>
  <p id="4">
    <s id="10">The tariff proposal – contained in the central piece of global warming legislation now before Congress – would impose emission controls on domestic industries starting in 2012.</s>
    <s id="11">It would also levy punitive tariffs on greenhouse-gas-intensive products imported from countries that lack “comparable action” to that of the US, starting in 2020.</s>
    <s id="12">Industrial lobbies and labor unions are pushing hard for these sanctions to take effect more quickly.</s>
  </p>
  <p id="5">
    <s id="13">European Commission President José Manuel Barroso, French President Nicolas Sarkozy and industrial chambers of commerce strongly advocate a similar tariff system, leading many analysts to predict that the EU will also adopt some sort of green tariff system in the next few years.</s>
  </p>
  <p id="6">
    <s id="14">Warning of an “all-out trade war” if the sanctions go forward, US Trade Representative Susan Schwab argues that green trade sanctions would violate World Trade Organization rules.</s>
    <s id="15">In a recent letter to the House Energy and Commerce Committee, she wrote, “We believe this approach could be a blunt and imprecise instrument of fear, rather than one of persuasion, that will take us down a dangerous path and adversely impact US manufacturers, farmers, and consumers.”</s>
  </p>
  <p id="7">
    <s id="16">Developing nations’ allies, meanwhile, are warning that the sanctions plan could destroy the chances of a post-Kyoto treaty.</s>
    <s id="17">Chinese diplomats have not responded directly, but they have noticeably hardened their stand on climate talks.</s>
    <s id="18">In February, China’s top climate negotiator, Yu Qingtai, said at the UN that rich nations, which “caused the problem of climate change in the first place,” must be treated as “culprits,” and developing countries as “victims.”</s>
  </p>
  <p id="8">
    <s id="19">Despite China’s official hard line, some Chinese environmental officials privately express alarm at run-away carbon emissions, and suggest that foreign green tariffs would actually strengthen their hand in domestic policy struggles over controlling greenhouse gases by helping to win political support for emissions cuts.</s>
    <s id="20">Pan Yue, vice-director of the State Environmental Protection Administration, recently argued in a China Daily article in favor of stronger emissions regulations and a more “green-oriented China,” warning that “China’s image among the international community” was in jeopardy.</s>
  </p>
  <p id="9">
    <s id="21">The growing dispute over trade sanctions brings to the fore not only the fundamental ethical question of whether wealthy nations should bear the burden of emissions reduction alone, but also the strategic question of whether sticks as well as carrots should be used to induce green behavior in developing countries.</s>
  </p>
  <p id="10">
    <s id="22">Although China may not like it, the international trading system may provide more leverage than any other post-Kyoto mechanism over developing countries’ environmental policies.</s>
    <s id="23">Despite the threat of trade wars, trade sanctions could emerge as the most effective means of forcing international action on global warming.</s>
  </p>
</document>
