<?xml version="1.0" encoding="utf-8"?>
<document>
  <HEADLINE>
    <s id="1">A Living Wage for Capitalism</s>
  </HEADLINE>
  <p id="1">
    <s id="2">LONDON – At 3.6%, unemployment in the United States remains near its lowest level since the late 1960s.</s>
    <s id="3">There are even signs that people who had previously dropped out of the labor force are being attracted back into it as employers scour a tight labor market for the marginal employee.</s>
    <s id="4">Consistent with this news, US Federal Reserve Chair Jay Powell has pointed out that wage gains are finally accruing to lower-paid workers.</s>
  </p>
  <p id="2">
    <s id="5">Following its targeted killing of Iran's second most powerful leader, the US could well find itself with no alternative but to devote more military resources to the Middle East, a path that could lead to additional Iranian provocations.</s>
    <s id="6">And that shift would occur at a time of growing challenges to US interests elsewhere in the world.</s>
  </p>
  <p id="3">
    <s id="7">The targeted killing by the United States of one of Iran's top military leaders represents a significant symbolic defeat for the Iranian regime, but it does not augur all-out war.</s>
    <s id="8">After all, Iran and the US have already been at war for decades, and neither side has an interest in an uncontrolled military escalation now.</s>
  </p>
  <p id="4">
    <s id="9">As in previous years, Project Syndicate asked its commentators to offer their best guesses about the events and trends that will define the coming 12 months.</s>
    <s id="10">If there is one common theme in this year's selection, it is that what happens in 2020 will weigh on the present for many years to come.</s>
  </p>
  <p id="5">
    <s id="11">In another nod to lower-paid workers, in July, the US House of Representatives passed a bill to boost the federal minimum wage from $7.25 per hour to $15 per hour (an increase that would be phased in over seven years).</s>
    <s id="12">But the legislation has no chance of passing the Republican-controlled Senate.</s>
    <s id="13">Moreover, the Congressional Budget Office estimates that a $15 minimum wage would lead to job losses for 1.3 million lower-paid workers.</s>
  </p>
  <p id="6">
    <s id="14">One heard similar objections in the United Kingdom back in the spring of 2016, when then-Prime Minister David Cameron’s government introduced its National Living Wage policy.</s>
    <s id="15">Yet, over the past three years, there have been no signs of a reversal of employment gains.</s>
    <s id="16">And in recent months, wage growth has started to pick up after a decade of stagnation, with the Resolution Foundation now predicting that real (inflation-adjusted) average weekly earnings in the UK could exceed their August 2007 peak of £513 ($660).</s>
  </p>
  <p id="7">
    <s id="17">While the topic has yet to feature explicitly in the UK election debate, both Labour and the Conservatives are pursuing programs to boost minimum wages further (they also seem to share the goal of increasing infrastructure spending).</s>
    <s id="18">In late September, Chancellor of the Exchequer Sajid Javid announced that the minimum wage of £8.21 per hour for workers over 25 would be expanded to include all workers over 21.</s>
    <s id="19">He also promised that by 2024, the minimum wage will have risen to two-thirds of median earnings.</s>
    <s id="20">Not to be outdone, Labour has vowed to hike the minimum wage to £10 per hour if elected.</s>
  </p>
  <p id="8">
    <s id="21">Predictably, these statements from both parties raised eyebrows in business circles, and led to warnings of future job losses.</s>
    <s id="22">And yet I find myself thinking that a higher minimum wage might deliver benefits beyond what is captured in the traditional economic calculus.</s>
    <s id="23">Given capitalism’s growing crisis of credibility, business leaders would do well to consider embracing such policies more enthusiastically.</s>
  </p>
  <p id="9">
    <s id="24">As I have pointed out before, despite strong headline employment figures in the US, the UK, and other Western economies over the past decade, business investment spending has remained stubbornly weak, as have productivity and wage growth.</s>
    <s id="25">These trends have coincided with a period of strong corporate profits and macroeconomic conditions that, in theory, should be favorable for investment.</s>
  </p>
  <p id="10">
    <s id="26">Indeed, low interest rates, strong profits, and reduced corporate taxation would seem to be a perfect recipe for significantly higher investment spending.</s>
    <s id="27">But instead, we have witnessed an acute increase in actual and perceived inequality, and a popular backlash against both capitalism and democracy across Western countries.</s>
    <s id="28">Companies have not responded to the textbook stimuli for investment, either because they don’t see the long-term economic rationale for it, or because they are in less capital-intensive industries and simply do not think that they need any more buildings and equipment.</s>
    <s id="29">The problem, of course, is that without investment, productivity is not likely to increase.</s>
    <s id="30">And without productivity growth, there is little reason to expect sustainable wage growth.</s>
  </p>
  <p id="11">
    <s id="31">Whatever the reasons for lagging investment, it is clear that public policy has a role to play here.</s>
    <s id="32">If what we are witnessing is a market failure, it is both reasonable and appropriate for the state to step in and provide the needed investment spending – as both the Tories and Labour are suggesting they will do if they win the UK election.</s>
  </p>
  <p id="12">
    <s id="33">But policymakers can also change the risk-reward calculus for business, and one way to do that is by significantly increasing the minimum wage.</s>
    <s id="34">Higher nominal wages for low-paid workers can boost real earnings, increase consumer spending, and help make housing more affordable.</s>
    <s id="35">And insofar as raising the minimum would increase companies’ wage bill, it would create a stronger incentive to replace labor with capital.</s>
    <s id="36">That could result in reduced output and higher prices, but it could also lay the foundation for renewed productivity growth.</s>
  </p>
  <p id="13">
    <s id="37">In any case, to those who would counter that companies cannot afford to accommodate such a policy-driven change, I would point out that since 2015, aggregate demand has remained strong enough for them to absorb wage increases easily enough.</s>
    <s id="38">Should such a policy make companies realize that they have a social purpose that is greater than merely boosting next quarter’s earnings, so much the better.</s>
  </p>
</document>
