<?xml version="1.0" encoding="utf-8"?>
<document>
  <HEADLINE>
    <s id="1">The Caucasian Talk Circle</s>
  </HEADLINE>
  <p id="1">
    <s id="2">YEREVAN – The Caucasus is among the world’s most divided and incoherent regions.</s>
    <s id="3">Its three republics – Armenia, Azerbaijan, and Georgia – failed to learn from similarly linked groups of countries, such as the Benelux countries and the Baltic states, which, despite their historical grievances and political differences, united to achieve their common goals of stability, prosperity, and democracy.</s>
    <s id="4">Is it too late for the Caucasus to change course?</s>
  </p>
  <p id="2">
    <s id="5">To be sure, when the Russian Empire disintegrated after World War I, Armenia, Azerbaijan, and Georgia formed a confederation to face the threats posed by Turkish encroachment from the west, and Soviet incursions from the north.</s>
    <s id="6">But, after a few months, each went its own way as an independent state.</s>
    <s id="7">Two years later, all were absorbed into the Soviet Union.</s>
  </p>
  <p id="3">
    <s id="8">In 1991, when all three became independent again, similar proposals of confederation and union were floated.</s>
    <s id="9">Nothing of the sort was realized.</s>
    <s id="10">What divides these countries today is not religion, ethnicity, culture, history, or traditions; it is the differing visions, prospects, ambitions, convictions, and aspirations that they espouse and pursue.</s>
  </p>
  <p id="4">
    <s id="11">To the extent that political and economic institutions determine the nature of a region’s international role, the Caucasus is more comparable to the counties bordering North Africa than the Baltics or Old Europe.</s>
    <s id="12">Its political systems are unstable; its economies are more oligarchical than liberal; territorial disputes are resolved by force; and its foreign-policy vectors point in different directions.</s>
  </p>
  <p id="5">
    <s id="13">Of the three, Georgia is the most democratic.</s>
    <s id="14">The fact that its people have twice forced a change of government – first through the 2003 Rose Revolution, which imposed the popular will on an unelected government, and then again last year through the ballot box – has given them a sense of empowerment.</s>
  </p>
  <p id="6">
    <s id="15">For their part, Armenians came close to forcing a change of government through street protests on three occasions – but failed each time.</s>
    <s id="16">No election since independence has brought a change of government.</s>
  </p>
  <p id="7">
    <s id="17">And, in Azerbaijan, no serious attempt to change the government has been made.</s>
    <s id="18">Indeed, power has simply been transferred dynastically, from Heydar Aliyev to his son, Ilham Aliyev, who, after assuming office in 2003, amended the constitution to make himself President for Life.</s>
  </p>
  <p id="8">
    <s id="19">These contrasting experiences have led to starkly different – and dangerously divisive – foreign-policy approaches.</s>
    <s id="20">In terms of security, Georgia aspires to NATO membership;</s>
    <s id="21">Armenia is a member of the Russian-led Collective Security Treaty Organization; and Azerbaijan maintains strong security arrangements with Turkey and Israel, while purchasing modern military hardware from Russia.</s>
  </p>
  <p id="9">
    <s id="22">Likewise, Georgia recently signed an Association Agreement with the European Union, while committing to economic and institutional reforms that will strengthen the country’s ability to take on the body of EU law.</s>
    <s id="23">Armenia has indicated its readiness to join the Russian-led Eurasian Union, along with Belarus and Kazakhstan, and has already formed a customs union with these countries.</s>
    <s id="24">Azerbaijan has stayed away from both.</s>
  </p>
  <p id="10">
    <s id="25">Regardless of the nature of its formal relations with each of the three republics, Russia casts a long shadow over the Caucasus.</s>
    <s id="26">Whatever these countries decide, they must remain cognizant of the “Russia factor,” the perceived significance of which inevitably influences their foreign-policy orientation and priorities.</s>
  </p>
  <p id="11">
    <s id="27">Georgia views Russia as its main adversary, despite its own contribution to the two countries’ mutual animosity.</s>
    <s id="28">But its leaders should recognize that eventual integration into European security and economic structures cannot fully compensate for the absence of any relations with Russia.</s>
    <s id="29">If Georgia is to prosper in a sustainable way, it must build normal bilateral ties.</s>
  </p>
  <p id="12">
    <s id="30">Until then, Armenia’s options will remain limited.</s>
    <s id="31">For Armenia, Russia is a strategic partner by choice, while Georgia is a geopolitical partner by default.</s>
    <s id="32">Russia is a hugely important country for Armenia;</s>
    <s id="33">Georgia is slightly more important.</s>
    <s id="34">When bad weather shuts down the Lars passage between Georgia and Russia – which is also Armenia’s land link to Russia –Armenia suffers.</s>
    <s id="35">If the Georgia-Armenia border closes down, Armenia chokes.</s>
  </p>
  <p id="13">
    <s id="36">That is why Armenia’s key geopolitical challenge is not so much normalizing relations with its neighbors as preventing those neighbors from ganging up against it.</s>
    <s id="37">Here, Georgia’s rejection of the highly lucrative economic, energy, and financial incentives offered by Turkey and Azerbaijan to isolate Armenia is crucially important.</s>
  </p>
  <p id="14">
    <s id="38">Azerbaijan views Russia as a partner with which it can bargain, particularly in the strategic energy games being played by Russia and Europe.</s>
    <s id="39">What the Aliyev government has not recognized is that, by signing off on several gas pipelines to Europe, Azerbaijan has largely relinquished its bargaining chips.</s>
    <s id="40">Stability and prosperity in Azerbaijan will require Aliyev to stop depending exclusively on energy exports – and to help bring an end to the longstanding Nagorno-Karabakh conflict between Azeris and Armenians.</s>
  </p>
  <p id="15">
    <s id="41">In the Caucasus, nostalgia for the security, predictability, and economic benefits of the Cold War era is not a guide to wise policy.</s>
    <s id="42">But blind belief in Western alternatives, which sometimes seem like a panacea for the region’s security and economic challenges offers no solution, either.</s>
    <s id="43">If all three countries considered realistically what is possible under the current circumstances, they would recognize that a cooperative, unified approach would be best for everyone.</s>
    <s id="44">Unfortunately, political leaders – particularly in autocratic systems – often do not identify their countries’ best interests with their own.</s>
  </p>
</document>
