<?xml version="1.0" encoding="utf-8"?>
<document>
  <HEADLINE>
    <s id="1">Why Central Bank Digital Currencies Will Destroy Cryptocurrencies</s>
  </HEADLINE>
  <p id="1">
    <s id="2">NEW YORK – The world’s central bankers have begun to discuss the idea of central bank digital currencies (CBDCs), and now even the International Monetary Fund and its managing director, Christine Lagarde, are talking openly about the pros and cons of the idea.</s>
  </p>
  <p id="2">
    <s id="3">This conversation is past due.</s>
    <s id="4">Cash is being used less and less, and has nearly disappeared in countries such as Sweden and China.</s>
    <s id="5">At the same time, digital payment systems – PayPal, Venmo, and others in the West;</s>
    <s id="6">Alipay and WeChat in China;</s>
    <s id="7">M-Pesa in Kenya;</s>
    <s id="8">Paytm in India – offer attractive alternatives to services once provided by traditional commercial banks.</s>
  </p>
  <p id="3">
    <s id="9">Most of these fintech innovations are still connected to traditional banks, and none of them rely on cryptocurrencies or blockchain.</s>
    <s id="10">Likewise, if CBDCs are ever issued, they will have nothing to do with these over-hyped blockchain technologies.</s>
  </p>
  <p id="4">
    <s id="11">Nonetheless, starry-eyed crypto-fanatics have seized on policymakers’ consideration of CBDCs as proof that even central banks need blockchain or crypto to enter the digital-currency game.</s>
    <s id="12">This is nonsense.</s>
    <s id="13">If anything, CBDCs would likely replace all private digital payment systems, regardless of whether they are connected to traditional bank accounts or cryptocurrencies.</s>
  </p>
  <p id="5">
    <s id="14">As matters currently stand, only commercial banks have access to central banks’ balance sheets; and central banks’ reserves are already held as digital currencies.</s>
    <s id="15">That is why central banks are so efficient and cost-effective at mediating interbank payments and lending transactions.</s>
    <s id="16">Because individuals, corporations, and non-bank financial institutions do not enjoy the same access, they must rely on licensed commercial banks to process their transactions.</s>
    <s id="17">Bank deposits, then, are a form of private money that is used for transactions among non-bank private agents.</s>
    <s id="18">As a result, not even fully digital systems such as Alipay or Venmo can operate apart from the banking system.</s>
  </p>
  <p id="6">
    <s id="19">By allowing any individual to make transactions through the central bank, CBDCs would upend this arrangement, alleviating the need for cash, traditional bank accounts, and even digital payment services.</s>
    <s id="20">Better yet, CBDCs would not have to rely on public “permission-less,” “trustless” distributed ledgers like those underpinning cryptocurrencies.</s>
    <s id="21">After all, central banks already have a centralized permissioned private non-distributed ledger that allows for payments and transactions to be facilitated safely and seamlessly.</s>
    <s id="22">No central banker in his or her right mind would ever swap out that sound system for one based on blockchain.</s>
  </p>
  <p id="7">
    <s id="23">If a CBDC were to be issued, it would immediately displace cryptocurrencies, which are not scalable, cheap, secure, or actually decentralized.</s>
    <s id="24">Enthusiasts will argue that cryptocurrencies would remain attractive to those who wish to remain anonymous.</s>
    <s id="25">But, like private bank deposits today, CBDC transactions could also be made anonymous, with access to account-holder information available, when necessary, only to law-enforcement authorities or regulators, as already happens with private banks.</s>
    <s id="26">Besides, cryptocurrencies like Bitcoin are not actually anonymous, given that individuals and organizations using crypto-wallets still leave a digital footprint.</s>
    <s id="27">And authorities that legitimately want to track criminals and terrorists will soon crack down on attempts to create crypto-currencies with complete privacy.</s>
  </p>
  <p id="8">
    <s id="28">Insofar as CBDCs would crowd out worthless cryptocurrencies, they should be welcomed.</s>
    <s id="29">Moreover, by transferring payments from private to central banks, a CBDC-based system would be a boon for financial inclusion.</s>
    <s id="30">Millions of unbanked people would have access to a near-free, efficient payment system through their cell phones.</s>
  </p>
  <p id="9">
    <s id="31">The main problem with CBDCs is that they would disrupt the current fractional-reserve system through which commercial banks create money by lending out more than they hold in liquid deposits.</s>
    <s id="32">Banks need deposits in order to make loans and investment decisions.</s>
    <s id="33">If all private bank deposits were to be moved into CBDCs, then traditional banks would need to become “loanable funds intermediaries,” borrowing long-term funds to finance long-term loans such as mortgages.</s>
  </p>
  <p id="10">
    <s id="34">In other words, the fractional-reserve banking system would be replaced by a narrow-banking system administered mostly by the central bank.</s>
    <s id="35">That would amount to a financial revolution – and one that would yield many benefits.</s>
    <s id="36">Central banks would be in a much better position to control credit bubbles, stop bank runs, prevent maturity mismatches, and regulate risky credit/lending decisions by private banks.</s>
  </p>
  <p id="11">
    <s id="37">So far, no country has decided to go this route, perhaps because it would entail a radical disintermediation of the private banking sector.</s>
    <s id="38">One alternative would be for central banks to lend back to private banks the deposits that moved into CBDCs.</s>
    <s id="39">But if the government was effectively banks’ only depositor and provider of funds, the risk of state interference in their lending decisions would be obvious.</s>
  </p>
  <p id="12">
    <s id="40">Lagarde, for her part, has advocated a third solution: private-public partnerships between central banks and private banks.</s>
    <s id="41">“Individuals could hold regular deposits with financial firms, but transactions would ultimately get settled in digital currency between firms,” she explained recently at the Singapore Fintech Festival.</s>
    <s id="42">“Similar to what happens today, but in a split second.”</s>
    <s id="43">The advantage of this arrangement is that payments “would be immediate, safe, cheap, and potentially semi-anonymous.”</s>
    <s id="44">Moreover, “central banks would retain a sure footing in payments.”</s>
  </p>
  <p id="13">
    <s id="45">This is a clever compromise, but some purists will argue that it would not solve the problems of the current fractional-reserve banking system.</s>
    <s id="46">There would still be a risk of bank runs, maturity mismatches, and credit bubbles fueled by private-bank-created money.</s>
    <s id="47">And there would still be a need for deposit insurance and lender-of-last-resort support, which itself creates a moral hazard.</s>
    <s id="48">Such issues would need to be managed through regulation and bank supervision, and that wouldn’t necessarily be enough to prevent future banking crises.</s>
  </p>
  <p id="14">
    <s id="49">In due time, CBDC-based narrow banking and loanable-funds intermediaries could ensure a better and more stable financial system.</s>
    <s id="50">If the alternatives are a crisis-prone fractional-reserve system and a crypto-dystopia, then we should remain open to the idea.</s>
  </p>
</document>
