<?xml version="1.0" encoding="utf-8"?>
<document>
  <HEADLINE>
    <s id="1">Changing the Guard at the IMF</s>
  </HEADLINE>
  <p id="1">
    <s id="2">Stanley Fischer’s looming departure as the IMF’s first deputy managing director marks the end of an era.</s>
    <s id="3">Indeed, all those who led that institution during the global crises of 1997-1998 (Fischer, Managing Director Michel Camdessus, director of research Michael Mussa, as well as the two men who directed events behind the scenes from the US Treasury, Robert Rubin and Larry Summers) are all gone or going.</s>
  </p>
  <p id="2">
    <s id="4">Failures in Indonesia, Thailand, and Korea of 1997 were followed by failures in Russia and Brazil the next year: in those cases, attempts to maintain exchange rates at overvalued levels left taxpayers in those countries billions of dollars poorer.</s>
    <s id="5">Preserving exchange rates, however, provided vital time for people with money to get out at more favorable terms.</s>
    <s id="6">Only devaluation restored growth to these countries.</s>
  </p>
  <p id="3">
    <s id="7">With each failure, the IMF’s credibility decreased.</s>
    <s id="8">Still, it thrashed about for solutions, each little more successful than before.</s>
    <s id="9">Sometimes the solution entailed precautionary lending, as in Brazil; another time it was a “bail-in” strategy that was eventually abandoned, as in Romania.</s>
  </p>
  <p id="4">
    <s id="10">The last straws were this year’s crises in Turkey and Argentina.</s>
    <s id="11">Turkey’s panic came on the heels of Fischer saying that everything seemed on track.</s>
    <s id="12">Argentina, long an IMF poster child, was lauded for bringing down inflation and stabilizing its exchange rate.</s>
    <s id="13">In this fog of praise, the IMF ignored the fact that Argentina’s growth rate had stagnated and that double-digit unemployment persisted for half-a-decade.</s>
    <s id="14">Without growth, it would become increasingly difficult for Argentina to repay their huge loans.</s>
  </p>
  <p id="5">
    <s id="15">As a result of these failures, a global consensus has emerged that the global financial crisis was mismanaged and that reforms are needed in the global economic architecture.</s>
    <s id="16">What is lacking now is consensus about what should be done.</s>
  </p>
  <p id="6">
    <s id="17">The IMF seems to have learned much from its mistakes – at least rhetorically.</s>
    <s id="18">It now recognizes that the capital market liberalization which it pushed around the world incited huge instabilities and was a central factor in the global financial crisis.</s>
    <s id="19">It also recognizes that the way it restructured Indonesia’s banks led to a run on them , that it pursued excessively contractionary policies in East Asia, and that these policies deepened the downturns.</s>
  </p>
  <p id="7">
    <s id="20">But the IMF has yet to ask itself why these mistakes occurred?</s>
    <s id="21">It has yet to translate its new rhetoric into policy.</s>
    <s id="22">The next IMF team should reflect on the following questions and lessons:</s>
  </p>
  <p id="8">
    <s id="23">• Economics is not ideology but the practical employment of evidence and theory.</s>
    <s id="24">What evidence, for example, suggested that liberalizing capital markets in poor countries would deliver faster growth?</s>
    <s id="25">Before forcing changes on the international economic system, overwhelming evidence should support it.</s>
    <s id="26">What evidence suggested that high interest rates, in economies burdened by short term debt, would help stabilize exchange rates?</s>
    <s id="27">Before imposing policies with devastating consequences, strong evidence should show that the policies will work.</s>
    <s id="28">Saying that interest rates will eventually come down is not enough.</s>
    <s id="29">After all, you cannot “unbankrupt” a firm ruined by punishing interest rates.</s>
  </p>
  <p id="9">
    <s id="30">• Greater intellectual coherence is needed.</s>
    <s id="31">Why shout that government should not intervene in markets, claiming that markets are efficient, yet intervene in currency markets?</s>
  </p>
  <p id="10">
    <s id="32">• Economic reforms may entail pain, but the pain the poor must bear should not be minimized.</s>
    <s id="33">Why were billions of dollars available to bail-out banks, but a few million dollars for food and fuel subsidies for Indonesia’s poor could not be spared?</s>
    <s id="34">How was it that a few oligarchs could bleed Russia of billions of dollars through state-give aways of assets under privatization schemes encouraged by the IMF, but there was not enough money to pay miserly pensions to the aged?</s>
  </p>
  <p id="11">
    <s id="35">The IMF, like it or not, is a public institution – despite its corporate speak.</s>
    <s id="36">In the IMF world, member countries are referred to as shareholders.</s>
    <s id="37">But IMF policies affect lives and economies in ways no corporation could ever do.</s>
    <s id="38">As a public institution, it should be guided by democratic principles.</s>
    <s id="39">When the World Bank sought private discussions with IMF on the policy implications of East Asia’s crisis, it was largely spurned.</s>
    <s id="40">When I sought public discussion – even after the crisis had settled – it was resisted.</s>
    <s id="41">Even debate about reforming the global financial architecture was stilted: only finance ministers and central bankers, it seems, are allowed a seat at the IMF table.</s>
  </p>
  <p id="12">
    <s id="42">In behaving this way, the IMF rode roughshod over basic economic and ethical principles.</s>
    <s id="43">There are always trade-offs between policies.</s>
    <s id="44">Some are more advantageous to some groups; others represent greater risks.</s>
    <s id="45">Decisions about which policy to choose is a matter best left to a country’s political processes; they should not be usurped by international bureaucrats, no matter how competent.</s>
    <s id="46">For economists to misrepresent their policy decisions as mere technical matters violates basic ethical and professional precepts.</s>
  </p>
  <p id="13">
    <s id="47">The irony of the IMF’s position over the past eight years is that, while the Clinton Administration advanced Third Way principles at home through an active government role in promoting growth, in the international arena America’s Treasury (directly and through the IMF) advanced views that reflected, with only slight variations, traditional market fundamentalism and trickle down economics, ideas which America itself had rejected.</s>
  </p>
  <p id="14">
    <s id="48">Here, the new Bush administration shows greater intellectual coherence.</s>
    <s id="49">The Republicans criticized huge international bail-outs as “corporate welfare” before they took office, and in Turkey they basically stuck to their principles, though not enough to stop an IMF bail-out.</s>
    <s id="50">Whether the Bush team will continue to this line when American and not German banks are at risk is another matter.</s>
  </p>
  <p id="15">
    <s id="51">The Bush administration and the new team at the IMF (when it arrives) have an opportunity to move away from the failed strategies for development, transition, and crises of the past.</s>
    <s id="52">The challenge is to craft policies based on economic science, not ideology, in an open and democratic manner, paying particular attention to the consequences for the poor.</s>
    <s id="53">Unfortunately, from what we have seen of domestic US policy of late, we cannot be sanguine.</s>
  </p>
</document>
