<?xml version="1.0" encoding="utf-8"?>
<document>
  <HEADLINE>
    <s id="1">A ‘China First’ Strategy for North Korea</s>
  </HEADLINE>
  <p id="1">
    <s id="2">LONDON – Most pundits agree that the least bad way to deal with North Korea’s nuclear saber rattling is a continued combination of tight containment and aggressive diplomacy.</s>
    <s id="3">Fewer, however, have recognized that the least bad military option – the one implied by US President Donald Trump’s insistence that China take responsibility for its dangerous neighbor – is a Chinese invasion, or regime change forced through China’s threat to launch one.</s>
  </p>
  <p id="2">
    <s id="4">This outcome, which would sharply shift East Asia’s strategic balance in China’s favor, is not as unlikely as most people think.</s>
    <s id="5">In fact, its very plausibility is one reason why it needs to be taken seriously, including by Chinese military planners.</s>
    <s id="6">In Trumpian terms, this is a “China First” option that could help “Make China Great Again.”</s>
  </p>
  <p id="3">
    <s id="7">Any military intervention, Chinese or otherwise, would carry huge risks.</s>
    <s id="8">But before dwelling on them, consider what a successful Chinese intervention would achieve.</s>
    <s id="9">For starters, it would put North Korea right where the country’s post-Korean War history suggests it belongs: under a Chinese nuclear umbrella, benefiting from a credible security guarantee.</s>
  </p>
  <p id="4">
    <s id="10">Mao Zedong used to say that his country and North Korea were “as close as lips and teeth” – a fitting description, given Chinese troops’ role in averting an American victory in the Korean War.</s>
    <s id="11">But while Japan and South Korea have remained close allies of the United States during the six decades since then, hosting US bases and sheltering under US nuclear protection, China and North Korea have drifted ever further apart.</s>
  </p>
  <p id="5">
    <s id="12">As a result, China has little control over its neighbor and purported ally, and probably scant knowledge of what is going on there.</s>
    <s id="13">It could, it is true, tighten the existing siege on North Korea by cutting trade further and blocking energy supplies.</s>
    <s id="14">But this might achieve little beyond pushing Kim Jong-un’s cloistered regime to look for support from its other neighbor, Russia.</s>
  </p>
  <p id="6">
    <s id="15">If, as is commonly assumed, North Korea wants some sort of credible security guarantee in exchange for curtailing its nuclear program, the only country capable of providing it is China.</s>
    <s id="16">No American promise would remain credible beyond the term of the president who gave it, if even that long.</s>
  </p>
  <p id="7">
    <s id="17">So if China were to combine threats of invasion with a promise of security and nuclear protection, in exchange for cooperation and possible regime change, its chances of winning over large parts of the Korean People’s Army would be high.</s>
    <s id="18">Whereas a nuclear exchange with the US would mean devastation, submission to China would promise survival, and presumably a degree of continued autonomy.</s>
    <s id="19">For all except those closest to Kim, the choice would not be a difficult one.</s>
  </p>
  <p id="8">
    <s id="20">China’s strategic gains from a successful military intervention would include not only control of what happens on the Korean Peninsula, where it presumably would be able to establish military bases, but also regional gratitude for having prevented a catastrophic war.</s>
  </p>
  <p id="9">
    <s id="21">No other action holds as much potential to make Chinese leadership within Asia seem both credible, and desirable, especially if the alternative is a reckless, poorly planned US-led war.</s>
    <s id="22">What China needs, above all, is legitimacy, and intervention in North Korea would provide it.</s>
    <s id="23">Successful use of hard power would bring China, to borrow the distinction coined by Harvard’s Joseph S. Nye, huge reserves of soft power.</s>
  </p>
  <p id="10">
    <s id="24">But now to the 64 billion renminbi question: Could it work?</s>
    <s id="25">We can’t know the answer for sure, and any military intervention carries great risks.</s>
    <s id="26">The Chinese armed forces are now well equipped, but lack comparable battlefield experience.</s>
    <s id="27">Their inferior opponents have leaders who might be prepared to use nuclear weapons or other weapons of mass destruction, if they did not simply accept Chinese terms and surrender.</s>
  </p>
  <p id="11">
    <s id="28">What we can say with near certainty is that a Chinese land and sea invasion, rather than an American one, would stand a better chance of avoiding Kim’s likely response: an artillery attack on the South Korean capital, Seoul, which lies just a few dozen miles south of the demilitarized zone.</s>
    <s id="29">Why would North Korea slaughter its southern brothers and sisters in retaliation for a Chinese invasion that came with a promise of continued security, if not autonomy?</s>
  </p>
  <p id="12">
    <s id="30">Moreover, while the Kim regime’s nuclear restraint could hardly be taken for granted, China would be a less likely target than the US for North Korean missiles.</s>
    <s id="31">Were a Chinese military option to be contemplated seriously, some intelligence and missile-defense collaboration with the US might be worth exploring.</s>
    <s id="32">Given the risks, it would be hard for the US to refuse.</s>
  </p>
  <p id="13">
    <s id="33">This scenario may well never happen.</s>
    <s id="34">But it is so logical that the possibility of it should be taken seriously.</s>
    <s id="35">It is, after all, China’s best opportunity to achieve greater strategic parity with the US in the region, while removing a source of instability that threatens them both.</s>
  </p>
</document>
