<?xml version="1.0" encoding="utf-8"?>
<document>
  <HEADLINE>
    <s id="1">What to Do About China?</s>
  </HEADLINE>
  <p id="1">
    <s id="2">BERKELEY – In a recent issue of The New York Review of Books, the historian Adam Tooze notes that, “across the American political spectrum, if there is agreement on anything, it is on the need for a firmer line against China.”</s>
    <s id="3">He’s right: On this singular issue, the war hawks, liberal internationalists, and blame-somebody-else crowd all tend to agree.</s>
    <s id="4">They have concluded that because the United States needs to protect its relative position on the world stage, China’s standing must be diminished.</s>
  </p>
  <p id="2">
    <s id="5">Following its targeted killing of Iran's second most powerful leader, the US could well find itself with no alternative but to devote more military resources to the Middle East, a path that could lead to additional Iranian provocations.</s>
    <s id="6">And that shift would occur at a time of growing challenges to US interests elsewhere in the world.</s>
  </p>
  <p id="3">
    <s id="7">The targeted killing by the United States of one of Iran's top military leaders represents a significant symbolic defeat for the Iranian regime, but it does not augur all-out war.</s>
    <s id="8">After all, Iran and the US have already been at war for decades, and neither side has an interest in an uncontrolled military escalation now.</s>
  </p>
  <p id="4">
    <s id="9">As in previous years, Project Syndicate asked its commentators to offer their best guesses about the events and trends that will define the coming 12 months.</s>
    <s id="10">If there is one common theme in this year's selection, it is that what happens in 2020 will weigh on the present for many years to come.</s>
  </p>
  <p id="5">
    <s id="11">But that is the wrong way to approach the challenge.</s>
    <s id="12">In the near term (1-4 years), the US certainly could inflict a lot of damage on China through tariffs, bans on technology purchases, and other trade-war policies.</s>
    <s id="13">But it would also inflict a lot of damage on itself; and in the end, the Chinese would suffer less.</s>
    <s id="14">Whereas the Chinese government can buy up Chinese-made products that previously would have been sold to the US, thereby preventing mass unemployment and social turmoil, the US government could scarcely do the same for American workers displaced by the loss of the Chinese market.</s>
  </p>
  <p id="6">
    <s id="15">In the medium run (5-10 years), the US would face even larger problems, because China would have begun to replace US customers and suppliers with those of Europe and Japan.</s>
    <s id="16">At the same time, an America that has just blown up its relationship with China will have a hard time convincing anybody else to fill China’s shoes as a trade partner and source of investment.</s>
    <s id="17">Becoming the world’s irrational doofus comes with costs, after all.</s>
  </p>
  <p id="7">
    <s id="18">That is why it is entirely foreseeable that America’s attempt to “get tough” with China could accelerate its own relative decline, effectively handing China the semi-hegemony it is already approaching.</s>
    <s id="19">As for America’s geopolitical or even military options, there are few left.</s>
    <s id="20">After more than two years of chaotic unilateral behavior, the Trump administration has squandered any chance it might have had to work with other countries to contain China.</s>
  </p>
  <p id="8">
    <s id="21">Following Trump’s unlikely election victory in 2016, congressional Republicans who claimed to support free trade and American soft power could have sought to impose limits on the new administration.</s>
    <s id="22">Instead, they joined the cult, and have served as Trump’s sycophants ever since.</s>
    <s id="23">After two years, America’s alliances have been gravely weakened, even more so than after former President George W. Bush’s disastrous wars.</s>
    <s id="24">The US will never reclaim the standing it had in 2000, and it probably cannot even recover the tenuous but still solid geopolitical position it enjoyed in 2016.</s>
  </p>
  <p id="9">
    <s id="25">As for the military option, the Trump administration may well be envisioning a new cold war, with occasional hot-war proxy conflicts.</s>
    <s id="26">And yet, nobody really has any idea what a twenty-first-century cold war would look like.</s>
    <s id="27">We can be somewhat confident that it would not involve a nuclear confrontation, mass deployments of standing armies, the fomenting of armed insurgencies in colonial territories, or any of the other forms of imperial adventurism that defined the original Cold War.</s>
    <s id="28">Mutually assured destruction still (one hopes) rules out a nuclear exchange or mobilization of conventional forces, and there aren’t really any colonial powers left.</s>
  </p>
  <p id="10">
    <s id="29">When one considers all of the “unknown unknowns” associated with cyber warfare, one is left with no viable model to follow.</s>
    <s id="30">Presumably, a great-power conflict would take the form of what the Prussian general Carl von Clausewitz called “politics by other means”; we just don’t know what that would look like.</s>
    <s id="31">In the face of such uncertainties, it is folly to pursue politics by any means other than politics itself.</s>
  </p>
  <p id="11">
    <s id="32">So, what should the US do to shore up its position vis-à-vis China?</s>
  </p>
  <p id="12">
    <s id="33">For starters, it could show that it has a more competent and less corrupt government than China does – that it is still a healthy democracy that adheres to the rule of law.</s>
    <s id="34">It could also work to improve its high-tech sector, by welcoming workers and ideas from all over the world and rewarding them handsomely.</s>
    <s id="35">It could demonstrate that it is capable of overcoming political gridlock, fixing its broken health-care system, bringing its infrastructure into this century, and investing in new energy sources.</s>
    <s id="36">It could finally start to limit the undue political influence of the superrich.</s>
    <s id="37">It could once again become a society in which all citizens enjoy better standards of living than their predecessors, because the fruits of economic growth are equitably distributed.</s>
  </p>
  <p id="13">
    <s id="38">In short, the US could start to become what it would have been if Al Gore had won the 2000 presidential election, if Hillary Clinton had defeated Trump, and if the Republican party had not abandoned its patriotism.</s>
    <s id="39">Such an America would have the world’s respect and more than enough diplomatic power to forge a constructive and strategically sound compact with a rising China.</s>
    <s id="40">To address the defining geopolitical challenge of this century, America must look inward, not abroad.</s>
  </p>
</document>
