<?xml version="1.0" encoding="utf-8"?>
<document>
  <HEADLINE>
    <s id="1">Containing China’s Slowdown</s>
  </HEADLINE>
  <p id="1">
    <s id="2">SEOUL – Pundits love debating the Chinese economy’s growth prospects, and nowadays the pessimists are gaining the upper hand.</s>
    <s id="3">But many are basing their predictions on other economies’ experiences, whereas China has been breaking the mold on economic growth for the last three decades.</s>
    <s id="4">So, are China’s economic prospects as bad as prevailing wisdom seems to indicate?</s>
    <s id="5">And, if they are, how can they be improved?</s>
  </p>
  <p id="2">
    <s id="6">China’s situation is certainly serious.</s>
    <s id="7">The economy grew by 7.4% last year, the lowest rate since 1990; it is unlikely to meet the official target of 7% this year, and, according to the International Monetary Fund, will probably grow by a mere 6.3% in 2016.</s>
    <s id="8">Clearly, weak domestic activity and diminished external demand are taking their toll.</s>
  </p>
  <p id="3">
    <s id="9">China is also losing long-term growth momentum, as falling fertility rates and returns on investment weaken labor-force expansion and capital accumulation.</s>
    <s id="10">And it is becoming increasingly difficult for China to take advantage of technology-driven productivity gains.</s>
  </p>
  <p id="4">
    <s id="11">All of these challenges have led former US Treasury Secretary Lawrence Summers and his Harvard colleague Lant Pritchett to argue that China’s growth could slow to 2-4% over the next two decades, as the country succumbs to the historically prevalent growth pattern implied by “regression to the mean.”</s>
    <s id="12">But, given that China’s growth pattern has, so far, been exceptional, the notion that it will suddenly start following a common trajectory seems unlikely.</s>
  </p>
  <p id="5">
    <s id="13">Similarly flawed is the view of Justin Lin, former Chief Economist of the World Bank.</s>
    <s id="14">Lin argues that China can achieve 8% annual growth for another two decades, owing to its enduring “latecomer advantage,” which, among other things, entails rapid productivity gains brought about by technological catch-up with the United States.</s>
    <s id="15">But this fails to account for the standard growth theory of “conditional convergence”: only economies with comparable structural characteristics, such as labor skills and institutional quality, converge to similar per capita income levels.</s>
  </p>
  <p id="6">
    <s id="16">For these reasons, I take a more moderate view, predicting that China’s average potential GDP growth will fall to 5-6% by 2030.</s>
    <s id="17">This expectation is based on a conditional convergence framework that relies on data generated by China’s unique growth experience, as well as those of other economies, over the last three decades.</s>
  </p>
  <p id="7">
    <s id="18">Unlike Lin, I believe that China’s inevitable economic slowdown is coming soon.</s>
    <s id="19">But, unlike Summers, I do not believe that it has to be dire.</s>
    <s id="20">The key to this scenario is that China’s leaders move the economy onto a more balanced and sustainable growth path, based on realistic expectations.</s>
    <s id="21">They cannot afford to mishandle unavoidable challenges, such as those stemming from domestic institutional weaknesses, political uncertainty, and external shocks.</s>
  </p>
  <p id="8">
    <s id="22">The first step in any effective strategy must be to recognize that, in such a large and unpredictable economy, the government cannot rely on direct intervention or macroeconomic policies.</s>
    <s id="23">Instead, it must implement reforms that boost productivity and offset downward pressure on growth.</s>
  </p>
  <p id="9">
    <s id="24">Reforms in factor markets – labor, land, and finance – are essential.</s>
    <s id="25">China’s leaders must improve labor-market flexibility and labor mobility; make land use, acquisition, and compensation more efficient; and build a more market-based financial system.</s>
  </p>
  <p id="10">
    <s id="26">As it stands, China’s financial system is highly regulated and dominated by banks, many of which are state-owned.</s>
    <s id="27">To change this, the government needs to promote market-based credit allocation.</s>
    <s id="28">China needs a flexible and efficient financial sector, underpinned by an effectively supervised and regulated capital market, to avoid asset bubbles and support productive and innovative firms.</s>
  </p>
  <p id="11">
    <s id="29">Similarly, policies to promote continuous technological innovation and industrial upgrading can increase productivity.</s>
    <s id="30">And measures that increase domestic research capacity – for example, by strengthening protection of intellectual property rights – can nurture innovation.</s>
  </p>
  <p id="12">
    <s id="31">Reform of China’s massive state-owned-enterprise (SOE) sector would also boost productivity.</s>
    <s id="32">The recently announced SOE reforms are a promising step.</s>
    <s id="33">Beyond promoting mixed ownership involving private capital, strengthening corporate governance, and facilitating commercial operations, the reforms promise to open up the energy, resources, and telecom industries to non-state investors.</s>
    <s id="34">This new round of SOE reform should be pursued diligently.</s>
  </p>
  <p id="13">
    <s id="35">Such efforts to increase productivity are all the more important as China moves to shift from investment- and export-led growth to a more sustainable model based on domestic consumption and services.</s>
    <s id="36">Reallocating resources from export-oriented industries to service activities could cause an irreversible drop in productivity.</s>
    <s id="37">Likewise, while policies that encourage firms to increase wages will raise household income and domestic consumption, wage increases can erode export competitiveness and choke off inflows of foreign direct investment.</s>
    <s id="38">With rebalancing policies alone unlikely to increase average output growth substantially, enhancing productivity is crucial to China’s long-term prosperity.</s>
  </p>
  <p id="14">
    <s id="39">The final piece of the puzzle for China is realism.</s>
    <s id="40">As it stands, the Chinese government is keen to maintain decent growth of about 7% annually while pushing for rebalancing and reform.</s>
    <s id="41">The risk is that, until reform measures take effect, the authorities may rely on short-term stimulus to meet growth targets, aggravating resource misallocation and structural vulnerabilities.</s>
    <s id="42">Considering that China’s total debt reached 282% of GDP last year – surpassing America’s debt level – further reckless lending to local governments and private enterprises from the shadow banking sector would hold the economy hostage to the growing risk of a financial crisis.</s>
  </p>
  <p id="15">
    <s id="43">To avoid such an outcome, China should lower its growth target to about 6% in the coming years.</s>
    <s id="44">That way, it could pursue the deep reforms that are needed to move the economy onto a more balanced and sustainable long-term growth path.</s>
  </p>
</document>
