<?xml version="1.0" encoding="utf-8"?>
<document>
  <HEADLINE>
    <s id="1">China’s Boldest Experiment</s>
  </HEADLINE>
  <p id="1">
    <s id="2">BEIJING – Forty years ago this month, China’s leaders set the country on a path of reform that has produced the most dramatic economic transformation in history.</s>
    <s id="3">Mao Zedong had died two years earlier, in 1976, and the newly rehabilitated Deng Xiaoping succeeded in stamping his vision of economic development and modernization on the Third Plenary Session of the Eleventh Central Committee held in December 1978.</s>
    <s id="4">In the four decades since, China has transformed itself into an economic powerhouse, portending an equally momentous makeover of the global economy and geopolitics.</s>
  </p>
  <p id="2">
    <s id="5">China’s reforms started in agriculture, where the crushing burden of state controls was relaxed.</s>
    <s id="6">Through the dual-track pricing mechanism, farmers were given market incentives.</s>
    <s id="7">The household responsibility system allowed them greater control over the land they worked.</s>
    <s id="8">Farmers responded quickly, increasing their efficiency and output.</s>
  </p>
  <p id="3">
    <s id="9">Reforms were subsequently broadened and extended into other areas.</s>
    <s id="10">Non-agricultural production incentives were bolstered through a hybrid form of ownership called Township and Village Enterprises (TVEs).</s>
    <s id="11">As the reforms spread to cities, state enterprises gained more autonomy and were encouraged to become entrepreneurial.</s>
    <s id="12">Incentives were created for provinces and localities to invest and spur economic growth.</s>
    <s id="13">And the growth of Special Economic Zones (SEZs) in the 1990s turned China decisively toward integration with the world economy.</s>
  </p>
  <p id="4">
    <s id="14">The general thrust of these reforms was to increase the economy’s market orientation and external openness.</s>
    <s id="15">But while China’s share of international trade and private investment grew and that of the state sector steadily shrank in relative terms, the authorities retained a firm hand in managing the economy.</s>
    <s id="16">Economic restructuring and diversification were promoted through a range of industrial policies.</s>
    <s id="17">Foreign investors were required to enter into joint ventures with domestic firms and to increase the use of local inputs.</s>
    <s id="18">The exchange rate and international financial flows remained controlled for the most part.</s>
  </p>
  <p id="5">
    <s id="19">Through it all, China’s leadership did not follow any guidebook and resolutely marched to the beat of its own drummer.</s>
    <s id="20">Reform was guided by neither communist teachings nor free-market dogma.</s>
    <s id="21">If senior policymakers followed one overarching principle, it was what might be called “pragmatic experimentalism.”</s>
    <s id="22">As Deng famously said, what mattered was not the color of the cat, but whether it caught the mice.</s>
  </p>
  <p id="6">
    <s id="23">Given the peculiarities of China’s experience, it is not surprising that there remains considerable debate about the lessons to be drawn from it.</s>
    <s id="24">For many in the West, China demonstrates the benefits of reliance on markets and economic liberalization.</s>
    <s id="25">Yet if China were an economic basket case today, I suspect the same voices would be quick to attribute the failure to the continued intrusiveness of the Chinese state.</s>
    <s id="26">For others, China demonstrates the intrinsic superiority of the state-led model.</s>
    <s id="27">Yet many of the same policies, such as dual-track pricing or domestic content requirements, have failed in other settings.</s>
  </p>
  <p id="7">
    <s id="28">These opposing perspectives can be reconciled.</s>
    <s id="29">China has not violated the tenets of mainstream economics so much as it has offered a master class in applying them creatively in complicated political and economic terrain.</s>
    <s id="30">Dual-track pricing provided market incentives at the margin without undermining the fiscal revenues.</s>
    <s id="31">TVEs spurred private entrepreneurship, despite weak frameworks for property rights and contract enforcement.</s>
    <s id="32">SEZs spurred exports and foreign investment without undermining employment among protected state enterprises.</s>
    <s id="33">Industrial policies allowed infant industries to internalize learning spillovers.</s>
    <s id="34">In short, China represents the triumph of practical economics – in which second-best strategies, market failures, general equilibrium, and political economy prevail – over the simplistic reasoning of Econ 101.</s>
  </p>
  <p id="8">
    <s id="35">The biggest test for the Chinese model may be yet to come.</s>
    <s id="36">Throughout the country’s economic transformation, the political primacy of the Communist Party of China was never in question.</s>
    <s id="37">But outside observers expected that continued economic development would eventually lead to political liberalization.</s>
    <s id="38">Instead, under President Xi Jinping, China has taken a decidedly more authoritarian turn.</s>
    <s id="39">That is bad news for the hundreds of millions of Chinese whose political freedoms are being ever more tightly circumscribed.</s>
  </p>
  <p id="9">
    <s id="40">Political repression could be bad news for the economy as well, for at least two reasons.</s>
    <s id="41">First, people’s ability to speak freely provides an advance-warning mechanism for policies that might eventually fail, enabling the authorities to change course before more damage is done.</s>
    <s id="42">Second, political competition provides institutional mechanisms for channeling opposition, which otherwise might spill over to the streets and fuel civil disorder.</s>
  </p>
  <p id="10">
    <s id="43">China’s leaders seem to be betting that they can avoid both types of problems.</s>
    <s id="44">They believe they have their ears sufficiently to the ground that they can remain responsive to any brewing discontent.</s>
    <s id="45">And they hope they can exercise social control through facial recognition and other new technologies, which they have taken the lead in deploying.</s>
  </p>
  <p id="11">
    <s id="46">The conventional wisdom among social scientists is that the demands of advanced economies and growing middle classes can be met only through greater political freedoms and competition.</s>
    <s id="47">The Chinese political elite are skeptical, and not without reason.</s>
    <s id="48">When they look at the West nowadays, they see populism, demagoguery, and deep divisions, rather than harmonious, inclusive societies.</s>
    <s id="49">Their attempt to combine a high-growth, technologically sophisticated economy with reinforced authoritarianism is perhaps their most ambitious experiment to date.</s>
  </p>
</document>
