<?xml version="1.0" encoding="utf-8"?>
<document>
  <HEADLINE>
    <s id="1">Reforming China’s Commanding Heights</s>
  </HEADLINE>
  <p id="1">
    <s id="2">MILAN – Chinese President Xi Jinping’s massive anti-corruption campaign has advanced a number of key objectives: It has gone a long way toward restoring confidence in the Communist Party’s commitment to a merit-based system; countered a decades-old pattern of public-sector domination; reduced the power of vested interests to block reform; and bolstered Xi’s popularity among private-sector actors, if far less so with the bureaucracy.</s>
    <s id="3">In short, Xi’s effort to root out corruption has empowered both the Party and the reformers.</s>
    <s id="4">The question is how far they will take their reform ambitions.</s>
  </p>
  <p id="2">
    <s id="5">Xi is certainly not finished yet, having outlined a set of legal reforms at last month’s Fourth Plenum of the Communist Party aimed at creating a more level playing field for the public and private sectors.</s>
    <s id="6">If implemented properly, the reforms will create a more efficient system for the creation and enforcement of contracts, ease the path for market entrants, and strengthen the application of China’s competition laws.</s>
  </p>
  <p id="3">
    <s id="7">Greater fidelity to the rule of law will also lead to the creation of a legal and financial infrastructure that reduces fraud in the private sector, including in financial reporting.</s>
    <s id="8">That, together with increased access to capital, will help to accelerate the development of the services sector, which is needed to create urban employment.</s>
  </p>
  <p id="4">
    <s id="9">Better management of China’s considerable public assets – which include $3.5-4 trillion of foreign-exchange reserves, substantial land holdings, and majority ownership of the state-owned enterprises that dominate the economy – would complement these efforts.</s>
    <s id="10">Indeed, it could help to boost competition, encourage innovation, strengthen the financial system, and expand access to capital.</s>
  </p>
  <p id="5">
    <s id="11">The question is how China could achieve this.</s>
    <s id="12">As it stands, China’s economy follows, to some extent, the old Leninist “commanding heights” model, with the Party holding all political power and controlling major enterprises and sectors, even as the burgeoning private sector drives growth and employment.</s>
    <s id="13">In this context, the kind of “meritocratic professionalism” that China is pursuing is important; but it is no substitute for genuine competition in the public or private sector – at least not if innovation and structural change are the goals.</s>
  </p>
  <p id="6">
    <s id="14">Of course, Xi could simply declare that China’s version of state capitalism has worked well in the past, and will continue to do so.</s>
    <s id="15">But experience with the microeconomic dynamics of advanced economies (where China is headed) makes this a weak stance – and, thus, one that Xi is unlikely to take.</s>
  </p>
  <p id="7">
    <s id="16">The alternative would be to embark on a sustained program of privatization to shrink the asset side of the state’s huge balance sheet.</s>
    <s id="17">But China’s balance sheet has served it well, enabling the extraordinarily high rates of investment that have fueled rapid growth.</s>
    <s id="18">Meanwhile, many advanced economies have suffered considerably from their balance-sheet composition, with limited, poorly measured assets and outsize debt and non-debt liabilities.</s>
  </p>
  <p id="8">
    <s id="19">In fact, given an increasingly unequal distribution of income between capital and labor (as well as across the income spectrum for labor) a larger store of public assets certainly has merit, as it equalizes the distribution of capital and wealth, albeit indirectly.</s>
    <s id="20">Not only can public assets be used to cushion shocks and counter adverse trends; they can also help fund an expansion of social insurance.</s>
  </p>
  <p id="9">
    <s id="21">The problem in China is not the volume of state-owned assets, but their concentration in a few companies and industries – a situation that poses risks to economic performance.</s>
    <s id="22">Given this, the logical solution is not to dispose of the state’s asset holdings, but to diversify them over time.</s>
  </p>
  <p id="10">
    <s id="23">Such an approach would have a number of benefits.</s>
    <s id="24">First and foremost, it would reconcile a large state balance sheet with an expanding role for markets, bolstering employment, stimulating innovation, and advancing the economy’s structural transformation.</s>
    <s id="25">To this end, public investment in infrastructure, human capital, and the economy’s knowledge and technology base would remain crucial.</s>
  </p>
  <p id="11">
    <s id="26">Furthermore, the diversification of China’s asset holdings would deepen its financial markets considerably.</s>
    <s id="27">Over the next several years, as the traded or tradable share of the state-owned sector’s market capitalization increased from today’s low base of 10-15%, more institutional investors, such as pension funds and insurance companies, would become involved in Chinese equity trading, which is currently dominated by retail investors.</s>
    <s id="28">This would augment savings options for an increasingly affluent population and strengthen support for long-term investment and development.</s>
  </p>
  <p id="12">
    <s id="29">Debt markets would also benefit from such an initiative.</s>
    <s id="30">Blurring the line between the private and the state-owned sectors would, over time, reduce the latter’s privileged access to – and overuse of – bank financing, leading to the expansion of corporate bond markets.</s>
  </p>
  <p id="13">
    <s id="31">With public entities like the social security system and sovereign-wealth funds holding more diversified asset portfolios, incentives would be substantially reduced for market intervention favoring incumbents in which the state owned a large share.</s>
    <s id="32">This, along with enhanced enforcement of competition law, would go a long way toward leveling the playing field in markets.</s>
  </p>
  <p id="14">
    <s id="33">Clearly specified fiduciary responsibilities and governance would help to ensure that publicly held assets were managed to maximize long-term risk-adjusted returns, with the state and citizens as beneficiaries and the market as the arbiter of efficiency and innovation.</s>
    <s id="34">The best-managed state-owned enterprises could emerge – or remain – as successful and prominent players, adapting to expanded market competition and combining innovation with economies of scale.</s>
  </p>
  <p id="15">
    <s id="35">Indeed, public-sector asset management could be “outsourced,” with private asset managers competing for the job.</s>
    <s id="36">This would accelerate the development of the asset-management sector, with far-reaching benefits for savers and investors.</s>
  </p>
  <p id="16">
    <s id="37">China does not have to give up the safety net provided by large asset holdings to allow markets to play a decisive microeconomic role.</s>
    <s id="38">It can abandon the commanding heights model and develop its version of “state capitalism” to support the best of both worlds.</s>
    <s id="39">All that is needed is a persistently strong government commitment to the public interest – and, of course, a skillfully executed reform strategy.</s>
  </p>
</document>
