<?xml version="1.0" encoding="utf-8"?>
<document>
  <HEADLINE>
    <s id="1">China’s New World Order</s>
  </HEADLINE>
  <p id="1">
    <s id="2">SEOUL – China – already the world’s largest exporter, manufacturer, and international-reserve-asset holder – is poised to overtake the United States as the world’s largest economy (measured according to purchasing power parity) this year.</s>
    <s id="3">Now, it is using its growing clout to reshape global economic governance.</s>
    <s id="4">Indeed, the country’s days of following Deng Xiaoping’s injunction to “hide brightness and cherish obscurity” are long gone.</s>
  </p>
  <p id="2">
    <s id="5">After decades of actively participating in international economic institutions – including the G-20, the International Monetary Fund, the World Bank, and the World Trade Organization – China has begun to resemble a revisionist power seeking to create a new world order.</s>
    <s id="6">Last month, China and 20 other Asian countries signed a memorandum of understanding to establish a new multilateral development bank, the Asian Infrastructure Investment Bank.</s>
    <s id="7">Viewed as the first serious institutional challenge to the World Bank and the Asian Development Bank (ADB), the AIIB was proposed by China.</s>
  </p>
  <p id="3">
    <s id="8">In a sense, this shift should not be surprising, given the widespread debate over the inherent weaknesses of existing international institutions and governance structures – in particular, China’s disproportionately small role in them.</s>
    <s id="9">China accounts for a 3.8% voting share of the IMF and a 5.5% share of the ADB, compared to 16.8% and 12.8%, respectively, for the United States and 6.2% and 12.8% for Japan.</s>
  </p>
  <p id="4">
    <s id="10">Moreover, the advanced economies have staked their claim to leadership in these institutions.</s>
    <s id="11">Europeans have led the IMF and Americans have controlled the World Bank since their establishment after World War II.</s>
    <s id="12">Likewise, the ADB has had Japanese presidents since its founding in 1966.</s>
  </p>
  <p id="5">
    <s id="13">Meanwhile, emerging economies like China face significant barriers to boosting their capital contributions to – and their status in – these institutions.</s>
    <s id="14">And reforms, though widely discussed, have faced long delays.</s>
    <s id="15">For example, IMF quota and governance reform, on which G-20 leaders agreed in 2010, has yet to be implemented.</s>
  </p>
  <p id="6">
    <s id="16">Frustrated, China finally decided to push for the establishment of the AIIB, in which it will be the largest shareholder, with a stake of up to 50%.</s>
    <s id="17">China will also provide the AIIB’s first president, and the bank’s headquarters will be in Beijing.</s>
  </p>
  <p id="7">
    <s id="18">China can leverage its considerable influence over the AIIB to bolster its international image, particularly by strengthening its relationships with developing countries.</s>
    <s id="19">Many developing Asian countries, for example, have significant unmet need for infrastructure investment to buttress their long-term economic growth.</s>
  </p>
  <p id="8">
    <s id="20">The AIIB can not only channel more resources toward developing countries; it can do so in a way that is better suited to their needs, with fewer bureaucratic barriers and more flexibility than its more established counterparts.</s>
    <s id="21">The AIIB would complement China’s rapidly increasing bilateral development financing, with the added benefit of a multilateral structure that ensures better governance and higher operating standards.</s>
  </p>
  <p id="9">
    <s id="22">What the AIIB may not be able to do is contribute to improved economic governance in Asia – not least because Japan, Australia, Indonesia, and South Korea, whose total GDP is roughly equal to China’s, are not yet members.</s>
    <s id="23">Without these economies to counterweigh China’s influence or a resident board of directors, the AIIB could allow China to impose its will on members and beneficiaries alike.</s>
  </p>
  <p id="10">
    <s id="24">For example, as former Indian Minister of State for External Affairs Shashi Tharoor has suggested, China may use the AIIB to help finance a new Silk Road, an overland and maritime route connecting East Asia with Europe.</s>
    <s id="25">While the project could have significant regional benefits, stimulating economic development by promoting integration and connectivity, it would serve primarily China’s interests, expanding the country’s international influence and reducing the gap between its eastern and western regions.</s>
    <s id="26">At the same time, it could exacerbate geopolitical tensions and territorial disputes between China and its neighbors.</s>
  </p>
  <p id="11">
    <s id="27">More generally, some development experts have raised concerns about whether the AIIB can operate according to international standards of governance and transparency, enforce safeguards, refuse to work with incompetent or corrupt governments, and follow effective procedures.</s>
    <s id="28">They also worry that, by fragmenting international development finance, the AIIB could weaken its impact considerably.</s>
  </p>
  <p id="12">
    <s id="29">To be sure, China has made an effort to address such concerns, emphasizing repeatedly that the AIIB aims to complement, not compete with, other institutions.</s>
    <s id="30">Following the AIIB’s launch, Chinese President Xi Jinping declared that it “needs to follow multilateral rules and procedures” and should learn from “existing multilateral development institutions in their good practices and useful experience.”</s>
  </p>
  <p id="13">
    <s id="31">But China must support such statements with an active commitment to fair and efficient governance.</s>
    <s id="32">Specifically, it should consider lowering its own voting share, instituting a rotating presidency, and broadening membership to include advanced Asian economies.</s>
  </p>
  <p id="14">
    <s id="33">The AIIB is a welcome initiative.</s>
    <s id="34">But, given deep mistrust and a multitude of conflicts involving China, its regional neighbors, and the United States over security, environmental, and human-rights issues, its success is far from guaranteed.</s>
    <s id="35">It is up to China to make the necessary compromises to enable the AIIB to reach its potential.</s>
  </p>
  <p id="15">
    <s id="36">China’s approach to influencing global governance is only beginning to emerge.</s>
    <s id="37">One hopes that it starts off on the right foot.</s>
  </p>
</document>
