<?xml version="1.0" encoding="utf-8"?>
<document>
  <HEADLINE>
    <s id="1">Closing Pakistan’s Electoral Gender Gap</s>
  </HEADLINE>
  <p id="1">
    <s id="2">ISLAMABAD – One hundred years ago, women in the United Kingdom gained the right to vote, and today, most women in the developed world are enfranchised.</s>
    <s id="3">But in many developing countries, the resistance that British suffragettes faced a century ago, rooted in misogyny, persists.</s>
    <s id="4">This is certainly true in Pakistan, where the general election set for July 25 provides an ideal opportunity to advocate for change.</s>
  </p>
  <p id="2">
    <s id="5">At first glance, Pakistan seems progressive.</s>
    <s id="6">The law has permitted women to vote since 1956, almost a decade after independence from Britain.</s>
    <s id="7">Since then, the number of women in parliament has steadily increased, aided by a 33% quota and rules dictating how many women must be included on party lists.</s>
  </p>
  <p id="3">
    <s id="8">Women are also contesting elections with more frequency, even in culturally conservative parts of the country.</s>
    <s id="9">For example, in the northwestern region of Khyber Pakhtunkhwa, a 100-year-old woman is running in the general election against former cricket star Imran Khan.</s>
    <s id="10">And in Tharparkar, an impoverished part of Sindh province, a female candidate is on the ballot for the first time ever.</s>
  </p>
  <p id="4">
    <s id="11">But a closer look at voting data reveals many challenges in Pakistan’s push for electoral equality.</s>
    <s id="12">Female candidates may be on the ballot, but that does not mean women will vote for them – if they vote at all.</s>
  </p>
  <p id="5">
    <s id="13">Of the country’s 97 million registered voters, 54.5 million are male and 42.4 million are female (the remaining 100,000 are transgender).</s>
    <s id="14">With a gender gap of roughly 12 million voters, Pakistan ranks last in the world for female participation in elections.</s>
    <s id="15">A recent analysis of district-level data by the Election Commission of Pakistan (ECP) revealed that even in the most developed parts of the country – such as Lahore and Faisalabad – the gap is more than a half-million.</s>
  </p>
  <p id="6">
    <s id="16">Part of this is due to administrative hurdles.</s>
    <s id="17">To vote in Pakistan, voters must register with their National Identity Card (NIC).</s>
    <s id="18">But many women don’t have an NIC – either because they are unaware of the need or cannot apply easily – making it technically impossible to vote.</s>
    <s id="19">Although an NIC can be requested in person or online, women in Pakistan face serious restrictions on their mobility, and many lack access to the Internet.</s>
  </p>
  <p id="7">
    <s id="20">But the bigger obstacle is religious and cultural prejudice.</s>
    <s id="21">For example, during past elections, leaflets circulated warning men not to allow female family members to vote, because women’s participation in democracy was somehow “un-Islamic.”</s>
    <s id="22">In 2008, not a single woman cast a vote in 31 polling stations in Punjab, Pakistan’s most liberal province.</s>
    <s id="23">A similar tally marked local elections in Khyber Pakhtunkhwa in 2015.</s>
  </p>
  <p id="8">
    <s id="24">National figures are only slightly more encouraging.</s>
    <s id="25">During the last general election, in 2013, female voter turnout was less than 10% at 800 polling stations across the country, and in 17 districts, fewer than 5% of eligible female voters cast a ballot.</s>
  </p>
  <p id="9">
    <s id="26">When women don’t vote, their voices are diminished in Pakistan’s already patriarchal politics.</s>
    <s id="27">This makes it less likely that lawmakers will address women’s concerns, and harder for the few women who seek office to win.</s>
    <s id="28">Of the 342 members of the National Assembly, just 70 are women, and only nine were elected; the rest were appointed under the quota system.</s>
  </p>
  <p id="10">
    <s id="29">It stands to reason that if more women voted, political parties would field more candidates concerned with issues that especially concern women, and that more women would win seats.</s>
    <s id="30">But how can the status quo be changed, and female electoral turnout increased?</s>
  </p>
  <p id="11">
    <s id="31">It is probably too late for this election cycle.</s>
    <s id="32">While the ECP has launched a drive to increase female turnout, and a new law will allow for results to be nullified in districts where it dips below 10%, the reality is that when votes are counted, more will have been cast by men than by women.</s>
    <s id="33">For one thing, based on the current pace of NIC processing, it will take another 18 years to close the current gap in voter registration.</s>
    <s id="34">Add to this the religious and cultural constraints on female political participation, and the reform process could take decades.</s>
  </p>
  <p id="12">
    <s id="35">Still, steps can be taken now to empower Pakistani women.</s>
    <s id="36">For starters, better gender-segregated data could help the ECP and other organizations design more effective solutions.</s>
    <s id="37">Political parties could also help by conducting voter registration drives targeting women, and officially sanctioned messaging campaigns could encourage women to register and families to assist them.</s>
    <s id="38">Finally, religious scholars could work with election officials to help dispel misconceptions about female voting.</s>
    <s id="39">Most important, all of these activities should be continuous and not limited to election years.</s>
  </p>
  <p id="13">
    <s id="40">Elections are essential to democracy, but if a large percentage of the population is excluded, the process lacks credibility.</s>
    <s id="41">Pakistan must strive for gender equality by including women in all decision-making processes – particularly when it comes to legislation.</s>
    <s id="42">While women in Britain and other democracies have voted freely for a century or more, their counterparts in Pakistan are still waiting for their day to come.</s>
  </p>
</document>
