<?xml version="1.0" encoding="utf-8"?>
<document>
  <HEADLINE>
    <s id="1">The Road Ahead for the DRC</s>
  </HEADLINE>
  <p id="1">
    <s id="2">CAPE TOWN – In the early hours of January 10, election authorities in the Democratic Republic of Congo finally announced that Félix Tshisekedi, leader of the opposition Union for Democracy and Social Progress, won the election held on December 30, with 38.57% of the vote.</s>
    <s id="3">If Tshisekedi’s victory is confirmed – predictably, the results are being contested – an opposition politician will assume power after 18 years of rule by President Joseph Kabila.</s>
    <s id="4">But it does not follow that peace and prosperity will automatically ensue.</s>
  </p>
  <p id="2">
    <s id="5">Following its targeted killing of Iran's second most powerful leader, the US could well find itself with no alternative but to devote more military resources to the Middle East, a path that could lead to additional Iranian provocations.</s>
    <s id="6">And that shift would occur at a time of growing challenges to US interests elsewhere in the world.</s>
  </p>
  <p id="3">
    <s id="7">The targeted killing by the United States of one of Iran's top military leaders represents a significant symbolic defeat for the Iranian regime, but it does not augur all-out war.</s>
    <s id="8">After all, Iran and the US have already been at war for decades, and neither side has an interest in an uncontrolled military escalation now.</s>
  </p>
  <p id="4">
    <s id="9">As in previous years, Project Syndicate asked its commentators to offer their best guesses about the events and trends that will define the coming 12 months.</s>
    <s id="10">If there is one common theme in this year's selection, it is that what happens in 2020 will weigh on the present for many years to come.</s>
  </p>
  <p id="5">
    <s id="11">Tshisekedi has a long road ahead of him.</s>
    <s id="12">Central Africa’s giant holds the continent’s richest mineral wealth.</s>
    <s id="13">Yet, having suffered war and violence for most of its history, its economy remains woefully underdeveloped and its people impoverished.</s>
  </p>
  <p id="6">
    <s id="14">Kabila assumed power in January 2001, after his father, President Laurent Kabila, was assassinated.</s>
    <s id="15">Over Joseph Kabila’s 18-year rule, the DRC has remained fragile, owing to persistent, protracted conflict in the country’s eastern regions and elsewhere, as well as rampant corruption and looting of state assets.</s>
    <s id="16">Little has changed for ordinary Congolese, 80% of whom live on less than $1.25 a day.</s>
  </p>
  <p id="7">
    <s id="17">Apart from the enduring challenges of poverty, neglect, war, and corruption that have characterized domestic politics in the DRC, Tshisekedi has some serious and immediate hurdles to overcome if he is to make it to Inauguration Day on January 18.</s>
  </p>
  <p id="8">
    <s id="18">First, Tshisekedi will have to contend with accusations surrounding the legitimacy of the election, which was peppered with irregularities.</s>
    <s id="19">According to the 40,000 observers organized by the Catholic Church, late poll openings, problems with ballots, and reports of intimidation resulted in many being unable to vote, with turnout reaching just 47.56%.</s>
    <s id="20">These issues, coupled with earlier concerns about the reliability of voting rolls, cast a shadow over the election’s overall integrity.</s>
  </p>
  <p id="9">
    <s id="21">Furthermore, two political heavyweights who were barred from participating in the election, Jean-Pierre Bemba and Moïse Katumbi, back Tshisekedi’s closest opponent, Martin Fayulu, who won 34.8% of the vote.</s>
    <s id="22">Western media widely reported on Fayulu’s popularity and his likelihood of winning, and reports from Kinshasa, the capital, indicate that Fayulu is contesting the election’s legitimacy, charging that Tshisekedi made a backroom deal with Kabila.</s>
    <s id="23">The French government has expressed its support for Fayulu as the election’s real winner, and election officials’ delay in announcing the results for a few days lends further credence to the perception that the result was rigged.</s>
  </p>
  <p id="10">
    <s id="24">There is now a large near-term risk of violence by Fayulu’s supporters.</s>
    <s id="25">Without an outright victory, it is vital for Tshisekedi to solicit the support and collaboration of the broader opposition in order to bolster his position and minimize the risk of unrest.</s>
    <s id="26">Fortunately, such an approach could work, given that the forces behind Tshisekedi and Fayulu managed to coalesce at various points over the two years during which Kabila had been postponing the election.</s>
  </p>
  <p id="11">
    <s id="27">An even more difficult task for Tshisekedi, if he is to manage a peaceful transition and stay alive long enough to lead the country, may be to secure the acquiescence of Kabila’s regime.</s>
    <s id="28">The protracted delay in holding the elections (originally slated for December 2016), and a slew of constitutional amendments in recent years, reflects Kabila’s unwillingness to cede power.</s>
    <s id="29">Indeed, there was a pervasive sense in the run-up to the election that Kabila would stop at nothing to maintain his grip on the presidency.</s>
  </p>
  <p id="12">
    <s id="30">This has not changed, and nor has the militarization that characterizes Congolese politics.</s>
    <s id="31">Tshisekedi must secure the acceptance of the generals, which may require some tricky trade-offs, given that he vowed during the campaign to root out corruption.</s>
    <s id="32">Negotiating an exit strategy for Kabila and his many cronies (including possible immunity from prosecution) will be an important component of this process.</s>
  </p>
  <p id="13">
    <s id="33">Tshisekedi will also have to reach out to the region’s leaders in order to secure the political transition.</s>
    <s id="34">With the eastern DRC experiencing ongoing violence involving Rwandan, Burundian, and Ugandan forces, as well as rebel forces opposing those countries’ regimes, the cooperation of Presidents Paul Kagame of Rwanda, Pierre Nkurunziza of Burundi, and Yoweri Museveni of Uganda remain crucial.</s>
    <s id="35">To obtain it, Tshisekedi will have to demonstrate quickly that he has their interests at heart, as well as the sheer stamina to keep abreast of the challenges that emerge in the Great Lakes Region .</s>
  </p>
  <p id="14">
    <s id="36">South Africa and Angola, too, enjoy close relations with the DRC, and their acceptance of the presidential vote will be vital to ensure regional stability.</s>
    <s id="37">South Africa’s tenure in the United Nations Security Council, which began this month, is likely to increase its importance as a potential ally.</s>
    <s id="38">The Security Council remains engaged in the DRC through the deployment of forces under the umbrella of MONUSCO (the United Nations Organization Stabilization Mission in the Democratic Republic of the Congo).</s>
  </p>
  <p id="15">
    <s id="39">Tshisekedi’s apparent victory, and the promise of a new government, should be a cause for celebration, at home and throughout the Congolese diaspora.</s>
    <s id="40">But the transition now facing the DRC is certain to be long, perilous, and frustrating.</s>
    <s id="41">The celebrations may prove short-lived if no workable reconciliation among the country’s opposing forces is achieved in the coming days and weeks.</s>
  </p>
</document>
