<?xml version="1.0" encoding="utf-8"?>
<document>
  <HEADLINE>
    <s id="1">Cry, Beloved Burma</s>
  </HEADLINE>
  <p id="1">
    <s id="2">YANGON – Religious orders of monks have been the face of Burma ever since Buddhism was introduced here more than 1,000 years ago.</s>
    <s id="3">For a monk to involve himself in politics or to hold a political post is contrary to the ethical code of Theravada Buddhism.</s>
    <s id="4">But in Burma today, this spiritual philosophy, rooted in compassion and non-violence, has assumed unexpected dimensions of defiance and recalcitrance, as monks challenge the hegemony of the military junta that rules our country.</s>
  </p>
  <p id="2">
    <s id="5">We are both Burmese Buddhist monks – a leader of the All Burma Sangha Coalition that led the recent protests, and a scholar teaching in the United States.</s>
    <s id="6">One of us is in hiding today, because Burma’s military government met the peaceful protests of our Buddhist brothers and sisters with violence and brutality.</s>
  </p>
  <p id="3">
    <s id="7">Many monks and nuns have been abused and beaten, and thousands who have been arrested endure continued brutality.</s>
    <s id="8">More than 1,000 are missing, and many are presumed dead.</s>
  </p>
  <p id="4">
    <s id="9">A few weeks ago, Burma’s monks began to march and pray and spread loving kindness in an effort to solve our nation’s problems peacefully.</s>
    <s id="10">Burma is a country rich in natural resources, but its people are poor.</s>
    <s id="11">When the government suddenly and capriciously increased the price of fuel by as much as 500% overnight, everyone was affected – and made even more desperate.</s>
  </p>
  <p id="5">
    <s id="12">As monks, we believe in alleviating suffering wherever we see it, as part of the vows we have taken.</s>
    <s id="13">We could not ignore our people’s suffering.</s>
    <s id="14">We formed the Sangha Coalition when we saw that the country’s monks were united.</s>
  </p>
  <p id="6">
    <s id="15">Those of us who are studying and teaching abroad share this unity, and have rallied to the support of those of us in Burma.</s>
    <s id="16">And it is not only the monks who are united.</s>
    <s id="17">When we started our peaceful marches for change, students, youth, intellectuals, and ordinary people joined us in the streets, in the rain.</s>
  </p>
  <p id="7">
    <s id="18">We thought that we could appeal to some, if not all, of the generals – Buddhists themselves – who control our country to join us in trying to right the many ills befalling Burma.</s>
    <s id="19">At first, we tried to show our displeasure with military rule by refusing to receive alms from them.</s>
    <s id="20">We turned our begging bowls upside down as a gesture of our feelings.</s>
    <s id="21">We have not lost our loving kindness towards ordinary soldiers, nor even towards the leaders who ordered them to brutalize their own people, but we wanted to urge them to change while there was still time.</s>
  </p>
  <p id="8">
    <s id="22">We know that some people in the army and organizations close to the regime have been reluctant to use violence against the monks.</s>
    <s id="23">We want to tell the people who are violent towards their own countrymen to stop and think whether their actions are in accordance with the dharma, whether they are acting for the good of Burma’s people.</s>
    <s id="24">Some of the soldiers who were ordered to beat us and to stop us from marching actually refused to do so, because they understood the truth of what we were doing.</s>
  </p>
  <p id="9">
    <s id="25">We hoped to create a way out for the military leaders, a way to start a real dialogue with the people’s leaders and the leaders of ethnic groups, for the unity of the nation.</s>
    <s id="26">But that hope was short-lived.</s>
    <s id="27">The regime is now hunting down those who participated in the demonstrations and committing unspeakable acts of violence.</s>
  </p>
  <p id="10">
    <s id="28">They have attacked monasteries and arrested monks and nuns by force.</s>
    <s id="29">Guards are everywhere, on all the streets, around the pagodas and residential areas.</s>
    <s id="30">Wounded demonstrators are reported to have been buried alive in mass graves, and there are confirmed reports of bodies washing ashore in the waterways near Yangon (Rangoon).</s>
    <s id="31">The regime is brutalizing the Burmese people, and lying to the world about its actions.</s>
  </p>
  <p id="11">
    <s id="32">Brigadier General Kyaw Hsan, a representative of the military, recently told UN Special Envoy Ibrahim Gambari that the marchers in the streets were “bogus monks.”</s>
    <s id="33">But we are genuine, and thousands of us – from Rangoon, Mandalay, Pegu, Arakan, Magwe, and Sagaing – demonstrated for peace.</s>
  </p>
  <p id="12">
    <s id="34">Some have said that the uprising in Burma is over.</s>
    <s id="35">That is what the junta wants the world to think.</s>
    <s id="36">But we believe that the protests represent the beginning of the end of military rule in our country.</s>
    <s id="37">The generals who ordered the crackdown are assaulting not only Burma’s people, but also their own hearts, souls, and spiritual beliefs.</s>
    <s id="38">The monks are the preservers of dharma; by attacking them, the generals attack Buddhism itself.</s>
  </p>
  <p id="13">
    <s id="39">We know that the international community is trying to help us, but we need that help to be more effective.</s>
    <s id="40">We thank the many people and organizations abroad who are helping us regain the rights denied to us for more than 40 years.</s>
    <s id="41">But we also appeal to the international community to make its actions practical and effective.</s>
  </p>
  <p id="14">
    <s id="42">The military government will do anything to remain in power, and their violent acts must be exposed to the world.</s>
    <s id="43">They may control the streets and monasteries, but they will never be able to control our hearts and our determination.</s>
  </p>
</document>
