<?xml version="1.0" encoding="utf-8"?>
<document>
  <HEADLINE>
    <s id="1">Cry, the Newborn Baby</s>
  </HEADLINE>
  <p id="1">
    <s id="2">Each year, four million babies die in their first four weeks of life – over 10,000 deaths a day.</s>
    <s id="3">Most of these neonatal deaths go unrecorded and remain invisible to all but their families.</s>
    <s id="4">Virtually all (99%) occur in low- and middle-income countries, but most research and funding focuses on high-tech care for the 1% of deaths occurring in rich countries.</s>
  </p>
  <p id="2">
    <s id="5">The greatest risk of death is at the beginning of life: three-quarters of all neonatal deaths (three million) occur within one week of birth, and at least one million babies die on their first day of life, many at home without any formal healthcare.</s>
    <s id="6">Moreover, almost 40% of all child deaths occur in the neonatal period, with Africa and South Asia accounting for two-thirds of the total.</s>
  </p>
  <p id="3">
    <s id="7">Unfortunately, child survival programs in the developing world have focused primarily on pneumonia, diarrhea, malaria, and vaccine-preventable causes of deaths after the first month of life, while safe motherhood programs have focused primarily on the mother.</s>
    <s id="8">Prevention of newborn deaths has thus dropped between the cracks of programs focusing on mothers and on older children.</s>
  </p>
  <p id="4">
    <s id="9">This represents a tragedy that is as avoidable as it is immense.</s>
    <s id="10">A recent series on neonatal issues in the British science journal Lancet estimated that between 41% and 72% of neonatal deaths could be prevented if simple interventions were provided effectively where they are needed most.</s>
    <s id="11">In other words, up to three million babies needlessly die each year.</s>
  </p>
  <p id="5">
    <s id="12">Well known, low-cost, and low-tech interventions do not reach those most in need – for example immunization against tetanus, exclusive breastfeeding, simple care for low-weight babies, and antibiotics for infection.</s>
    <s id="13">Such interventions are extremely cost-effective, and packaging these interventions together and linking them with other health programs reduces costs further.</s>
  </p>
  <p id="6">
    <s id="14">Saving lives requires that mothers and babies in the highest-mortality countries be reached at the time of greatest risk.</s>
    <s id="15">Currently, only about half of all women worldwide deliver with a skilled attendant present.</s>
    <s id="16">In sub-Saharan Africa, less than 40% of women deliver with skilled care; in South Asia, the figure is less than 30%.</s>
    <s id="17">Latin America and Southeast Asia have rapidly increased coverage, but at the current rate of progress in Africa, 50% of women will still deliver without skilled care in the year 2015.</s>
    <s id="18">In Ethiopia, a quarter of pregnant women in the highest income group use skilled care at delivery, compared to 1% of the poorest women.</s>
  </p>
  <p id="7">
    <s id="19">Low-income countries have demonstrated that rapid progress is possible.</s>
    <s id="20">Sri Lanka, Indonesia, Peru, and Botswana all halved neonatal mortality during the 1990s.</s>
    <s id="21">These countries’ success has depended on sustained high-level political commitment to providing high-quality maternal and newborn care.</s>
  </p>
  <p id="8">
    <s id="22">In particular, integrated planning is essential.</s>
    <s id="23">In India, newborn health forms part of the national Reproductive and Child Health Program.</s>
    <s id="24">In Ethiopia, newborn care is being incorporated into a new community-based healthcare program.</s>
  </p>
  <p id="9">
    <s id="25">Of course, there is no “one-size-fits-all” solution.</s>
    <s id="26">The numbers and causes of neonatal deaths, the capacity of the health system, and the obstacles faced differ between and within countries, as does support from policymakers and the availability of resources.</s>
  </p>
  <p id="10">
    <s id="27">The additional cost of maintaining essential newborn health interventions at 90% coverage in the 75 countries with the highest mortality is estimated to be a mere $4.1billion per year.</s>
    <s id="28">This would supplement current spending of $2 billion, only about 30% of which is for interventions specifically aimed at newborns, while the majority is for interventions that also benefit mothers and older children.</s>
  </p>
  <p id="11">
    <s id="29">Even with a weak health system, it is possible to achieve measurable mortality reduction.</s>
    <s id="30">But the world needs to act now to generate the political will and financial resources needed to save the lives of up to three million babies who die each year simply because they are born without the basic care that is their right.</s>
  </p>
  <p id="12">
    <s id="31">Indeed, to continue to fail the world’s at-risk children is to deliver a verdict of wanton inhumanity against ourselves, for we are a knowing party to an entirely preventable mass destruction of human life.</s>
  </p>
</document>
