<?xml version="1.0" encoding="utf-8"?>
<document>
  <HEADLINE>
    <s id="1">The Perils of Economic Consensus</s>
  </HEADLINE>
  <p id="1">
    <s id="2">PRINCETON – The Initiative on Global Markets, based at the University of Chicago, periodically surveys a group of leading academic economists, of varying political persuasions, on the issues of the day.</s>
    <s id="3">Its latest roundup asked whether President Barack Obama’s stimulus plan helped to reduce unemployment in the United States.</s>
  </p>
  <p id="2">
    <s id="4">Officially known as the American Recovery and Reinvestment Act of 2009, the plan entailed government spending of more than $800 billion on infrastructure, education, health, and energy, tax incentives, and various social programs.</s>
    <s id="5">Implemented in the midst of an economic crisis, it was the classic Keynesian response.</s>
  </p>
  <p id="3">
    <s id="6">The economists were virtually unanimous.</s>
    <s id="7">Thirty-six of the 37 top economists who responded to the survey said that the plan had been successful in its avowed objective of reducing unemployment.</s>
    <s id="8">The University of Michigan economist Justin Wolfers cheered the consensus in his New York Times blog.</s>
    <s id="9">The virulent public debate about whether fiscal stimulus works, he complained, has become totally disconnected from what experts know and agree on.</s>
  </p>
  <p id="4">
    <s id="10">In fact, economists agree on many things, a number of which are politically controversial.</s>
    <s id="11">The Harvard economist Greg Mankiw listed some of them in 2009.</s>
    <s id="12">The following propositions garnered support from at least 90% of economists: import tariffs and quotas reduce general economic welfare; rent controls reduce the supply of housing; floating exchange rates provide an effective international monetary system; the US should not restrict employers from outsourcing work to foreign countries; and fiscal policy stimulates the economy when there is less than full employment.</s>
  </p>
  <p id="5">
    <s id="13">This consensus about so many important issues contrasts rather starkly with the general perception that economists rarely agree on anything.</s>
    <s id="14">“If all the economists were laid end to end,” George Bernard Shaw famously quipped, “they would not reach a conclusion.”</s>
    <s id="15">Frustrated by the conflicting and hedged advice that he was receiving from his advisers, President Dwight Eisenhower is said to have asked once for a “one-handed economist.”</s>
  </p>
  <p id="6">
    <s id="16">No doubt, there are many public-policy questions that economists debate vigorously.</s>
    <s id="17">What should the top income-tax rate be?</s>
    <s id="18">Should the minimum wage be raised?</s>
    <s id="19">Should the fiscal deficit be reduced by raising taxes or cutting spending?</s>
    <s id="20">Do patents stimulate or impede innovation?</s>
    <s id="21">On these and many other issues, economists tend to be good at seeing both sides of the issue, and I suspect that a survey on such questions would reveal little consensus.</s>
  </p>
  <p id="7">
    <s id="22">A consensus among economists can arise for both good and bad reasons.</s>
    <s id="23">Sometimes a consensus is innocuous enough, as when you hear economists argue that one ignores the role of incentives at one’s peril.</s>
    <s id="24">Can anyone really disagree with that?</s>
    <s id="25">Sometimes it is restricted to a particular episode and is based on evidence accumulated after the fact: Yes, the Soviet economic system was hugely inefficient; yes, the Obama fiscal stimulus of 2009 did reduce unemployment.</s>
  </p>
  <p id="8">
    <s id="26">But when a consensus forms around the universal applicability of a specific model, the critical assumptions of which are likely to be violated in many settings, we have a problem.</s>
  </p>
  <p id="9">
    <s id="27">Consider some of the areas of widespread agreement that I listed above.</s>
    <s id="28">The proposition that trade restrictions reduce economic welfare is certainly not generally valid, and it is violated when certain conditions – such as externalities or increasing returns to scale – are present.</s>
    <s id="29">Moreover, it requires that economists make value judgments on distributional effects, which are better left to the electorate itself.</s>
  </p>
  <p id="10">
    <s id="30">Likewise, the proposition that rent controls reduce the supply of housing is violated under conditions of imperfect competition.</s>
    <s id="31">And the proposition that floating exchange rates are an effective system relies on assumptions about the workings of the monetary and financial system that have proved problematic;</s>
    <s id="32">I suspect a poll today would find significantly less support for it.</s>
  </p>
  <p id="11">
    <s id="33">Perhaps economists tend to agree that certain assumptions are more prevalent in the real world.</s>
    <s id="34">Or they think that one set of models works better “on average” than another.</s>
    <s id="35">Even so, as scientists, should they not adorn their endorsements with the appropriate caveats?</s>
    <s id="36">Shouldn’t they worry that categorical statements such as those above may prove to be misleading in at least some settings?</s>
  </p>
  <p id="12">
    <s id="37">The problem is that economists often confuse a model for the model.</s>
    <s id="38">When that happens, a consensus is certainly not something to cheer about.</s>
  </p>
  <p id="13">
    <s id="39">Two kinds of mischief may then follow.</s>
    <s id="40">First, there are errors of omission – cases in which blind spots in the consensus prevent economists from being able to see troubles looming ahead.</s>
    <s id="41">A recent example is the failure of economists to grasp the dangerous confluence of circumstances that produced the global financial crisis.</s>
    <s id="42">The oversight was not due to the lack of models of bubbles, asymmetric information, distorted incentives, or bank runs.</s>
    <s id="43">It was due to the fact that such models were neglected in favor of models that stressed efficient markets.</s>
  </p>
  <p id="14">
    <s id="44">Then there are the errors of commission – cases in which economists’ fixation on one particular model of the world makes them complicit in the administration of policies whose failure could have been predicted ahead of time.</s>
    <s id="45">Economists’ advocacy of neoliberal “Washington Consensus” policies and of financial globalization falls into this category.</s>
    <s id="46">What happened in both cases is that economists overlooked serious second-best complications, such as learning externalities and weak institutions, which blunted the reforms and, in some cases, caused them to backfire.</s>
  </p>
  <p id="15">
    <s id="47">Disagreements among economists are healthy.</s>
    <s id="48">They reflect the fact that their discipline comprises a diverse collection of models, and that matching reality to model is an imperfect science with a lot of room for error.</s>
    <s id="49">It is better for the public to be exposed to this uncertainty than for it to be lulled into a false sense of security based on the appearance of certain knowledge.</s>
  </p>
</document>
