<?xml version="1.0" encoding="utf-8"?>
<document>
  <HEADLINE>
    <s id="1">Trouble Amid Plenty in Emerging Africa</s>
  </HEADLINE>
  <p id="1">
    <s id="2">NEW YORK – Africa is changing dramatically – and so are outsiders’ attitudes toward it, with the US finally seeming determined to catch up with China, Europe, and India in their interest in the continent.</s>
    <s id="3">US President Barack Obama’s recent summit with 40 African heads of state and more than 200 US and African business leaders suggests a new, more confident mood.</s>
    <s id="4">That is encouraging; but as long as parts of Sub-Saharan Africa continue to struggle with violent conflict, poverty, and corruption, the continent’s economic potential will not be fully realized.</s>
  </p>
  <p id="2">
    <s id="5">Africa’s economic growth and commercial opportunities are exciting and enticing.</s>
    <s id="6">The region’s 300 million-strong middle class is growing by more than 5% annually.</s>
    <s id="7">The continent leads in mobile banking.</s>
    <s id="8">Consumer spending per capita is close to Indian and Chinese levels.</s>
    <s id="9">If foreign investment, in partnership with the continent’s vibrant private sector, can benefit key sectors – particularly education, health care, and infrastructure – Africa may gain the broad-based development boost that its people need.</s>
  </p>
  <p id="3">
    <s id="10">But investment and growth – “Africa rising” – are only part of the story.</s>
    <s id="11">There is also the Africa that is struggling, with conflict and crisis afflicting much of the continent, especially the tens of millions of people living in a belt of countries running from Mali to Somalia.</s>
    <s id="12">Even before the recent Ebola outbreak in Liberia and Sierra Leone, South Sudan, the Central African Republic (CAR), and Mali were at risk of joining a long list of fragile or failing states that already includes Somalia and the Democratic Republic of Congo.</s>
    <s id="13">Ethnic, religious, economic, and other forms of strife in these countries too often overshadow the objectives of effective governance and the delivery of the most basic services.</s>
  </p>
  <p id="4">
    <s id="14">These countries come to the wider world’s attention – and then only briefly – following a mass killing or a refugee crisis.</s>
    <s id="15">Then attention shifts, leaving problems to grow and living conditions to worsen.</s>
    <s id="16">In South Sudan, the world’s newest country, political unity across ethnic lines was maintained during the fight for independence, but collapsed this year into violent conflict.</s>
    <s id="17">Roughly 1.5 million people have now lost their homes, and 400,000 have fled to neighboring states.</s>
  </p>
  <p id="5">
    <s id="18">Amid the widespread terror, no one is safe.</s>
    <s id="19">In April, my own organization lost two staff members working inside a United Nations compound with displaced people.</s>
    <s id="20">And, in early August, seven locally hired aid workers were targeted and executed.</s>
  </p>
  <p id="6">
    <s id="21">In the CAR, attacks on Christians by Muslim ex-Séléka fighters have been superseded by Christian and animist Anti-balaka militias’ violence against fleeing Muslims.</s>
    <s id="22">CAR’s Muslim population has dropped from an estimated 15% to less than 5%.</s>
    <s id="23">As always, women and children suffer the most.</s>
    <s id="24">In the past three months alone, International Rescue Committee centers in the CAR’s capital, Bangui, have witnessed a surge of women escaping violence and abuse.</s>
  </p>
  <p id="7">
    <s id="25">Help is urgently needed but slow to come.</s>
    <s id="26">The UN appeal to raise $565 million for the CAR is still only 39% funded.</s>
    <s id="27">The UN appeal for South Sudan, which faces famine after fighting prevented farmers from planting crops, has reached only half of its funding target.</s>
    <s id="28">Donor fatigue – and the multitude of global crises now confronting policymakers – is taking its toll.</s>
  </p>
  <p id="8">
    <s id="29">Humanitarian action is undoubtedly essential to address immediate crises.</s>
    <s id="30">But it is important to recognize that, just as political crises often lead to humanitarian crises, humanitarian need can cause political instability, with mass exodus from crisis-ridden neighboring countries destabilizing entire regions.</s>
    <s id="31">Indeed, civil wars are rarely contained within the countries where they begin.</s>
  </p>
  <p id="9">
    <s id="32">Refugee problems are deeply rooted.</s>
    <s id="33">Half of the world’s poor, for example, live in fragile and conflict-ridden states – 20% more than ten years ago – and 75% of refugees live among locals in urban areas.</s>
    <s id="34">Crisis and under-development are closely interlinked.</s>
  </p>
  <p id="10">
    <s id="35">We increasingly know what kind of humanitarian action works.</s>
    <s id="36">Community-based initiatives that build trust are better than centrally or externally administered projects.</s>
    <s id="37">Empowering women to protect themselves from violence, or teaching displaced children how to cope with their trauma, are among the most effective paths to recovery.</s>
    <s id="38">We also know that without security, there can be no development.</s>
    <s id="39">Today, more than 100,000 UN and African Union peacekeepers are stretched across struggling African states.</s>
    <s id="40">More are needed, especially in the CAR and South Sudan.</s>
  </p>
  <p id="11">
    <s id="41">Economic investment in Africa is important and deserves serious thought and long-term planning.</s>
    <s id="42">The Obama administration is right to promote commercial opportunities on the continent.</s>
    <s id="43">But that alone will not address the sources of violent conflict that still blight millions of lives.</s>
    <s id="44">Humanitarian relief must stand alongside economic development and good governance as the pillars of Africa’s drive to achieve its true potential.</s>
  </p>
</document>
