<?xml version="1.0" encoding="utf-8"?>
<document>
  <HEADLINE>
    <s id="1">Making the Most of More Aid</s>
  </HEADLINE>
  <p id="1">
    <s id="2">PARIS – The effort to eradicate global poverty has never been more intense.</s>
    <s id="3">In 2014, for the second consecutive year, official development assistance (ODA) totaled a historic high of $135 billion, according to new OECD data.</s>
    <s id="4">This indicates that advanced economies remain committed to promoting global development, despite their own recent problems.</s>
  </p>
  <p id="2">
    <s id="5">Add to this total the substantial spending by China, Arab states, and Latin American countries in the form of investments and loans, and it is clear that flows of ODA toward the developing world have reached unprecedented levels.</s>
    <s id="6">And yet happiness about the headline numbers should not be allowed to obscure opportunities to channel these funds more effectively.</s>
  </p>
  <p id="3">
    <s id="7">Official aid from donor countries has helped to halve extreme poverty and child mortality, and it has driven progress on many other fronts as well.</s>
    <s id="8">But it is becoming clear that sustained flows of development aid will not be enough to eradicate extreme poverty by 2030 and implement the new United Nations Sustainable Development Goals, which are to be agreed upon later this year.</s>
  </p>
  <p id="4">
    <s id="9">The money being spent on aid today could have a substantially greater impact if it were used to mobilize domestic tax flows and private investment in aid-dependent countries.</s>
    <s id="10">This use of ODA can be better captured in the new indicator introduced on April 8 by the OECD: Total Official Support for Development.</s>
  </p>
  <p id="5">
    <s id="11">On average, developing countries raise 17% of their GDP in taxes, compared with 34% in OECD countries.</s>
    <s id="12">Some collect as little as 10%.</s>
    <s id="13">Much of the lost tax revenue escapes in illicit flows and ends up abroad.</s>
  </p>
  <p id="6">
    <s id="14">Africa, for example, loses around $50 billion a year in illicit flows, much more than it receives in development aid.</s>
    <s id="15">Enabling developing countries to generate just 1% more of GDP in taxes would mobilize twice as much money as the total amount of ODA – and all of it could be channeled into education, health, security, or cash disbursement schemes.</s>
  </p>
  <p id="7">
    <s id="16">The returns from money spent on strengthening tax systems can be staggering.</s>
    <s id="17">In Kenya, Tax Inspectors Without Borders, a project led by the OECD, found that every dollar spent working with authorities on cracking down on tax avoidance produced $1,290 in increased revenues.</s>
    <s id="18">Similarly, in the Philippines, a half-million dollars provided to support tax reform generated well over $1 billion in additional tax receipts.</s>
    <s id="19">Yet today, only 0.1% of all development aid, just under $120 million, goes toward supporting tax systems in developing countries.</s>
  </p>
  <p id="8">
    <s id="20">Development aid, properly channeled, also has the potential to mobilize private investment if it is spent to reduce risk.</s>
    <s id="21">Guarantees, soft loans, and equity investments backed by development aid can help attract investors, as has occurred with solar energy projects in Mali and manufacturing plants in Ethiopia.</s>
    <s id="22">In 2014, then-EU Commissioner for Development Andris Piebalgs reported that grants worth €2.1 billion ($2.2 billion) had “achieved an estimated leverage of €40.7 billion in 226 projects since 2007.”</s>
  </p>
  <p id="9">
    <s id="23">It is important, too, that aid target the areas where it is most needed.</s>
    <s id="24">Even as aid remained at record levels last year, funds provided to the world’s least-developed countries actually dropped.</s>
    <s id="25">Long-standing programs in better-off countries received greater amounts of money, while a string of poorer candidates were once again overlooked.</s>
  </p>
  <p id="10">
    <s id="26">When world leaders meet in Addis Ababa in July for the Financing for Sustainable Development Summit, they must agree to channel aid to those countries with the least access to other sources of finance, the greatest difficulty in attracting investors, and the weakest tax systems.</s>
    <s id="27">Vulnerable groups, such as ethnic and religious minorities and indigenous rural populations struggling to break out of poverty, should receive special attention.</s>
  </p>
  <p id="11">
    <s id="28">The 29 member countries of the OECD’s Development Assistance Committee have committed to reversing the decline in aid to the world’s poorest countries.</s>
    <s id="29">These donor countries have also pledged to meet a UN target of spending at least 0.15% of their gross national income on development assistance to the least-developed countries.</s>
    <s id="30">Moreover, they have agreed on new rules that should channel more resources on softer terms to the poorest countries, and that implement new safeguards to ensure debt sustainability.</s>
  </p>
  <p id="12">
    <s id="31">We are the first generation in human history with the means to pull every person on the planet out of abject poverty.</s>
    <s id="32">There is enough money in the world.</s>
    <s id="33">It is critical that we use it more wisely.</s>
  </p>
</document>
