<?xml version="1.0" encoding="utf-8"?>
<document>
  <HEADLINE>
    <s id="1">The Power of Dialogue in a Disrupted World</s>
  </HEADLINE>
  <p id="1">
    <s id="2">GENEVA – Closing the divides in our fractured world will require collaboration among many stakeholders.</s>
    <s id="3">And, more often than not, it is dialogue that sets cooperation apart from conflict, and progress from painful reversals of fortune.</s>
  </p>
  <p id="2">
    <s id="4">Good-faith dialogue – the ability to see the world through the eyes of other people, especially those with whom we disagree – has never been more important.</s>
    <s id="5">We are living in an age when the Internet and other information and communications technologies have broken down traditional borders and brought us closer together.</s>
    <s id="6">But it is also an age in which the drumbeat of nationalism is pushing us further apart.</s>
    <s id="7">In the absence of calm, constructive, and sometimes uncomfortable conversations about what kind of future we want, intolerance and isolationism threaten to roll back centuries of progress.</s>
  </p>
  <p id="3">
    <s id="8">The stakes really are that high.</s>
    <s id="9">The World Economic Forum’s 2018 Global Risks Report shows that an overwhelming majority of experts worldwide believe that a catastrophic conflict between major powers could erupt this year.</s>
    <s id="10">In the meantime, problems within countries will continue to fuel public suspicion that the system is rigged to favor elites.</s>
    <s id="11">Chief among those problems are rising inequality and declining social mobility.</s>
    <s id="12">According to the International Monetary Fund, income inequality has increased in 53% of all countries over the past 30 years, and particularly in advanced economies.</s>
  </p>
  <p id="4">
    <s id="13">The Greek Stoic philosopher Epictetus once said, “We have two ears and one mouth so that we can listen twice as much as we speak.”</s>
    <s id="14">The same principle applies to dialogue, which requires that we listen to different perspectives, and always keep an open mind.</s>
    <s id="15">In 2018, that means heeding the public’s grievances, and working together toward collective solutions.</s>
    <s id="16">Only joint responses will suffice to tackle the complex problems we face.</s>
  </p>
  <p id="5">
    <s id="17">The indispensability of multi-stakeholder dialogue to global progress is why it is the cornerstone of the Forum’s guiding ethos.</s>
    <s id="18">Beyond the vital work of organizations such as the United Nations, the Forum has created a space on the world stage where business leaders can rub shoulders with labor activists, and world leaders can talk – but, more important, listen.</s>
  </p>
  <p id="6">
    <s id="19">Back in 1987, the WEF’s annual meeting in Davos played a key role in preventing a war between Greece and Turkey.</s>
    <s id="20">Turgut Őzal, Turkey’s prime minister at the time, met with his Greek counterpart, Andreas Papandreou, and the two men formed a bond of trust that helped stave off a military conflict.</s>
  </p>
  <p id="7">
    <s id="21">In Davos this year, a group of Israeli and Palestinian business leaders met to renew their commitment to a two-state solution, and pledged their support for strengthening the Palestinian economy.</s>
  </p>
  <p id="8">
    <s id="22">Moreover, Greek Prime Minister Alexis Tsipras and the prime minister of the Former Yugoslav Republic of Macedonia (FYROM), Zoran Zaev, held the first prime-ministerial-level meeting between their two countries in seven years.</s>
    <s id="23">Together, they advanced negotiations to end a lingering dispute that has stymied FYROM’s bid for European Union accession.</s>
    <s id="24">Last but not least, Davos hosted diplomatic talks to bolster ongoing multilateral peacemaking and political-reconciliation efforts on the Korean Peninsula, in Venezuela, and in Sub-Saharan Africa and Somalia.</s>
  </p>
  <p id="9">
    <s id="25">In 2018 and in the years ahead, longstanding geopolitical challenges will persist alongside fresh disruptions from the digital world.</s>
    <s id="26">The Fourth Industrial Revolution and its attendant technologies – artificial intelligence (AI), bioengineering, and so forth – offer abundant opportunities for material and social progress.</s>
    <s id="27">But they are also upending established business models and pushing modern warfare in frightening new directions.</s>
  </p>
  <p id="10">
    <s id="28">The dilemmas confronting us today are profound.</s>
    <s id="29">Should driverless vehicles value the lives of their passengers over those of pedestrians?</s>
    <s id="30">Is there still such a thing as privacy in a world of facial recognition software and big-data applications?</s>
    <s id="31">Should companies be able to patent human genes that they have isolated?</s>
    <s id="32">Should AI make battlefield decisions?</s>
  </p>
  <p id="11">
    <s id="33">None of these questions can be answered without thoughtful, open dialogue between segments of society that rarely interact.</s>
    <s id="34">Technology companies, start-ups, international organizations, academics, and civil-society leaders need to come together with regulators and policymakers to develop measures that will limit the risks of new technologies without restricting innovation.</s>
  </p>
  <p id="12">
    <s id="35">The Forum’s San Francisco-based Center for the Fourth Industrial Revolution was founded in 2016 to facilitate this type of dialogue.</s>
    <s id="36">And it has already brought together various stakeholders to formulate policy responses to the challenges posed by AI and machine learning, the Internet of Things, digital trade and cross-border data flows, civilian drones, and blockchain technology.</s>
  </p>
  <p id="13">
    <s id="37">The world needs more of this kind of cooperative dialogue.</s>
    <s id="38">Many people might hanker for a return to the supposedly simpler world of the past.</s>
    <s id="39">But withdrawing into our cultures, nations, industries, and organizations is not the answer.</s>
    <s id="40">In fact, it is part of the problem.</s>
    <s id="41">For the sake of our shared future, we must recognize the power of dialogue.</s>
  </p>
</document>
