<?xml version="1.0" encoding="utf-8"?>
<document>
  <HEADLINE>
    <s id="1">Dispersing the Terrorist Storm</s>
  </HEADLINE>
  <p id="1">
    <s id="2">WARSAW – On September 11, 2001 at three p.m., Warsaw time, I was talking on the telephone with Poland’s Consul General in New York.</s>
    <s id="3">She informed me that two planes had hit the World Trade Center.</s>
    <s id="4">That moment, I realized, was more than just a plane crash.</s>
    <s id="5">The United States, the world, indeed our very lives, were about to change fundamentally.</s>
  </p>
  <p id="2">
    <s id="6">Ten years later, it is clear that the fanatics behind those attacks miscalculated in two central respects.</s>
    <s id="7">They regarded Western democracies as weak – unwilling or unable to respond to their evil extremism.</s>
    <s id="8">And they expected Muslim communities and countries around the world to rise up and mobilize behind their millenarian worldview.</s>
  </p>
  <p id="3">
    <s id="9">But, far from being uncertain or indecisive, the democratic world responded with unrelenting determination to terrorist outrages of all shapes and sizes.</s>
    <s id="10">Across Europe and in America, new arrangements have been set up to pool information about possible terrorist attacks and take the speedy (and sometimes robust) action needed to prevent or disrupt them.</s>
    <s id="11">Where possible, we work closely with India, Russia, Pakistan, the Gulf states, and other key international partners.</s>
  </p>
  <p id="4">
    <s id="12">The institutions and policies established by the European Union are a vivid example of the unobtrusive benefits of modern cross-border integration.</s>
    <s id="13">EU member states share highly sensitive intelligence and police information as never before, thereby increasing public security while upholding world-class legal and democratic standards.</s>
    <s id="14">These operational measures have been complemented by carefully calibrated policies that aim to acknowledge social diversity but reduce the political space available for intolerance and bigotry.</s>
  </p>
  <p id="5">
    <s id="15">Success does not come easy.</s>
    <s id="16">Most of Al Qaeda’s leaders are dead, but our democracies rightly experience impassioned debates about means and ends, and about the balance between individual freedom and state authority.</s>
    <s id="17">In the current difficult global economic climate, public concerns about immigration and access to jobs inevitably grow more acute, increasing the risk that rival forms of lumpen populism and associated tensions will emerge.</s>
  </p>
  <p id="6">
    <s id="18">Above all, the West’s effective crackdown on domestic extremism has tended to drive would-be terrorists – now often based in remote parts of the world, where they hope to operate with impunity – to higher levels of technical sophistication.</s>
    <s id="19">As a result, painful policy dilemmas arise, and they can divide even the closest allies.</s>
    <s id="20">How best to respond if some states cannot or will not take the necessary steps to thwart terrorist planning on their territory?</s>
    <s id="21">How to deal with evidence of terrorist planning gleaned from states suspected of practicing torture?</s>
  </p>
  <p id="7">
    <s id="22">The sheer nihilistic irrationality of terrorism strains and tests our own beliefs like nothing else can.</s>
    <s id="23">Yet the terrorist blows inflicted on New York, London, and Madrid over the past decade have not shaken Western democracies.</s>
    <s id="24">Our societies are more resilient, open, and diverse than ever.</s>
  </p>
  <p id="8">
    <s id="25">That said, we are not doomed to succeed.</s>
    <s id="26">Even well-intentioned social policies can have unwelcome consequences.</s>
    <s id="27">Above all, we should be grateful to the police forces and intelligence agencies whose unflagging hard work and dedication far away from the public eye help keep us safe.</s>
  </p>
  <p id="9">
    <s id="28">The 9/11 terrorists’ second blunder was to believe that their terrorist attacks would inspire irresistible surge in anti-Western Islamist extremism.</s>
    <s id="29">In some parts of the world, radicalization of this sort did take place.</s>
    <s id="30">Yet, since 9/11, most victims of Islamist-inspired terrorist extremism – often in the vile form of suicide attacks – have been Muslims, in Iraq, Pakistan, and elsewhere.</s>
    <s id="31">Terrorist groups have to resort to organized crime to fund themselves.</s>
  </p>
  <p id="10">
    <s id="32">In short, far from leading some sort of worldwide Islamist revolution, the violent fanaticism of Al Qaeda and other organizations now resembles a repulsive, but manageable, form of ideological toxic waste.</s>
    <s id="33">And the focus this year has shifted decisively away from it.</s>
    <s id="34">Millions of people in North Africa and the Middle East have started to demand a normal society with basic democratic rights and, above all, the rule of law.</s>
    <s id="35">They welcome measured and respectful US, European, and wider support.</s>
  </p>
  <p id="11">
    <s id="36">Faced with this unexpected challenge, some desperate rulers, above all now in Syria, have been using repressive, even terrorist methods against their open people.</s>
    <s id="37">European pressure on President Bashar al-Assad’s regime is intensifying.</s>
    <s id="38">In Libya, Col. Muammar el-Qaddafi’s appalling tyranny has collapsed; the EU will be generous in helping the Libyan people start to build a modern pluralist society.</s>
    <s id="39">Poland’s initiative to create a European Endowment for Democracy could play a leading role here, and with Europe’s own unfinished business of democratization in Belarus and elsewhere, like backsliding Ukraine.</s>
  </p>
  <p id="12">
    <s id="40">Few people decide to commit terrorist outrages.</s>
    <s id="41">Of those who do, a minute fraction actually tries to carry them out, and only a tiny number of those succeed.</s>
    <s id="42">But the main lesson of 9/11 is that in any free society a tiny number of people can exploit their freedom and do vast damage, especially when the underlying motivation is incoherent.</s>
    <s id="43">This is exemplified in very different ways by the murderous killing spree in Norway in July, and now by WikiLeaks’ disgraceful release of huge numbers of unredacted diplomatic cables.</s>
  </p>
  <p id="13">
    <s id="44">The terrorism threat ten years from now probably will be even more diverse and unpredictable.</s>
    <s id="45">In Europe various homegrown “single issue” extremist groups need close monitoring.</s>
    <s id="46">In each case, we see obsessive people arrogating to themselves the right to decide others’ fate, and using modern technology for their harmful purposes.</s>
    <s id="47">By its very nature, this sort of disaggregated but highly focused threat is almost impossible to identify and intercept in advance.</s>
  </p>
  <p id="14">
    <s id="48">Of course, the democratic world cannot build a bomb-proof house.</s>
    <s id="49">But we can minimize risk by remaining vigilant and upholding at all times the values on which our societies are based.</s>
  </p>
</document>
