<?xml version="1.0" encoding="utf-8"?>
<document>
  <HEADLINE>
    <s id="1">Does Capitalism Have a Future?</s>
  </HEADLINE>
  <p id="1">
    <s id="2">NEW YORK – As 2008 came to a close, many Europeans began to speak about the end of capitalism.</s>
    <s id="3">They forget that capitalism in Europe had already once given way – often violently – to statism and corporatism in the 1930’s, to be revived in only a handful of countries in the 1980’s.</s>
  </p>
  <p id="2">
    <s id="4">In view of the current financial crisis – the latest in a series that capitalism has seen – it is fair to ask whether the benefits of capitalism, if any, still exceed the costs.</s>
    <s id="5">Although Marx confessed considerable admiration for capitalism, it is now suggested that the good in it – entrepreneurship – can be genetically engineered in another sort of system without the destructiveness to which capitalism is predisposed.</s>
  </p>
  <p id="3">
    <s id="6">Capitalism was first admired for being “progressive,” as Marx put it.</s>
    <s id="7">When productivity rose, it did not fall back again.</s>
    <s id="8">In fact, with the emergence, piece by piece, of finance capitalism, circa 1820, productivity took off in one European country after another – Great Britain, Belgium, France, Germany, and Austria.</s>
    <s id="9">Productivity sped up even more – began rising even earlier – in the United States.</s>
    <s id="10">The paltry historical data available for analysis suggest that, around 1820 or so, wages (adjusted down for bouts of inflation in prior decades and up for deflation in subsequent decades) took off in a similar fashion.</s>
  </p>
  <p id="4">
    <s id="11">Nowadays, there is a respectable body of opinion that questions whether growth in productivity beyond the towering levels seen today is of any great value compared to the fearsome costs that are taken as given in most discussion.</s>
    <s id="12">But, in my thinking and empirical research, this fashionable hypothesis cannot stand.</s>
  </p>
  <p id="5">
    <s id="13">First of all, Europeans think of capitalism as the “free market” – laissez-faire.</s>
    <s id="14">But capitalism means openness to bottom-up innovation.</s>
    <s id="15">Capitalism does not per se threaten anyone’s welfare benefits.</s>
  </p>
  <p id="6">
    <s id="16">The fashionable hypothesis denies even the most obvious benefit.</s>
    <s id="17">I concede that the salaries of my overpaid friends are high enough to meet virtually all of their foreseeable needs.</s>
    <s id="18">Even my own salary suffices to meet my own.</s>
    <s id="19">But increases in productivity almost always lead to increases in pay across the economy.</s>
    <s id="20">And increases in the general pay level have a social value that is of huge benefit.</s>
  </p>
  <p id="7">
    <s id="21">These increases make it possible for more people to shun dull, tedious, or onerous work in favor of stimulating, engaging, and mind-expanding work.</s>
    <s id="22">The “dark Satanic mills” of Marx’s era are gone thanks to greater productivity, not greater state regulation.</s>
  </p>
  <p id="8">
    <s id="23">The other difficulty with that fashionable hypothesis is that most of the alleged costs are illusory or trumped up.</s>
    <s id="24">The idea that a well-functioning capitalism makes for a weak job market, leading to higher unemployment and lower participation in the labor force, cannot be substantiated.</s>
    <s id="25">On the contrary, the innovations stimulated and facilitated by capitalism create jobs – in new companies started to develop new ideas, in marketing, and in managements that must keep abreast of new organizations and tools.</s>
  </p>
  <p id="9">
    <s id="26">The idea that ordinary people are anguished by the thought that other people have extraordinary wealth is also cultivated in fashionable circles without the presentation of any evidence.</s>
    <s id="27">Most people are practical enough to see that when, say, they have to go to the hospital for tests, what matters is whether the right kind of diagnostic machine is there for them, not whether there is a better machine for others somewhere else.</s>
  </p>
  <p id="10">
    <s id="28">True, capitalism creates disruption and uncertainty.</s>
    <s id="29">But we should not lose sight of the other side of that coin.</s>
    <s id="30">Capitalism is unique in stimulating entrepreneurs to dream up new commercial ideas and develop them for the market, and generating excitement for consumers in discovering the new.</s>
  </p>
  <p id="11">
    <s id="31">Perhaps the greatest accomplishment of capitalism was in transforming the workplace from one of routine, and thus boredom, into one of change, mental stimulus, challenge, problem solving, exploration, and sometimes discovery.</s>
    <s id="32">True, the assembly line, a brain-numbing experience, was a feature of capitalism from the pin factor that Adam Smith wrote about in 1776 until Henry Ford’s giant plants in the 1920’s.</s>
    <s id="33">But communist Russia and socialist Europe could not afford to do without assembly lines, either.</s>
    <s id="34">And, thanks to productivity growth, an ever larger share of jobs lay outside factories as well as farms.</s>
  </p>
  <p id="12">
    <s id="35">By the end of the nineteenth century, Europe, from Vienna and Berlin to Paris and London, was already celebrating the transformation of business life.</s>
    <s id="36">Of course, they saw that this excitement and engagement came at some cost in inconvenience and anxiety.</s>
    <s id="37">But the majority did not wish to return to the tranquility of the past.</s>
  </p>
  <p id="13">
    <s id="38">Yet return they did, though not intentionally, when statist and corporatist changes in the institutions of the economy curbed innovation and ambition, with the result that the workplace in Europe became once again as stultifying as it had been in the past.</s>
  </p>
  <p id="14">
    <s id="39">Today, sophisticated and well-meaning people suggest that we can revive entrepreneurship, but in a way that imbeds it in a new economy oriented toward social investment – to combat global warming, to develop energy savings, and so forth.</s>
    <s id="40">The trouble with that type of thinking, I believe, is that it will bureaucratize the economy, putting much of expenditure in government agencies and putting many companies on government contracts.</s>
  </p>
  <p id="15">
    <s id="41">In itself, that may be no problem.</s>
    <s id="42">But it will be if it stifles the ability of individuals to create innovations for an open marketplace.</s>
    <s id="43">There was a natural experiment in the 1930’s that tested this thesis: the newly bureaucratized economies of Western Europe were heavily out-innovated by the relatively unbureaucratized US economy.</s>
  </p>
  <p id="16">
    <s id="44">So, while 2008 was a year of challenge for the world economy, I am sure that those countries that value innovation are well advised to keep capitalism.</s>
  </p>
</document>
