<?xml version="1.0" encoding="utf-8"?>
<document>
  <HEADLINE>
    <s id="1">Doing Better on Climate Change</s>
  </HEADLINE>
  <p id="1">
    <s id="2">Los Angeles – Tackling global warming, we are often told, is the defining task of our age.</s>
    <s id="3">An army of pundits tells us that we need to cut emissions, and cut them immediately and drastically.</s>
    <s id="4">But this argument is clearly losing the battle for hearts and minds.</s>
  </p>
  <p id="2">
    <s id="5">Global warming has now become the lowest-priority policy problem among Americans, according to a new Pew survey.</s>
    <s id="6">Another Pew survey showed that China, the world's biggest emitter, cares even less than the US about global warming.</s>
    <s id="7">Just 24% of Chinese regard global warming as a very serious problem, making China the world's least concerned country.</s>
    <s id="8">In the UK, an Opinium survey shows that most voters think green taxes are mainly for raising cash rather than the environment, and 7 out of 10 are not willing to pay more in taxes to combat climate change.</s>
  </p>
  <p id="3">
    <s id="9">At the same time, the proposed solutions for the problem of global warming have been awful.</s>
    <s id="10">In Rio de Janeiro in 1992, politicians from wealthy countries promised to cut emissions by 2000, but did no such thing.</s>
    <s id="11">Leaders met again in Kyoto in 1997 and promised even stricter carbon cuts by 2010, yet emissions keep increasing, and Kyoto has done virtually nothing to change that.</s>
  </p>
  <p id="4">
    <s id="12">What is most tragic is that when leaders meet in Copenhagen this December, they will embrace more of the same solution: promises of even more drastic emission reductions that, once again, are unlikely to be fulfilled.</s>
    <s id="13">Measures that consistently over-promise and under-achieve at vast cost do not win hearts and minds in the best of times.</s>
    <s id="14">And this is manifestly not the best of times.</s>
  </p>
  <p id="5">
    <s id="15">Fortunately, we have a much better option, with a much better chance of success: we should make low-carbon energy sources like solar power become a real, competitive alternative to old energy sources, instead of the preserve of rich people who want to feel “greener.”</s>
  </p>
  <p id="6">
    <s id="16">We should therefore invest on an effective scale in inventing new technology.</s>
    <s id="17">Contrary to what one would imagine, the Kyoto Protocol has not prompted this research.</s>
    <s id="18">Indeed, research investment has plummeted since the 1980’s and has actually not increased since, even among Kyoto-participating countries.</s>
  </p>
  <p id="7">
    <s id="19">Investing heavily in research and development of low-carbon energy, solar power, or other new technologies would become cheaper than fossil fuels much more quickly.</s>
    <s id="20">Economic estimates show that for every $1 spent, we would do $16 worth of good.</s>
  </p>
  <p id="8">
    <s id="21">Every country should agree to spend 0.05% of its GDP on low-carbon energy R&amp;D. The total global cost would be 15 times higher than current spending on alternative energy research, yet six times lower than the cost of Kyoto.</s>
    <s id="22">An agreement of this nature could be the new Kyoto treaty for the world – the principal difference being that this protocol would actually make a difference and stand a good chance of global acceptance.</s>
  </p>
  <p id="9">
    <s id="23">Why not do both: invest in R&amp;D, but still promise to cut carbon emissions now?</s>
  </p>
  <p id="10">
    <s id="24">Kyoto-style policies can only ever be an expensive distraction from the real business of weaning us off fossil fuels.</s>
    <s id="25">There are two fundamental reasons why a focus on reducing carbon emissions is the wrong response to global warming.</s>
  </p>
  <p id="11">
    <s id="26">First, using fossil fuels remains the only way out of poverty for developing countries.</s>
    <s id="27">Coal provides half of the world’s energy.</s>
    <s id="28">In China and India, it accounts for about 80% of power generation, and is helping Chinese and Indian laborers enjoy a quality of life that their parents could barely imagine.</s>
    <s id="29">Capping emissions means, effectively, ending this success story for hundreds of millions of people.</s>
    <s id="30">There is no “green” energy source that is affordable enough to replace coal in the near future.</s>
    <s id="31">Instead, our upsized research will make green energy cheaper than fossil fuels by mid-century.</s>
  </p>
  <p id="12">
    <s id="32">Second, immediate carbon cuts are expensive – and the cost significantly outweighs the benefits.</s>
    <s id="33">If the Kyoto agreement had been fully implemented throughout this century, it would have cut temperatures only by an insignificant 0.2°C (0.3°F), at a cost of $180 billion every year.</s>
    <s id="34">In economic terms, Kyoto only does about 30 cents worth of good for each dollar spent.</s>
  </p>
  <p id="13">
    <s id="35">And deeper emissions cuts like those proposed by the European Union – 20% below 1990 levels within 12 years – would reduce global temperatures by only one-sixtieth of one degree Celsius (one-thirtieth of one degree Fahrenheit) by 2100, at a cost of $10 trillion.</s>
    <s id="36">For every dollar spent, we would do just four cents worth of good.</s>
  </p>
  <p id="14">
    <s id="37">The saddest thing about the global warming debate is that nearly all of the key protagonists – politicians, campaigners, and pundits – already know that the old-style agreement that is on the table for Copenhagen this December will have a negligible effect on temperatures.</s>
  </p>
  <p id="15">
    <s id="38">Unless we change direction and make our actions realistic and achievable, it is already clear that the declarations of “success” in Copenhagen this December will be meaningless.</s>
    <s id="39">We will make promises.</s>
    <s id="40">We will not keep them.</s>
    <s id="41">And we will waste another decade.</s>
    <s id="42">Instead, we must challenge the orthodoxy of Kyoto.</s>
    <s id="43">We can do better.</s>
  </p>
</document>
