<?xml version="1.0" encoding="utf-8"?>
<document>
  <HEADLINE>
    <s id="1">Dying to Live</s>
  </HEADLINE>
  <p id="1">
    <s id="2">FREETOWN, SIERRA LEONE – I was a young medical officer working at the Emergency Unit of the Ola During Children’s Hospital in Sierra Leone when I advised the mother of a child with severe malaria to tell a blatant lie.</s>
    <s id="3">Her daughter Mariama needed a life-saving blood transfusion.</s>
    <s id="4">But her mother had no money to pay for the screening tests and to compensate the blood donor.</s>
    <s id="5">I had seen many children die while their parents frantically sought the necessary funds.</s>
  </p>
  <p id="2">
    <s id="6">Determined to save Mariama’s life, I told her mother to go home and announce the death of her daughter.</s>
    <s id="7">I knew this would provoke the sympathy of her relatives, and they would scrape together their meager resources to ensure a proper funeral.</s>
    <s id="8">The mother agreed, and when she returned six hours later, she threw enough money on the table to cover all of Mariama’s care: a blood transfusion and treatment for malaria and worm infestation.</s>
    <s id="9">A few days later, I discharged the still weak but recovering four-year-old from the hospital.</s>
  </p>
  <p id="3">
    <s id="10">Though Mariama’s illness did not move her relatives to action, her death did.</s>
    <s id="11">The same thing happened, on a much larger scale, during the Ebola epidemic in West Africa.</s>
  </p>
  <p id="4">
    <s id="12">It is believed that the epidemic first took hold in the forested regions of Guinea in December 2013, then gradually spread into Sierra Leone and Liberia.</s>
    <s id="13">The international community watched as the disease ravaged the three countries, decimating villages, wiping out entire families, and bringing economies to a standstill.</s>
    <s id="14">But, at the start, it attracted little attention.</s>
    <s id="15">The international community was content to ignore the truth, until the epidemic had become so widespread that they no longer could.</s>
    <s id="16">By then, however, it was too late to avert a major catastrophe.</s>
  </p>
  <p id="5">
    <s id="17">We are still learning the full extent of the Ebola disaster in West Africa.</s>
    <s id="18">For fear of catching the disease, schools were closed, with students and teachers staying at home.</s>
    <s id="19">Indeed, many workers stayed home as well, causing restaurants, bars, and hotels to cease functioning and the economy to grind to a halt.</s>
    <s id="20">Half of all private-sector jobs were lost.</s>
    <s id="21">Farmers’ self-isolation led to a 30% drop in agricultural output.</s>
  </p>
  <p id="6">
    <s id="22">People’s social lives stalled as well.</s>
    <s id="23">A curfew was imposed in many districts, and long-distance travel was discouraged.</s>
    <s id="24">In several towns, accepting a visitor into your home meant the risk of a heavy fine.</s>
  </p>
  <p id="7">
    <s id="25">Nonetheless, the disease spread into urban areas and, like a wildfire, engulfed the three countries and spilled into others.</s>
    <s id="26">To date, more than 8,500 infections and 3,500 deaths have been reported just in Sierra Leone.</s>
  </p>
  <p id="8">
    <s id="27">The health sector has perhaps been the hardest hit.</s>
    <s id="28">The death of more than 220 health-care workers left only 3.4 skilled health personnel for every 10,000 citizens.</s>
    <s id="29">As fear of Ebola mounted, many citizens stopped using health services, reflected in a 23% drop in births in hospitals or clinics, a 21% drop in children receiving basic immunization, and a 39% drop in children treated for malaria.</s>
    <s id="30">As a result, these countries experienced a resurgence in vaccine-preventable diseases, malaria, maternal and child deaths, and acute malnutrition.</s>
    <s id="31">In this sense, the worst may be yet to come.</s>
  </p>
  <p id="9">
    <s id="32">But Sierra Leone is picking up the pieces, and has embarked on a two-year recovery plan.</s>
    <s id="33">The first priority is to get the number of Ebola cases to zero and keep it there.</s>
    <s id="34">This means changing the conditions that allowed it to spread so rapidly in the first place.</s>
  </p>
  <p id="10">
    <s id="35">The first step is to rebuild the health-care system.</s>
    <s id="36">The plan demands the restoration of health-care services in 40 hospitals and 1,300 primary health-care facilities across the country, so that children and mothers can receive free essential care, vaccinations, and treatment for diseases like tuberculosis, HIV/AIDS, and malaria.</s>
    <s id="37">Moreover, in order to bolster safety – and restore confidence – in the health-care system, the plan calls for better infection-control practices and training for a new cadre of skilled workers.</s>
    <s id="38">And it includes closer cooperation with community groups, which should be engaged in disease surveillance and response.</s>
  </p>
  <p id="11">
    <s id="39">The post-Ebola recovery will not be quick, easy, or cheap.</s>
    <s id="40">In Sierra Leone alone, it is expected to cost $1.3 billion – $896.2 million of which has yet to be procured.</s>
    <s id="41">To close that gap, we need help from our African partners and the broader international community.</s>
  </p>
  <p id="12">
    <s id="42">Many years ago, without the help of a lie, Mariama would have died.</s>
    <s id="43">Today, we do not need lies.</s>
    <s id="44">We need genuine engagement, open communication, and mutual accountability, at the local, national, regional, and global levels.</s>
    <s id="45">We have already seen how a lack of essential health-care services can devastate a country, taking thousands of lives and shattering many more.</s>
  </p>
  <p id="13">
    <s id="46">We came together as a country to beat Ebola, and we are committed to prevent future epidemics.</s>
    <s id="47">With ongoing international support, we will do just that.</s>
  </p>
</document>
