<?xml version="1.0" encoding="utf-8"?>
<document>
  <HEADLINE>
    <s id="1">Development for the People</s>
  </HEADLINE>
  <p id="1">
    <s id="2">NEW YORK – The Ebola epidemic in West Africa is destroying lives, decimating communities, and orphaning children at a rate not seen since the region’s brutal civil wars ended more than a decade ago.</s>
    <s id="3">In Liberia, 60% of markets are now closed; in Sierra Leone, only one-fifth of the 10,000 HIV patients who are on anti-retroviral treatments are still receiving them; and Guinea’s government is reporting a $220 million financing gap because of the crisis.</s>
    <s id="4">If the outbreak is not contained soon, most of the economic and social gains achieved since peace was restored in Liberia and Sierra Leone, and since Guinea’s democratic transition began, could be reversed.</s>
  </p>
  <p id="2">
    <s id="5">All three countries remain fragile, divided, and, as the current crisis highlights, uniquely prone to shocks.</s>
    <s id="6">More broadly, the region’s current crisis should inspire reflection about how the world supports and advances development.</s>
  </p>
  <p id="3">
    <s id="7">One important reason for these countries’ vulnerability is the consistent lack of investment in their populations, which has prevented ordinary citizens from reaping the benefits of economic growth.</s>
    <s id="8">Indeed, while the economies of Guinea, Liberia, and Sierra Leone grew rapidly in the ten years prior to the Ebola outbreak – at average annual rates of 2.8%, 10%, and 8%, respectively – their populations have seen little improvement in their daily lives.</s>
    <s id="9">More than 65% of foreign direct investment has gone toward mining and logging, which are notorious for generating little employment and concentrating wealth in the hands of a few.</s>
  </p>
  <p id="4">
    <s id="10">Likewise, though health services in Liberia and Sierra Leone improved after their civil wars ended, quality and coverage have remained well below West African standards.</s>
    <s id="11">When Ebola struck, Liberia had only 120 doctors for its four million citizens.</s>
    <s id="12">Add to that sprawling urban slums – semi-governed, overcrowded, and poorly sanitized – and it is not surprising that these countries have struggled to contain the epidemic.</s>
  </p>
  <p id="5">
    <s id="13">The threat that Ebola poses in all three countries extends beyond health care.</s>
    <s id="14">Throughout the region, a history of conflict and a legacy of poor governance have fueled a deep distrust of governments and state institutions, as indicated in a 2012 Afrobarometer survey.</s>
    <s id="15">Indeed, these countries’ lack of an established social contract has been the main obstacle to establishing political authority and effective governance.</s>
  </p>
  <p id="6">
    <s id="16">Moreover, this environment has created fertile conditions for the spread of wild theories including that the government and aid workers are conspiring to infect citizens.</s>
    <s id="17">Many people deny that the Ebola virus exists at all, claiming that their governments have invented it to raise additional funds – which they will never see – from the international community.</s>
  </p>
  <p id="7">
    <s id="18">Such doubts and fears are leading families to hide their dead and conduct funerals at night, with some communities going so far as to attack health workers.</s>
    <s id="19">All of this is making it extremely difficult to halt the spread of the disease.</s>
  </p>
  <p id="8">
    <s id="20">With a highly contagious and lethal virus devastating poor and fragmented societies that distrust their leaders, business as usual is not enough.</s>
    <s id="21">The only way to halt the current Ebola outbreak, and prevent similar epidemics, is to address the fundamental social and political vulnerabilities that have allowed the virus to flourish.</s>
  </p>
  <p id="9">
    <s id="22">The key is to place people at the center of development efforts, by increasing investments in health care, education, and other public services.</s>
    <s id="23">At the same time, a strong effort must be made to bolster job creation.</s>
    <s id="24">With a reliable support structure and adequate economic opportunity, households – and, in turn, countries – become more resilient.</s>
  </p>
  <p id="10">
    <s id="25">Those at the forefront of the fight against Ebola – including the United Nations Development Program – have been mobilizing communities against the disease, supporting medical teams, and helping survivors and families of the infected cope with the tragedy.</s>
    <s id="26">While these efforts could not be more important, they must be backed by a longer-term strategy to strengthen these fragile countries’ defenses.</s>
  </p>
  <p id="11">
    <s id="27">Ebola will be defeated, but the vulnerabilities that this outbreak has exposed should spur a fundamental shift in focus among policymakers.</s>
    <s id="28">The development approach that dominates global thinking today emphasizes economic growth and state-building over social progress.</s>
    <s id="29">But the only way to boost a society’s resilience and ability to trust impersonal institutions is to give the people who comprise it the tools – and confidence – they need to prosper.</s>
  </p>
</document>
