<?xml version="1.0" encoding="utf-8"?>
<document>
  <HEADLINE>
    <s id="1">The Lost Generations</s>
  </HEADLINE>
  <p id="1">
    <s id="2">NEW YORK – A country’s economic success depends on the education, skills, and health of its population.</s>
    <s id="3">When its young people are healthy and well educated, they can find gainful employment, achieve dignity, and succeed in adjusting to the fluctuations of the global labor market.</s>
    <s id="4">Businesses invest more, knowing that their workers will be productive.</s>
    <s id="5">Yet many societies around the world do not meet the challenge of ensuring basic health and a decent education for each generation of children.</s>
  </p>
  <p id="2">
    <s id="6">Why is the challenge of education unmet in so many countries?</s>
    <s id="7">Some are simply too poor to provide decent schools.</s>
    <s id="8">Parents themselves may lack adequate education, leaving them unable to help their own children beyond the first year or two of school, so that illiteracy and innumeracy are transmitted from one generation to the next.</s>
    <s id="9">The situation is most difficult in large families (say, six or seven children), because parents invest little in the health, nutrition, and education of each child.</s>
  </p>
  <p id="3">
    <s id="10">Yet rich countries also fail.</s>
    <s id="11">The United States, for example, cruelly allows its poorest children to suffer.</s>
    <s id="12">Poor people live in poor neighborhoods with poor schools.</s>
    <s id="13">Parents are often unemployed, ill, divorced, or even incarcerated.</s>
    <s id="14">Children become trapped in a persistent generational cycle of poverty, despite the society’s general affluence.</s>
    <s id="15">Too often, children growing up in poverty end up as poor adults.</s>
  </p>
  <p id="4">
    <s id="16">A remarkable new documentary film, The House I Live In, shows that America’s story is even sadder and crueler than that, owing to disastrous policies.</s>
    <s id="17">Starting around 40 years ago, America’s politicians declared a “war on drugs,” ostensibly to fight the use of addictive drugs like cocaine.</s>
    <s id="18">As the film clearly shows, however, the war on drugs became a war on the poor, especially on poor minority groups.</s>
  </p>
  <p id="5">
    <s id="19">In fact, the war on drugs led to mass incarceration of poor, minority young men.</s>
    <s id="20">The US now imprisons around 2.3 million people at any time, a substantial number of whom are poor people who are arrested for selling drugs to support their own addiction.</s>
    <s id="21">As a result, the US has ended up with the world’s highest incarceration rate – a shocking 743 people per 100,000!</s>
  </p>
  <p id="6">
    <s id="22">The film depicts a nightmarish world in which poverty in one generation is passed on to the next, with the cruel, costly, and inefficient “war on drugs” facilitating the process.</s>
    <s id="23">Poor people, often African-Americans, cannot find jobs or have returned from military service without skills or employment contacts.</s>
    <s id="24">They fall into poverty and turn to drugs.</s>
  </p>
  <p id="7">
    <s id="25">Instead of receiving social and medical assistance, they are arrested and turned into felons.</s>
    <s id="26">From that point on, they are in and out of the prison system, and have little chance of ever getting a legal job that enables them to escape poverty.</s>
    <s id="27">Their children grow up without a parent at home – and without hope and support.</s>
    <s id="28">The children of drug users often become drug users themselves; they, too, frequently end up in jail or suffer violence or early death.</s>
  </p>
  <p id="8">
    <s id="29">What is crazy about this is that the US has missed the obvious point – and has missed it for 40 years.</s>
    <s id="30">To break the cycle of poverty, a country needs to invest in its children’s future, not in the imprisonment of 2.3 million people a year, many for non-violent crimes that are symptoms of poverty.</s>
  </p>
  <p id="9">
    <s id="31">Many politicians are eager accomplices to this lunacy.</s>
    <s id="32">They play to the fears of the middle class, especially middle-class fear of minority groups, to perpetuate this misdirection of social efforts and government spending.</s>
  </p>
  <p id="10">
    <s id="33">The general point is this: Governments have a unique role to play to ensure that all young members of a generation – poor children as well as rich ones – have a chance.</s>
    <s id="34">A poor kid is unlikely to break free of his or her parents’ poverty without strong and effective government programs that support high-quality education, health care, and decent nutrition.</s>
  </p>
  <p id="11">
    <s id="35">This is the genius of “social democracy,” the philosophy pioneered in Scandinavia, but also deployed in many developing countries, such as Costa Rica.</s>
    <s id="36">The idea is simple and powerful: All people deserve a chance, and society needs to help everybody to secure that chance.</s>
    <s id="37">Most important, families need help to raise healthy, well-nourished, and educated children.</s>
    <s id="38">Social investments are large, financed by high taxes, which rich people actually pay, rather than evade.</s>
  </p>
  <p id="12">
    <s id="39">This is the basic method to break the intergenerational transmission of poverty.</s>
    <s id="40">A poor child in Sweden has benefits from the start.</s>
    <s id="41">The child’s parents have guaranteed maternity/paternity leave to help them nurture the infant.</s>
    <s id="42">The government then provides high-quality day care, enabling the mother – knowing that the child is in a safe environment – to return to work.</s>
    <s id="43">The government ensures that all children have a place in preschool, so that they are ready for formal schooling by the age of six.</s>
    <s id="44">And health care is universal, so the child can grow up healthy.</s>
  </p>
  <p id="13">
    <s id="45">A comparison of the US and Sweden is therefore revealing.</s>
    <s id="46">Using comparable data and definitions provided by the Organization for Economic Cooperation and Development, the US has a poverty rate of 17.3%, roughly twice Sweden’s poverty rate of 8.4%.</s>
    <s id="47">And America’s incarceration rate is 10 times Sweden’s rate of 70 people per 100,000.</s>
    <s id="48">The US is richer on average than Sweden, but the income gap between America’s richest and poorest is vastly wider than it is in Sweden, and the US treats its poor punitively, rather than supportively.</s>
  </p>
  <p id="14">
    <s id="49">One of the shocking realities in recent years is that America now has almost the lowest degree of social mobility of the high-income countries.</s>
    <s id="50">Children born poor are likely to remain poor; children born into affluence are likely to be affluent adults.</s>
  </p>
  <p id="15">
    <s id="51">This inter-generational tracking amounts to a profound waste of human talents.</s>
    <s id="52">America will pay the price in the long term unless it changes course.</s>
    <s id="53">Investing in its children and young people provides the very highest return that any society can earn, in both economic and human terms.</s>
  </p>
</document>
