<?xml version="1.0" encoding="utf-8"?>
<document>
  <HEADLINE>
    <s id="1">A Perfectly Crazy Idea for the IMF</s>
  </HEADLINE>
  <p id="1">
    <s id="2">GENEVA – In the movie Dangerous Minds, the actress Michelle Pfeiffer plays a former US Marine who becomes a teacher in an inner-city high school.</s>
    <s id="3">In a difficult environment, where academic achievement is far from the top of the rebellious teens’ list of priorities, Pfeiffer’s character comes up with an unorthodox – and effective – new approach: each student will start the year with an “A” grade, which is theirs to lose.</s>
    <s id="4">At a time when many emerging-market economies are as discouraged as Pfeiffer’s students, perhaps the International Monetary Fund should take a page out of her playbook.</s>
  </p>
  <p id="2">
    <s id="5">Emerging economies inhabit a risky world characterized by volatile capital flows.</s>
    <s id="6">But, rather than rely on the IMF to fulfill its mandate of protecting them from liquidity crises, they self-insure by accumulating large stockpiles of international reserves.</s>
    <s id="7">Emerging and developing economies now lend nearly $7.5 trillion to the US Treasury – resources that could be used to fund badly needed infrastructure projects.</s>
  </p>
  <p id="3">
    <s id="8">What is curious about this approach is that the IMF’s record in handling financial crises, though far from perfect, is generally quite good.</s>
    <s id="9">So why the reluctance to count on the Fund?</s>
  </p>
  <p id="4">
    <s id="10">Perhaps the most obvious reason is timing.</s>
    <s id="11">For historical reasons, most Fund facilities are better suited to managing crises than they are to preventing them.</s>
    <s id="12">By the time countries turn to the IMF for support, they have already lost access to international capital markets.</s>
    <s id="13">Yet they have to engage in protracted negotiations that allow the situation to deteriorate before it improves.</s>
    <s id="14">Tapping a country’s own reserves may not be an ideal option, but at least it is fast.</s>
  </p>
  <p id="5">
    <s id="15">But the IMF does offer a fast option.</s>
    <s id="16">The Flexible Credit Line (FCL) facility grants immediate access to Fund resources, no questions asked.</s>
    <s id="17">It amounts to a pre-approved loan that eligible countries can obtain whenever they want, on the basis of the strength of their fundamentals and policy record.</s>
    <s id="18">It is thus the perfect tool for preventing self-fulfilling liquidity crises.</s>
  </p>
  <p id="6">
    <s id="19">Yet IMF members do not seem to be interested in the FCL.</s>
    <s id="20">Seven years after the facility was developed, only three countries (Colombia, Mexico, and Poland) have access to it.</s>
    <s id="21">While not all of the Fund’s 189 members could qualify for it, the number that do is a lot higher than three.</s>
    <s id="22">The FCL-like Precautionary and Liquidity Line, which has an even lower bar for eligibility, has only two takers.</s>
  </p>
  <p id="7">
    <s id="23">The problem is stigma.</s>
    <s id="24">Countries fear that by applying for pre-approval – a process that they are not confident will remain confidential, as promised – they will signal potential economic problems.</s>
    <s id="25">Worse, they could be rejected, either the first time they apply or when their approval comes up for review (every 1-2 years); that would surely undermine confidence in their economies, if word of it were to get out.</s>
  </p>
  <p id="8">
    <s id="26">This is where Pfeiffer’s strategy comes in.</s>
    <s id="27">Instead of forcing countries to work for approval, the IMF could create a new FCL-like facility for which all of its members are pre-approved, with the exception of countries that do not meet certain criteria in terms of policies and fundamentals.</s>
    <s id="28">Exceptions could be identified as part of the IMF’s so-called Article IV consultations with members – an approach that would strengthen IMF country surveillance.</s>
    <s id="29">As for the rest, pre-approval would substantially diminish the temptation to self-insure by accumulating reserves.</s>
  </p>
  <p id="9">
    <s id="30">As with any attempt to change the status quo, this approach would raise challenges.</s>
    <s id="31">For starters, IMF staff could face political pressure from countries that did not qualify, particularly if those countries were among the IMF’s more influential members.</s>
    <s id="32">But, as Tito Cordella and Eduardo Levy Yeyati suggested in 2006, this risk could be mitigated by specific, measurable, and transparent criteria.</s>
    <s id="33">The disadvantage of this approach is that it would preclude more nuanced country-specific analyses involving qualitative assessments.</s>
  </p>
  <p id="10">
    <s id="34">Moreover, if evaluations were made public, negative assessments could precipitate crises.</s>
    <s id="35">Ensuring that the eligibility criteria are clear and specific could help to prevent such an outcome.</s>
    <s id="36">A more direct approach to preventing crises in weaker economies would be to create a continuous eligibility scale, akin to the sovereign rating scale (which does not have a large effect on country risk), with countries at different points on the scale having access to different types of precautionary facilities.</s>
  </p>
  <p id="11">
    <s id="37">The final risk is that, if many countries fulfill the criteria, the Fund might not have enough resources to meet its commitments in a crisis.</s>
    <s id="38">This problem could be solved by boosting the Fund’s capacity to borrow, while reducing the amount of resources that the Fund needs to set aside for FCL-like facilities.</s>
    <s id="39">After all, a successful precautionary credit line is one that is never (or very rarely) used.</s>
  </p>
  <p id="12">
    <s id="40">Financial globalization demands a stronger global financial safety net.</s>
    <s id="41">Economists and policymakers have been tinkering with the international financial architecture since the mid-1990s, without much success.</s>
    <s id="42">While the idea of redefining the status quo may sound crazy, it may be, to paraphrase the physicist Niels Bohr, just crazy enough to be right.</s>
  </p>
</document>
