<?xml version="1.0" encoding="utf-8"?>
<document>
  <HEADLINE>
    <s id="1">Einstein the Realist</s>
  </HEADLINE>
  <p id="1">
    <s id="2">OXFORD – It was recently discovered that the universe’s expansion is accelerating, not slowing, as was previously thought.</s>
    <s id="3">Light from distant exploding stars revealed that an unknown force (dubbed “dark energy”) more than outweighs gravity on cosmological scales.</s>
  </p>
  <p id="2">
    <s id="4">Unexpected by researchers, such a force had nevertheless been predicted in 1915 by a modification that Albert Einstein proposed to his own theory of gravity, the general theory of relativity.</s>
    <s id="5">But he later dropped the modification, known as the “cosmological term,” calling it the “biggest blunder” of his life.</s>
  </p>
  <p id="3">
    <s id="6">So the headlines proclaim: “Einstein was right after all,” as though scientists should be compared as one would clairvoyants: Who is distinguished from the common herd by knowing the unknowable – such as the outcome of experiments that have yet to be conceived, let alone conducted?</s>
    <s id="7">Who, with hindsight, has prophesied correctly?</s>
  </p>
  <p id="4">
    <s id="8">But science is not a competition between scientists; it is a contest of ideas – namely, explanations of what is out there in reality, how it behaves, and why.</s>
    <s id="9">These explanations are initially tested not by experiment but by criteria of reason, logic, applicability, and uniqueness at solving the mysteries of nature that they address.</s>
    <s id="10">Predictions are used to test only the tiny minority of explanations that survive these criteria.</s>
  </p>
  <p id="5">
    <s id="11">The story of whyEinstein proposed the cosmological term, whyhe dropped it, and whycosmologists today have reintroduced it illustrates this process.</s>
    <s id="12">Einstein sought to avoid the implication of unmodified general relativity that the universe cannot be static – that it can expand (slowing down, against its own gravity), collapse, or be instantaneously at rest, but that it cannot hang unsupported.</s>
  </p>
  <p id="6">
    <s id="13">This particular prediction cannot be tested (no observation could establish that the universe isat rest, even if it were), but it is impossible to change the equations of general relativity arbitrarily.</s>
    <s id="14">They are tightly constrained by the explanatory substance of Einstein’s theory, which holds that gravity is due to the curvature of spacetime, that light has the same speed for all observers, and so on.</s>
  </p>
  <p id="7">
    <s id="15">But Einstein realized that it is possible to add one particular term – the cosmological term – and adjust its magnitude to predict a static universe, without spoiling any other explanation.</s>
    <s id="16">All other predictions based on the previous theory of gravity – that of Isaac Newton – that were testable at the time were good approximations to those of unmodified general relativity, with that single exception: Newton’s space was an unmoving background against which objects move.</s>
    <s id="17">There was no evidence yet, contradicting Newton’s view – no mystery of expansion to explain.</s>
    <s id="18">Moreover, anything beyond that traditional conception of space required a considerable conceptual leap, while the cosmological term made no measurable difference to other predictions.</s>
    <s id="19">So Einstein added it.</s>
  </p>
  <p id="8">
    <s id="20">Then, in 1929, Edwin Hubble discovered that the universe is expanding, consistently (within the observational accuracy of the day) with unmodified general relativity.</s>
    <s id="21">So Einstein dropped the cosmological term.</s>
    <s id="22">His doing so had nothing to do with Hubble being less blunder-prone; nor was Einstein deferring to Hubble’s superior prophetic abilities.</s>
    <s id="23">It was just that the problem that the term was intended to solve no longer existed.</s>
  </p>
  <p id="9">
    <s id="24">The new observations did not refute the existence of a cosmological term.</s>
    <s id="25">They merely made it a bad explanation.</s>
    <s id="26">Then, in 1998, came those new observations of a universe whose expansion is accelerating.</s>
    <s id="27">As a result, the cosmological term that has been “reinstated” to account for the new observations is not quite the one that Einstein proposed and retracted.</s>
    <s id="28">It is larger, for it now has to explain not just why the universe isn’t collapsing, but why its expansion is accelerating.</s>
  </p>
  <p id="10">
    <s id="29">Einstein’s remark about having “blundered” is as misleading as the idea that he is “right after all.”</s>
    <s id="30">The cosmological term is not something that should never have been proposed.</s>
    <s id="31">Its introduction represented progress in understanding reality – as did its abandonment in light of Hubble’s discovery and its reinstatement in revised form to account for the new observations.</s>
  </p>
  <p id="11">
    <s id="32">Likewise, the mid-twentieth century “Bohr-Einstein debate” about quantum theory is often misinterpreted as a personal clash between wizards.</s>
    <s id="33">So counter-intuitive are quantum theory’s predictions that, under the leadership of one of its pioneers, Neils Bohr, a myth grew that there is no underlying reality that explains them.</s>
    <s id="34">Particles get from A to B without passing through the intervening space, where they have insufficient energy to exist; they briefly “borrow” the energy, because we are “uncertain” about what their energy is.</s>
    <s id="35">Information gets from A to B without anything passing in between – what Einstein called “spooky action at a distance.”</s>
    <s id="36">And so on.</s>
  </p>
  <p id="12">
    <s id="37">What these paradoxical interpretations have in common is that they abandon realism, the doctrine that a physical world, existing in reality, accounts for all of our experience.</s>
    <s id="38">Anti-realism remains popular and appears in various guises in textbooks and popular accounts of quantum theory.</s>
    <s id="39">But Einstein insisted that physical phenomena have explanations in terms of what he called “elements of reality.”</s>
  </p>
  <p id="13">
    <s id="40">Fortunately, a minority of physicists, myself included, likewise side unequivocally with realism, by adopting Hugh Everett’s multiple-universes interpretation of quantum theory.</s>
    <s id="41">According to this view, no particles exist where they have insufficient energy to be; it is simply that in some universes they have more energy than average, and in others, less.</s>
    <s id="42">All alleged “paradoxes” of quantum theory are similarly resolved.</s>
  </p>
  <p id="14">
    <s id="43">So, while most accounts say that Bohr won the debate, my view is that Einstein, as usual, was seeking an explanation of reality, while his rivals were advocating nonsense.</s>
    <s id="44">Everett’s interpretation doesn’t make Einstein a demigod.</s>
    <s id="45">But it does make him right.</s>
  </p>
</document>
