<?xml version="1.0" encoding="utf-8"?>
<document>
  <HEADLINE>
    <s id="1">A World Without Exhaust Pipes</s>
  </HEADLINE>
  <p id="1">
    <s id="2">SAN JOSÉ – The efficient movement of people is crucial for any society.</s>
    <s id="3">When transportation networks function well, they drive economic development and literally bring people together.</s>
    <s id="4">But in many parts of the world, mobility is a matter of life and death; it is dirty, unsafe, and chaotic.</s>
    <s id="5">Pollution and congestion from trucks, buses, and cars are daily hazards for millions, especially in emerging countries.</s>
  </p>
  <p id="2">
    <s id="6">Fortunately, big changes are coming to how humans move.</s>
    <s id="7">For the first time since the mid-nineteenth century, when the modern internal combustion engine was invented, its demise is within sight.</s>
    <s id="8">Car manufacturers have announced plans for scores of electric models, and politicians in several European countries have put an expiry date on gasoline and diesel cars, with leaders in India and China aspiring to do the same.</s>
  </p>
  <p id="3">
    <s id="9">Companies around the world are making bold predictions that electric mobility is the future of transportation.</s>
    <s id="10">Even those with the most to lose from a shift away from fossil fuels understand that electric vehicles (EV) are inevitable.</s>
    <s id="11">In July, even Ben van Beurden, the CEO of Shell, conceded that his next car will be electric.</s>
  </p>
  <p id="4">
    <s id="12">More people are arriving at the same conclusion, and those of us who have been championing EVs as one of the solutions to climate change are optimistic that a tipping point is approaching.</s>
    <s id="13">Sales of electric cars have increased dramatically in recent years; some 750,000 were registered in 2016 – nearly half in China.</s>
  </p>
  <p id="5">
    <s id="14">Still, it is human nature to resist change, and many prospective buyers remain hesitant.</s>
    <s id="15">That is why addressing consumption bias must be the highest priority over the next few years.</s>
    <s id="16">Several changes are needed to ensure that growth in EV usage and sales continues.</s>
  </p>
  <p id="6">
    <s id="17">For starters, consumers must overcome the belief that zero-emission mobility is only for wealthy people in developed countries.</s>
    <s id="18">Every year, 6.5 million people die from polluted air, and 92% of the world’s population lives in places where the air is unsafe to breathe.</s>
    <s id="19">Vehicle emissions are a major contributor to dirty air everywhere.</s>
    <s id="20">Investing in electric mobility and infrastructure – including electrified public transportation, charging stations, and electric car-sharing programs – will help, not hurt, development.</s>
  </p>
  <p id="7">
    <s id="21">Support for such investments requires people to reject the false promise of “clean” fossil fuels.</s>
    <s id="22">Some industry officials insist that electric cars are not ready for mass rollout, and that a better solution would be to build more efficient gasoline and diesel engines.</s>
    <s id="23">This is the story we hear most often from car dealers in Latin America.</s>
    <s id="24">But such views are as inaccurate as they are self-serving.</s>
  </p>
  <p id="8">
    <s id="25">I have been fortunate to experience firsthand what electric mobility feels like, and how it is superior to gasoline- and diesel-only cars.</s>
    <s id="26">I’ve traveled for thousands of miles across several countries on all-electric road trips.</s>
    <s id="27">Once a driver experiences the clean, silent, and powerful technology, it is difficult to hand back the keys.</s>
    <s id="28">Governments and consumer groups everywhere must work together to put more people behind the wheel of these inspiring vehicles.</s>
  </p>
  <p id="9">
    <s id="29">Finally, we must address the structural imbalances that persist in our transportation policies.</s>
    <s id="30">Simply put, those who suffer most from “dirty” mobility have the weakest political voice.</s>
    <s id="31">For example, data from the United Kingdom show that it is often the poorest people that walk or take buses.</s>
    <s id="32">Development of zero-emission public transit, therefore, is rarely a top priority for government leaders.</s>
    <s id="33">To sway them, advocates must sharpen their defenses of the economic and social benefits of zero-emission mobility, such as the positive effects on public health.</s>
  </p>
  <p id="10">
    <s id="34">Changing course will take time.</s>
    <s id="35">In Costa Rica, my organization is working to encourage businesses and governments to sign an “electric mobility pact” to encourage investment in EV infrastructure.</s>
    <s id="36">In early 2018, we will open an online registry, and by the end of next year, we aim to have 100 public and private organizations on board.</s>
    <s id="37">Costa Rica’s legislature is also debating a bill to provide tax incentives for electric transportation.</s>
  </p>
  <p id="11">
    <s id="38">Others in Latin America are finding their own ways to promote electric mobility.</s>
    <s id="39">In Chile, for example, the focus is on solar power and the link between mining and EV manufacturing.</s>
  </p>
  <p id="12">
    <s id="40">But political changes alone will not push EVs into the fast lane.</s>
    <s id="41">To do that, customers will need to embrace a new clean-mobility narrative.</s>
    <s id="42">In Costa Rica, we pride ourselves on the fact that nearly all of our electricity is produced by renewable sources, including hydroelectric, geothermal, and wind.</s>
    <s id="43">This gives us an incentive to lead the global transition from gas-powered vehicles to electric cars, buses, and trains.</s>
    <s id="44">We Costa Ricans are striving toward “un país sin muflas” – a country without exhaust pipes.</s>
    <s id="45">Expanding that goal globally is the ultimate objective.</s>
  </p>
  <p id="13">
    <s id="46">To be sure, pushing the electric engine past the gas-powered relic will remain an uphill battle.</s>
    <s id="47">But new technologies, like better batteries and speedier charging stations, will help accelerate the transition.</s>
    <s id="48">Just like the CEO of Shell, I, too, believe that the transition to electric mobility is inevitable.</s>
    <s id="49">What we see on the roads today is just the beginning.</s>
  </p>
</document>
