<?xml version="1.0" encoding="utf-8"?>
<document>
  <HEADLINE>
    <s id="1">A Better Way to Fight Corporate Tax Avoidance</s>
  </HEADLINE>
  <p id="1">
    <s id="2">NEW YORK – Over the past few years, leaks of documents such as the “Panama Papers” and the “Paradise Papers” have exposed the dark underbelly of globalization, and provoked indignant denunciations of tax avoidance from people around the world.</s>
    <s id="3">Ordinary workers have no choice but to pay their taxes.</s>
    <s id="4">But, apparently, multinational corporations and wealthy individuals can get away with paying hardly anything.</s>
  </p>
  <p id="2">
    <s id="5">The most shocking feature of today’s corporate-tax-avoidance schemes is that they are legal.</s>
    <s id="6">When multinationals create subsidiaries, those entities are considered to be legally independent firms.</s>
    <s id="7">A parent company can then set the prices of transactions between its subsidiaries to register its profits in low-tax countries, rather than where the original economic activity actually occurred.</s>
  </p>
  <p id="3">
    <s id="8">This system of “transfer pricing” has fueled competition among countries to lower their corporate-tax rates.</s>
    <s id="9">And now that the United States has slashed its rate from 35% to 21%, the global race to the bottom will likely intensify.</s>
    <s id="10">In fact, politicians in India, Mexico, Brazil, and other developing countries are already calling for tax cuts of their own, in order to remain competitive, attract foreign investment, and create or save jobs.</s>
  </p>
  <p id="4">
    <s id="11">All countries have the right to ensure that they are competitive in the global economy.</s>
    <s id="12">They can do so in a variety of ways, such as by investing in education, funding scientific and technological research, and building efficient infrastructure.</s>
    <s id="13">Tax competition is not the way to go, not least because it reduces the revenues needed to make such investments, particularly in developing countries, which, according to a 2015 International Monetary Fund report, lose out on more than $200 billion per year because of tax avoidance by multinationals.</s>
  </p>
  <p id="5">
    <s id="14">When countries create tax regimes that are effectively designed to steal tax revenues from others, the result is also less money for education, health care, poverty-reduction programs, and measures to address climate change.</s>
    <s id="15">This should not be allowed, and multinationals should stop adding to the problem by threatening to leave countries unless taxes are cut.</s>
    <s id="16">After all, a basic principle of corporate social responsibility is that firms should pay their fair share of taxes wherever they operate.</s>
  </p>
  <p id="6">
    <s id="17">The only way to stop the race to the bottom is through global cooperation.</s>
    <s id="18">Three years ago, the OECD and the G20 took a step in the right direction, by unveiling a package of reforms known as the Base Erosion and Profit Shifting project.</s>
    <s id="19">The BEPS initiative introduced a system for reporting corporate profits and taxes paid on a country-by-country basis, and for facilitating exchange of information among countries.</s>
  </p>
  <p id="7">
    <s id="20">But the BEPS program has proved to be insufficient, particularly from developing countries’ perspective, because it failed to address the core problem: the transfer-pricing system.</s>
    <s id="21">Multinationals are still allowed to salt their profits away in ultra-low-tax jurisdictions.</s>
  </p>
  <p id="8">
    <s id="22">The Independent Commission for the Reform of International Corporate Taxation, which I chair, evaluated alternative proposals to fix the current system.</s>
    <s id="23">In a recent report, we found that the fairest and most effective way to allocate and tax corporate profits is to treat multinationals as single firms doing business across international borders.</s>
    <s id="24">Thus, a firm’s total global profits would be taxed according to factors such as sales, employment, and resource usage – all of which reflect real economic activity – in each jurisdiction.</s>
    <s id="25">As it happens, the European Union currently is considering a similar proposal, whereby it would treat all multinationals operating within its borders as single firms.</s>
  </p>
  <p id="9">
    <s id="26">To be sure, under such a system, countries would still compete for investment and corporate operations by lowering their corporate-tax rates.</s>
    <s id="27">That is why we propose that all countries agree on a minimum corporate-tax rate of at least 15-25%.</s>
  </p>
  <p id="10">
    <s id="28">In the meantime, though, developing countries should not sit idly by.</s>
    <s id="29">They will have to force change, starting with agreed minimum corporate-tax rates at the regional level.</s>
    <s id="30">They can also take advantage of a system – already in place in Brazil – that establishes a minimum taxable income for local corporate affiliates, based on the gross margins of different types of transactions.</s>
  </p>
  <p id="11">
    <s id="31">Looking ahead, it is past time that the United Nations took up this issue.</s>
    <s id="32">Only a truly global cooperative effort can fix a broken system and end the destructive race to the bottom on taxes once and for all.</s>
  </p>
</document>
