<?xml version="1.0" encoding="utf-8"?>
<document>
  <HEADLINE>
    <s id="1">Ending the Nation-State Myth</s>
  </HEADLINE>
  <p id="1">
    <s id="2">NEW YORK – This fall, thousands of college students will be taught a myth presented as fact.</s>
    <s id="3">It is a myth that has helped fuel wars and may hinder finding solutions to the world’s biggest problems.</s>
    <s id="4">Though the origin of this myth is cloudy, science has proven its falsity, and a globalized world has rendered it anachronistic.</s>
    <s id="5">I am talking about the nation-state.</s>
  </p>
  <p id="2">
    <s id="6">The nation-state myth conflates two ideas, one that is concrete, the state, and one that is fuzzy, the nation.</s>
    <s id="7">The utility of the state is clear.</s>
    <s id="8">It is a necessary organizing principle that allows people to pool their resources for the common good and mobilize against common threats, whether they are floods or invading armies.</s>
    <s id="9">The state is also the final arbiter of law.</s>
    <s id="10">State power is even on the rise, partly as a backlash to globalization and as a result of growing wealth from energy markets.</s>
  </p>
  <p id="3">
    <s id="11">But the nation-state as a basis for statecraft obscures the nature of humanity’s greatest threats.</s>
    <s id="12">Pollution, terrorism, pandemics, and climate change are global phenomena.</s>
    <s id="13">They do not respect national sovereignty, and, therefore, they necessitate global cooperation.</s>
  </p>
  <p id="4">
    <s id="14">The origin of the nation-state idea is unclear.</s>
    <s id="15">Most agree that it offered a way to consolidate and legitimize a state’s rule over a group of people, whether defined by a common language, culture, or ethnicity.</s>
    <s id="16">The problem is that the contours of a cultural community rarely coincide with a political entity.</s>
    <s id="17">Nor does the ideal of national unity account for internal diversity and conflict.</s>
  </p>
  <p id="5">
    <s id="18">Identities within nations are fluid, even from minute to minute.</s>
    <s id="19">About 15 years ago, I spent a summer in France’s Loire Valley.</s>
    <s id="20">As many travelers to France will attest, people in the French countryside believe that they, not Parisians, constitute the “true” France.</s>
  </p>
  <p id="6">
    <s id="21">This division of core and periphery is common in many countries.</s>
    <s id="22">But I also noticed that a person’s identity would change during the course of a conversation.</s>
    <s id="23">“We French” would give way to “We Gauls,” “We Latins,” “We Bretons,” “We Franks,” or “We Europeans” depending on the topic.</s>
    <s id="24">This ever-changing identity was startling, but, on second thought, it made sense: after all, Charles de Gaulle famously said that it is difficult to govern a country with 246 types of cheese.</s>
  </p>
  <p id="7">
    <s id="25">China is often thought to be governed by the Han majority.</s>
    <s id="26">But this group is linguistically, culturally, and even genetically diverse.</s>
    <s id="27">As the author Ian Buruma recently mused, it is not clear what people mean by “China.”</s>
    <s id="28">Taiwan is an independent state but is officially part of China.</s>
    <s id="29">Chinese culture and language has spread all over the world.</s>
    <s id="30">“China” is much more than just a nation-state, Buruma concludes.</s>
    <s id="31">Taiwanese scholar Lee Hsiao-feng has recently argued that the concept “Chinese” is a meaningless word that was fabricated to justify rule over minorities.</s>
  </p>
  <p id="8">
    <s id="32">It is difficult to imagine a nation that is confined to one state or a state that contains one nation.</s>
    <s id="33">Some argue that Japan is an example of a nation-state.</s>
    <s id="34">In countless heated discussions, I have reminded many Japanese that the Japanese people actually comprise Ainu, Koreans, Chinese, Filipinos, and Ryuku.</s>
    <s id="35">Their response is always: “Yes, but we want to believe that there is a Japanese people.”</s>
    <s id="36">They even have a field of study devoted to examining what it means to be Japanese.</s>
  </p>
  <p id="9">
    <s id="37">Like religion, the nation-state myth requires a leap of faith.</s>
    <s id="38">Japanese scholar Yoshihisa Hagiwara argues that since it is not grounded in fact, the nation-state myth is bound to dissolve, giving way to an understanding that we are merely individuals who are part of a global community.</s>
    <s id="39">He laments that the Japanese are especially fond of the idea of “Japaneseness,” making it possible that Japan may become the “last hero” of a dying ethos.</s>
  </p>
  <p id="10">
    <s id="40">Expressions of this notion appear frequently in popular culture.</s>
    <s id="41">A recent credit card commercial depicts a father and son traveling to Norway to trace their family’s origins.</s>
    <s id="42">After bonding over local beer, food, sweaters, and swimming, they discover their family is actually from Sweden.</s>
  </p>
  <p id="11">
    <s id="43">If I were to take that trip, I might have gone to Ireland to discover that my Irish ancestors were originally from Scotland.</s>
    <s id="44">But where were the Scots from?</s>
    <s id="45">Just across another sea, perhaps.</s>
    <s id="46">The origin myth continues ad infinitum until we reach humanity’s common ancestor, or an actual myth – a black egg in China, a spear in the ocean in Japan, or the interaction of fire and ice in France.</s>
  </p>
  <p id="12">
    <s id="47">If policymakers are to address today’s problems, they must think more broadly.</s>
    <s id="48">One place to start may be to reexamine the concept of the nation-state, which students around the world are taught is the basic unit of international relations.</s>
    <s id="49">Beyond the core Realist theories of balance of power, an introduction to ethics in international affairs – moral philosophy, human rights, and the role of non-state actors – should be mainstreamed in international relations curricula.</s>
  </p>
  <p id="13">
    <s id="50">As the philosopher Peter Singer showed in his book One World, a united front against the biggest problems facing the world will require a fundamental shift in attitude – away from parochialism and toward a redefinition of self-interest.</s>
    <s id="51">Enlightened self-interest can be state-based, but interests would be re-defined to encompass universal principles such as the Universal Declaration of Human Rights.</s>
    <s id="52">If these interests are to gain universal recognition, we will need to shed the nation-state myth once and for all.</s>
  </p>
</document>
