<?xml version="1.0" encoding="utf-8"?>
<document>
  <HEADLINE>
    <s id="1">Engaging the Islamists</s>
  </HEADLINE>
  <p id="1">
    <s id="2">The massive victory of Hamas in the Palestinian parliamentary elections stunned much of the world, but the outcome should not have been so surprising.</s>
    <s id="3">Indeed, Hamas’s moment of triumph is part of a growing regional pattern.</s>
  </p>
  <p id="2">
    <s id="4">Four years ago, Turkey’s Islamic-oriented Justice and Development Party won a plurality in parliamentary elections and formed a government.</s>
    <s id="5">A month later, a similarly named Islamic party in Morocco, Parti de la Justice et du Development (PJD), finished third in legislative elections.</s>
    <s id="6">Last December, the Muslim Brotherhood in Egypt (legally banned since 1954) scored equally impressive results, garnering 20% of the popular vote and 88 seats in the Parliament, making it the main opposition bloc to Mubarak’s ruling National Democratic Party (NDP).</s>
    <s id="7">Hezbollah in Lebanon and Shiite parties in Iraq have also performed well in elections.</s>
  </p>
  <p id="3">
    <s id="8">Despite this democratic endorsement, most Western governments have been reluctant to engage with these parties or to prepare for Islamists coming to power through the ballot box.</s>
    <s id="9">The irony is obvious: Islamists, who seem suspicious of democracy as a Western plot, took President George W. Bush’s promotion of democracy in the Muslim world more seriously than America’s autocratic friends – and possibly more seriously than Bush himself.</s>
    <s id="10">In his first press conference after Hamas’s victory, Bush was visibly at a loss for words in responding to this “unexpected development.”</s>
  </p>
  <p id="4">
    <s id="11">The truth is that over the last three years, some regional insiders, including me, had several lengthy discussions with Bush’s advisors on the National Security Council (NSC) and in the State Department.</s>
    <s id="12">We urged the Bush administration to formulate a consistent policy that engages the region’s Islamists who are willing to rule by democratic principles.</s>
    <s id="13">Some of this debate was widely publicized.</s>
  </p>
  <p id="5">
    <s id="14">Part of America’s reluctance to deal with Islamists reflected concern over the reaction of autocratic regimes, some of which are long-time allies.</s>
    <s id="15">This fear proved not only unwarranted, but also counterproductive, for it has not stopped the march of the Islamists in the Arab Middle East.</s>
  </p>
  <p id="6">
    <s id="16">Now it is time for a fresh and bold approach toward all contending political forces in the Muslim world.</s>
    <s id="17">First, America and the West must stop supporting autocrats with aid, trade, and arms.</s>
    <s id="18">Second, there must be a push to expand the public space for the Muslim world’s democrats, so free media and independent judiciaries to protect press freedom need to be boosted.</s>
    <s id="19">Third, an active dialogue that engages the Islamists, no matter how difficult, must begin and continue.</s>
  </p>
  <p id="7">
    <s id="20">The West needs to establish clear and consistent rules of engagement.</s>
    <s id="21">It is legitimate and imperative to make resumption of aid to Palestinians contingent on Hamas’s recognition of Israel’s right to exist and on its commitment to all international agreements previously signed by the PLO and the Palestinian Authority.</s>
    <s id="22">In an earlier step toward recognition by the world community, the PLO had to revamp the Palestinian Covenant, which called for the destruction of Israel.</s>
    <s id="23">There is no reason why Hamas would not follow that precedent, if the demand to do so were made relentlessly.</s>
    <s id="24">In fact, all militant liberation movements have renounced violence in due time, from the IRA to the Sandinistas to the African National Congress.</s>
  </p>
  <p id="8">
    <s id="25">Likewise, Israel must reciprocate every gesture of good will from Hamas, however psychologically difficult this may be.</s>
    <s id="26">After all, in 1947 similar Jewish “freedom fighters” blew up the King David Hotel, killing tens of British officers.</s>
    <s id="27">Until the 1970’s, these Zionist guerillas were wanted as terrorists by British authorities.</s>
    <s id="28">Then one of them, Menachem Begin, was elected Prime Minister of Israel and became a partner in peace with Egypt’s President Anwar Sadat.</s>
  </p>
  <p id="9">
    <s id="29">Sadat himself was a suspected terrorist, according to Egyptian authorities, for having plotted and taken part in assassinating a prominent political figure.</s>
    <s id="30">But both Sadat and Begin became respected worldwide for taking risks for peace and won a joint Nobel Peace prize.</s>
  </p>
  <p id="10">
    <s id="31">So, for Hamas as well as for America, the West, and Israel, it is futile to look back in anger and frustration.</s>
    <s id="32">Instead, they all should look forward to creating anew the more positive legacies of Sadat, Begin, Rabin, and even Ariel Sharon.</s>
    <s id="33">If those leaders could disavow their own violent pasts and take practical steps toward peace in the region, why can’t Hamas?</s>
  </p>
</document>
