<?xml version="1.0" encoding="utf-8"?>
<document>
  <HEADLINE>
    <s id="1">Day Traders of Charity</s>
  </HEADLINE>
  <p id="1">
    <s id="2">LANGKAWI, MALAYSIA – An online charity organization is taking Silicon Valley by storm.</s>
    <s id="3">Called Watsi, the charity allows users to read personal tales of medical woe in emerging markets and contribute up to the total amount needed to pay for a particular patient’s treatment.</s>
    <s id="4">Many might say, “How nice!”</s>
    <s id="5">But I say, “Hold the applause.”</s>
  </p>
  <p id="2">
    <s id="6">The problem is not that Watsi is a bad service.</s>
    <s id="7">The problem is that it is good at what it does.</s>
    <s id="8">All the money raised goes directly to the individual whose care you are paying for.</s>
    <s id="9">(You can contribute separately if you want to support Watsi’s operations.)</s>
    <s id="10">There are strict processes and protections in place to ensure that the care goes only to the “deserving poor” (not their words, but that is the idea), rather than to just anyone.</s>
    <s id="11">There are safeguards to prevent expensive care from being given to someone who does not really need it.</s>
    <s id="12">And everything is visible; all of Watsi’s financial records are accessible on a Google Transparency Document.</s>
  </p>
  <p id="3">
    <s id="13">Yes, the Internet allows people to connect – one to one – across cultures and distance.</s>
    <s id="14">And it is good that people feel empathy, or at least sympathy, for those who are less fortunate.</s>
    <s id="15">But the ability to solve immediate problems encourages a passive, money-heals-all approach.</s>
    <s id="16">You see someone lying in a virtual ditch, you help him or her, and call it a good day.</s>
    <s id="17">In this respect, Watsi resembles a day-trading site, where investors buy and sell stocks relentlessly, without helping to build the underlying businesses.</s>
  </p>
  <p id="4">
    <s id="18">The problem is broader than Watsi.</s>
    <s id="19">Even as it becomes easier to see and care for people lying injured on the side of the virtual highway, it becomes harder to perceive and easier to ignore the “road” conditions that caused their injuries – poor nutrition, poverty, inadequate prenatal care, corruption, diversion of resources, and the like.</s>
    <s id="20">Like so many modern tools, Watsi encourages a short-term, emotional approach to the state of the world.</s>
    <s id="21">It is like looking through a telescope: a lot of detail, no perspective.</s>
  </p>
  <p id="5">
    <s id="22">It is not that we should feel nothing; but we should be encouraged to think more and to prevent the wound rather than pay for the Band-Aid.</s>
    <s id="23">In a media culture that can deliver instant stardom and fickle trends, our attention shifts too rapidly to see the forest for the trees.</s>
  </p>
  <p id="6">
    <s id="24">It is this short-term approach that leads us to celebrate each overthrow of a dictator, rather than think about how to educate people to demand good government.</s>
    <s id="25">We are drawn to heartwarming stories of an understanding teacher who sees a student’s potential and helps her get into university, or a frequent diner who funds a kitchen worker’s dream to start his own restaurant.</s>
  </p>
  <p id="7">
    <s id="26">But a good society is one in which you do not have to get lucky to avoid a life of poor education, unhealthy food, and dead-end jobs.</s>
    <s id="27">And a good commentary is one that does more than just whine about other people’s shortsightedness.</s>
    <s id="28">So, what would work better?</s>
    <s id="29">The answer probably is not an academic paper about the inadequate diet or corrupt medical system in country X. But perhaps it would help to ground discussion of such issues in the context in which other people live.</s>
    <s id="30">It is easy to think we understand someone’s distress, but most people (especially Americans) have no idea what life is really like in another country.</s>
  </p>
  <p id="8">
    <s id="31">Indeed, instigating and supporting long-term change is a far more complicated undertaking than treating the casualties of broken systems.</s>
    <s id="32">The fact that we can quantify so many things means that sometimes we abandon the challenges that are harder to measure – such as corruption, food quality, or education.</s>
    <s id="33">Even as the Internet and services such as Watsi make the world seem smaller, they can obscure the reality of what is driving global developments.</s>
    <s id="34">Let’s invest in prenatal care, education, and transparency.</s>
    <s id="35">Let’s help people build their own societies.</s>
  </p>
  <p id="9">
    <s id="36">Unfortunately, addressing the world’s most pressing problems is not as simple as setting up a Web site where foreigners can contribute to social improvements in some other country.</s>
    <s id="37">So, if you lack the knowledge or standing to involve yourself in another country’s affairs, don’t do it.</s>
    <s id="38">Poverty, ignorance, poor nutrition, and inadequate health care exist almost everywhere; the path of least effort – and perhaps greatest effectiveness – may start at home.</s>
  </p>
</document>
