<?xml version="1.0" encoding="utf-8"?>
<document>
  <HEADLINE>
    <s id="1">Will Italy Sink Europe?</s>
  </HEADLINE>
  <p id="1">
    <s id="2">LONDON – Despite political turmoil and emerging risks at the global level, the eurozone has had two years of strong economic growth, at least by its own historically disappointing standards – and even with the United Kingdom lurching toward withdrawal from the European Union.</s>
    <s id="3">But with the emergence of a populist government in Italy this year, it is no longer safe to assume that the eurozone’s worst days are behind it.</s>
  </p>
  <p id="2">
    <s id="4">Italy was the first country that I studied when I entered the financial world back in 1982, so I have a special affection for it.</s>
    <s id="5">I was working for a very large American bank at the time, and I can still remember joining frequent transatlantic conference calls to discuss Italy’s debt-to-GDP ratio.</s>
    <s id="6">The question on everyone’s mind was when the country would default; but it never did.</s>
    <s id="7">Instead, Italy muddled through, and has continued to do so ever since.</s>
    <s id="8">Still, now that the Italian government seems poised for a standoff with the EU, it would not be surprising if worries about a default were to re-emerge.</s>
  </p>
  <p id="3">
    <s id="9">As my experience more than 30 years ago shows, Italy’s economic problems far predate its adoption of the euro.</s>
    <s id="10">It has long had poor productivity by European standards, and that translated into relatively low trend growth in the pre-euro decades.</s>
    <s id="11">At the same time, occasional spurts of faster growth regularly sowed the seeds for various crises, often resulting in devaluations of the Italian currency, the lira.</s>
  </p>
  <p id="4">
    <s id="12">Of course, there are some who now yearn for the days when the lira could be weakened to restore growth.</s>
    <s id="13">That is no longer an option under the single currency.</s>
    <s id="14">But what the pre-euro romanticists overlook is that euro membership has given Italy low inflation, and thus lower interest rates.</s>
    <s id="15">Moreover, there is reason to think that lira devaluations did more harm than good.</s>
    <s id="16">Even if they offered an occasional competitive boost, they stood in for tougher structural reforms that would have increased productivity over the long term.</s>
  </p>
  <p id="5">
    <s id="17">There are also some who believe that the eurozone’s fiscal and monetary framework locks Italy into weak nominal GDP growth, possibly too-low inflation, and high debt.</s>
    <s id="18">Yet before the new government took office, Italy’s cyclically adjusted fiscal deficit – as opposed to its underlying debt position – was often rather restrained compared to the rest of the eurozone, as well as the other members of the G7 (Canada, France, Germany, Japan, the United Kingdom, and the United States).</s>
  </p>
  <p id="6">
    <s id="19">Still, the mainstream political parties that governed Italy until this year did not deliver the nominal GDP growth that the country needs.</s>
    <s id="20">As a result, Italians elected an unconventional coalition whose program combines the policies of the populist left with those of the populist right.</s>
    <s id="21">While the League party promises to cut taxes, the Five Star Movement (M5S) is pursuing a form of basic income.</s>
  </p>
  <p id="7">
    <s id="22">But what Italy needs is a broad structural reform program to improve productivity.</s>
    <s id="23">That is the only way to achieve a higher long-term growth rate, given the country’s demographics.</s>
    <s id="24">In addition to enacting policies to boost the labor-force participation rate among women, Italy must provide more attractive opportunities for its young people.</s>
  </p>
  <p id="8">
    <s id="25">For its part, the EU should do more to help Italy take the tough steps it needs.</s>
    <s id="26">The European Commission, the European Central Bank, and the German government have erred in insisting on rigid enforcement of the EU Stability and Growth Pact, particularly the 3%-of-GDP cap on fiscal deficits.</s>
    <s id="27">Although some countries have been allowed to breach the deficit cap during challenging times, Italy is almost never afforded much accommodation, owing to its high debt levels.</s>
    <s id="28">Yet as the experience of Belgium and Japan shows, high government debt can be reduced only through sustained economic growth.</s>
  </p>
  <p id="9">
    <s id="29">Complicating matters further, some reforms to boost long-term productivity can actually reduce growth in the short term.</s>
    <s id="30">Thus, any government enacting such measures will need to have the option of pursuing counter-cyclical stimulus.</s>
  </p>
  <p id="10">
    <s id="31">Another problem concerns monetary policy.</s>
    <s id="32">The ECB could stand to be more broad-minded in how it pursues its inflation target of just under 2%.</s>
    <s id="33">That target, along with Germany’s own 2% target, leaves Italy locked into a state of low inflation, even when it could benefit from more monetary-policy stimulus.</s>
  </p>
  <p id="11">
    <s id="34">Under these conditions, the EU authorities would do well not to oppose the current Italian government’s plans too aggressively.</s>
    <s id="35">If mainstream liberals are worried about the implications of a democratically elected populist government, then they should worry even more about what could come next if economic circumstances worsen.</s>
    <s id="36">At this stage, Italy needs stronger nominal GDP growth – plain and simple.</s>
  </p>
  <p id="12">
    <s id="37">Some will say that it was a mistake to have allowed Italy into the eurozone in the first place, and that an optimal currency zone should have been more discriminating in its membership.</s>
    <s id="38">But the German and French business communities insisted that the monetary union must include some of Italy’s more competitive companies.</s>
    <s id="39">And once Italy was considered eligible, so, too, were many other countries.</s>
  </p>
  <p id="13">
    <s id="40">At the end of the day, those with the power to set and enforce EU fiscal and monetary rules know full well that the eurozone could not survive a Greek-style crisis in Italy.</s>
    <s id="41">It is their responsibility in the months ahead to make sure it doesn’t come to that.</s>
  </p>
</document>
