<?xml version="1.0" encoding="utf-8"?>
<document>
  <HEADLINE>
    <s id="1">The Mirage of a Global Euro</s>
  </HEADLINE>
  <p id="1">
    <s id="2">BRUSSELS – One of the great claims made for the euro was that it would rival the US dollar as a second global reserve currency.</s>
    <s id="3">These hopes have failed to materialize.</s>
    <s id="4">The euro’s importance in global reserves and financial markets today is about the same as it was two decades ago, when the euro replaced the Deutsche Mark and ten other national currencies.</s>
  </p>
  <p id="2">
    <s id="5">Following its targeted killing of Iran's second most powerful leader, the US could well find itself with no alternative but to devote more military resources to the Middle East, a path that could lead to additional Iranian provocations.</s>
    <s id="6">And that shift would occur at a time of growing challenges to US interests elsewhere in the world.</s>
  </p>
  <p id="3">
    <s id="7">The targeted killing by the United States of one of Iran's top military leaders represents a significant symbolic defeat for the Iranian regime, but it does not augur all-out war.</s>
    <s id="8">After all, Iran and the US have already been at war for decades, and neither side has an interest in an uncontrolled military escalation now.</s>
  </p>
  <p id="4">
    <s id="9">As in previous years, Project Syndicate asked its commentators to offer their best guesses about the events and trends that will define the coming 12 months.</s>
    <s id="10">If there is one common theme in this year's selection, it is that what happens in 2020 will weigh on the present for many years to come.</s>
  </p>
  <p id="5">
    <s id="11">But hope dies last, and in this spirit the European Commission recently published a Communication entitled “Towards a stronger international role of the euro” (sic).</s>
    <s id="12">The European Commission, like most European policymakers, takes it as given that the eurozone would benefit if the euro played a more global role.</s>
    <s id="13">But that is not necessarily true.</s>
  </p>
  <p id="6">
    <s id="14">One such benefit supposedly derives from the widespread use of euro banknotes outside the single-currency area.</s>
    <s id="15">On this measure at least, the euro has been a big success.</s>
    <s id="16">Currency in circulation has more than doubled over the last 20 years, both in absolute terms and as a percentage of eurozone GDP, and the total value of euro banknotes in circulation amounts now to €1.2 trillion ($1.3 trillion).</s>
    <s id="17">Furthermore, it is commonly estimated that a large fraction of euro cash is used outside the eurozone.</s>
  </p>
  <p id="7">
    <s id="18">But the economics of banknote issuance have changed.</s>
    <s id="19">Issuance was previously a profitable business for central banks, because they could invest the proceeds in government bonds with a decent yield.</s>
    <s id="20">With interest rates at 5%, and €1.2 trillion of notes in circulation, the European Central Bank could have generated revenue of about €60 billion a year.</s>
    <s id="21">Though small compared to the eurozone’s overall GDP of €10 trillion, this sum is equivalent to almost one-half of the EU’s budget.</s>
  </p>
  <p id="8">
    <s id="22">At today’s negative interest rates, however, currency issuance is no longer profitable.</s>
    <s id="23">This might be another reason why the ECB decided to stop issuing the €500 note, which is also much more convenient than the $100 bill for handling large amounts of black money.</s>
    <s id="24">Providing a handy vehicle for underground transactions abroad should not be regarded as an advantage of the euro.</s>
  </p>
  <p id="9">
    <s id="25">Another argument for having a global reserve currency is that foreign borrowing becomes cheaper.</s>
    <s id="26">This is the “exorbitant privilege” that Valéry Giscard d’Estaing, when he was France’s finance minister, famously said the United States enjoyed owing to the dollar’s status as the world’s main reserve currency.</s>
    <s id="27">But while issuing dollar-denominated debt is an important advantage for the US (the world’s largest debtor), the eurozone is a net creditor.</s>
    <s id="28">And with real interest rates tending to be higher in dollar terms, it would be better for the eurozone’s external assets to be denominated in dollars than in euro.</s>
  </p>
  <p id="10">
    <s id="29">Furthermore, the consequences of being a major anchor currency would be particularly problematic for the euro.</s>
    <s id="30">Fortunately, the countries that peg their currency to the euro have little economic weight.</s>
    <s id="31">Imagine, for example, that China pegged its currency to the euro instead of to the dollar.</s>
    <s id="32">The Chinese authorities would then determine the euro’s exchange rate against the dollar – the currency of the EU’s biggest trading partner and competitor.</s>
    <s id="33">Being an anchor currency can actually entail a loss of control.</s>
  </p>
  <p id="11">
    <s id="34">True, there are other reasons why it might be in Europe’s interest for the euro to play a larger global role.</s>
    <s id="35">For example, the extra-territorial application of sanctions by the US makes it extremely difficult for European companies to maintain trade ties with Iran, because most of Iran’s international trade is invoiced and settled in dollars.</s>
    <s id="36">But the ability of the US to apply sanctions so widely is essentially due to its diplomatic and military power.</s>
    <s id="37">Even if the euro played a much larger role in global finance, the US would remain dominant in terms of hard power.</s>
  </p>
  <p id="12">
    <s id="38">Having a global reserve currency makes sense for a large economy that is not too exposed to the rest of the world.</s>
    <s id="39">The US fits the bill.</s>
    <s id="40">It makes less sense for the somewhat smaller eurozone economy, where trade in goods and services accounts for more than one-quarter of overall GDP.</s>
    <s id="41">Moreover, the eurozone’s share of the global economy has declined from about 25% when the euro was born to 15% today, and will soon fall below 10%.</s>
  </p>
  <p id="13">
    <s id="42">The relative weight of the US economy will of course also decrease as China and India continue to grow faster.</s>
    <s id="43">But the dollar will retain its conventional role as the key currency for international trade transactions as long as China limits capital movements to keep control over its domestic economy.</s>
    <s id="44">The euro, on the other hand, could increase its global role only by slowing the relative decline of the eurozone economy through rapid growth.</s>
  </p>
  <p id="14">
    <s id="45">But, even assuming that the eurozone’s relative decline continues, this would not necessarily mean a fall in living standards.</s>
    <s id="46">The share of Japan’s economy in global GDP has halved over the last 20 years, while living standards there have continued to improve, albeit slowly.</s>
  </p>
  <p id="15">
    <s id="47">Either way, it is a good thing that early hopes for the euro to become a true global currency have not been realized.</s>
    <s id="48">The eurozone currently is facing enough economic challenges without the additional burden of issuing a global reserve currency.</s>
  </p>
</document>
