<?xml version="1.0" encoding="utf-8"?>
<document>
  <HEADLINE>
    <s id="1">Confronting the Migrant Threat to the EU</s>
  </HEADLINE>
  <p id="1">
    <s id="2">MADRID – The European Union loves giving itself ultimatums, whether it is the two-year deadline for Brexit negotiations or European Commission President Jean-Claude Juncker’s declaration, upon taking office, that his was a “last-chance commission.”</s>
    <s id="3">Unfortunately, European leaders rarely follow through on their best-laid plans.</s>
    <s id="4">When it comes to migration, however, they may not have a choice.</s>
  </p>
  <p id="2">
    <s id="5">The issue has become a sword of Damocles hanging over the EU.</s>
    <s id="6">It straddles every fault line: between country and community, between security and openness, between national and European identity, between social values and economic or strategic interests.</s>
    <s id="7">As a result, migration, more than any of the other myriad challenges the EU confronts today, has the potential to destroy the European project.</s>
  </p>
  <p id="3">
    <s id="8">Of course, the EU has often proved that, when push comes to shove, inertia prevails.</s>
    <s id="9">But, given the urgency of today’s migration crisis, not even the EU will be able to muddle through.</s>
    <s id="10">If it tries, the issue will only fester, eating away at the Union’s very foundations.</s>
    <s id="11">For once, Europe’s leaders have no choice but to put up or shut up.</s>
  </p>
  <p id="4">
    <s id="12">Make no mistake: Europe’s migration problem is not going away.</s>
    <s id="13">The decline in asylum applications in 2017 was not, as many believed, an indication that the problem was being overcome.</s>
    <s id="14">On the contrary, while the migration challenge became apparent to many Europeans only in 2015, when German Chancellor Angela Merkel opened the door to a million desperate asylum seekers, the issue has long plagued southern Europe and is now mutating in dangerous ways.</s>
  </p>
  <p id="5">
    <s id="15">That change is exemplified by the recent saga of the MS Aquarius.</s>
    <s id="16">Operated by a Franco-German charity, the Aquarius rescued 630 migrants and refugees off the coast of Libya.</s>
    <s id="17">On June 9, Italy’s new interior minister and deputy prime minister, Matteo Salvini, rejected the ship’s request to dock in his country and prohibited them from even entering Italian waters.</s>
    <s id="18">Then Malta, too, turned the refugees away.</s>
    <s id="19">Finally, after nearly a week, Spain stepped up, allowing the ships to dock in the port of Valencia.</s>
  </p>
  <p id="6">
    <s id="20">Irregular migrants arrive in Europe every day: as the Aquarius was arriving in Valencia, more than a thousand people were saved just a couple of hundred miles to the south, while trying to cross the Strait of Gibraltar.</s>
    <s id="21">But a high-profile drama like that of the Aquarius creates political incentives for hardline positions.</s>
    <s id="22">It is political candy for populists and poison for rational policymaking.</s>
  </p>
  <p id="7">
    <s id="23">And, indeed, the recriminations that followed Salvini’s move have been unprecedentedly divisive.</s>
    <s id="24">French President Emmanuel Macron accused Italy’s populist government of “cynicism and irresponsibility.”</s>
    <s id="25">In Germany, the survival of Merkel’s governing coalition is now in jeopardy, owing to a standoff over migration between her Christian Democratic Union and the CDU’s Bavarian sister party, the Christian Social Union, led by Horst Seehofer, the interior minister.</s>
  </p>
  <p id="8">
    <s id="26">There will be more ships like the Aquarius, and Europe cannot afford to confront such a drama every time one appears.</s>
    <s id="27">The gap between the EU’s rhetoric of solidarity and shared values and its real-world behavior must be closed.</s>
    <s id="28">Unfortunately, that outcome is far from guaranteed.</s>
  </p>
  <p id="9">
    <s id="29">So far, the EU’s response to migration has depended on top-down measures and mandates.</s>
    <s id="30">Such an approach, taken early enough in the crisis (say, in 2013 or 2014) might have been sufficient to guide a common European approach.</s>
    <s id="31">But excessive foot-dragging and uncertainty – owing not least to German unilateralism – impeded EU-level action, as it enabled migration to become a hot-button issue in domestic politics.</s>
  </p>
  <p id="10">
    <s id="32">What now?</s>
    <s id="33">The European Council’s June meeting will focus on migration, but there has been little reason to hope that it will bring meaningful progress.</s>
    <s id="34">The EU is nowhere near a policy consensus – the political climate does not allow for it.</s>
  </p>
  <p id="11">
    <s id="35">Rather than debating European Commission diktats and lamenting member states’ rebelliousness, what is really needed is a total reset by EU leaders.</s>
    <s id="36">Progress has been made on many fronts, including burden-sharing in settling refugees, reforming and strengthening Europe’s border protections and coast guard, concluding agreements with other countries to return migrants, and providing development and governance assistance to address the push factors driving migration.</s>
    <s id="37">But it is not enough.</s>
  </p>
  <p id="12">
    <s id="38">There is one more possible solution: the establishment of migrant processing and resettlement centers – “disembarkation platforms” – outside of EU territory.</s>
    <s id="39">It is a fraught proposal, as it resembles Australia’s problematic approach to immigration, whereby migrants are held – out of sight and largely out of mind, often for years – on nearby Nauru and Papua New Guinea.</s>
  </p>
  <p id="13">
    <s id="40">But the European Council is now considering just such disembarkation platforms, as well it should be.</s>
    <s id="41">Europe should not emulate Australia, but the establishment of these types of platforms – with real processing and relocation – in third countries could offer major benefits, not least preventing further dramas like the Aquarius episode.</s>
  </p>
  <p id="14">
    <s id="42">Disembarkation platforms would enable controlled assessment of which migrants are owed legal protection by the EU, prior to their resettlement in the Union.</s>
    <s id="43">If migrants know they will not be able to set foot on European soil without first proving that they qualify for asylum, those who do not qualify are less likely to fall victim to smugglers’ claims that they should brave the dangerous journey.</s>
  </p>
  <p id="15">
    <s id="44">If the EU is to survive the migration crisis, it must work together.</s>
    <s id="45">Disembarkation platforms in third countries raise legal, ethical, and financial challenges.</s>
    <s id="46">But they can be overcome.</s>
    <s id="47">The EU’s future may depend on it.</s>
  </p>
</document>
