<?xml version="1.0" encoding="utf-8"?>
<document>
  <HEADLINE>
    <s id="1">Building a Euro-Japanese Alliance of Hope</s>
  </HEADLINE>
  <p id="1">
    <s id="2">TOKYO – Geography aside, Japan and the European Union have never been so close.</s>
    <s id="3">With Europe’s long-standing transatlantic ties under strain, and China presenting a challenge as well as an opportunity, the EU has sought like-minded allies in the Pacific.</s>
    <s id="4">And there is none better than Japan.</s>
  </p>
  <p id="2">
    <s id="5">Following its targeted killing of Iran's second most powerful leader, the US could well find itself with no alternative but to devote more military resources to the Middle East, a path that could lead to additional Iranian provocations.</s>
    <s id="6">And that shift would occur at a time of growing challenges to US interests elsewhere in the world.</s>
  </p>
  <p id="3">
    <s id="7">The targeted killing by the United States of one of Iran's top military leaders represents a significant symbolic defeat for the Iranian regime, but it does not augur all-out war.</s>
    <s id="8">After all, Iran and the US have already been at war for decades, and neither side has an interest in an uncontrolled military escalation now.</s>
  </p>
  <p id="4">
    <s id="9">As in previous years, Project Syndicate asked its commentators to offer their best guesses about the events and trends that will define the coming 12 months.</s>
    <s id="10">If there is one common theme in this year's selection, it is that what happens in 2020 will weigh on the present for many years to come.</s>
  </p>
  <p id="5">
    <s id="11">The EU-Japan bond transcends mere interests: it is a relationship based on shared values of freedom, democracy, and open markets.</s>
    <s id="12">Today, these values are under threat.</s>
    <s id="13">The United States has decided to transact with the world rather than lead it, while China is challenging democracy in its neighborhood and rewriting the international rulebook that is designed to maintain peace and global stability.</s>
  </p>
  <p id="6">
    <s id="14">Faced with Chinese revisionism and the global retreat of the US, Europe lacks the geopolitical strength and unity to assume America’s mantle as defender of the rules-based multilateral order.</s>
    <s id="15">Europe therefore needs friends like Japan, and it is now time to take the bilateral relationship up a gear.</s>
  </p>
  <p id="7">
    <s id="16">Fortunately, the EU and Japan have already laid important groundwork.</s>
    <s id="17">Their recent free-trade deal, along with a growing strategic partnership, sends a signal to isolationists everywhere.</s>
    <s id="18">Some 74,000 EU companies – 78% of which are smaller firms – currently export to Japan, and 550,000 people in the bloc work for Japanese firms.</s>
    <s id="19">The trade agreement between two of the world’s four largest markets will therefore strengthen a mutually profitable relationship.</s>
  </p>
  <p id="8">
    <s id="20">Europe and Japan should now build on this through joint initiatives in areas of shared interest.</s>
    <s id="21">Four areas, in particular, stand out: global trade, data and digital norms, investment in Africa, and connectivity in Asia.</s>
  </p>
  <p id="9">
    <s id="22">The first of these concerns is the World Trade Organization, which is in serious need of reform.</s>
    <s id="23">True, the WTO’s core principles remain sound, despite what some world leaders say.</s>
    <s id="24">But the organization’s machinery needs updating in the face of China’s attempts to rewrite global rules so that its state-backed monoliths can dominate industrial sectors across Asia, Africa, and Europe.</s>
    <s id="25">America, meanwhile, has responded by instigating trade wars that only produce economic losers.</s>
    <s id="26">The EU-Japan trade agreement, on the other hand, shows that there is a more positive, growth-enhancing way forward.</s>
  </p>
  <p id="10">
    <s id="27">In fact, reciprocity should underpin all of Europe’s trade and investment relations.</s>
    <s id="28">We want to trade with China, but on fair and equal terms, and without being naive about how China is buying strategic assets and technological know-how in order to build up influence in several EU member states.</s>
    <s id="29">In Europe, we have only just begun to wake up to this risk.</s>
  </p>
  <p id="11">
    <s id="30">As for digital rules, the EU and Japan have aligned their standards on data flows.</s>
    <s id="31">That has resulted in an “adequacy decision” allowing the free flow of data, while giving citizens control over personal data.</s>
  </p>
  <p id="12">
    <s id="32">In the next few decades, the further diffusion of artificial intelligence, facial recognition technology, and 5G mobile networks will make these challenges existential.</s>
    <s id="33">In the nineteenth century, whoever controlled the seas controlled the world.</s>
    <s id="34">In this century, the world will be ruled by whoever sets global digital norms – and it must be democracies that do this.</s>
    <s id="35">Here again, the EU and Japan are exactly where they should be: at the forefront of setting beneficial global standards.</s>
  </p>
  <p id="13">
    <s id="36">The EU should therefore embrace the proposal of Japanese Prime Minister Shinzo Abe to use the EU-Japan agreement on data flows as a gold standard on which to build a global accord.</s>
    <s id="37">The United Kingdom’s government is also working on such an option for its post-Brexit arrangements, thereby providing a critical mass with which to bring the US on board.</s>
    <s id="38">This emerging “digital democratic caucus” should work to prevent China from recoding the Internet to suit its authoritarian ways.</s>
  </p>
  <p id="14">
    <s id="39">In Africa, China brings a checkbook while Europe brings a rulebook.</s>
    <s id="40">Whereas the EU and the International Monetary Fund apply strict conditions to their investments, China’s demands are far less transparent.</s>
    <s id="41">As a result, China has become a lender of first resort for many African countries, creating client states in the process.</s>
  </p>
  <p id="15">
    <s id="42">Many EU member states have historical links and obligations to Africa, but it is also in Japan’s interests to invest in the continent’s development.</s>
    <s id="43">The EU and Japan have a common desire to see Africa develop open, free-market economies governed by the rule of law.</s>
    <s id="44">We should find new ways to cooperate in this area.</s>
  </p>
  <p id="16">
    <s id="45">Likewise, Europe should support efforts to improve connectivity among democratic allies in the Indo-Pacific region.</s>
    <s id="46">In particular, the important Indo-Pacific Economic Corridor project aims to bolster Asia’s major democracies by strengthening the infrastructure of commerce and exchange.</s>
    <s id="47">It therefore stands in clear contrast to China’s Belt and Road Initiative, which is driven purely by self-interest.</s>
    <s id="48">Just as investing in Africa is in Japan’s interests, so is European investment in Indo-Pacific connectivity.</s>
  </p>
  <p id="17">
    <s id="49">The EU is trying to become more sovereign in a world where it feels squeezed between two great powers with competing models.</s>
    <s id="50">Given strong geopolitical headwinds, there are growing calls for a “Fortress Europe” based on protectionism and strategic retrenchment.</s>
    <s id="51">But the opposite must happen: Europe cannot be sovereign unless it leads by uniting like-minded allies to defend our common interests.</s>
  </p>
  <p id="18">
    <s id="52">I have long argued that Japan is a critical partner in the global fight for freedom and democracy.</s>
    <s id="53">As NATO secretary general, I was proud to sign a partnership agreement with Abe.</s>
    <s id="54">To me, this was more than a simple agreement: it was a sign that democracies should stand together in the fight against autocracy.</s>
  </p>
  <p id="19">
    <s id="55">Today, the EU and Japan must make that stand.</s>
    <s id="56">Deepening our mutual friendship represents the best chance for the democratic world.</s>
  </p>
</document>
