<?xml version="1.0" encoding="utf-8"?>
<document>
  <HEADLINE>
    <s id="1">Europe, Alone in Trump’s World</s>
  </HEADLINE>
  <p id="1">
    <s id="2">LONDON – Alone again.</s>
    <s id="3">Since World War II’s end, Europe has looked at the world through a transatlantic lens.</s>
    <s id="4">There have been ups and downs in the alliance with the United States, but it was a family relationship built on a sense that we would be there for each other in a crisis and that we are fundamentally like-minded.</s>
  </p>
  <p id="2">
    <s id="5">Donald Trump’s election as US president threatens to bring this to an end – at least for now.</s>
    <s id="6">He believes more in walls and oceans than solidarity with allies, and has made it clear that he will put America not just first, but second and third as well.</s>
    <s id="7">“We will no longer surrender this country, or its people,” he declared in his one major foreign-policy speech, “to the false song of globalism.”</s>
  </p>
  <p id="3">
    <s id="8">Europeans will not only have to get used to Trump; they will have to look at the world through different eyes.</s>
    <s id="9">There are four reasons to expect that Trump’s America will be the single biggest source of global disorder.</s>
  </p>
  <p id="4">
    <s id="10">First, American guarantees are no longer reliable.</s>
    <s id="11">Trump has questioned whether he would defend Eastern European NATO members if they do not do more to defend themselves.</s>
    <s id="12">He has said that Saudi Arabia should pay for American security.</s>
    <s id="13">He has encouraged Japan and South Korea to obtain nuclear weapons.</s>
    <s id="14">In Europe, the Middle East, and Asia, Trump has made it clear that America will no longer play the role of policeman; instead, it will be a private security company open for hire.</s>
  </p>
  <p id="5">
    <s id="15">Second, global institutions will come under attack.</s>
    <s id="16">Trump fundamentally rejects the view that the liberal world order that the US built after WWII (and expanded after the Cold War) is the cheapest way of defending American values and interests.</s>
    <s id="17">Like George W. Bush after September 11, 2001, he views global institutions as placing intolerable constraints on US freedom of action.</s>
    <s id="18">He has a revisionist agenda for almost all of these bodies, from the World Trade Organization to NATO and the United Nations.</s>
    <s id="19">The fact that he wants to put the “Art of the Deal” into practice in all international relationships – renegotiating the terms of every agreement – is likely to provoke a similar backlash among America’s partners.</s>
  </p>
  <p id="6">
    <s id="20">Third, Trump will turn all US relationships on their head.</s>
    <s id="21">The crude fear is that he will be kinder to America’s foes than to its allies.</s>
    <s id="22">Most challenging for Europeans is his admiration for Russian President Vladimir Putin.</s>
    <s id="23">Should Trump, cozying up to Putin in search of a grand bargain, recognize Russia’s 2014 annexation of Crimea, the EU would be placed in a near-impossible role.</s>
  </p>
  <p id="7">
    <s id="24">Fourth, there is Trump’s unpredictability.</s>
    <s id="25">Even during the 18 months of the presidential campaign, Trump has been on both sides of almost every issue.</s>
    <s id="26">The fact that he will say the opposite today of what he said yesterday, without admitting that he has changed his mind, shows the extent to which capriciousness is his method.</s>
  </p>
  <p id="8">
    <s id="27">One of the benefits the US political system is that it provides a two-month grace period to prepare for Trump’s world.</s>
    <s id="28">So what should Europeans do about it?</s>
  </p>
  <p id="9">
    <s id="29">First, we need to try to increase leverage over the US.</s>
    <s id="30">We know from Trump’s writings and behavior that he is likely to resemble other strongmen presidents and treat weakness as an invitation to aggression.</s>
    <s id="31">We saw from the Iraq experience that a divided Europe has little ability to influence the US.</s>
    <s id="32">But where Europe has worked together – on privacy, competition policy, and taxation – it has dealt with the US from a position of strength.</s>
  </p>
  <p id="10">
    <s id="33">The same was true with the so-called E3+3 policy on Iran – when the big EU member states shifted the US stance by standing together.</s>
    <s id="34">To get on the front foot, the EU now needs to launch a process to agree on common policies on security, foreign policy, migration, and the economy.</s>
    <s id="35">This will be difficult, as Europe is deeply divided, with France fearing terrorism, Poland dreading Russia, Germany inflamed by the refugee issue, and the United Kingdom determined to go it alone.</s>
  </p>
  <p id="11">
    <s id="36">Second, Europeans should show that they are able to hedge their bets and build alliances with others.</s>
    <s id="37">The EU must reach out to other powers to help shore up global institutions against Trumpian revisionism.</s>
    <s id="38">And it also needs to diversify its foreign-policy relationships.</s>
    <s id="39">Rather than waiting for Trump to marginalize the EU over Russia and China, Europeans should fly some kites of their own.</s>
    <s id="40">Should they, for example, begin consulting with the Chinese on the EU arms embargo to remind the US of the value of the transatlantic alliance?</s>
    <s id="41">Could the EU develop a different relationship with Japan?</s>
    <s id="42">And if Trump wants to cozy up to Russia, maybe he should take over the Normandy process on Ukraine?</s>
  </p>
  <p id="12">
    <s id="43">Third, Europeans need to start to invest in their own security.</s>
    <s id="44">From Ukraine to Syria, from cyber attacks to terror attacks, Europe’s security is being probed in different ways.</s>
    <s id="45">Despite an intellectual understanding that 500 million Europeans can no longer contract out their security to 300 million Americans, the EU has done little to close the gap between its security needs and its capabilities.</s>
    <s id="46">It is time to put meat on the bones of the Franco-German plan for European defense.</s>
    <s id="47">And it will be important to find institutionalized ways of binding the UK into Europe’s new security architecture.</s>
  </p>
  <p id="13">
    <s id="48">In all of these areas, Europeans must keep the door to transatlantic cooperation open.</s>
    <s id="49">This alliance – which has so often saved Europe from itself – is bigger than any individual.</s>
    <s id="50">And, in any case, Trump will not last forever.</s>
    <s id="51">But the transatlantic relationship will be more likely to survive if it is built on two pillars that understand and defend their own interests.</s>
  </p>
  <p id="14">
    <s id="52">This will be a tough agenda to adopt – not least because Europe is facing its own brand of populist nationalism.</s>
    <s id="53">France’s far-right National Front leader, Marine Le Pen, was among the first to congratulate Trump on his victory, and Trump has said that he would put the UK at the front of the queue after Brexit.</s>
    <s id="54">But even Europe’s most Trump-like leaders will find it harder to defend their national interest if they try to go it alone.</s>
    <s id="55">To survive in Trump’s world, they should try to make Europe great again.</s>
  </p>
</document>
