<?xml version="1.0" encoding="utf-8"?>
<document>
  <HEADLINE>
    <s id="1">Europe in Wonderland</s>
  </HEADLINE>
  <p id="1">
    <s id="2">BERLIN – Europe and its national governments are basking in their new capacity to act – and not without reason.</s>
    <s id="3">Who would have dared, even a few weeks ago, to predict that in the end it would be the divided Europeans, not the United States, who determined how to contain the global financial crisis?</s>
  </p>
  <p id="2">
    <s id="4">Serious crises are defining moments in history.</s>
    <s id="5">To be sure, the US is in an interregnum until the election of a new president.</s>
    <s id="6">Moreover, George W. Bush seems to be far weaker than any normal “lame duck” president, creating a global power vacuum that has been filled vigorously by French President Nicolas Sarkozy, who is also the current president of the European Council.</s>
    <s id="7">Sarkozy already took on this role in the Georgia crisis; now he has reinforced it.</s>
  </p>
  <p id="3">
    <s id="8">By summoning the euro group, which so far includes 15 European Union members, the French presidency could rely on a politically functioning avant-garde group.</s>
    <s id="9">Especially with regard to financial and currency issues, the EU has a strong institutional base – the euro as a common currency, the European Central Bank, and the binding budget and debt criteria of the Maastricht Treaty.</s>
    <s id="10">Indeed, the current global financial crisis has demonstrated once more that the EU is strong where it has integrated its member states’ interests and weak where it has failed to do so.</s>
  </p>
  <p id="4">
    <s id="11">Of course, the crisis has not been overcome.</s>
    <s id="12">We have gained time and can take a deep breath – no more and no less.</s>
    <s id="13">When you are hanging over an abyss, as the global financial system has been in the past few weeks, then gaining solid ground, even if only temporarily, makes a big difference.</s>
  </p>
  <p id="5">
    <s id="14">However, beyond the mortgage market, other huge risks are lurking, especially in the US financial system: credit cards, car loans, and presumably a few other things.</s>
    <s id="15">So there are good reasons to doubt that governments’ and central banks’ current actions will really redress the crisis.</s>
  </p>
  <p id="6">
    <s id="16">Parallel to this, the next tsunami is approaching, threatening to inundate the real economy.</s>
    <s id="17">True, everybody is complaining about America’s speculative bubble, and they are right to do so.</s>
    <s id="18">But the whole world economy – from China to Germany – benefited for decades from Americans’ debt-driven over-consumption.</s>
  </p>
  <p id="7">
    <s id="19">Machinery to China and everywhere in the world;</s>
    <s id="20">Porsches, Mercedes, and BMWs to the US – that was Germany’s winning formula in this period.</s>
    <s id="21">Thus, a dramatic decline in the real economy, following the collapse of the financial house of cards, will have serious consequences for Germany and the EU.</s>
    <s id="22">The breakdown of the US engine of growth cannot, at least in the short term, be replaced by Asia and stimulation of China’s domestic economic activity.</s>
    <s id="23">That means that the world economy is approaching a protracted deep recession.</s>
    <s id="24">Even a global depression cannot be excluded in the face of this fundamental crisis.</s>
  </p>
  <p id="8">
    <s id="25">So far, thanks to the euro, the ECB, Gordon Brown, and Sarkozy, the EU has worked well in the world financial crisis.</s>
    <s id="26">But the link between the global financial and economic crises will confront Europe with severe challenges – but also a big opportunity.</s>
  </p>
  <p id="9">
    <s id="27">Simply put, Europe’s nation states are too small to address a crisis of this dimension on their own.</s>
    <s id="28">Only the EU can protect the interests of all Europeans – including those outside the euro zone and even outside the EU.</s>
    <s id="29">But, while Europeans have created strong institutions with the euro and the ECB, they still lack an adequate political superstructure to confront the coming economic crisis.</s>
  </p>
  <p id="10">
    <s id="30">For many years, France has called for a European economic government for the euro zone, which Germany has so far rejected, for good reasons: France’s initiative was nothing but a hidden attack against EU members’ annual fiscal-deficit ceiling of 3% of GDP and worse, against the ECB’s independence.</s>
    <s id="31">And the recent ill-conceived proposals of the French president on state ownership made things even worse in Berlin.</s>
    <s id="32">But, given the global economic and financial crisis, the question now is whether Germany should abandon its resistance to a European economic government and, instead, lead the way toward creating it.</s>
  </p>
  <p id="11">
    <s id="33">After all, if the crisis in financial markets continues and combines with a dramatic slump in the real economy, the EU could quickly be at risk if it cannot respond politically.</s>
    <s id="34">There is therefore an urgent need for macroeconomic and fiscal coordination at the EU level.</s>
  </p>
  <p id="12">
    <s id="35">This is all the more true because the European Commission is currently proving to be a near-total failure.</s>
    <s id="36">An incompetent president of the Commission has had his term renewed for another five years as a reward for his innocuousness.</s>
    <s id="37">Alas, this, too, is Europe.</s>
  </p>
  <p id="13">
    <s id="38">The German chancellor and her Minister of Finance must now quickly learn from their mistakes of recent weeks.</s>
    <s id="39">To wait until events in Europe force them into line has turned out to be a bad strategy.</s>
    <s id="40">It would be far better for the German government to take the bull by the horns by defining the principles of a European economic government in such a way that both countercyclical debt policy within the Maastricht framework and the ECB’s independence are preserved.</s>
  </p>
  <p id="14">
    <s id="41">This means not dividing Europe, but forming an active and inclusive avant garde.</s>
    <s id="42">The EU needs an economic government for the deep and long crisis ahead.</s>
    <s id="43">Germany, Europe’s biggest and most important economy, should lead the way decisively.</s>
  </p>
</document>
