<?xml version="1.0" encoding="utf-8"?>
<document>
  <HEADLINE>
    <s id="1">Europe in Reverse</s>
  </HEADLINE>
  <p id="1">
    <s id="2">BERLIN – The legendary American investor Warren Buffet once said, “It’s when the tide goes out that you find out who has been swimming naked.”</s>
    <s id="3">That particular piece of wisdom referred to the situation of companies in an economic crisis.</s>
    <s id="4">But it can also be applied to countries and economies.</s>
  </p>
  <p id="2">
    <s id="5">In Europe, the situation is cause for growing concern, because the global economic crisis is relentlessly laying bare the European Union’s flaws and limitations.</s>
    <s id="6">Indeed, what Europe lost, first and foremost, with the rejection of the constitutional treaty is now obvious: its faith in itself and its common future.</s>
  </p>
  <p id="3">
    <s id="7">Amid this worst crisis since 1929, America has opted for a truly new beginning with the election of Barack Obama, and is now in the process of reinventing itself.</s>
    <s id="8">By contrast, each passing day seems to drive EU members further apart.</s>
    <s id="9">Rather than reinventing itself, Europe, under the pressure of the crisis and its own internal contradictions, threatens to revert to the national egoism and protectionism of the past.</s>
  </p>
  <p id="4">
    <s id="10">Europe today has a common currency and the European Central Bank (ECB), which have proven to be bulwarks in defending monetary stability during the financial crisis.</s>
    <s id="11">Any weakening of these two institutions would cause severe damage to common European interests.</s>
    <s id="12">But EU member governments’ behavior during the past few months raises grave doubts about whether they see things this way.</s>
  </p>
  <p id="5">
    <s id="13">The longer the crisis continues, the more obvious it becomes that the common currency and the ECB alone are not enough to defend the Common Market and European integration.</s>
    <s id="14">Without common economic and financial policies, coordinated at least between the members of the euro zone, the cohesion of the common currency and the EU – indeed, their very existence – are in unprecedented danger.</s>
    <s id="15">To be sure, the crisis has placed a stranglehold on countries worldwide.</s>
    <s id="16">But there are significant differences and economic imbalances within the EU and the euro zone, reflected, for example, by increasingly divergent interest rates.</s>
  </p>
  <p id="6">
    <s id="17">Confidence in Italy, Spain, Ireland, Portugal, and Greece is rapidly evaporating, while the stronger economies in northern Europe are doing better, although they are struggling, too.</s>
    <s id="18">Should this continue, perhaps bringing a de facto end to the Maastricht criteria and rising national protectionism in the form of industrial subsidies, the euro will be seriously jeopardized.</s>
    <s id="19">It is easy to imagine what the euro’s failure would mean for the EU as a whole: a disaster of historic proportions.</s>
  </p>
  <p id="7">
    <s id="20">Moreover, the new EU member states in Eastern Europe, which have neither the economic strength nor the political stability of long-term members, are now beginning to take a nosedive.</s>
    <s id="21">Given the exposure of some euro-zone states such as Austria, this crisis will also affect the euro area directly.</s>
    <s id="22">To wait and see is, therefore, the wrong strategy.</s>
  </p>
  <p id="8">
    <s id="23">There is no reason to believe that the current global economic crisis has bottomed out.</s>
    <s id="24">So, assuming that it intensifies further, Europe will rapidly face a grim alternative: either the richer and more stable economies in the North – first and foremost Europe’s largest economy, Germany – will use their greater financial resources to help the weaker euro-zone economies, or the euro will be endangered, and with it the whole project of European integration.</s>
  </p>
  <p id="9">
    <s id="25">Why not, then, quickly introduce new instruments such as Eurobonds, or create an EU mechanism comparable to the IMF?</s>
    <s id="26">Each would certainly be costly – particularly for Germany – and therefore would be anything but popular, but the alternatives are much costlier; indeed, they are not serious political options.</s>
  </p>
  <p id="10">
    <s id="27">Institutionally, there is no way around a “European economic government” or “enhanced economic coordination” (or whatever you want to call it), which in fact would be possible informally and thus without any treaty change.</s>
  </p>
  <p id="11">
    <s id="28">Unfortunately, it has become clear that the Franco-German engine, which is crucial to the EU acting in unison, is momentarily blocked.</s>
    <s id="29">Their rhetoric suggests that France and Germany have a great deal in common, but the facts speak a completely different language.</s>
    <s id="30">In nearly all strategic aspects of EU crisis management, Germany and France are blocking each other – although ironically, both are doing virtually the same thing.</s>
    <s id="31">They are thinking first and foremost of themselves, not of Europe, which is thus effectively without leadership.</s>
  </p>
  <p id="12">
    <s id="32">The EU was and is institutionalized compromise, and must remain so now, in the midst of a global economic crisis.</s>
    <s id="33">If Germany and France don’t quickly resolve their differences and find a joint strategic answer to the crisis, they will damage themselves and Europe as a whole.</s>
  </p>
  <p id="13">
    <s id="34">It must never be forgotten that the EU is a project designed for mutual economic progress.</s>
    <s id="35">If this economic bond disappears, national interests will reassert themselves and rip the project apart.</s>
    <s id="36">Europe today does not lack economic strength, but rather the political will to act in unison.</s>
    <s id="37">Here is where Germany and France must lead the way.</s>
  </p>
</document>
