<?xml version="1.0" encoding="utf-8"?>
<document>
  <HEADLINE>
    <s id="1">Europe after the Kosovo War</s>
  </HEADLINE>
  <p id="1">
    <s id="2">The Kosovo war should force the European Union to rethink its future.</s>
    <s id="3">As the new commission chaired by Romano Prodi takes over it should seize the opportunity to move the EU from an inward looking institution consumed with an economic agenda to an all-European political project.</s>
  </p>
  <p id="2">
    <s id="4">"The return to Europe" was a central motto of the peaceful revolution in Central Europe ten years ago.</s>
    <s id="5">The reunification of Europe was to overcome the legacy of Yalta and ensure peace, security, democracy and development.</s>
    <s id="6">While the idea of a "return" expressed an idealised vision of the Europe of values and common heritage, its concrete expression was the desire to join the process of European integration successfully developed in the Western part of the continent.</s>
  </p>
  <p id="3">
    <s id="7">The West, however, was ill prepared to face the revolutionary challenge from the East.</s>
    <s id="8">Western Europe's attitude towards its eastern neighbours remained ambiguous.</s>
    <s id="9">On the one hand, the EU has always claimed to support the 'unification of Europe'.</s>
    <s id="10">This translated into series of positive initiatives towards the aspiring newcomers: the PHARE programme, the EBRD, the association agreements leading to a slow but steady strengthening of the EU's ties with candidate countries.</s>
  </p>
  <p id="4">
    <s id="11">Yet the identity of integrated western Europe was the product of the horrors of the second world war and of the divisions and fears of the cold war period.</s>
    <s id="12">This distinct genealogy contributed to the fact that after 1989 the real priorities of the Union was not the rapid reunification of Europe but rather deepening integration of its western half, and protecting itself from possible destabilizing effects of radical geopolitical changes.</s>
    <s id="13">The Maastricht agreement and the launch of euro were landmarks of that process.</s>
  </p>
  <p id="5">
    <s id="14">Ten years after the fall of the Berlin Wall the vision of a reunited Europe seems to have vanished.</s>
    <s id="15">In spite of official declarations to the contrary, EU enlargement is not considered a real priority.</s>
    <s id="16">The member states do not seem ready to make the necessary reforms and bear the costs of enlargement.</s>
    <s id="17">These are actually overstated, while the long-term positive effects of enlargement are generally underestimated.</s>
    <s id="18">The re-nationalisation of the priorities of the member states became clear at the Berlin summit earlier this year.</s>
    <s id="19">The negotiations on the so-called 'Agenda 2000' were marked by squabbling between the member states defending their vested interests.</s>
    <s id="20">The final compromise was based on a tacit understanding that EU enlargement would not be possible before the second half of the next decade.</s>
  </p>
  <p id="6">
    <s id="21">There is now a striking asymmetry in the process of institutional adaptation necessary for EU enlargement.</s>
    <s id="22">The EU has been unable so far to transform its institutions and procedures in order to cope with the new members.</s>
    <s id="23">The candidate states, on the other hand, have, in order to qualify for membership of the EU, to swallow 80 000 pages of rules and regulations known as the 'acquis communautaire'.</s>
    <s id="24">This is a labour of Sisyphus, since the 'acquis' grows faster than the capacity to absorb it in East European legislation.</s>
    <s id="25">Much of the 'acquis'- the product of a long and complex history of the EU - is hardly relevant to the development of the new democracies.</s>
    <s id="26">Nor is this straitjacket of regulations the best way to equip free market economies to compete if parts of it are not implemented by existing member states themselves.</s>
    <s id="27">Yet, they are authoritatively imposed as a condition sine qua non for new candidate states feeding frustration and potential resentment in Central Europe in a process where the ends seem to have been confused with the means.</s>
  </p>
  <p id="7">
    <s id="28">History moves faster than politics, which moves faster than institutions.</s>
    <s id="29">The Balkan wars and their consequences have overtaken the EU's enlargement policy.</s>
    <s id="30">They point to the special role of the western alliance, and most of all of the European Union, in assuring peace and security in the Balkans, in promoting democratic nation-state building in the region.</s>
    <s id="31">The real long-term success of the Kosovo war can be assured only by the prospect of integration of Balkans with the developed Europe.</s>
    <s id="32">Failed states of south eastern Europe are being transformed into formal or informal protectorates implying deep involvement of Europe in the creation of security for the whole region.</s>
    <s id="33">This requires political involvement as well as massive inflows of resources in order to rebuild and to ensure their development.</s>
    <s id="34">The European Stability Pact for the Balkans is a decision not dictated by economic considerations but a result of political, strategic, and moral considerations.</s>
  </p>
  <p id="8">
    <s id="35">Central Europe with its experiences of democratic and economic transformation can and should make a useful contribution to the reconstruction in the Balkans.</s>
    <s id="36">However, two undesirable consequences could follow from the present situation.</s>
    <s id="37">Given the Balkan emergency the enlargement process to the stable, consolidated democracies would be downgraded or slowed down.</s>
    <s id="38">Even more unsettling would be the consequences for countries that fall between two stools (neither protectorate nor first circle of enlargement) such as Slovakia, Bulgaria and Romania.</s>
    <s id="39">In both cases the result could be a destabilizing anti-European backlash.</s>
  </p>
  <p id="9">
    <s id="40">Instead, the EU's direct involvement in the Balkans should lead it to rethink its enlargement strategy.</s>
    <s id="41">It should embark now on a policy of an accelerated political and security integration of the countries of Central Europe without slowing down their economic integration.</s>
    <s id="42">This would not be seen as 'second class' membership, but rather as the right 'Agenda 2000', the proper answer to the hopes of a genuinely reunited Europe that were reborn in 1989.</s>
    <s id="43">It would also send a positive European signal for the post-war reconstruction in the Balkans.</s>
  </p>
</document>
