<?xml version="1.0" encoding="utf-8"?>
<document>
  <HEADLINE>
    <s id="1">The Policy Debate Europe Needs</s>
  </HEADLINE>
  <p id="1">
    <s id="2">SASKATOON – The eurozone is in a bind.</s>
    <s id="3">Despite successive doses of monetary stimulus by the European Central Bank, inflation remains stubbornly below target.</s>
    <s id="4">Conventional monetary policy and even quantitative easing evidently have limited potency when interest rates are at or near zero.</s>
  </p>
  <p id="2">
    <s id="5">Following its targeted killing of Iran's second most powerful leader, the US could well find itself with no alternative but to devote more military resources to the Middle East, a path that could lead to additional Iranian provocations.</s>
    <s id="6">And that shift would occur at a time of growing challenges to US interests elsewhere in the world.</s>
  </p>
  <p id="3">
    <s id="7">The targeted killing by the United States of one of Iran's top military leaders represents a significant symbolic defeat for the Iranian regime, but it does not augur all-out war.</s>
    <s id="8">After all, Iran and the US have already been at war for decades, and neither side has an interest in an uncontrolled military escalation now.</s>
  </p>
  <p id="4">
    <s id="9">As in previous years, Project Syndicate asked its commentators to offer their best guesses about the events and trends that will define the coming 12 months.</s>
    <s id="10">If there is one common theme in this year's selection, it is that what happens in 2020 will weigh on the present for many years to come.</s>
  </p>
  <p id="5">
    <s id="11">Monetary skeptics worry, moreover, that lowering rates further will damage Europe’s banks.</s>
    <s id="12">Additional asset purchases beyond the monthly level of €20 billion ($22 billion) already agreed, they warn, will impair the liquidity of financial markets.</s>
    <s id="13">By pushing up asset prices, the ECB could expose the financial system to stability risks when those lofty prices return to earth.</s>
  </p>
  <p id="6">
    <s id="14">The obvious event precipitating this return would be a recession.</s>
    <s id="15">And when this downturn materializes, the ECB will have limited room for offsetting action, again because interest rates are already low.</s>
  </p>
  <p id="7">
    <s id="16">The solution to this conundrum suggested by ECB President Christine Lagarde is greater reliance on fiscal policy.</s>
    <s id="17">By purchasing government bonds bearing negative interest rates, investors are literally begging European governments to borrow.</s>
    <s id="18">So long as growth rates remain stuck at low levels because of anemic private spending, a bit of additional public spending is just what the doctor ordered.</s>
    <s id="19">If the economy nonetheless sinks into recession, fiscal stimulus can be ramped up still further.</s>
  </p>
  <p id="8">
    <s id="20">The problem is that national policymakers in a number of eurozone countries, starting with Germany, are dead set against fiscal expansion.</s>
    <s id="21">Believing that they are being asked to encumber their children with debt in order to provide the stimulus that countries like Italy are unable to deliver, they happily invoke the EU’s fiscal rules to justify not running budget deficits.</s>
  </p>
  <p id="9">
    <s id="22">This impasse has prompted suggestions that the ECB should pursue fiscal policy by stealth.</s>
    <s id="23">For example, it could adopt a policy of dual interest rates.</s>
    <s id="24">It could pay positive rates when taking deposits from commercial banks, cushioning the banks’ profitability.</s>
    <s id="25">It could then lend to those same banks at sharply negative rates, giving them money on such concessional terms that they would find lending it irresistible.</s>
    <s id="26">The ECB has experimented with these policies on a small scale under its so-called TLTRO-II program.</s>
  </p>
  <p id="10">
    <s id="27">But by expanding a policy under which it paid more on its liabilities than it charged on its assets, the ECB would incur losses and erode its capital.</s>
    <s id="28">To be sure, central banks can operate with negative capital, financing themselves by printing money.</s>
    <s id="29">But the longer they do so, the more observers, anticipating ongoing money creation, will come to doubt the credibility of monetary policy.</s>
    <s id="30">The ECB’s shareholders, meaning European governments, might then feel compelled to recapitalize it – at a significant cost to themselves.</s>
  </p>
  <p id="11">
    <s id="31">Critics in Germany and elsewhere will therefore challenge the legality of such policies, citing the strict separation between monetary and fiscal policy in the European treaties.</s>
    <s id="32">One response is: who cares?</s>
    <s id="33">Treaty provisions can be creatively reinterpreted when exigent circumstances require.</s>
    <s id="34">This has happened more than once in the euro’s two decades.</s>
  </p>
  <p id="12">
    <s id="35">But the legitimacy of the ECB depends on more than legal formalities.</s>
    <s id="36">Fundamentally, it derives from public support.</s>
    <s id="37">And public opinion toward quasi-fiscal measures by the ECB would be strongly negative in countries like Germany.</s>
    <s id="38">The German government, channeling this popular indignation, could protest in a variety of ways, such as refusing to participate in EU decision-making processes requiring unanimous consent.</s>
    <s id="39">Anyone familiar with the “empty chair crisis” of 1965, when France refused to occupy its seat in the Council of Ministers over a dispute about the Common Agricultural Policy, will appreciate how disruptive such a protest can be.</s>
  </p>
  <p id="13">
    <s id="40">Rather than attempting to circumvent the intent of the ECB’s statute, the resources of the European Investment Bank should be enlisted.</s>
    <s id="41">The EIB has €70 billion of paid-in capital and reserves and €222 billion of callable capital.</s>
    <s id="42">It has a board of directors from all 28 EU member states, limiting the danger of capture.</s>
    <s id="43">Its charge is to fund sustainable investment projects, and it is empowered to borrow for that purpose.</s>
    <s id="44">Because it is required to place its bonds with private investors, it is subject to market discipline, and it earns positive returns on its investments.</s>
    <s id="45">Ramping up its borrowing and spending would be entirely consistent with its mandate.</s>
  </p>
  <p id="14">
    <s id="46">EIB lending is limited to 250% of the capital subscribed by its shareholders.</s>
    <s id="47">To make a difference now, much less in a recession, this capacity would have to be scaled up significantly.</s>
    <s id="48">To be sure, proposals for doing so will meet with political resistance from those who fear that a larger EIB would be a loss-making EIB.</s>
    <s id="49">But significant losses are unlikely in an environment where borrowing costs are only a fraction of the return on equity investment.</s>
  </p>
  <p id="15">
    <s id="50">This, in any case, is the debate Europe should be having.</s>
    <s id="51">Tackling the stimulus issue head-on is more likely to succeed than proceeding by subterfuge.</s>
  </p>
</document>
