<?xml version="1.0" encoding="utf-8"?>
<document>
  <HEADLINE>
    <s id="1">Europe’s Naked Banks</s>
  </HEADLINE>
  <p id="1">
    <s id="2">WASHINGTON, DC – European leaders are convinced that bank capital is “expensive,” in the sense that raising capital requirements would slow economic growth.</s>
    <s id="3">But the latest developments in the Greek crisis show that the exact opposite is true – it’s European banks’ lack of capital that threatens to derail European and global growth.</s>
  </p>
  <p id="2">
    <s id="4">Banks’ “capital” simply refers to their equity funding – how much of their liabilities are owned by shareholders rather than being owed to creditors as some form of debt.</s>
    <s id="5">The advantage of equity capital is that it is “loss-absorbing,” meaning that only after losses wipe out all of the equity do they need to be apportioned between creditors.</s>
    <s id="6">Banks’ capital, therefore, is what stands between bad loans and insolvency.</s>
  </p>
  <p id="3">
    <s id="7">In the Basel III negotiations that concluded last year, the French and Germans strongly favored relatively low capital requirements.</s>
    <s id="8">This was folly: for their big banks today, more capital would reduce the probability of needing further government bailouts.</s>
  </p>
  <p id="4">
    <s id="9">These banks’ potentially troubled assets include, of course, bonds issued by Greece, Ireland, Portugal, and other eurozone countries whose fiscal prospects are now being marked down by financial markets – but that until recently were regarded as “zero risk” by the relevant authorities.</s>
    <s id="10">If European banks had enough capital, a reduction in the value of Greek and other debt would reduce shareholder equity and disappoint investors, but it would not cause a banking crisis.</s>
    <s id="11">Unfortunately, European banks do not have enough capital, irrespective of eurozone bailout efforts, because the damage will not be limited to Greece.</s>
  </p>
  <p id="5">
    <s id="12">Big European banks will not actually default on their debts – the governments of Germany, France, and Italy have made it clear that their banks are too big to fail.</s>
    <s id="13">And Germany and France – though perhaps not Italy – have enough fiscal firepower to support their banks as needed.</s>
  </p>
  <p id="6">
    <s id="14">But no European politician would really want to put serious money on the line for the likes of Deutsche Bank or BNP Paribas; governments will not force recapitalization using public funds.</s>
    <s id="15">Nor do politicians care to order banks to raise more capital from private sources – this would be too embarrassing for all involved, because it would expose the full extent of the folly so far.</s>
  </p>
  <p id="7">
    <s id="16">Finally, the bankers are paid according to return on equity, unadjusted for risk, so it is very much in their interest to continue running their business with very little equity.</s>
    <s id="17">If they get lucky, the rewards are immense.</s>
    <s id="18">If they hit a difficult patch – as now seems likely – society bears the brunt of the impact as credit dries up and asset prices fall.</s>
  </p>
  <p id="8">
    <s id="19">To be sure, the European Central Bank could cut interest rates further (widening the gap between banks’ borrowing costs and what they charge for loans is a classic way to help them earn profits and recapitalize themselves).</s>
    <s id="20">But the ECB has signaled that big interest-rate cuts are unlikely as long as the German economy remains strong, with relatively low unemployment.</s>
  </p>
  <p id="9">
    <s id="21">The most likely course of action will be more regulatory forbearance, allowing banks to hide losses, combined with another round of overly optimistic financial “stress tests,” in which regulators pretend that there are no problems.</s>
    <s id="22">When the Europeans stress-tested their banks in 2010, for example, they blithely assumed that Ireland did not face imminent fiscal disaster.</s>
    <s id="23">Stress tests have turned out to be an exercise between futility and fiasco.</s>
  </p>
  <p id="10">
    <s id="24">The reaction of European bank executives in this scenario will be to hunker down, calling in loans to reduce the size of their balance sheets and thereby pushing up equity relative to their total assets.</s>
    <s id="25">There is an obvious externality here, with each bank wanting to dump assets without regard for the consequences for the rest of the economy.</s>
    <s id="26">Regardless of whether Greece will or should default on its debts – or restructure payments under some euphemism – the banking system’s lack of capital means that credit throughout the eurozone will be under pressure.</s>
  </p>
  <p id="11">
    <s id="27">No one knows how Greece’s problems will affect market perceptions of government debt in other eurozone countries.</s>
    <s id="28">And the interlinkages between major global banks are a major, if diffuse, worry for all involved.</s>
    <s id="29">Equity capital will increase relative to assets – but, under current policies, it will increase because banks reduce their assets, not because they raise capital.</s>
  </p>
  <p id="12">
    <s id="30">This is exactly the wrong way to handle a financial crisis.</s>
    <s id="31">If the International Monetary Fund were calling the shots in Europe, they would be arguing forcefully for tough stress tests and bank recapitalization throughout the eurozone.</s>
    <s id="32">But the European Union collectively has roughly 30% of the votes at the IMF, and can effectively veto a more forceful approach to the European banking system.</s>
  </p>
  <p id="13">
    <s id="33">Meanwhile, the lack of bank capital will continue, weighing heavily the European economy’s short-run performance and undermining its longer-term growth potential.</s>
  </p>
</document>
