<?xml version="1.0" encoding="utf-8"?>
<document>
  <HEADLINE>
    <s id="1">Europe’s Scientific Meltdown</s>
  </HEADLINE>
  <p id="1">
    <s id="2">After World War II, most Europeans agreed that scientific research would not only boost their economies, but also deliver greater technological autonomy from the United States and act as a catalyst for social change.</s>
    <s id="3">The British Royal Society advocated creating the German Max Planck Society on the ground that solidarity between international scientific communities could contribute to reconciling former enemies.</s>
    <s id="4">As a result, big projects such as the European Centre for Nuclear Research (CERN), the European Space Agency (ESA), and the European Molecular Biology Organization (EMBO), were founded to help unite European research efforts in basic science.</s>
  </p>
  <p id="2">
    <s id="5">Today, however, European science is declining in almost all countries (Sweden, Finland, and Iceland are exceptions), wasting existing talent and losing attractiveness for young people.</s>
    <s id="6">On average, a young European scientist working in the US receives 2.5 times more research support than in Europe.</s>
    <s id="7">No surprise, then, that a brain drain has developed.</s>
    <s id="8">Indeed, Europe has only five scientific researchers per 1000 inhabitants, compared to eight in the US and nine in Japan.</s>
    <s id="9">Despite its strong scientific tradition, figures for Central Europe are even worse, and the cost of EU integration is likely to further shift priorities away from science and education.</s>
  </p>
  <p id="3">
    <s id="10">Shrinking budgets are also damaging established scientists.</s>
    <s id="11">In the life sciences, for example, foundations find it hard to identify high-level Europeans for awards.</s>
    <s id="12">This is not due to lower scientific quality, but to the higher levels of sustained support available to American group leaders to transform new ideas into discoveries.</s>
  </p>
  <p id="4">
    <s id="13">Massive military and health investments by the US government have generated a critical mass of research, which in turn attracts private funding – including from European companies, particularly in the pharmaceutical industry.</s>
    <s id="14">Something similar can and does work in Europe.</s>
    <s id="15">In Finland, for example, ten years of sustained public funding is now catalyzing private investments and fueling regular increases in R&amp;D budgets.</s>
  </p>
  <p id="5">
    <s id="16">Edith Cresson, a former European Commissioner for Research, once said that, “funding directly nanotechnologies would have been more rewarding than creating CERN.”</s>
    <s id="17">She was wrong: the complexity of modern science does not allow anyone, least of all bureaucrats, to predict where innovation will emerge.</s>
    <s id="18">Public funding of basic research and industrial investments are both needed to achieve long-term technological development.</s>
  </p>
  <p id="6">
    <s id="19">Although most national funding agencies lack imagination when it comes to European cooperation, several institutions are aware of Europe’s deteriorating research and the handicaps European scientists face in competition with those in the US and Japan (and also, increasingly, India and China).</s>
    <s id="20">At a meeting organized for November 2005 by the Collège de France, Nobel laureates, science historians, and managers of European universities and research facilities will stress the need for a new science policy, including in the social sciences and humanities, in the presence of ministers and European commissioners.</s>
  </p>
  <p id="7">
    <s id="21">Euroscience and the European Science Foundation have also made suggestions aimed at shoring up political will:</s>
  </p>
  <p id="8">
    <s id="22">· Establish a European Research Council.</s>
    <s id="23">This initiative, originally presented by the Deutsche Forschungsgemeinschaft and the magazine Nature , proposes to create a pan-European funding agency to organize international competition in “hard” and “soft” basic science.</s>
    <s id="24">Most national research organizations and the European Commission support the idea, but questions persist: who will provide the budget (at least €2 billion is needed, which is roughly half of the increase promised by EU governments to raise R&amp;D to 3% of the GNP in 2010)?</s>
    <s id="25">What mechanisms will ensure the Council’s autonomy, a key condition for basing research awards strictly on scientific quality?</s>
  </p>
  <p id="9">
    <s id="26">· Implement general European training schemes.</s>
    <s id="27">Large facilities have trained a few generations of genuinely European scientists.</s>
    <s id="28">But they cover only a small range of scientific disciplines; in most others, education is still overwhelmingly national.</s>
    <s id="29">The Bologne protocol, which aims at harmonizing university training throughout Europe, could prove useful here.</s>
    <s id="30">In parallel, European post-doctoral schemes need reappraisal.</s>
    <s id="31">In the US, such schemes contribute to widespread dissemination of expertise, whereas European laboratories still use them as waiting lines without putting enough emphasis on multinational and multidisciplinary trajectories.</s>
  </p>
  <p id="10">
    <s id="32">· Give appropriate recognition, salaries, and autonomy to young scientists.</s>
    <s id="33">Unfortunately, young scientists are largely viewed as a source of cheap manpower, deterring the best students from embracing scientific careers.</s>
    <s id="34">The new Charter of Scientists now under discussion in the European Commission should improve the situation, by making flexible career tracks compatible with transferable social benefits.</s>
  </p>
  <p id="11">
    <s id="35">Europe needs proactive policies to meet the challenges of new research needs ­– and to take advantage of subsequent job opportunities – in areas like sustainable development, climate change, natural hazards, and public health.</s>
    <s id="36">Creating an international pool of expertise could become an important asset for European universities, while enabling European industries to create new jobs.</s>
  </p>
  <p id="12">
    <s id="37">Europe’s science policies should also frame a new deal for developing countries.</s>
    <s id="38">Today, scientific relations between developed and developing countries are unequal; important genetic discoveries based on Third World diseases provide neither appropriate credit to local scientists nor fair returns to the populations that made them possible.</s>
    <s id="39">Moreover, the North-South gap in public health is a major threat to the future of mankind.</s>
  </p>
  <p id="13">
    <s id="40">Europe should seek to make science more user-friendly, both to its own researchers and would-be scientists and those in developing countries.</s>
    <s id="41">Let us hope that Europe’s politicians have the foresight to meet these challenges before European science becomes irreversibly marginalized.</s>
  </p>
</document>
