<?xml version="1.0" encoding="utf-8"?>
<document>
  <HEADLINE>
    <s id="1">Facebook’s Libra Must Be Stopped</s>
  </HEADLINE>
  <p id="1">
    <s id="2">NEW YORK – Facebook has just unveiled its latest bid for world domination: Libra, a cryptocurrency designed to function as private money anywhere on the planet.</s>
    <s id="3">In preparing the venture, Facebook CEO Mark Zuckerberg has been in negotiations with central banks, regulators, and 27 partner companies, each of which will contribute at least $10 million.</s>
    <s id="4">For fear of raising safety concerns, Facebook has avoided working directly with any commercial banks.</s>
  </p>
  <p id="2">
    <s id="5">Following its targeted killing of Iran's second most powerful leader, the US could well find itself with no alternative but to devote more military resources to the Middle East, a path that could lead to additional Iranian provocations.</s>
    <s id="6">And that shift would occur at a time of growing challenges to US interests elsewhere in the world.</s>
  </p>
  <p id="3">
    <s id="7">The targeted killing by the United States of one of Iran's top military leaders represents a significant symbolic defeat for the Iranian regime, but it does not augur all-out war.</s>
    <s id="8">After all, Iran and the US have already been at war for decades, and neither side has an interest in an uncontrolled military escalation now.</s>
  </p>
  <p id="4">
    <s id="9">As in previous years, Project Syndicate asked its commentators to offer their best guesses about the events and trends that will define the coming 12 months.</s>
    <s id="10">If there is one common theme in this year's selection, it is that what happens in 2020 will weigh on the present for many years to come.</s>
  </p>
  <p id="5">
    <s id="11">Zuckerberg seems to understand that technological innovation alone will not ensure Libra’s success.</s>
    <s id="12">He also needs a commitment from governments to enforce the web of contractual relations underpinning the currency, and to endorse the use of their own currencies as collateral.</s>
    <s id="13">Should Libra ever face a run, central banks would be obliged to provide liquidity.</s>
  </p>
  <p id="6">
    <s id="14">The question is whether governments understand the risks to financial stability that such a system would entail.</s>
    <s id="15">The idea of a private, frictionless payment system with 2.6 billion active users may sound attractive.</s>
    <s id="16">But as every banker and monetary policymaker knows, payment systems require a level of liquidity backstopping that no private entity can provide.</s>
  </p>
  <p id="7">
    <s id="17">Unlike states, private parties must operate within their means, and cannot unilaterally impose financial obligations on others as needed.</s>
    <s id="18">That means they cannot rescue themselves; they must be bailed out by states, or be permitted to fail.</s>
    <s id="19">Moreover, even when it comes to states, currency pegs offer only an illusion of safety.</s>
    <s id="20">Plenty of countries have had to break such pegs, always while insisting that “this time is different.”</s>
  </p>
  <p id="8">
    <s id="21">What sets Facebook apart from other issuers of “private money” is its size, global reach, and willingness to “move fast and break things.”</s>
    <s id="22">It is easy to imagine a scenario in which rescuing Libra could require more liquidity than any one state could provide.</s>
    <s id="23">Recall Ireland after the 2008 financial crisis.</s>
    <s id="24">When the government announced that it would assume the private banking sector’s liabilities, the country plunged into a sovereign debt crisis.</s>
    <s id="25">Next to a behemoth like Facebook, many nation-states could end up looking a lot like Ireland.</s>
  </p>
  <p id="9">
    <s id="26">Facebook is barreling ahead as if Libra was just another private enterprise.</s>
    <s id="27">But like many other financial intermediaries before it, the company is promising something that it cannot possibly deliver on its own: the protection of the currency’s value.</s>
    <s id="28">Libra, we are told, will be pegged to a basket of currencies (fiat money issued by governments), and convertible on demand and at any cost.</s>
    <s id="29">But this guarantee rests on an illusion, because neither Facebook nor any other private party involved will have access to unlimited stores of the pegged currencies.</s>
  </p>
  <p id="10">
    <s id="30">To understand what happens when regulators sit on their hands while financial innovators create put options, consider the debacle with money market funds in September 2008.</s>
    <s id="31">Investors in MMFs were promised that they could treat their holdings like a bank account, meaning they could withdraw as much money as they put in whenever they wanted.</s>
    <s id="32">But when Lehman Brothers collapsed, MMF investors all tried to cash out at the same time, whereupon it became clear that many funds could not deliver.</s>
    <s id="33">To forestall a widespread run on all MMFs and the banks that backed them, the US Federal Reserve stepped in to offer liquidity support.</s>
    <s id="34">A run on Libra would require support on a much larger scale, as well as close coordination among all central banks affected by it.</s>
  </p>
  <p id="11">
    <s id="35">Given these massive risks, governments must step in and stop Libra before it launches next year.</s>
    <s id="36">Otherwise, as Maxine Waters, the Chairwoman of the US House Committee on Financial Services, has warned, governments may as well start drafting their own living wills.</s>
    <s id="37">In the parlance of finance and banking, a “living will” is a written plan that banks provide to regulators describing how they will unwind themselves in the event of insolvency.</s>
    <s id="38">In the case of a government, a living will would have to explain how the relevant authorities would respond to Libra breaking its peg and triggering a global run.</s>
  </p>
  <p id="12">
    <s id="39">Obviously, this raises a number of pertinent questions.</s>
    <s id="40">Would governments vow, like former Fed chairman Ben Bernanke in September 2008, followed by European Central Bank President Mario Draghi in July 2012, to do “whatever it takes” to ensure the currency’s survival?</s>
    <s id="41">Would they even have the capacity to do so, let alone coordinate their actions – and share losses – with all the other countries involved?</s>
    <s id="42">Would governments be able to seize control of the system if it proves incapable of sustaining itself?</s>
  </p>
  <p id="13">
    <s id="43">Silence in response to Facebook’s announcement this week is tantamount to endorsing its dangerous new venture.</s>
    <s id="44">Governments must not allow private, profit-seeking parties to put the entire global financial system at risk.</s>
    <s id="45">If banks are “too big to fail,” then states definitely are.</s>
    <s id="46">If governments fail to protect us from Facebook’s latest act of hubris, we will all pay the price for it.</s>
  </p>
</document>
