<?xml version="1.0" encoding="utf-8"?>
<document>
  <HEADLINE>
    <s id="1">The Arc of Climate Justice</s>
  </HEADLINE>
  <p id="1">
    <s id="2">ISLAMABAD – It is a painful irony of climate change that those least responsible for the problem are often the most exposed to its ravages.</s>
    <s id="3">And if any country can claim to be the victim of this climate injustice, it is Pakistan.</s>
    <s id="4">As world leaders prepare to meet at the United Nations Climate Change Conference in Paris, the country is reeling from the aftereffects of devastating floods that damaged buildings, destroyed crops, swept away bridges, and killed 238 people.</s>
  </p>
  <p id="2">
    <s id="5">Such weather-related tragedies are not new to Pakistan; what’s different is their frequency and ferocity.</s>
    <s id="6">Deadly floods have become a yearly occurrence; in 2010, record-breaking rains killed nearly 2,000 people and drove millions from their homes.</s>
    <s id="7">Even as Pakistan fights one of the world’s most pitched battles against terrorism, increasingly violent weather is pushing up the cost of food and clean water, threatening energy supplies, undermining the economy, and posing a potent and costly security threat.</s>
  </p>
  <p id="3">
    <s id="8">There is little doubt that the country’s climatic woes are caused, at least in part, by the greenhouse-gas emissions that industrialized countries have pumped into the air since the beginning of the Industrial Revolution.</s>
    <s id="9">Even today, Pakistan produces less than 1% of the world’s emissions.</s>
    <s id="10">Meanwhile, Pakistan is consistently ranked among the countries that are most vulnerable to the harmful effects of climate change, owing to its demographics, geography, and natural climatic conditions.</s>
  </p>
  <p id="4">
    <s id="11">From 1994 to 2013, climate change cost Pakistan an average of $4 billion a year.</s>
    <s id="12">By comparison, in 2012, terrorism in Pakistan resulted in losses of roughly $1 billion.</s>
    <s id="13">When the country isn’t suffering from floods, it is subject to water shortages, ranking as one of the most water-stressed in the world, according to the Asian Development Bank.</s>
    <s id="14">And climate change is compounding both problems, wearing away at the glaciers and snowpack that serve as natural regulators of water flow, even as increased erosion caused by flooding contributes to the siltation of major reservoirs.</s>
  </p>
  <p id="5">
    <s id="15">Meanwhile, rising temperatures are increasing the likelihood of pests and crop diseases, jeopardizing agricultural productivity and subjecting the population to increasingly frequent heatwaves.</s>
    <s id="16">Rising sea levels are increasing the salinity of coastal areas, damaging mangroves, and threatening fish species’ breeding grounds.</s>
    <s id="17">And higher ocean temperatures are leading to more frequent and dangerous cyclones, endangering the country’s coast.</s>
  </p>
  <p id="6">
    <s id="18">The outlook for the future is no less alarming: worsening water stress, increased flash flooding, and the depletion of the country’s water reservoirs.</s>
    <s id="19">By 2040, projections indicate that an average rise in temperatures of 0.5º Celsius could destroy 8-10% of Pakistan’s crops.</s>
  </p>
  <p id="7">
    <s id="20">This burden must not be left for Pakistan to carry alone.</s>
    <s id="21">Thus far, progress at international climate-change talks has been incremental at best.</s>
    <s id="22">Fossil-fuel lobbies, reluctant governments in industrialized countries, and disengaged electorates have delayed and obstructed the emergence of a robust agreement to reduce global greenhouse-gas emissions.</s>
    <s id="23">But while expectations of a breakthrough in the fight against climate change in Paris are optimistic, a push for equitable distribution of the costs of global warming must be made.</s>
  </p>
  <p id="8">
    <s id="24">Despite an increase in funding for climate adaptation and mitigation in the developing world, Pakistan’s share has remained tiny, relative to the disasters it has suffered in the last five years alone.</s>
    <s id="25">By 2050, the average annual cost of climate-change adaptation in Pakistan will be $6-14 billion, according to the UN Framework Convention on Climate Change.</s>
    <s id="26">Mitigation will run another $17 billion per year.</s>
  </p>
  <p id="9">
    <s id="27">As climate change continues to take its terrible toll, Pakistan cannot allow the billions of dollars in damages it suffers at the hands of the world’s largest polluters to go uncompensated.</s>
    <s id="28">Whatever the ultimate agreement in Paris, climate negotiators must ensure that the accrued losses resulting from global emissions are borne fairly and do not remain the sole burden of those suffering the greatest harm.</s>
  </p>
  <p id="10">
    <s id="29">As one of the world’s smaller polluters, Pakistan is well within its rights in seeking resources and funds to cope with the impact of problems for which it is not responsible.</s>
    <s id="30">So are many other countries.</s>
    <s id="31">Our demand for a binding international mechanism to distribute the burden of climate change – a mechanism to ensure climate justice – must not go unheeded in Paris.</s>
  </p>
</document>
