<?xml version="1.0" encoding="utf-8"?>
<document>
  <HEADLINE>
    <s id="1">The Coming Wave of Oil Refugees</s>
  </HEADLINE>
  <p id="1">
    <s id="2">NAIROBI – The idea that oil wealth can be a curse is an old one – and it should need no explaining.</s>
    <s id="3">Every few decades, energy prices rise to the heavens, kicking off a scramble for new sources of oil.</s>
    <s id="4">Then supply eventually outpaces demand, and prices suddenly crash to Earth.</s>
    <s id="5">The harder and more abrupt the fall, the greater the social and geopolitical impact.</s>
  </p>
  <p id="2">
    <s id="6">The last great oil bust occurred in the 1980s – and it changed the world.</s>
    <s id="7">As a young man working in the Texas oil patch in the spring of 1980, I watched prices for the US benchmark crude rise as high as $45 a barrel – $138 in today’s dollars.</s>
    <s id="8">By 1988, oil was selling for less than $9 a barrel, having lost half its value in 1986 alone.</s>
  </p>
  <p id="3">
    <s id="9">Drivers benefited as gasoline prices plummeted.</s>
    <s id="10">Elsewhere, however, the effects were catastrophic – nowhere more so than in the Soviet Union, whose economy was heavily dependent on petroleum exports.</s>
    <s id="11">The country’s growth rate fell to a third of its level in the 1970s.</s>
    <s id="12">As the Soviet Union weakened, social unrest grew, culminating in the 1989 fall of the Berlin Wall and the collapse of communism throughout Central and Eastern Europe.</s>
    <s id="13">Two years later, the Soviet Union itself was no more.</s>
  </p>
  <p id="4">
    <s id="14">Similarly, today’s plunging oil prices will benefit a few.</s>
    <s id="15">Motorists, once again, will be happy; but the pain will be earth-shaking for many others.</s>
    <s id="16">Never mind the inevitable turmoil in global financial markets or the collapse of shale-oil production in the United States and what it implies for energy independence.</s>
    <s id="17">The real risk lies in countries that are heavily dependent on oil.</s>
    <s id="18">As in the old Soviet Union, the prospects for social disintegration are huge.</s>
  </p>
  <p id="5">
    <s id="19">Sub-Saharan Africa will certainly be one epicenter of the oil crunch.</s>
    <s id="20">Nigeria, its largest economy, could be knocked to its knees.</s>
    <s id="21">Oil production is stalling, and unemployment is expected to skyrocket.</s>
    <s id="22">Already, investors are rethinking billions of dollars in financial commitments.</s>
    <s id="23">President Muhammadu Buhari, elected in March 2015, has promised to stamp out corruption, rein in the free-spending elite, and expand public services to the very poor, a massive proportion of the country’s population.</s>
    <s id="24">That now looks impossible.</s>
  </p>
  <p id="6">
    <s id="25">As recently as a year ago, Angola, Africa’s second largest oil producer, was the darling of global investors.</s>
    <s id="26">The expatriate workers staffing Luanda’s office towers and occupying its fancy residential neighborhoods complained that it was the most expensive city in the world.</s>
    <s id="27">Today, Angola’s economy is grinding to a halt.</s>
    <s id="28">Construction companies cannot pay their workers.</s>
    <s id="29">The cash-strapped government is slashing the subsidies that large numbers of Angolans depend on, fueling popular anger and a sense that the petro-boom enriched only the elite, leaving everyone else worse off.</s>
    <s id="30">As young people call for political change from a president who has been in power since 1979, the government has launched a crackdown on dissent.</s>
  </p>
  <p id="7">
    <s id="31">On the other side of the continent, Kenya and Uganda are watching their hopes of becoming oil exporters evaporate.</s>
    <s id="32">As long as prices remain low, new discoveries will stay in the ground.</s>
    <s id="33">And yet the money borrowed for infrastructure investment still must be repaid – even if the oil revenues earmarked for that purpose never materialize.</s>
    <s id="34">Funding for social programs in both countries is already stretched.</s>
    <s id="35">Ordinary people are already angry at a kleptocratic elite that siphons off public money.</s>
    <s id="36">What will happen when, in a few years, a huge and growing chunk of the national budget must be dedicated to paying foreign debt instead of funding education or health care?</s>
  </p>
  <p id="8">
    <s id="37">The view from North Africa is equally bleak.</s>
    <s id="38">Two years ago, Egypt believed that major discoveries of offshore natural gas would defuse its dangerous youth bomb, the powder keg that fueled the Arab Spring in 2011.</s>
    <s id="39">No longer.</s>
    <s id="40">And to make matters worse, Saudi Arabia, which for years has funneled money to the Egyptian government, is facing its own economic jitters.</s>
    <s id="41">Today, the Kingdom is contemplating what was once unthinkable: cutting Egypt off.</s>
  </p>
  <p id="9">
    <s id="42">Meanwhile, next door, Libya is primed to explode.</s>
    <s id="43">A half-decade of civil war has left an impoverished population fighting over the country’s dwindling oil revenues.</s>
    <s id="44">Food and medicine are in short supply as warlords struggle for the remnants of Libya’s national wealth.</s>
  </p>
  <p id="10">
    <s id="45">These countries are not only dependent on oil exports; they also rely heavily on imports.</s>
    <s id="46">As revenues dry up and exchange rates plunge, the cost of living will skyrocket, exacerbating social and political tensions.</s>
    <s id="47">Europe is already struggling to accommodate refugees from the Middle East and Afghanistan.</s>
    <s id="48">Nigeria, Egypt, Angola, and Kenya are among Africa’s most populated countries.</s>
    <s id="49">Imagine what would happen if they imploded and their disenfranchised, angry, and impoverished residents all started moving north.</s>
  </p>
</document>
