<?xml version="1.0" encoding="utf-8"?>
<document>
  <HEADLINE>
    <s id="1">Falling Share Prices and the Outlook for the US Economy</s>
  </HEADLINE>
  <p id="1">
    <s id="2">CAMBRIDGE – The Standard and Poor’s 500 index of share prices has fluctuated wildly during 2018 but has returned to nearly the same level that it was at the beginning of the year.</s>
    <s id="3">The absence of a net fall for the year reflects the combination of a rise in corporate profits and a 12% decline in the price-earnings ratio.</s>
    <s id="4">And the fall in the price-earnings ratio is an indication of the likely evolution of share prices in the next few years.</s>
  </p>
  <p id="2">
    <s id="5">The price/earnings (P/E) ratio is now 40% higher than its historic average.</s>
    <s id="6">Its rise reflects the very low interest rates that have prevailed since the US Federal Reserve cut the federal funds interest rate to near zero in 2008.</s>
    <s id="7">As long-term interest rates rise, however, share prices will be less attractive to investors and will decline.</s>
  </p>
  <p id="3">
    <s id="8">A key sign of this is that the yield on ten-year Treasury bonds has doubled in the past two years.</s>
    <s id="9">But, at a little over 3%, it is still barely above the rate of inflation, which averaged 2.9% over the past 12 months.</s>
    <s id="10">Three forces will cause the long-term interest rate to continue to rise.</s>
  </p>
  <p id="4">
    <s id="11">First, the Fed is raising the short-term federal funds rate and projects that it will increase from a little over 2% to about 3.5% by the end of 2020.</s>
  </p>
  <p id="5">
    <s id="12">Second, the very large projected budget deficits will cause long-term rates to rise in order to induce investors to absorb the increased volume of government debt.</s>
    <s id="13">According to the Congressional Budget Office, the volume of publicly held debt will rise from about $15 trillion now to nearly $30 trillion by the end of the decade.</s>
  </p>
  <p id="6">
    <s id="14">Third, the very low and falling rate of unemployment will cause inflation to accelerate.</s>
    <s id="15">Investors will demand higher yields on bonds to compensate for the resulting loss of purchasing power.</s>
  </p>
  <p id="7">
    <s id="16">It would not be surprising if the rate on ten-year Treasury bonds rises to 5% or more over the next few years.</s>
    <s id="17">With an inflation rate of 3%, the real yield will be back to a normal historic level of over 2%.</s>
  </p>
  <p id="8">
    <s id="18">This normalization of the ten-year interest rate could cause the P/E ratio to return to its historical benchmark.</s>
    <s id="19">A decline of that magnitude, from its current level of 40% above the historic average, would cause household wealth to shrink by about $8 trillion.</s>
    <s id="20">The historic relationship between household wealth and consumer spending implies that the annual level of household consumption would decline by about 1.5% of GDP.</s>
    <s id="21">That fall in household demand, and the induced decline in business investment, would push the US economy into recession.</s>
  </p>
  <p id="9">
    <s id="22">Most recessions in the United States have been relatively short and shallow, with durations of less than a year between the beginning of the downturn and the date when the recovery begins.</s>
    <s id="23">The recession that began in 2007 was much longer and deeper because of the collapse of financial institutions.</s>
    <s id="24">The faster and more robust recoveries that characterized most previous recessions reflected aggressive countercyclical monetary policy by the Fed, which cut the short-term interest rate very sharply.</s>
  </p>
  <p id="10">
    <s id="25">But if a recession begins as soon as 2020, the Fed will not be in a position to reduce the federal funds rate significantly.</s>
    <s id="26">Indeed, the Fed now projects the federal funds rate at the end of 2020 to be less than 3.5%.</s>
    <s id="27">In that case, monetary policy would be unable to combat an economic downturn.</s>
  </p>
  <p id="11">
    <s id="28">The alternative is to rely on fiscal stimulus, achieved by cutting taxes or increasing spending.</s>
    <s id="29">But with annual budget deficits of $1 trillion and government debt heading toward 100% of GDP, a stimulus package would be politically difficult to enact.</s>
  </p>
  <p id="12">
    <s id="30">As a result, the next economic downturn is likely to be deeper and longer than would otherwise be the case.</s>
    <s id="31">If the government at that time chooses to use fiscal policy, the future debt-to-GDP ratio will rise further above 100% of GDP, forcing long-term interest rates even higher.</s>
    <s id="32">It is not an attractive outlook.</s>
  </p>
</document>
