<?xml version="1.0" encoding="utf-8"?>
<document>
  <HEADLINE>
    <s id="1">Financing Renewable Energy</s>
  </HEADLINE>
  <p id="1">
    <s id="2">NEW YORK – There is plenty of money in the private sector to build up the world’s renewable infrastructure as long as the numbers add up, and profit-seeking private investors will figure out how to do it without any financing help from government.</s>
  </p>
  <p id="2">
    <s id="3">But the numbers do not add up without some sort of subsidy.</s>
    <s id="4">Wind energy, for example, is about 1.5 to 2 times as expensive as electricity from coal-fired plants.</s>
    <s id="5">Even though wind is free and coal must be paid for, the initial capital costs of a wind turbine and transmission cables are much higher than for conventional power plants.</s>
    <s id="6">Investors require above-market rates for renewable power or similar compensation that reflects the social benefits of emissions free energy.</s>
  </p>
  <p id="3">
    <s id="7">The case of my own firm, Christofferson, Robb &amp; Company (CRC), illustrates how private capital markets can finance renewable energy when the subsidy is right.</s>
    <s id="8">In 2005-2006, my firm acquired 330-megawatt onshore projects in Germany and France.</s>
    <s id="9">Our fund contributed the equity, and a bank lent the money needed to finance construction.</s>
    <s id="10">Once the portfolio was assembled, we sold the projects to a special-purpose vehicle called CRC Breeze Finance, which issued €470,000,000 of asset-backed securities.</s>
  </p>
  <p id="4">
    <s id="11">The wind farms that we built convert the wind’s kinetic energy into electricity.</s>
    <s id="12">The revenues gained from selling the electricity is used to repay CRC Breeze Finance’s long-term debt.</s>
    <s id="13">CRC keeps the money that’s left over.</s>
    <s id="14">Even if the wind does not blow as hard as usual or operating and maintenance expenses turn out to be higher than we assumed, there is enough of a cushion that bondholders will be paid out on schedule.</s>
    <s id="15">Three years later, it’s proceeding on course.</s>
  </p>
  <p id="5">
    <s id="16">The CRC Breeze portfolio generates expected annual returns of about 8%, which were boosted to 15% with the help of leverage.</s>
    <s id="17">None of this would have been possible without government subsidies.</s>
  </p>
  <p id="6">
    <s id="18">In Germany, the Renewable Energy Act guarantees a feed-in tariff for 20 years and mandates the grid operator to purchase all the electricity a wind farm can produce at the guaranteed price.</s>
    <s id="19">Our feed-in tariff was about €83.6 per megawatt hour (MW/h), compared with free market prices that have mainly ranged from €30 - €70 per MW/h.</s>
  </p>
  <p id="7">
    <s id="20">In the United States, the subsidy regime prior to July 2009 was based on production tax credits: for every MW/h of wind energy produced, the owner can deduct about $2.5 from its tax bill.</s>
    <s id="21">This had two big defects.</s>
    <s id="22">First, investors who could not use the tax deductions had to go to considerable expense to “monetize” the credits.</s>
    <s id="23">Second, tax credits were subject to on-again, off-again authorization from Congress.</s>
    <s id="24">This lack of certainty undermined investment in plant and equipment or R&amp;D.</s>
  </p>
  <p id="8">
    <s id="25">The US Department of Energy now provides an upfront payment to wind developers equal to 30% of costs.</s>
    <s id="26">This is a step in the right direction.</s>
    <s id="27">But a 30% cost rebate is not enough to stimulate development of offshore wind capacity.</s>
  </p>
  <p id="9">
    <s id="28">The US has no offshore wind farms, and no prospect of having any for at least five years.</s>
    <s id="29">To consider just one obstacle, no vessels suitable for installing offshore foundations comply with the Jones Act, which requires that work on such projects use US-flag ships, constructed in the US, and owned and wholly operated by US citizens.</s>
    <s id="30">Such ships would take two years to build, at a cost $50,000,000.</s>
    <s id="31">No one, insofar as I know, is rushing to build one.</s>
  </p>
  <p id="10">
    <s id="32">The reasons for offshore wind’s failure to fulfill its promise in the United Kingdom are equally straightforward and have nothing to do with a lack of money.</s>
    <s id="33">The subsidies are too small and too complicated to inspire capital outlays for expensive specialized equipment, including jack-up barges, heavy-lift cranes, pneumatic hammers for pounding the foundations into the sea bed, and high-strength gearboxes that will not corrode in humid, salty air.</s>
  </p>
  <p id="11">
    <s id="34">This is a pity, because the UK is missing out on the opportunity to build offshore generating capacity along its long, windy coastline.</s>
    <s id="35">The UK needs offshore wind to meet its renewable targets, and in a few years it will need electricity from any source it can find just to keep the lights turned on.</s>
  </p>
  <p id="12">
    <s id="36">Fifteen months ago, in a submission to the Economic Affairs Committee of the House of Lords, I predicted that all existing UK projects except Thanet Offshore Wind would be abandoned or postponed unless Parliament radically altered its Renewable Obligation Certificates (ROC) scheme.</s>
    <s id="37">I argued that, otherwise, the UK would be on track to add fewer than 300 MW of new wind capacity per year.</s>
    <s id="38">This would lead to approximately three gigawatts of capacity by 2020, which equates to 1 GW of continuous production – less than 2% of 2007 consumption.</s>
    <s id="39">So far, this is precisely what has happened.</s>
  </p>
  <p id="13">
    <s id="40">At the time, I proposed that the UK switch from a ROC regime to a 20-year feed-in tariff.</s>
    <s id="41">I still believe that this is the right way to proceed.</s>
    <s id="42">At a similar social cost to ROCs, a feed-in tariff would give confidence to utilities and suppliers of components to undertake the required heavy investment.</s>
    <s id="43">It is vitally important that existing projects, as well as new ones, benefit from any policy shift.</s>
    <s id="44">If investors sense that new projects may obtain special treatment, everyone will decide to wait.</s>
  </p>
  <p id="14">
    <s id="45">The topic of how to finance renewable energy is the same topic as how to subsidize it.</s>
    <s id="46">Governments should not concoct programs to lend directly, guarantee loans, or invest in renewable projects on the theory that the private sector somehow lacks this capability.</s>
    <s id="47">Rather, policymakers should figure out how much renewable energy is worth to society (possibly attributing a different value to solar, wind, geothermal and biomass) and make utilities or governments pay extra for it.</s>
    <s id="48">The most effective subsidies are simple and stable, as in the German model.</s>
  </p>
</document>
