<?xml version="1.0" encoding="utf-8"?>
<document>
  <HEADLINE>
    <s id="1">Financial Re-Regulation and Democracy</s>
  </HEADLINE>
  <p id="1">
    <s id="2">NEW YORK – It has taken almost two years since the collapse of Lehman Brothers, and more than three years since the beginning of the global recession brought on by the financial sector’s misdeeds for the United States and Europe finally to reform financial regulation.</s>
  </p>
  <p id="2">
    <s id="3">Perhaps we should celebrate the regulatory victories in both Europe and the United States.</s>
    <s id="4">After all, there is almost universal agreement that the crisis the world is facing today – and is likely to continue to face for years – is a result of the excesses of the deregulation movement begun under Margaret Thatcher and Ronald Reagan 30 years ago.</s>
    <s id="5">Unfettered markets are neither efficient nor stable.</s>
  </p>
  <p id="3">
    <s id="6">But the battle – and even the victory – has left a bitter taste.</s>
    <s id="7">Most of those responsible for the mistakes – whether at the US Federal Reserve, the US Treasury, Britain’s Bank of England and Financial Services Authority, the European Commission and European Central Bank, or in individual banks, have not owned up to their failures.</s>
  </p>
  <p id="4">
    <s id="8">Banks that wreaked havoc on the global economy have resisted doing what needs to be done.</s>
    <s id="9">Worse still, they have received support from the Fed, which one might have expected to adopt a more cautious stance, given the scale of its past mistakes and the extent to which it is evident that it reflects the interests of the banks that it was supposed to regulate.</s>
  </p>
  <p id="5">
    <s id="10">This is important not just as a matter of history and accountability: much is being left up to regulators.</s>
    <s id="11">And that leaves open the question: can we trust them?</s>
    <s id="12">To me, the answer is an unambiguous no, which is why we need to “hard-wire” more of the regulatory framework.</s>
    <s id="13">The usual approach – delegating responsibility to regulators to work out the details – will not suffice.</s>
  </p>
  <p id="6">
    <s id="14">And thatraises another question: whom can we trust?</s>
    <s id="15">On complex economic matters, trust had been vested in bankers (after all, if they make so much money, they obviously know something!) and in regulators, who often (but not always) came from the markets.</s>
    <s id="16">But the events of recent years have shown that bankers can make megabucks, even as they undermine the economy and impose massive losses on their own firms.</s>
  </p>
  <p id="7">
    <s id="17">Bankers have also shown themselves to be “ethically challenged.”</s>
    <s id="18">A court of law will decide whether Goldman Sachs’ behavior – betting against products that it created – was illegal.</s>
    <s id="19">But the court of public opinion has already rendered its verdict on the far more relevant question of the ethics of that behavior.</s>
    <s id="20">That Goldman’s CEO saw himself as doing “God’s work” as his firm sold short products that it created, or disseminated scurrilous rumors about a country where it was serving as an “adviser,” suggests a parallel universe, with different mores and values.</s>
  </p>
  <p id="8">
    <s id="21">As always, the “devil is in the details,” and financial-sector lobbyists have labored hard to make sure that the new regulations’ details work to their employers’ benefit.</s>
    <s id="22">As a result, it will likely be a long time before we can assess the success of whatever law the US Congress ultimately enacts.</s>
  </p>
  <p id="9">
    <s id="23">But the criteria for judgment are clear: the new law must curb the practices that jeopardized the entire global economy, and reorient the financial system towards its proper tasks – managing risk, allocating capital, providing credit (especially to small- and medium-sized enterprises), and operating an efficient payments system.</s>
  </p>
  <p id="10">
    <s id="24">We should toast the likely successes: some form of financial-product safety commission will be established; more derivative trading will move to exchanges and clearing houses from the shadows of the murky “bespoke” market; and some of the worst mortgage practices will be restricted.</s>
    <s id="25">Moreover, it looks likely that the outrageous fees charged for every debit transaction – a kind of tax that goes not for any public purpose but to fill the banks’ coffers – will be curtailed.</s>
  </p>
  <p id="11">
    <s id="26">But the likely failures are equally noteworthy: the problem of too-big-to-fail banks is now worse than it was before the crisis.</s>
    <s id="27">Increased resolution authority will help, but only a little: in the last crisis, US government “blinked,” failed to use the powers that it had, and needlessly bailed out shareholders and bondholders – all because it feared that doing otherwise would lead to economic trauma.</s>
    <s id="28">As long as there are banks that are too big to fail, government will most likely “blink” again.</s>
  </p>
  <p id="12">
    <s id="29">It is no surprise that the big banks succeeded in stopping some essential reforms; what was a surprise was a provision in the US Senate’s bill that banned government-insured entities from underwriting risky derivatives.</s>
    <s id="30">Such government-insured underwriting distorts the market, giving big banks a competitive advantage, not necessarily because they are more efficient, but because they are “too big to fail.”</s>
  </p>
  <p id="13">
    <s id="31">The Fed’s defense of the big banks – that it is important for borrowers to be able to hedge their risks – reveals the extent to which it has been captured.</s>
    <s id="32">The legislation was not intended to ban derivatives, but only to bar implicit government guarantees, subsidized by taxpayers (remember the $180 billion AIG bailout?), which are not a natural or inevitable byproduct of lending.</s>
  </p>
  <p id="14">
    <s id="33">There are many ways of curbing big banks’ excesses.</s>
    <s id="34">A strong version of the so-called Volcker Rule (designed to force government-insured banks to return to their core mission of lending) might work.</s>
    <s id="35">But the US government would be remiss to leave things as they are.</s>
  </p>
  <p id="15">
    <s id="36">The Senate bill’s provision on derivatives is a good litmus test: the Obama administration and the Fed, in opposing these restrictions, have clearly lined up on the side of big banks.</s>
    <s id="37">If effective restrictions on the derivatives business of government-insured banks (whether actually insured, or effectively insured because they are too big to fail) survive in the final version of the bill, the general interest might indeed prevail over special interests, and democratic forces over moneyed lobbyists.</s>
  </p>
  <p id="16">
    <s id="38">But if, as most pundits predict, these restrictions are deleted, it will be a sad day for democracy – and a sadder day for prospects for meaningful financial reform.</s>
  </p>
</document>
