<?xml version="1.0" encoding="utf-8"?>
<document>
  <HEADLINE>
    <s id="1">Fast-Tracking Climate Action</s>
  </HEADLINE>
  <p id="1">
    <s id="2">BONN – Last December in Paris, world leaders came together to agree on a set of goals and pathways for decarbonizing the global economy and increasing our capacity to adapt to climate change.</s>
    <s id="3">It was a landmark achievement, but it was just the beginning.</s>
    <s id="4">Every country – with the support of cities, the private sector, and citizens – must now move swiftly to fulfill its promises and bring climate change under control.</s>
  </p>
  <p id="2">
    <s id="5">The need for urgent, concerted action cannot be emphasized enough.</s>
    <s id="6">Any delay will cause negative consequences to continue to accumulate.</s>
    <s id="7">This will not only cause tremendous suffering, especially to the world’s most vulnerable people; it will reverberate for decades to come, making the key goal of keeping the increase in global temperature below 2º Celsius (relative to pre-industrial levels) increasingly costly.</s>
  </p>
  <p id="3">
    <s id="8">The rapid progress that is needed will require major reductions in carbon dioxide emissions, achieved through increased investment in the development and expansion of cleaner and more efficient energy.</s>
    <s id="9">At the same time, efforts to conserve and expand carbon “sinks” – that is, the forests, wetlands, grasslands, mangroves, and sea grasses that absorb much of the CO2 being emitted – are crucial.</s>
  </p>
  <p id="4">
    <s id="10">But even under the most optimistic scenarios, it will take time to engineer a global shift away from fossil fuels toward renewable energies and to restore the world’s badly depleted ecological infrastructure.</s>
    <s id="11">That is why it is important to pursue measures to reduce short-lived climate pollutants (SLCPs), which also cause climate change.</s>
    <s id="12">These include black carbon or soot (the primary component of particulate matter that is also a major and growing health concern); hydrofluorocarbons (HFCs), used most commonly in refrigeration; and methane and tropospheric (or ground-level) ozone.</s>
  </p>
  <p id="5">
    <s id="13">Pound for pound, these “super pollutants” cause much more warming than CO2.</s>
    <s id="14">Indeed, the warming impact of soot is about 900 times greater than that of carbon, and the impact of methane is about 28 times greater; many of the HFCs have a warming impact that is about 2,000 times more powerful than that of CO2.</s>
  </p>
  <p id="6">
    <s id="15">The problems caused by SLCPs extend beyond climate change.</s>
    <s id="16">Black carbon and tropospheric ozone pollution are traditional air pollutants, which together kill nearly seven million people a year and destroy hundreds of millions of tons of food crops.</s>
  </p>
  <p id="7">
    <s id="17">The United Nations Environment Programme’s Climate and Clean Air Coalition to Reduce Short-Lived Climate Pollutants estimates that fast action to reduce SLCPs, especially methane and black carbon, has the potential to slow down the warming expected by 2050 by as much as 0.5º Celsius.</s>
    <s id="18">Moreover, it could save over two million lives annually, while preventing the loss of more than 30 million tons of crops per year.</s>
  </p>
  <p id="8">
    <s id="19">There is reason to hope that we can reap these benefits.</s>
    <s id="20">Under the Paris agreement, individual countries are to achieve emissions reductions according to their own nationally determined contributions.</s>
    <s id="21">More than a dozen countries have included SLCPs in their national climate action plans.</s>
    <s id="22">Furthermore, the Climate and Clean Air Coalition is working with its 50 member countries, as well as the World Bank and World Health Organization, to cut the super pollutants.</s>
  </p>
  <p id="9">
    <s id="23">But, to be successful, efforts must go above and beyond the Paris agreement.</s>
    <s id="24">Fortunately, progress is being made here, too.</s>
  </p>
  <p id="10">
    <s id="25">Already, measures to mitigate HFC production and consumption are being pursued through the Montreal Protocol on protecting the ozone layer.</s>
    <s id="26">Governments opened formal negotiations last November, and are aiming to reach agreement by the end of this year.</s>
    <s id="27">This builds on an impressive phase-out of older chemicals, such as chlorofluorocarbons and others, that has averted the equivalent of 135 billion tons of CO2 from entering the atmosphere, while accelerating the recovery of the ozone layer.</s>
  </p>
  <p id="11">
    <s id="28">Of course, the reduction of SLCPs should not come at the expense of efforts to cut CO2 emissions.</s>
    <s id="29">On the contrary, the world can and must reduce both simultaneously.</s>
    <s id="30">And, indeed, efforts to reduce CO2 emissions are also occurring outside the Paris agreement framework.</s>
    <s id="31">The International Civil Aviation Organization is working to reduce emissions from air travel, having reached a preliminary agreement on the subject just a few weeks ago.</s>
    <s id="32">The International Maritime Organization is pursuing similar goals for shipping.</s>
  </p>
  <p id="12">
    <s id="33">Warming from any climate pollutant is dangerous and sets in motion a series of potentially irreversible effects, including the continued rise of sea levels, destruction of forests, depletion of Arctic sea ice and glaciers in Greenland and the Tibetan Plateau, and melting of permafrost.</s>
    <s id="34">Making matters worse, these effects can reinforce one another, tipping the world into a vicious cycle that becomes ever more difficult to escape.</s>
  </p>
  <p id="13">
    <s id="35">But if we act fast, harvesting fresh momentum on HFCs under sister agreements like Montreal and a growing array of cooperative coalitions, we can avoid disaster and ensure long-term economic development, including by supporting progress toward achieving the Sustainable Development Goals.</s>
  </p>
  <p id="14">
    <s id="36">Simply put, the rate of action on all climate-related emissions will determine our success in eradicating poverty and will shape the world our descendants will inherit.</s>
    <s id="37">With governments preparing to sign the Paris agreement on April 22, there has never been a better opportunity to press ahead toward a brighter, cleaner, more prosperous future.</s>
  </p>
</document>
