<?xml version="1.0" encoding="utf-8"?>
<document>
  <HEADLINE>
    <s id="1">Has France Really Rejected Populism?</s>
  </HEADLINE>
  <p id="1">
    <s id="2">CAMBRIDGE – The liberal West heaved a collective sigh of relief when the results of the first round of the French presidential election came in.</s>
    <s id="3">After leading in the polls for weeks, Marine Le Pen of the far-right National Front ended up in second place, while Emmanuel Macron, a centrist political independent, finished first.</s>
    <s id="4">Macron, the fresh face of Europe’s democratic center at just 39 years old, is expected to prevail handily in the second-round runoff on May 7.</s>
  </p>
  <p id="2">
    <s id="5">With Macron’s victory in France following Dutch voters’ rejection of the right-wing populist Geert Wilders earlier this year, most observers are treating the result as another rebuke to the populist revolt that fueled the United Kingdom’s Brexit referendum and US President Donald Trump’s election in 2016.</s>
    <s id="6">Many seem convinced that the populist tide has crested.</s>
  </p>
  <p id="3">
    <s id="7">And yet, below the headlines, the picture is not so bright – or anti-populist.</s>
    <s id="8">The total number of votes that went to anti-establishment candidates in the French election indicates that a latent French populist coalition could still emerge.</s>
    <s id="9">In fact, the overall first-round vote for populists comprised almost a majority of the French electorate.</s>
  </p>
  <p id="4"></p>
  <p id="5">
    <s id="10">Le Pen led the populist pack with an anti-immigrant, anti-European, economically nationalist platform and a message of coded racism.</s>
    <s id="11">She did not fully shake the National Front’s anti-Semitic past, and in 2017, her party’s bigotry took more of an anti-Muslim form.</s>
    <s id="12">She remains ready to pull France out of the eurozone and the EU itself, and – unlike the UK’s Brexiteers – adopt protectionist trade measures.</s>
  </p>
  <p id="6">
    <s id="13">Add Le Pen’s 21.3% of the vote to the 19.6% captured by the far-left, anti-establishment candidate Jean-Luc Mélenchon, and you get a very sizeable bloc of disgruntled French voters.</s>
    <s id="14">Mélenchon has an appealing personality, a capacity for rousing rhetoric, and a knack for clever campaigning, such as using holograms of himself to address campaign rallies across France simultaneously.</s>
    <s id="15">He far surpassed the mainstream Socialist Party candidate, Benoît Hamon.</s>
    <s id="16">Before the election, when polling showed Mélenchon and the other leaders within the polling margin of error, many feared that the second round could be a runoff between him and Le Pen.</s>
  </p>
  <p id="7">
    <s id="17">Mélenchon does not share Le Pen’s anti-immigrant animosity or authoritarian tendencies.</s>
    <s id="18">But he has been an anti-globalist tribune for many alienated workers and young people who fear for their economic future.</s>
    <s id="19">Both he and Le Pen represent angry voters who are ready to overturn the established order.</s>
    <s id="20">His supporters are not unlike the blue-collar Americans who voted for Bernie Sanders in the Democratic primary, and then for Trump in the general election.</s>
    <s id="21">Mélenchon has so far refused to endorse Macron for the second round.</s>
  </p>
  <p id="8">
    <s id="22">If you now add to Le Pen and Mélenchon’s combined 40.9% of the vote the totals for minor far-right and anti-capitalist parties, including the Communist Party, the percentage of anti-system voters reaches the upper 40s.</s>
    <s id="23">The headlines declaring victory for pro-European liberal democracy fail to highlight how narrow that victory actually was.</s>
    <s id="24">The truth is that France has a highly populist electorate: close to half of French citizens cast a vote on April 23 to disrupt the status quo.</s>
  </p>
  <p id="9">
    <s id="25">Once again, how votes translate into electoral decisions looms large.</s>
    <s id="26">In last year’s US presidential election, Hillary Clinton won the popular-vote count by several million votes, but needed another 100,000 votes across Wisconsin, Pennsylvania, and Michigan to win the Electoral College.</s>
    <s id="27">In France this year, the total share of anti-establishment voters is similar to Trump’s own share of the popular vote in the US, but because of the configuration of the candidates and differences in election rules, the populist, anti-trade candidates will lose in France.</s>
  </p>
  <p id="10">
    <s id="28">This is not just a modern quirk: in the US presidential election of 1860 – the most consequential in American history – Abraham Lincoln received 39.9% of the vote, with the other votes going to parties that were not anti-slavery.</s>
    <s id="29">But the rules of the election made him the clear winner; indeed, he would have won, even if the other parties’ votes had been aggregated behind a single candidate.</s>
    <s id="30">Nobel Prizes have gone to academics who have shown how an electorate’s preferences can lead to sharply differing outcomes, depending on how votes are aggregated into decision rules.</s>
  </p>
  <p id="11">
    <s id="31">In France, a slight first-round shift of just a few percentage points away from Macron and toward Mélenchon would have resulted in a fully anti-establishment runoff for the French presidency.</s>
    <s id="32">Moreover, if a single candidate had corralled economic-nationalist and anti-immigrant voters, as Trump did with working- and lower-middle-class voters in the US, that candidate would have won the first round – and would have been in a strong position to claim the presidency in the second round.</s>
  </p>
  <p id="12">
    <s id="33">Even though the French electorate rejected anti-immigrant, anti-trade, anti-finance, and anti-globalist policies this time around, the fact remains that, beneath the surface of France’s election result is a potential populist coalition.</s>
    <s id="34">It is too early for those celebrating the triumph of liberal democracy to declare victory.</s>
  </p>
  <p id="13"></p>
  <iframe width="560px" height="315px" src="https://www.youtube.com/embed/lINJbDJQayU" frameborder="0" allowfullscreen="allowfullscreen"></iframe>
  <p id="14">
    <s id="35">Now watch this: Philippe Aghion on Macron's economic programe</s>
  </p>
</document>
