<?xml version="1.0" encoding="utf-8"?>
<document>
  <HEADLINE>
    <s id="1">France Revived</s>
  </HEADLINE>
  <p id="1">
    <s id="2">Nicolas Sarkozy won the French presidential election in May in part because he attracted a substantial portion of the far right’s supporters to his conservative banner.</s>
    <s id="3">Indeed, the Front National’s popular support has fallen from around 15% to 10%, weakening the FN tremendously and strengthening the traditional French right.</s>
  </p>
  <p id="2">
    <s id="4">Sarkozy succeeded by embracing themes of national identity and immigration.</s>
    <s id="5">As a result, many regarded his campaign as very right-leaning.</s>
    <s id="6">In France and across Europe, people expected an extremely conservative government, akin to US President George W. Bush’s administration.</s>
  </p>
  <p id="3">
    <s id="7">This was a mistake.</s>
    <s id="8">Sarkozy’s embrace of the theme that France’s national identity has come under threat, which he linked to immigration, is not enough to make him an American style neo-conservative.</s>
    <s id="9">He has chosen to demonstrate this most clearly in the field of foreign policy.</s>
  </p>
  <p id="4">
    <s id="10">Sarkozy formed his government in the knowledge that French foreign policy has long been consensual.</s>
    <s id="11">So he gave the reins of the key foreign policy arms of the French government to left-wing politicians.</s>
    <s id="12">Bernard Kouchner, a Socialist, is Minister for Foreign Affairs, having formerly been a Socialist Minister of Humanitarian Affairs and Deputy Minister of Health.</s>
  </p>
  <p id="5">
    <s id="13">Another leftist, Jean-Pierre Jouyet, is in charge of European affairs.</s>
    <s id="14">Jean-Marie Bockel, the Socialist mayor of Mulhouse, is Minister for Cooperation and Relations with the Francophone world.</s>
    <s id="15">And Socialists have also been brought into other parts of Sarkozy’s government.</s>
    <s id="16">Fadela Amara, the manager of an NGO that defends women’s right, is a secretary of state for city management.</s>
  </p>
  <p id="6">
    <s id="17">Sarkozy’s second important initiative was to re-energize the European project.</s>
    <s id="18">After the failure in 2005 of the draft European constitution, it was far from obvious that negotiations that would yield only partial progress in improving the European Union’s decision-making mechanisms was the right way to proceed.</s>
    <s id="19">After all, there was no immediate emergency, and everybody would have understood if Sarkozy had waited another two or three years before risking his reputation on reviving the idea of a European constitution.</s>
  </p>
  <p id="7">
    <s id="20">But Sarkozy took the risk.</s>
    <s id="21">And he succeeded in convincing other European leaders to embrace the “simplified treaty” that he called for.</s>
    <s id="22">Of course, the treaty’s final text is not yet written, but success does seem possible, which would not only improve the mechanics of the EU, but would also send a signal to Euroskeptics, mainly the British and the Poles.</s>
    <s id="23">France has not given up its demand for a “political” Europe that is more than merely a single market.</s>
  </p>
  <p id="8">
    <s id="24">Sarkozy’s third initiative came when the head of the International Monetary Fund resigned.</s>
    <s id="25">Typically, that job is given to a European.</s>
    <s id="26">Sarkozy surprised everyone by offering the position to a French Socialist, Dominique Strauss-Kahn, a man with real competence who enjoys widespread respect.</s>
  </p>
  <p id="9">
    <s id="27">Strauss-Kahn’s nomination was also an effective strike in terms of French domestic politics, as it promised to weaken the Socialists’ opposition.</s>
    <s id="28">But, more importantly, Sarkozy’s choice of Strauss-Kahn is a crucial stand in today’s global economic debates.</s>
    <s id="29">Sarkozy is announcing that he is an economic “regulator,” not a global liberal convinced that today’s balance of market forces is optimal, and thus that no intervention is needed.</s>
  </p>
  <p id="10">
    <s id="30">The fourth initiative also concerned foreign affairs: the freeing of the six Bulgarian nurses imprisoned in Libya on false charges of infecting children deliberately with HIV/AIDS.</s>
    <s id="31">Intense negotiations with Libya, particularly by Europe, had been going on for more than a year, but were not successful, because Libya’s ruler, Colonel Khadafi, did not trust his interlocutors.</s>
    <s id="32">Sarkozy understood that.</s>
    <s id="33">Choosing his wife as a negotiator helped to unblock the case.</s>
  </p>
  <p id="11">
    <s id="34">Moreover, Sarkozy is seeking to intensify cooperation for development in the whole Mediterranean area.</s>
    <s id="35">He began with a presidential trip to Algiers, then to Tripoli, followed by ministerial trips to Beirut.</s>
    <s id="36">Assuring development of this region will be a long and difficult challenge, but one that needed to be embraced.</s>
  </p>
  <p id="12">
    <s id="37">The government’s preparation to take the lead in international talks on climate change is another sign that Sarkozy intends to revive France as a global force.</s>
  </p>
  <p id="13">
    <s id="38">After the relative lifelessness of President Jacques Chirac’s final years office, dynamism has returned to French foreign policy.</s>
    <s id="39">That is a welcome development, and not only for France, because Sarkozy’s activism also promises to boost Europe’s political influence around the world.</s>
  </p>
</document>
