<?xml version="1.0" encoding="utf-8"?>
<document>
  <HEADLINE>
    <s id="1">France’s Path Not Taken</s>
  </HEADLINE>
  <p id="1">
    <s id="2">The new president of France, be it Nicolas Sarkozy or Ségolène Royal, will face a tough challenge when it comes to putting the French economy back on its feet.</s>
    <s id="3">While the world economy is booming for the fourth consecutive year, with a historically unprecedented growth rate of about 5%, the French economy is limping.</s>
    <s id="4">In 2006, it grew by only 2.2%, while growth rates of only 2.1% and 1.9% can be expected for 2007 and 2008, respectively, according to a recent forecast by the German Economic Research Institutes.</s>
    <s id="5">This is significantly below the average of the old EU countries for these three years – 2.7%, 2.6%, and 2.4%, respectively.</s>
  </p>
  <p id="2">
    <s id="6">France is currently one of Europe’s laggards, only slightly ahead of Italy and Portugal.</s>
    <s id="7">Even Germany is performing better.</s>
    <s id="8">With a growth rate of 2.7%, the German economy clawed its way back to the average of the old EU countries in 2006, and it can be expected to grow at 2.4% in 2007 and 2008, far faster than France.</s>
  </p>
  <p id="3">
    <s id="9">France’s meager growth is surprising.</s>
    <s id="10">Until recently, the economy was doing fairly well, outperforming many EU countries.</s>
    <s id="11">While Germany grew by only 14% in the ten years from 1995 to 2005, ranking as Europe’s “vice-laggard” next to Italy, France grew by 23.6%, which was nearly the old EU countries’ average of 24.3%.</s>
    <s id="12">In 2001, France’s gross national income per capita overtook that of Germany, and is now 4% higher.</s>
    <s id="13">And yet recent growth figures seem to have reversed this trend for the time being.</s>
  </p>
  <p id="4">
    <s id="14">French employment data has been worrisome for even longer.</s>
    <s id="15">In 2006, France’s unemployment rate was 9.4%, a full percentage point higher than Germany’s.</s>
    <s id="16">By 2008, the French rate can be expected to decline only to 8.2%, while German unemployment is anticipated to fall to 6.3%.</s>
  </p>
  <p id="5">
    <s id="17">A similar pattern holds for public debt.</s>
    <s id="18">While Germany has resolved its debt problem insofar as it no longer violates the European Union’s Stability and Growth Pact and can be expected to have a balanced budget in 2008, the forecasts for France imply deficits of 2.6% and 2.3% of GDP for this year and 2008.</s>
    <s id="19">If the boom in the world economy falters, France will again violate the Stability and Growth Pact, as it did in 2002, 2003, and 2004.</s>
  </p>
  <p id="6">
    <s id="20">Why are France and Germany behaving so differently during this global boom?</s>
    <s id="21">Among the potential explanations, the dissimilar specializations of each country stand out.</s>
    <s id="22">While France has specialized in consumer goods such as food and pharmaceutical products, Germany is a leading exporter of investment goods.</s>
    <s id="23">As the current boom in the world economy is largely fueled by investment demand rather consumption demand, only Germany profits from it to full measure.</s>
  </p>
  <p id="7">
    <s id="24">Germany is the tool-shop of the world, with 450 world market leaders in niche products and another 500 companies in the top-three category.</s>
    <s id="25">Fifteen of the world’s 20 biggest trade fairs (measured by indoor exhibition space) are held in Germany, and the country tops the list in world commodity exports.</s>
    <s id="26">Small wonder, then, that Germany’s economy rockets when the world’s demand for capital goods soars.</s>
  </p>
  <p id="8">
    <s id="27">True, Germany has its share of problems.</s>
    <s id="28">The country is gradually turning into an industrial bazaar that is relocating its workbench to low-wage ex-communist countries.</s>
    <s id="29">This is one of the reasons why the boom of 2006 was incapable of creating additional jobs in German manufacturing; why Germany still has the OECD’s highest unemployment among low-skilled workers; and why aggregate full-time employment has not yet returned to its level in 2000.</s>
  </p>
  <p id="9">
    <s id="30">The French economy could be slightly more stable in the medium term insofar as it seems to have more solid internal sectors.</s>
    <s id="31">But Germany definitely is partaking more of the current boom than France does.</s>
  </p>
  <p id="10">
    <s id="32">Perhaps one French mistake was to neglect its small and medium-size firms and specialize too much on state-controlled mega-companies.</s>
    <s id="33">Airbus, Renault, Crédit Lyonnais, and Alstom are well-known examples of a mistaken industrial policy that has wasted French taxpayers’ money – and that is partly connected with the name Sarkozy.</s>
  </p>
  <p id="11">
    <s id="34">The true problem for France is the huge chunk of state-owned companies that go through the motions without being particularly successful in the market.</s>
    <s id="35">In France, 25% of dependent employees work in the government sector, compared with 19% in the old EU and 12% in Germany.</s>
    <s id="36">The French government share in GDP is 54%, while Germany’s is only 47%.</s>
  </p>
  <p id="12">
    <s id="37">In France, more than 7% of voters cast their ballots for Trotskyite and Communist candidates in the first round of the presidential election, while the Socialists, who received 27% of the votes, are much more left-leaning than Germany’s Social Democrats.</s>
    <s id="38">Dirigiste attitudes are more popular in France than in most other European countries.</s>
    <s id="39">To the extent that these attitudes may have led to a political system in which small and medium-size firms find it difficult to flourish, they may have contributed to France’s problems.</s>
  </p>
  <p id="13">
    <s id="40">It remains to be seen whether the new French president will be able to embark on a more promising course.</s>
    <s id="41">The odds are not good.</s>
    <s id="42">Royal will do nothing to increase the flexibility of the French labor market so as to facilitate structural change and enable new firms to be created, while Sarkozy is likely to continue to support France’s lumbering giants, as he as done so frequently in the past.</s>
    <s id="43">Sound policy aimed at reviving the economy seems beyond the grasp of both candidates.</s>
  </p>
</document>
