<?xml version="1.0" encoding="utf-8"?>
<document>
  <HEADLINE>
    <s id="1">France’s Big Hate</s>
  </HEADLINE>
  <p id="1">
    <s id="2">PARIS – Emmanuel Macron’s unexpected victory in the 2017 French presidential election, with 66% of the vote, made France seem, at least to some, a safe haven from the populism roiling European politics.</s>
    <s id="3">His triumph came as a relief to a large majority of the French, as well as to other governments in the European Union and around the world.</s>
  </p>
  <p id="2">
    <s id="4">Following its targeted killing of Iran's second most powerful leader, the US could well find itself with no alternative but to devote more military resources to the Middle East, a path that could lead to additional Iranian provocations.</s>
    <s id="5">And that shift would occur at a time of growing challenges to US interests elsewhere in the world.</s>
  </p>
  <p id="3">
    <s id="6">The targeted killing by the United States of one of Iran's top military leaders represents a significant symbolic defeat for the Iranian regime, but it does not augur all-out war.</s>
    <s id="7">After all, Iran and the US have already been at war for decades, and neither side has an interest in an uncontrolled military escalation now.</s>
  </p>
  <p id="4">
    <s id="8">As in previous years, Project Syndicate asked its commentators to offer their best guesses about the events and trends that will define the coming 12 months.</s>
    <s id="9">If there is one common theme in this year's selection, it is that what happens in 2020 will weigh on the present for many years to come.</s>
  </p>
  <p id="5">
    <s id="10">But Macron’s victory incited a form of near-hysterical derangement among his opponents on the extreme right and left.</s>
    <s id="11">The increasingly violent, racist, and anti-Semitic “Yellow Vest” protests are the visible manifestation of that rage.</s>
  </p>
  <p id="6">
    <s id="12">True, some of the blame for this lies with Macron, and with the technocratic tin ear of some of his team.</s>
    <s id="13">In particular, the sharp increase in taxes on fuel announced in November 2018 – a move intended to advance the president’s climate agenda while helping, at the margins, to balance the budget – disproportionately hit rural and suburban voters, who were already feeling squeezed economically.</s>
    <s id="14">This triggered the Yellow Vest rebellion.</s>
  </p>
  <p id="7">
    <s id="15">But as the protests have shrunk in size and intensified in violence, Macron and what he represents have become the focus of the extremists’ hate.</s>
    <s id="16">For starters, Macron stands out nowadays for his commitment to revitalizing Europe.</s>
    <s id="17">He rejects the emerging consensus that mainstream politicians can defeat populism only by downplaying their support for the EU.</s>
    <s id="18">Instead, Macron relentlessly asserts his belief in a strong, democratic, and prosperous Europe that is capable of acting with authority in the world.</s>
  </p>
  <p id="8">
    <s id="19">Moreover, Macron has so far pressed ahead, despite the protests, with the reforms he promised during his campaign.</s>
    <s id="20">Laws to increase labor-market flexibility, ensure ethical behavior by elected officials and civil servants, and modernize the country’s obsolete university entrance system were adopted in less than a year.</s>
    <s id="21">But Macron underestimated the difficulty of reducing France’s budget deficit and public debt to comply with eurozone rules, contributing to his decision to raise fuel taxes last November.</s>
  </p>
  <p id="9">
    <s id="22">Today, Macron’s opponents from across the political spectrum portray themselves as part of some spontaneous popular movement.</s>
    <s id="23">But the truth is that many of the politicians Macron defeated in his victorious campaign are now out to undermine him.</s>
    <s id="24">To the astonishment of many, former President François Hollande, whom Macron once served, now openly encourages the Yellow Vests to harden their protests.</s>
    <s id="25">Laurent Wauquiez, leader of the center-right Republicans, has actually put on a yellow vest.</s>
    <s id="26">Meanwhile, far-right leader Marine Le Pen and far-left leader Jean-Luc Mélenchon both sense revolutionary possibilities in the protestors’ rage.</s>
  </p>
  <p id="10">
    <s id="27">The Yellow Vests may seem to resemble other populist forces in Europe, in particular Italy’s Five Star Movement.</s>
    <s id="28">But the French protesters are extremely violent in both word and deed.</s>
    <s id="29">Macron and his wife are threatened with death almost daily.</s>
    <s id="30">This is reminiscent of the vicious attacks against Léon Blum, France’s Socialist prime minister in the mid-1930s, who was later sent to Buchenwald by Marshal Philippe Pétain’s collaborationist World War II government.</s>
  </p>
  <p id="11">
    <s id="31">Charles Maurras, a prominent Catholic essayist and journalist of the interwar years who became a member of the prestigious French Academy, called Blum “a monster” and “a man who deserves to be shot, but in the back.”</s>
    <s id="32">Today, the far-left deputy François Ruffin vents his hatred of Macron in similar terms.</s>
    <s id="33">Not since the 1930s has France experienced such hysteria against a political leader in office.</s>
  </p>
  <p id="12">
    <s id="34">Violent words go hand in hand with violent deeds.</s>
    <s id="35">Stores have been smashed and looted.</s>
    <s id="36">Public buildings, parliamentarians’ offices, and even the private property of the President of the National Assembly have been destroyed by fire.</s>
    <s id="37">Deputies have been threatened (including with a gun), newspaper headquarters have been ransacked, and more than 1,500 police officers have been injured.</s>
  </p>
  <p id="13">
    <s id="38">How did France get to this point?</s>
    <s id="39">It is no secret that Kremlin-funded television channels RT and Sputnik – followed by social networks and other TV stations – have provided platforms that encourage the incitement of rage, anti-parliamentarism, lies, disinformation, racism, and anti-Semitism.</s>
    <s id="40">France seems to be living daily through the “Two Minutes Hate” of Orwell’s 1984.</s>
  </p>
  <p id="14">
    <s id="41">The material and moral damage to the country is considerable.</s>
    <s id="42">But there will not be a civil war.</s>
    <s id="43">A clear and broad majority of the French are exasperated and shocked by rising violence and intolerance.</s>
    <s id="44">The CFDT, the country’s most important labor union, has taken a stand against “all forms of violence.”</s>
    <s id="45">Laurent Berger, its leader, has argued that, “If a trade-union organization had been responsible for as much violence in a movement that it triggered, it would be banned for at least 20 years.”</s>
    <s id="46">And Macron himself is gaining renewed legitimacy for facing down the crisis with self-control and sticking to his reform agenda.</s>
  </p>
  <p id="15">
    <s id="47">But the Yellow Vest movement is far from over, and the clock cannot be turned back.</s>
    <s id="48">First and foremost, the authorities must punish the perpetrators of violence and vandalism severely, beginning by requiring them to compensate victims, and eliminate all forms of impunity.</s>
    <s id="49">Ideologically motivated assault and destruction must be treated like any other violent crime.</s>
    <s id="50">Anything less would encourage those who would embrace violence in pursuit of their aims.</s>
  </p>
  <p id="16">
    <s id="51">Second, fake news and abuse of social media, which is endangering social cohesion and democracy itself, must be confronted head-on.</s>
    <s id="52">Macron’s great “National Debate” via local meetings and the Internet is providing a useful counterweight.</s>
    <s id="53">He continues to assert himself as a truly outstanding debater.</s>
    <s id="54">But this unique experiment will end on March 15.</s>
    <s id="55">For the sake of French and European democracy, one hopes it will give a new impetus to the much-needed reforms that France has been awaiting for decades.</s>
  </p>
</document>
