<?xml version="1.0" encoding="utf-8"?>
<document>
  <HEADLINE>
    <s id="1">Europe’s Delivery Gap</s>
  </HEADLINE>
  <p id="1">
    <s id="2">FRANKFURT – European elections seem to follow an all-too-familiar pattern; when the European Union’s citizens are called upon to express what they think, they simply do not show up.</s>
    <s id="3">Despite the Spitzenkandidat experiment, under which European top-runners were supposed to compete for the most important EU job – the presidency of the European Commission – voters did not feel mobilized.</s>
  </p>
  <p id="2">
    <s id="4">This should come as no surprise.</s>
    <s id="5">According to the most recent EU-wide opinion poll, 58% of EU citizens do not believe that they can influence EU decision-making.</s>
    <s id="6">Similarly, the marked gains made by far-right political parties in the just-completed European Parliament election were no great shock.</s>
    <s id="7">These groups have been able to capitalize on the economic and social pain felt in many EU member states, especially given that the majority of Europeans are unconvinced that the worst is over.</s>
  </p>
  <p id="3">
    <s id="8">Moreover, right-wing populist parties took advantage of growing public frustration with the EU itself.</s>
    <s id="9">Many European citizens oppose the idea of “more Europe,” the mantra of EU traditionalists in the two major party families, the European People’s Party (EPP) and the Social Democrats.</s>
  </p>
  <p id="4">
    <s id="10">The influence of widening disparities between the EU’s affluent “North” and the stumbling “South,” with France in the middle (but heading south), was also evident.</s>
    <s id="11">And the massive prosperity gap between “old” and “new” EU member states continues to determine voting patterns.</s>
  </p>
  <p id="5">
    <s id="12">So what happens next?</s>
    <s id="13">Unfortunately, the European Parliament election results have made us none the wiser.</s>
    <s id="14">As in the past, the top EU jobs will be distributed as part of a package deal, negotiated behind closed doors by the member states’ national leaders.</s>
    <s id="15">Whether the conservative EPP-backed Spitzenkandidat, Jean-Claude Juncker, will get the job for which he has long been running remains uncertain.</s>
  </p>
  <p id="6">
    <s id="16">Indeed, there is a clear risk that EU leaders, fearing change, will maintain their business-as-usual attitude more broadly.</s>
    <s id="17">For example, British Prime Minister David Cameron’s call to launch a comprehensive reform agenda has not been well received, mostly owing to the perception of Cameron as a Euroskeptic troublemaker.</s>
  </p>
  <p id="7">
    <s id="18">What is certain is that the outcome of the European Parliament election is bad news for supporters of deeper EU integration, which would require shifting more power from the member states to the supranational level, and for supporters of further EU enlargement.</s>
    <s id="19">There will be neither a new and leaner European Treaty nor a conclusion of accession negotiations with Turkey, let alone an offer of membership talks with Ukraine, Georgia, or Moldova.</s>
  </p>
  <p id="8">
    <s id="20">Supporters of the Transatlantic Trade and Investment Partnership (TTIP) also should prepare for bad news.</s>
    <s id="21">Statements by new MEPs, EU officials, and national governments indicate that so many items have already been removed from the negotiation agenda, or declared non-negotiable, that it is difficult to see how such an ambitious free-trade agreement can be reached at all.</s>
  </p>
  <p id="9">
    <s id="22">Nonetheless, there remains a way forward.</s>
    <s id="23">Europe needs, and its people are demanding, more public control and accountability.</s>
    <s id="24">The paramount task is to concentrate on a broad, and long-overdue, reform agenda that includes solutions that are both simple to achieve and do not require changes to the European treaties.</s>
  </p>
  <p id="10">
    <s id="25">This means establishing a better balance between EU and national responsibilities; fully respecting the subsidiarity principle (according to which the EU should act only if a problem cannot be resolved at the local, regional, or national levels); improving the efficiency of spending and channeling it toward growth and job creation; reducing bureaucracy through better legislation; easing regulatory and administrative burdens; and enhancing transparency in every aspect of EU decision-making – from the Commission to the European Parliament.</s>
  </p>
  <p id="11">
    <s id="26">The same goes for the economic reform agenda.</s>
    <s id="27">The goals upon which the EU was founded include not only peace in Europe, but also the promotion of the welfare and prosperity of all of Europe’s citizens.</s>
    <s id="28">And here, the EU confronts a huge delivery gap.</s>
    <s id="29">Though the EU has given itself an ambitious competitiveness agenda, it has not seriously – or even coherently – sought to follow through on it.</s>
  </p>
  <p id="12">
    <s id="30">Moreover, the EU is confronted with formidable foreign-policy challenges.</s>
    <s id="31">The EU’s ambition to become a global player on an equal footing with existing and rising powers is neither understood by EU citizens nor viewed as credible in policy terms, as demonstrated by the reemergence of the United States as a decisive European player.</s>
    <s id="32">The EU will need to align better its internal and external policies and cannot concentrate solely on the former.</s>
  </p>
  <p id="13">
    <s id="33">Europe’s agenda for the next five years must aim high, particularly on reform and delivery.</s>
    <s id="34">That would go a long way toward assuaging EU citizens, including those in the United Kingdom.</s>
    <s id="35">Rather than reflexively bashing Cameron for his calls to reform so that the UK does not leave the Union, EU leaders need to win Britons’ hearts and minds.</s>
  </p>
  <p id="14">
    <s id="36">Instead, Europe’s heavyweight national leaders – including Cameron, German Chancellor Angela Merkel, French President François Hollande, Polish Prime Minister Donald Tusk, and Italian Prime Minister Matteo Renzi – are engaged in the usual horse-trading over who gets which EU positions.</s>
    <s id="37">The much wiser approach would be to agree on policy priorities first and jobs later.</s>
    <s id="38">It is always better to find the right person for a job than to find the right job for a person.</s>
  </p>
</document>
