<?xml version="1.0" encoding="utf-8"?>
<document>
  <HEADLINE>
    <s id="1">The G20 Embraces Green Finance</s>
  </HEADLINE>
  <p id="1">
    <s id="2">BEIJING – The G20’s finance ministers and central-bank governors have begun to undertake a stunning shift in mindset.</s>
    <s id="3">They have become increasingly convinced that “green finance” – financing environmentally sustainable growth – should be at the center of economic-development strategies.</s>
    <s id="4">Such an idea, until recently confined to a fringe of academics and policymakers, is potentially one of the most important new “truths” of the twenty-first century.</s>
  </p>
  <p id="2">
    <s id="5">The conventional economic-development model viewed environmental protection as a “luxury good” that societies could afford only after they became rich.</s>
    <s id="6">Such thinking explains why the dramatic growth in global income, 80-fold in real terms during the last century, has been accompanied by a decline, according to the United Nations Environment Programme, in natural capital in 127 of 140 countries.</s>
  </p>
  <p id="3">
    <s id="7">But natural capital is not just an abstract concept; it supports lives, livelihoods, and societal wellbeing.</s>
    <s id="8">The environmental destruction that our activities are wreaking – greenhouse-gas emissions add energy to the Earth system at a rate equivalent to the detonation of four nuclear bombs every second – has concrete consequences, which are already being borne by millions of people.</s>
  </p>
  <p id="4">
    <s id="9">Since 2008, an average of 26.4 million people have been displaced from their homes by natural disasters each year – equivalent to almost one person every second.</s>
    <s id="10">One-third of the world’s arable land is now jeopardized by land degradation, which causes economic losses of $6.3-10.6 trillion per year.</s>
    <s id="11">And 21 of the world’s 37 largest aquifers have passed their sustainability tipping point.</s>
  </p>
  <p id="5">
    <s id="12">The downsides of the conventional approach to economic development, which favors income and employment over environmental protection, are particularly apparent in China.</s>
    <s id="13">By some measures – in particular, per capita income and GDP growth – China’s development process has been an extraordinary success.</s>
    <s id="14">But it has also brought lethal levels of air pollution and extensive contamination and depletion of land and water.</s>
  </p>
  <p id="6">
    <s id="15">The good news is that Chinese leaders now seem to recognize that they must safeguard the environment before China achieves high-income status.</s>
    <s id="16">Indeed, they have moved to the forefront of the green-finance movement.</s>
  </p>
  <p id="7">
    <s id="17">To be sure, the challenge facing China is monumental.</s>
    <s id="18">Success will require an estimated $600 billion in investment each year, in areas including environmental remediation and protection, renewable energies and energy efficiency, and sustainable transportation systems.</s>
    <s id="19">Given that less than 15% of that finance will come from public sources, China will also have to retool its financial system to support private investment.</s>
  </p>
  <p id="8">
    <s id="20">But China is already taking concrete steps in the right direction.</s>
    <s id="21">On August 30, President Xi Jinping presided over a decision by the Central Leading Group for Comprehensively Deepening Reforms to transform China’s financial system to facilitate green investment.</s>
    <s id="22">The so-called “guidelines for establishing a green finance system” adopted at the meeting represent the world’s first attempt at an integrated policy package to promote an ambitious shift toward a green economy.</s>
  </p>
  <p id="9">
    <s id="23">According to the guidelines, China will have to develop a wide range of new financial instruments, including green credit, green development funds, green bonds, green equity index products, green insurance, and carbon finance.</s>
    <s id="24">It must also introduce a host of specific policies, regulations, and incentives, including innovative use of the central bank’s relending operations, interest subsidies, and guarantees.</s>
    <s id="25">And it must establish a national-level Green Development Fund, much like the United Kingdom’s Green Investment Bank.</s>
  </p>
  <p id="10">
    <s id="26">How this process unfolds in China will hold important lessons for others seeking to build more sustainable economies.</s>
    <s id="27">But some governments are not hesitating to make their own way.</s>
    <s id="28">From the City of London’s Green Finance Initiative to Indonesia’s Sustainable Finance Roadmap, innovative policy packages are emerging at an accelerating pace.</s>
  </p>
  <p id="11">
    <s id="29">Moreover, many of the world’s stock exchanges have committed to requiring listed companies to report on their sustainable development risks.</s>
    <s id="30">And a coalition of banking regulators has emerged to explore how to advance green credit.</s>
    <s id="31">Details vary by country, but the goal is a common one: to align capital markets with the financing needs of an inclusive, sustainable economy.</s>
  </p>
  <p id="12">
    <s id="32">The G20’s agenda, which aims to promote strong, sustainable, and balanced economic growth, should now be updated to reflect this shared goal, with green finance becoming a key component of the G20’s business.</s>
    <s id="33">This week’s summit in China is the ideal place to start.</s>
  </p>
</document>
