<?xml version="1.0" encoding="utf-8"?>
<document>
  <HEADLINE>
    <s id="1">The Twilight of the Global Order</s>
  </HEADLINE>
  <p id="1">
    <s id="2">MADRID – We live in an era of hyperbole, in which gripping accounts of monumental triumphs and devastating disasters take precedence over realistic discussions of incremental progress and gradual erosion.</s>
    <s id="3">But in international relations, as in anything, crises and breakthroughs are only part of the story; if we fail also to notice less sensational trends, we may well find ourselves in serious trouble – potentially after it is too late to escape.</s>
  </p>
  <p id="2">
    <s id="4">Following its targeted killing of Iran's second most powerful leader, the US could well find itself with no alternative but to devote more military resources to the Middle East, a path that could lead to additional Iranian provocations.</s>
    <s id="5">And that shift would occur at a time of growing challenges to US interests elsewhere in the world.</s>
  </p>
  <p id="3">
    <s id="6">The targeted killing by the United States of one of Iran's top military leaders represents a significant symbolic defeat for the Iranian regime, but it does not augur all-out war.</s>
    <s id="7">After all, Iran and the US have already been at war for decades, and neither side has an interest in an uncontrolled military escalation now.</s>
  </p>
  <p id="4">
    <s id="8">As in previous years, Project Syndicate asked its commentators to offer their best guesses about the events and trends that will define the coming 12 months.</s>
    <s id="9">If there is one common theme in this year's selection, it is that what happens in 2020 will weigh on the present for many years to come.</s>
  </p>
  <p id="5">
    <s id="10">The recent G7 Summit in Biarritz, France, is a case in point.</s>
    <s id="11">Despite some positive developments – French President Emmanuel Macron, for example, was praised for keeping his American counterpart, Donald Trump, in check – little was achieved.</s>
    <s id="12">And, beyond the question of substantive results, the summit’s structure portends a progressive erosion of international cooperation – a slow, steady chipping away at the global order.</s>
  </p>
  <p id="6">
    <s id="13">It is somewhat ironic that the G7 presages the future, because it is in many ways a relic of the past.</s>
    <s id="14">Formed in the 1970s, at the height of the Cold War, it was supposed to serve as a forum for the major developed economies: Canada, France, Germany, Italy, Japan, the United Kingdom, and the United States.</s>
  </p>
  <p id="7">
    <s id="15">After the fall of the Soviet Union, the G7 continued to shape global governance on issues ranging from debt relief to peace operations and global health.</s>
    <s id="16">In 1997, the G7 became the G8, with the addition of Russia.</s>
    <s id="17">Still, the body epitomized an era of Western preeminence in an institutionalized liberal world order in full bloom.</s>
  </p>
  <p id="8">
    <s id="18">That era is long gone.</s>
    <s id="19">The 2008 financial crisis hobbled the body’s core members, which, together with the rise of the emerging economies, especially China, meant that the group no longer possessed the critical mass required to guide world affairs.</s>
  </p>
  <p id="9">
    <s id="20">The larger and more diverse G20, formed in 1999, thus gradually overtook the G8, formally replacing the latter as the world’s permanent international economic forum a decade later.</s>
    <s id="21">In an increasingly complex and divided global environment, the G20’s flexible policymaking style – including a preference for non-binding commitments – was regarded as more viable than the hard-law methods of older multilateral institutions.</s>
  </p>
  <p id="10">
    <s id="22">The G8 drifted along as a mere caucus.</s>
    <s id="23">When Russia’s G8 membership was suspended in 2014 – a response to its invasion of Ukraine and annexation of Crimea – it became even less weighty, though more cohesive, with its members sharing a more consistent worldview.</s>
    <s id="24">(Some, including Trump, now call for Russia’s reintroduction to the group.)</s>
  </p>
  <p id="11">
    <s id="25">But even that slight advantage was demolished with Trump’s election in 2016.</s>
    <s id="26">His administration began attacking allies and rejecting shared rules, norms, and values.</s>
    <s id="27">The situation reached a nadir at the 2018 G7 Summit in Quebec, where a petulant Trump criticized his host, Canadian Prime Minister Justin Trudeau, and publicly disavowed the summit’s final communiqué as soon as it was issued.</s>
  </p>
  <p id="12">
    <s id="28">Against that backdrop, this year’s summit in Biarritz elicited great trepidation.</s>
    <s id="29">With little hope for consensus on any consequential issue, the meeting’s French hosts focused on keeping up appearances, choosing expediency over impact.</s>
    <s id="30">Goals were kept vague.</s>
    <s id="31">In fact, Macron announced before the event that there would be no final statement, declaring that “nobody reads communiqués.”</s>
  </p>
  <p id="13">
    <s id="32">But that decision represented a major loss.</s>
    <s id="33">Final communiqués are policy documents, providing important signals about significant compromises to the international community.</s>
    <s id="34">The 2018 declaration, which Trump rejected, was 4,000 words long, identifying a set of shared priorities and common approaches to addressing them.</s>
  </p>
  <p id="14">
    <s id="35">The Biarritz summit, by contrast, ended with a 250-word statement that was so vague and anodyne as to be all but meaningless.</s>
    <s id="36">On Iran, for example, G7 leaders could agree only that they “fully share two objectives: to ensure that Iran never acquires nuclear weapons and to foster peace and stability in the region.”</s>
    <s id="37">On Hong Kong, they reaffirmed “the existence and importance of the Sino-British Joint Declaration of 1984 on Hong Kong” and called hollowly “for violence to be avoided.”</s>
    <s id="38">On Ukraine, France and Germany promised to organize a summit “to achieve tangible results.”</s>
  </p>
  <p id="15">
    <s id="39">To be sure, some positive steps were taken in Biarritz.</s>
    <s id="40">Iranian Foreign Minister Mohammad Javad Zarif’s surprise appearance created a potential opening for future US-Iran talks.</s>
    <s id="41">Pressure was placed on Brazil to respond to the fires that are decimating the Amazon.</s>
    <s id="42">And the US and France broke an impasse over a French tax on tech giants.</s>
    <s id="43">But any high-level international gathering produces these kinds of limited actions, merely by facilitating interaction among world leaders.</s>
  </p>
  <p id="16">
    <s id="44">Many have recognized the shortcomings of the latest G7 summit.</s>
    <s id="45">But, drawn to calamity as we so often are, assessments often center on the body’s possible collapse next year, when the G7 summit will be hosted in the US by Trump, who will go nowhere near the lengths to which Macron went to hold the last one together.</s>
    <s id="46">(On the contrary, Trump’s interest in the summit seems to revolve around his desire to hold it at his struggling golf resort in Doral, Florida.)</s>
  </p>
  <p id="17">
    <s id="47">But this perspective fails to recognize the full implications of the Biarritz summit: it signals a broader shift in international governance away from concrete policy cooperation toward vague statements and ad hoc solutions.</s>
    <s id="48">To some extent, the G20 pioneered this approach, but at least it had vision and a set direction.</s>
    <s id="49">That can no longer be expected.</s>
  </p>
  <p id="18">
    <s id="50">Unless leaders take stock of the current trend, the conclusion of the Biarritz summit will be a marker of the world order’s future – ending not with a bang, but with a whimper.</s>
  </p>
</document>
