<?xml version="1.0" encoding="utf-8"?>
<document>
  <HEADLINE>
    <s id="1">The Roots of German Openness</s>
  </HEADLINE>
  <p id="1">
    <s id="2">PARIS – “Germany, Germany,” shout thousands of refugees, faced with the obvious bad will of Hungary’s political authorities, in front of Budapest’s Keleti railway station.</s>
    <s id="3">They are dreaming of Germany – not any European country, but specifically Germany – the way, more than a century ago, Europe’s poor, fleeing misery – and, in some cases, pogroms – dreamed of America.</s>
  </p>
  <p id="2">
    <s id="4">This represents a dramatic shift from the past.</s>
    <s id="5">What a contrast between the photo, taken less than 80 years ago in the Warsaw Ghetto, of a small Jewish child with raised arms and fearful eyes, and one taken a few days ago in Munich of a smiling refugee boy, his head protected by a policeman’s hat.</s>
    <s id="6">For the first child, Germany meant certain death; for the second, it offers hope for a better life.</s>
  </p>
  <p id="3">
    <s id="7">And Germany does not represent just an abstract hope; the country is welcoming more migrants than any of its European counterparts, with Chancellor Angela Merkel having announced that the country will take at least 800,000 asylum-seekers this year.</s>
    <s id="8">How can a country move so rapidly from darkness to light?</s>
  </p>
  <p id="4">
    <s id="9">No one can deny the role of schools, civic and business leaders, and, of course, external forces in bringing about this change.</s>
    <s id="10">But nor should one underestimate the importance of political leadership.</s>
  </p>
  <p id="5">
    <s id="11">Events can create politicians.</s>
    <s id="12">Before the Berlin Wall fell, Helmut Kohl was essentially a provincial West German political figure; the likes of French President François Mitterrand looked down on him with a certain condescension.</s>
    <s id="13">Then, as Chancellor – a position he held for 16 years – Kohl played a key role in German reunification and, together with Mitterand and others, drafted the Maastricht Treaty that created the European Union.</s>
  </p>
  <p id="6">
    <s id="14">Events have similarly transformed Merkel from a cautiously calculating and often-slow decision-maker into a moral force.</s>
    <s id="15">With firmness and clarity, Merkel has condemned all forms of xenophobia and criticized her European counterparts for refusing to accept refugees.</s>
    <s id="16">Rather than worrying about offending people or losing the next election, she is following the diktat of her conscience.</s>
    <s id="17">The daughter of a Protestant pastor raised in East Germany during Communist rule, she is standing up for Christian Democratic values.</s>
    <s id="18">Indeed, at a time when most European political leaders are lacking in inspiration and direction, if not courage, Merkel has emerged as Europe’s moral compass.</s>
  </p>
  <p id="7">
    <s id="19">It is time for the rest of the EU’s leaders to get on the right path.</s>
    <s id="20">When history knocks at the door so powerfully – this time, in the form of hundreds of thousands of refugees – one cannot waste time appeasing or, worse, courting populist movements.</s>
    <s id="21">That is the surest route to losing one’s soul – and the next election.</s>
  </p>
  <p id="8">
    <s id="22">Of course, one must not be naive.</s>
    <s id="23">Politics and morality are not always compatible, and Germany is in a very different situation from the rest of Europe.</s>
    <s id="24">With its shrinking and aging population, Germany needs more young, motivated people to keep its economy thriving – a need that refugees can fill.</s>
    <s id="25">By contrast, France and many other European countries face more favorable demographic conditions and worse economic conditions, including high unemployment.</s>
  </p>
  <p id="9">
    <s id="26">After years of destabilizing economic crisis, which has yet to be fully overcome, most European societies feel wholly unprepared – socially, economically, politically, and even psychologically – to receive the flood of refugees.</s>
    <s id="27">If Germany behaves in a more dignified manner, it is thanks not just to Merkel’s political leadership, but also to the fact that Germans are more secure than most Europeans.</s>
    <s id="28">It is easier to become open to others when you are confident in yourself.</s>
  </p>
  <p id="10">
    <s id="29">But one must not underestimate the endurance of values like tolerance and solidarity within European societies.</s>
    <s id="30">With this in mind, EU leaders should be working to encourage and harness the generosity of some, while containing and resisting the selfishness and xenophobia of others.</s>
    <s id="31">To be successful, however, there must be burden sharing.</s>
    <s id="32">If those whose instinct is to be generous are left alone to shoulder the burden, that generosity will not last for long.</s>
  </p>
  <p id="11">
    <s id="33">In the long run, a society can advance only through openness and tolerance.</s>
    <s id="34">Rejecting diversity – whether by suppressing differences at home or cutting off outsiders – accelerates decay.</s>
    <s id="35">To reverse the formula of former Czech President Václav Klaus, the suicide of Europe will come not from accepting the flow of refugees, but from closing our doors to them and washing our hands of their fate.</s>
  </p>
  <p id="12">
    <s id="36">Likewise, Hungary is not protecting Europe by building walls to keep the refugees out.</s>
    <s id="37">On the contrary, it is not only controverting Europe’s fundamental values; it is also undermining Europe’s interests.</s>
    <s id="38">After all, the United States would not have become the leading world power in less than two centuries without the successive waves of migrants that landed on its shores.</s>
  </p>
  <p id="13">
    <s id="39">Europe needs refugees to prosper, and the refugees need Europe to survive.</s>
  </p>
</document>
