<?xml version="1.0" encoding="utf-8"?>
<document>
  <HEADLINE>
    <s id="1">Germany’s Zero Hour</s>
  </HEADLINE>
  <p id="1">
    <s id="2">The 8th of May always brings back memories of 1945, because for me the end of the war in Europe really was a zero hour.</s>
  </p>
  <p id="2">
    <s id="3">When the first Soviet soldiers came up our little street in the Western suburbs of Berlin, we knew that the great slaughter was coming to an end.</s>
    <s id="4">My father who had been in the resistance would come back from Brandenburg prison.</s>
    <s id="5">I no longer needed to hide as I had done after my release from a Gestapo camp at the beginning of February.</s>
    <s id="6">Somehow a new life would begin.</s>
  </p>
  <p id="3">
    <s id="7">First, however, was the chaos.</s>
    <s id="8">The Nazis were gone, and the occupation powers had not yet set up any kind of administration.</s>
    <s id="9">We all went looting the local shops;</s>
    <s id="10">I still have the slim volumes of romantic poetry which my 16-year-old self took from a bookshop.</s>
    <s id="11">The occupation troops went on a rampage.</s>
    <s id="12">Food was hard to find.</s>
    <s id="13">My father was taken from prison and transported straight to central Berlin, where he was told to set up the office for Berlin’s energy supply, a task that had to be done literally from nothing.</s>
    <s id="14">There was no power, no transport, no organised life of any kind for a period.</s>
  </p>
  <p id="4">
    <s id="15">Was it defeat or liberation?</s>
    <s id="16">For Germans this question was not easily answered, though clearly our family was liberated in every sense.</s>
    <s id="17">The question then was this: liberated for what?</s>
    <s id="18">Where do we go from here?</s>
  </p>
  <p id="5">
    <s id="19">“You must help,” my mother said to me.</s>
    <s id="20">So I offered my services to the local Soviet authority and helped distribute basic foodstuffs to a small number of outlets in our district of Zehlendorf.</s>
  </p>
  <p id="6">
    <s id="21">Five weeks later, however, I was back at school.</s>
    <s id="22">I carried a special pass as a “victim of fascism,” but others showed their Iron Cross which they had got for late military action.</s>
    <s id="23">Some were refugees from the East, many had their homes destroyed in air raids, almost all grieved for lost loved ones.</s>
  </p>
  <p id="7">
    <s id="24">Yet the zero hour did not last.</s>
    <s id="25">It is almost unbelievable, but three years later the liberalising policies that followed a currency reform set in motion what came to be known as Germany’s economic miracle.</s>
  </p>
  <p id="8">
    <s id="26">To be precise: this is how West Germany’s economic miracle began.</s>
    <s id="27">The German example shows just how different occupation powers can be.</s>
    <s id="28">In the Soviet zone of occupation, progress was slow and above all coupled with a new enslavement.</s>
    <s id="29">Even concentration camps like Buchenwald changed their guards and inmates but remained in use.</s>
  </p>
  <p id="9">
    <s id="30">The Western powers in Germany, on the other hand, pursued, after a short period of non-fraternisation, a policy of controlled empowerment.</s>
    <s id="31">Within a year of the end of the war there were indigenous administrations, within two years elections.</s>
    <s id="32">Democracy was not just preached but practised, and it could build on German traditions.</s>
  </p>
  <p id="10">
    <s id="33">All this, to be sure, was not just benevolence on the part of the occupying powers.</s>
    <s id="34">It was also a result of the incipient Cold War, and the desire of both sides to consolidate “their” part of Germany.</s>
    <s id="35">Even so, there are lessons to be learned from the process.</s>
  </p>
  <p id="11">
    <s id="36">Two of these deserve to be mentioned.</s>
    <s id="37">One is economic and has to do with the Marshall Plan.</s>
    <s id="38">It is perhaps regrettable but nonetheless real that democracy finds roots more easily if economic conditions improve.</s>
    <s id="39">Such improvement requires above all self-help, the actions of individuals who will not accept the misery of the zero hour for long.</s>
  </p>
  <p id="12">
    <s id="40">Such self-help can be encouraged by policies (which is what Ludwig Erhard, the father of the “social market economy” did in Germany), but some starting capital helps.</s>
    <s id="41">This is where the Marshall Plan of American support became crucial.</s>
    <s id="42">Similarly, the European Union has helped, and continues to help the postcommunist countries on their way.</s>
  </p>
  <p id="13">
    <s id="43">The other lesson is moral, and it is more difficult.</s>
    <s id="44">The Nuremberg trials exposed the guilt of the Nazi leaders beyond doubt, if indeed any such doubt was left in people’s minds.</s>
    <s id="45">While these were important, however, Germany did not begin its arduous path away from zero hour with concern for the past.</s>
  </p>
  <p id="14">
    <s id="46">Indeed, the Adenauer years after 1949 were described by many as years of “restoration” because too many minor Nazi figures had remained in their jobs.</s>
    <s id="47">In some ways, the country simply ignored their past and moved forward.</s>
    <s id="48">Years later when a market economy and political democracy were established, Germany did turn toward “coping with the past”, and did so very effectively.</s>
  </p>
  <p id="15">
    <s id="49">Germany’s Nazi past is uniquely horrible, so comparisons with other countries with blighted histories are misleading.</s>
    <s id="50">Still, in its own way Poland has followed a similar path after 1989: first the new, then the attempt to come to terms with the past.</s>
    <s id="51">On balance this is a better method of dealing with a nation’s zero hour than doing things the other way round.</s>
  </p>
  <p id="16">
    <s id="52">In Europe then, the 8th of May 2005 is an occasion to look back in sorrow and anger.</s>
    <s id="53">It is also an occasion to look forward with pride in the achievements of recent decades and therefore for hope.</s>
  </p>
</document>
