<?xml version="1.0" encoding="utf-8"?>
<document>
  <HEADLINE>
    <s id="1">Arrested Diplomacy</s>
  </HEADLINE>
  <p id="1">
    <s id="2">CANBERRA – On November 19, Carlos Ghosn, the board chair and former CEO of Nissan, was arrested at Tokyo’s Haneda Airport on suspicion of under-reporting income and misusing corporate funds for personal purposes; he remains in custody.</s>
    <s id="3">Less than two weeks later, Meng Wanzhou, the chief financial officer of Huawei and daughter of its founder, was arrested in transit at Vancouver’s airport on charges by the United States that Huawei had violated US sanctions against Iran; out on bail, she now awaits an extradition hearing.</s>
  </p>
  <p id="2">
    <s id="4">Following its targeted killing of Iran's second most powerful leader, the US could well find itself with no alternative but to devote more military resources to the Middle East, a path that could lead to additional Iranian provocations.</s>
    <s id="5">And that shift would occur at a time of growing challenges to US interests elsewhere in the world.</s>
  </p>
  <p id="3">
    <s id="6">The targeted killing by the United States of one of Iran's top military leaders represents a significant symbolic defeat for the Iranian regime, but it does not augur all-out war.</s>
    <s id="7">After all, Iran and the US have already been at war for decades, and neither side has an interest in an uncontrolled military escalation now.</s>
  </p>
  <p id="4">
    <s id="8">As in previous years, Project Syndicate asked its commentators to offer their best guesses about the events and trends that will define the coming 12 months.</s>
    <s id="9">If there is one common theme in this year's selection, it is that what happens in 2020 will weigh on the present for many years to come.</s>
  </p>
  <p id="5">
    <s id="10">These two cases are technically unrelated.</s>
    <s id="11">But both underscore an important truth: in a globalized world, domestic legal processes can have major international repercussions.</s>
  </p>
  <p id="6">
    <s id="12">Ghosn’s arrest put Japan’s justice system on trial in the court of world opinion.</s>
    <s id="13">In fact, Japan lacks many of the elements of due process found in Anglo-American jurisprudence, such as the right to have a lawyer present during questioning.</s>
    <s id="14">As a leading Japanese criminal defense attorney, Makoto Endo, put it, Japan’s criminal justice system operates on the premise of “guilty until proven guilty.”</s>
  </p>
  <p id="7">
    <s id="15">But it may be even worse than that: a 99% conviction rate (among those who are indicted) implies that Japan’s prosecutors and courts could be colluding, rather than working to achieve justice.</s>
    <s id="16">For example, prosecutors’ requests for extensions of custody (up to 23 days) are rarely rejected, and bail is seldom granted.</s>
    <s id="17">Many suspects who are released on bail are re-arrested repeatedly on fresh charges until a confession is secured.</s>
  </p>
  <p id="8">
    <s id="18">The problems with Japan’s justice system have been on public display since Ghosn’s arrest.</s>
    <s id="19">On January 8, using a rarely invoked constitutional provision, Ghosn made his first court appearance, at which he rejected all accusations as “meritless and unsubstantiated.”</s>
    <s id="20">On the face of it, his ten-minute rebuttal seemed more plausible than the prosecution case against him.</s>
    <s id="21">Yet he remains in jail.</s>
  </p>
  <p id="9">
    <s id="22">The way Ghosn appeared in court – handcuffed, a rope around his waist, and wearing plastic slippers – exacerbated what was already becoming a global public-relations disaster for Japan.</s>
    <s id="23">And yet, on January 10, prosecutors filed two additional charges against him.</s>
    <s id="24">He could now be stuck in jail for six months until the trial begins.</s>
    <s id="25">The silver lining is that Ghosn’s case could spur a much-needed overhaul of Japan’s legal system to balance better the interests of prosecutors and the rights of defendants.</s>
    <s id="26">But that can happen only if he is acquitted.</s>
  </p>
  <p id="10">
    <s id="27">When it comes to Meng’s arrest, the international implications are more palpable: Canada has now become a battleground in the Sino-American trade-cum-technology war.</s>
    <s id="28">Indeed, US President Donald Trump himself politicized the case by declaring that he could intervene in the case if it would help to repair US relations with China.</s>
    <s id="29">In other words, he made Meng a bargaining chip in the escalating bilateral conflict.</s>
  </p>
  <p id="11">
    <s id="30">As Jeffrey D. Sachs notes, the arrest of top executives for corporate malfeasance (as opposed to personal crimes like embezzlement) is rare in the US.</s>
    <s id="31">Huawei is China’s largest international tech company, and has emerged as a world leader in 5G technology.</s>
    <s id="32">Realizing that it is losing its competitive edge, the US is now scrambling to recapture it, using its global financial clout.</s>
  </p>
  <p id="12">
    <s id="33">So, while Ghosn’s case exposed what Brad Adams, the Asia director of Human Rights Watch, has called Japan’s “long overlooked ‘hostage justice’ system,” Meng’s arrest has been condemned by some as tantamount to “kidnapping” and “political hostage-taking.”</s>
    <s id="34">That is not surprising.</s>
    <s id="35">Imagine that China imposed unilateral sanctions on firms doing business in Taiwan, and then called for the arrest of their executives in third countries like Japan and South Korea.</s>
  </p>
  <p id="13">
    <s id="36">Meng’s case raises three key questions.</s>
    <s id="37">Should international transit corridors at airports function as legal trapdoors for travelers?</s>
    <s id="38">Why has Canada given a US law precedence over Canadian, Chinese, and international law?</s>
    <s id="39">Why should China tolerate the unilateral arrest in Canada of one of its leading citizens, who had not violated any Canadian, Chinese, or international law?</s>
  </p>
  <p id="14">
    <s id="40">China certainly is not taking Meng’s arrest lying down.</s>
    <s id="41">Like the US, China is not averse to wielding its diplomatic clout, military might, and financial muscle to protect its interests.</s>
    <s id="42">Already, the Chinese authorities have arrested two Canadians in retaliation, and earlier this month, Canadian Robert Lloyd Schellenberg was resentenced to death for a drug-trafficking conviction, after initially receiving a 15-year prison term.</s>
  </p>
  <p id="15">
    <s id="43">Echoing Canadian Prime Minister Justin Trudeau’s position on Meng’s arrest, China’s foreign ministry spokeswoman Hua Chunying – who had criticized the Meng case as “an abuse of judicial procedures” – rejected Canada’s appeal for clemency for Schellenberg.</s>
    <s id="44">Out of respect for the rule of law, Hua said, China’s government would not interfere in the judicial proceedings.</s>
  </p>
  <p id="16">
    <s id="45">China’s retaliation against Canadians is as unjustified as it is predictable.</s>
    <s id="46">After all, it is both less costly and less risky for China to take aim at Canada than at the US.</s>
    <s id="47">This does not, however, mean that China would not be willing to defy the US, especially if the US continues to pursue its emerging containment strategy.</s>
  </p>
  <p id="17">
    <s id="48">China is not alone.</s>
    <s id="49">Non-Western countries have not backed Canada on the Meng issue, highlighting a broader clash of political cultures.</s>
    <s id="50">In fact, a growing number of non-democratic countries, including China, have lately been testing the standards of state behavior established, enforced, and arbitrated by the West.</s>
  </p>
  <p id="18">
    <s id="51">The Canadian and Japanese governments have failed to manage effectively the reputational, economic, and geopolitical ramifications of the Meng and Ghosn cases, which, given the interconnectedness of today’s world, are unlikely to be the last of their kind.</s>
    <s id="52">To ensure that such cases do not escalate into potentially destabilizing international incidents, creative diplomacy – focused on finding an appropriate balance between legal values and geopolitical interests – will be vital.</s>
  </p>
</document>
