<?xml version="1.0" encoding="utf-8"?>
<document>
  <HEADLINE>
    <s id="1">Can Synchronized Stagnation Be Stopped?</s>
  </HEADLINE>
  <p id="1">
    <s id="2">ITHACA – The global economic slowdown is turning into a synchronized stagnation, with some major economies growing only weakly and others barely at all – or even contracting slightly.</s>
    <s id="3">For now at least, fears of an imminent global recession seem premature.</s>
    <s id="4">But policymakers have little appetite for fundamental reforms and limited room for effective macroeconomic stimulus, and thus seem at a loss for ways to revive growth.</s>
  </p>
  <p id="2">
    <s id="5">Following its targeted killing of Iran's second most powerful leader, the US could well find itself with no alternative but to devote more military resources to the Middle East, a path that could lead to additional Iranian provocations.</s>
    <s id="6">And that shift would occur at a time of growing challenges to US interests elsewhere in the world.</s>
  </p>
  <p id="3">
    <s id="7">The targeted killing by the United States of one of Iran's top military leaders represents a significant symbolic defeat for the Iranian regime, but it does not augur all-out war.</s>
    <s id="8">After all, Iran and the US have already been at war for decades, and neither side has an interest in an uncontrolled military escalation now.</s>
  </p>
  <p id="4">
    <s id="9">As in previous years, Project Syndicate asked its commentators to offer their best guesses about the events and trends that will define the coming 12 months.</s>
    <s id="10">If there is one common theme in this year's selection, it is that what happens in 2020 will weigh on the present for many years to come.</s>
  </p>
  <p id="5">
    <s id="11">The roots of the slowdown are not difficult to discern.</s>
    <s id="12">Persistent trade tensions, political instability, geopolitical risks, and concerns about the limited efficacy of monetary stimulus continue to erode business and consumer sentiment, thus holding back investment and productivity growth.</s>
    <s id="13">International trade flows have been directly affected as well.</s>
    <s id="14">The World Trade Organization recently slashed its forecast for global trade growth in 2019 from 2.6% to just 1.2%.</s>
    <s id="15">Furthermore, the Baltic Dry Index, a widely watched trade metric based on shipping rates for dry bulk commodities, nearly doubled in the first eight months of this year, but has since fallen by about 30%, erasing hopes of a trade rebound.</s>
  </p>
  <p id="6">
    <s id="16">Meanwhile, global uncertainty has kept the US dollar strong relative to most other major currencies.</s>
    <s id="17">Although dollar appreciation has taken some pressure off non-US economies that depend on exports or foreign capital, it has increased the risk of an open currency war.</s>
  </p>
  <p id="7">
    <s id="18">At the same time, not all indicators are grim.</s>
    <s id="19">Labor markets remain largely healthy, even in otherwise anemic economies such as Germany, and household consumption remains strong in most major economies.</s>
    <s id="20">In addition, the September surge in oil prices, which had raised concerns of another negative shock to growth, has since receded.</s>
  </p>
  <p id="8">
    <s id="21">The US economy reflects this dichotomy.</s>
    <s id="22">Labor-market performance and household consumption are still relatively robust, but both the manufacturing and services sectors are slowing.</s>
    <s id="23">Tensions with major trading partners, including China and the European Union, and uncertainty regarding the United States-Mexico-Canada Agreement, have hit business confidence, profits, and investment.</s>
  </p>
  <p id="9">
    <s id="24">Although Germany continues to flirt with recession while its government eschews fiscal stimulus, other European economies have picked up some of the slack.</s>
    <s id="25">France, the Netherlands, and Spain are experiencing modest growth and robust employment, despite weakening trade.</s>
    <s id="26">Italy’s economy, however, seems to have flatlined, and the country remains wracked by political uncertainty.</s>
  </p>
  <p id="10">
    <s id="27">Japan is facing multiple headwinds, including weak global demand, the contractionary effects of a sales-tax hike, and stubbornly low inflation.</s>
    <s id="28">Financial conditions remain weak, as does the real economy.</s>
    <s id="29">Business and consumer sentiment have plunged, which, together with the country’s structural, demographic, and fiscal challenges, augur further prolonged economic weakness.</s>
  </p>
  <p id="11">
    <s id="30">Brexit-related uncertainties continue to dominate in the United Kingdom.</s>
    <s id="31">Fears of a disorderly exit from the EU, and ongoing domestic political turmoil, leave little room for optimism about the country’s short-term economic prospects.</s>
    <s id="32">Most indicators of UK economic activity are either flat or showing minimal growth.</s>
  </p>
  <p id="12">
    <s id="33">To be sure, low interest rates in advanced economies, coupled with the recent fall in oil prices, have helped some large emerging-market economies.</s>
    <s id="34">Even so, weak global demand and trade-related uncertainties, in addition to domestic policy constraints, continue to weigh on their growth.</s>
  </p>
  <p id="13">
    <s id="35">For example, China’s economy is clearly slowing, although not as much as some had feared given the ongoing trade war with the US.</s>
    <s id="36">But there is no clear prospect of a durable resolution to the conflict, which continues to dampen Chinese business sentiment and private investment growth.</s>
    <s id="37">The renminbi’s gradual depreciation against the dollar has been orderly so far, but it has had only a modest impact on growth.</s>
    <s id="38">And while China’s government has room for more fiscal and monetary stimulus, policymakers seem willing to let growth decelerate gradually to a more sustainable level, rather than boosting spending and easing access to credit, which could raise longer-term financial and other risks.</s>
  </p>
  <p id="14">
    <s id="39">India, meanwhile, is experiencing a sharp economic slowdown, driven in part by tight credit conditions and weak household consumption.</s>
    <s id="40">The government recently lowered corporate taxes and eased restrictions on foreign direct investment, while the Reserve Bank of India has injected significant monetary stimulus through interest-rate cuts.</s>
    <s id="41">But without a clear vision for economic reforms from the government, these measures are unlikely to revive private investment.</s>
  </p>
  <p id="15">
    <s id="42">In fact, economic malaise has taken hold in many key emerging-market economies.</s>
    <s id="43">Brazil has teetered on the brink of recession in recent months, as trade, employment, and confidence levels remain stagnant.</s>
    <s id="44">Likewise, Russia’s economy is experiencing zero or near-zero growth, according to most measures of activity.</s>
    <s id="45">And Mexico, too, recorded zero GDP growth in the second quarter of 2019.</s>
    <s id="46">The one positive economic note in all three countries is the continued growth of private-sector credit.</s>
  </p>
  <p id="16">
    <s id="47">Given the growing risk of stagnation, governments may soon have little choice but to provide further macroeconomic stimulus.</s>
    <s id="48">For this to be effective, policymakers will need to coordinate fiscal and monetary measures and undertake them in tandem with broader structural reforms aimed at improving long-term growth prospects.</s>
    <s id="49">But with many governments seemingly lacking the political will to take such an approach, monetary policy will likely continue to shoulder the heavy and increasingly unsustainable burden of supporting growth.</s>
  </p>
  <p id="17">
    <s id="50">Persistent reliance on ultra-low or negative policy interest rates leaves financial systems ever more vulnerable and has little positive impact on growth.</s>
    <s id="51">And this unfavorable trade-off will continue unless governments make a broader commitment to structural reforms and prudent fiscal stimulus.</s>
    <s id="52">Should policymakers fail to do so, synchronized economic stagnation will continue – and could give way to much worse outcomes.</s>
  </p>
</document>
