<?xml version="1.0" encoding="utf-8"?>
<document>
  <HEADLINE>
    <s id="1">In Search of Growth Strategies</s>
  </HEADLINE>
  <p id="1">
    <s id="2">MILAN – In 2008, the Commission on Growth and Development, which I had the privilege of chairing, produced a report updating our knowledge about sustainable growth patterns.</s>
    <s id="3">Then, as now, one thing is clear: the policies that underpin multi-decade periods of high growth, structural transformation, rising employment and incomes, and dramatic reductions in poverty are mutually reinforcing.</s>
    <s id="4">The impact of each is amplified by the others.</s>
    <s id="5">They are ingredients in recipes that work – and, as with recipes, missing items can substantially undermine the outcome.</s>
  </p>
  <p id="2">
    <s id="6">To understand the weak, deteriorating, and fragile growth patterns seen today in many countries and in the global economy as a whole, one should compare what is actually happening with what reasonably comprehensive growth strategies might look like.</s>
    <s id="7">Of course, there are many policies that sustain high growth, and to some extent they are country-specific.</s>
    <s id="8">But a few key ingredients are common to all known successful cases.</s>
  </p>
  <p id="3">
    <s id="9">The first is high levels of public and private investment.</s>
    <s id="10">In successful developing countries, investment is at or above 30% of GDP.</s>
    <s id="11">The public-sector component (infrastructure, human capital, and the economy’s knowledge and technology base) is in the 5-7% range.</s>
    <s id="12">And the public- and private-sector investments are complementary: The former raises the rate of return to the latter, and hence its level.</s>
  </p>
  <p id="4">
    <s id="13">Private domestic and foreign investment is influenced by a host of other factors that affect risks and returns.</s>
    <s id="14">These include the skills of the workforce, the security of property rights and related legal institutions, ease of doing business (for example, the process and time required for starting a business), and the absence of rigidities in its product and factor markets (those for labor, capital, and raw materials).</s>
  </p>
  <p id="5">
    <s id="15">Above all, the investment climate is positively influenced by stability – both competent and alert macroeconomic management and political effectiveness and continuity.</s>
    <s id="16">Conversely, uncertainty about growth, or the commitment to a reasonably coherent reform agenda, will produce adverse impacts on investment.</s>
  </p>
  <p id="6">
    <s id="17">A second common ingredient of sustainable growth strategies is that financing these relatively high levels of investment comes from domestic savings.</s>
    <s id="18">Substantial reliance on external savings (as reflected in persistent high current-account deficits) seems to end badly – in debt crises and major growth setbacks.</s>
  </p>
  <p id="7">
    <s id="19">Openness to the global economy with respect to trade and investment is critical as well.</s>
    <s id="20">Foreign direct investment, for example, is a key channel for transmitting and adapting the accumulated stock of global technology and knowhow.</s>
    <s id="21">And export competitiveness is raised as investment pours into the construction of links in global supply chains.</s>
  </p>
  <p id="8">
    <s id="22">The capital account is a more complicated story.</s>
    <s id="23">Generally, successful developing economies have managed it to prevent excessive volatility, including volatility resulting from external shocks or imbalances and from excessive reliance on external financing.</s>
    <s id="24">In addition, most successful countries manage the exchange rate to keep it in line with productivity growth, using a combination of capital controls, monetary policy, and reserve accumulation or decumulation.</s>
    <s id="25">Both over- and undervalued currencies have different adverse effects, though persistent overvaluation is more problematic for stability and growth.</s>
  </p>
  <p id="9">
    <s id="26">Finally, inclusiveness is also a key component of successful development strategies.</s>
    <s id="27">Growth patterns that systematically exclude subgroups founder on the loss of political and social cohesion and, ultimately, on the loss of support for the strategy.</s>
    <s id="28">By contrast, income inequality that is not too extreme, and that does not arise from corruption or privileged access to markets, is understood and accepted.</s>
    <s id="29">The provision of high-quality basic services like education and health care is viewed as crucial for equality of opportunity and intergenerational mobility.</s>
  </p>
  <p id="10">
    <s id="30">Against that backdrop, one can assess current growth patterns in the global economy and its various parts.</s>
  </p>
  <p id="11">
    <s id="31">For starters, public-sector investment is broadly below levels needed to restore and sustain growth, partly owing to fiscal constraints in overly indebted countries.</s>
    <s id="32">Absent defaults, the normal way to reduce sovereign-debt overhangs is with nominal growth.</s>
    <s id="33">But growth-oriented policies have been absent, beyond whatever monetary policy can contribute, and inflation is broadly below targets.</s>
    <s id="34">And large pools of savings in sovereign wealth funds, pension funds, and insurance companies have not yet been successfully deployed at scale on the public-sector side, presumably because of blockages in the intermediation channels related to risk and incentives.</s>
  </p>
  <p id="12">
    <s id="35">Private-sector investment (in tangible and intangible assets) is also below growth-sustaining levels (though there are contrary trends in some high-growth technology sectors).</s>
    <s id="36">Contributing factors include a shortage of aggregate demand, high levels of uncertainty about policies and regulatory agendas, and growing doubts about key drivers of global growth like China.</s>
    <s id="37">In addition, depending on the economy in question, stalled tax reform and policy-induced structural rigidities in product and factor markets are having adverse effects.</s>
  </p>
  <p id="13">
    <s id="38">With respect to inclusiveness, much useful recent analysis focuses on technology-driven shifts in economic structure and labor markets on the demand side, and globalization, which has left education and skills mismatches on the slower-moving supply side.</s>
    <s id="39">Job polarization and rising patterns of income inequality are in part the result of these forces, with adverse effects on final demand and, more important, on the resources that individuals and families have to invest in their own human capital.</s>
  </p>
  <p id="14">
    <s id="40">In short, a reasonably comprehensive strategy for restoring country-level and global growth would include measures to elevate and remove obstacles to public and private investment, thereby contributing to aggregate demand.</s>
    <s id="41">It would also include a variety of reforms to strengthen private investment incentives.</s>
    <s id="42">And it would include an inclusiveness agenda directed at structural disequilibrium in labor markets and potentially destructive income inequality.</s>
    <s id="43">Thus far, with few exceptions, such comprehensive growth strategies have been missing.</s>
  </p>
  <p id="15">
    <s id="44">If those strategies were not just implemented, but also synchronized across major economies, each would be amplified through positive international spillovers via trade – a clear role for the G-20.</s>
    <s id="45">In the absence of such an approach, one can foresee an extended period of low and fragile growth, at best, with downside risks stemming from increased leverage in a prolonged low-interest-rate and deflationary environment.</s>
    <s id="46">A worse outcome – and all too plausible – is further deterioration in the political and social cohesion that forms the foundation for vigorous policy responses.</s>
    <s id="47">At that point, stagnation becomes a trap.</s>
  </p>
</document>
