<?xml version="1.0" encoding="utf-8"?>
<document>
  <HEADLINE>
    <s id="1">Can Global Rules Prevent National Self-Harm?</s>
  </HEADLINE>
  <p id="1">
    <s id="2">CAMBRIDGE – US President Donald Trump has used national security as a justification for his tariffs on steel imports, his threatened tariff hikes on autos, and the tariffs he recently vowed to impose on Mexican imports.</s>
    <s id="3">“If you don’t have steel, you don’t have a country,” he declared (to cite just one example).</s>
    <s id="4">While Trump’s national-security claim seems absurd on the face of it, it raises difficult questions for the word trade regime and global economic governance more broadly.</s>
  </p>
  <p id="2">
    <s id="5">Following its targeted killing of Iran's second most powerful leader, the US could well find itself with no alternative but to devote more military resources to the Middle East, a path that could lead to additional Iranian provocations.</s>
    <s id="6">And that shift would occur at a time of growing challenges to US interests elsewhere in the world.</s>
  </p>
  <p id="3">
    <s id="7">The targeted killing by the United States of one of Iran's top military leaders represents a significant symbolic defeat for the Iranian regime, but it does not augur all-out war.</s>
    <s id="8">After all, Iran and the US have already been at war for decades, and neither side has an interest in an uncontrolled military escalation now.</s>
  </p>
  <p id="4">
    <s id="9">As in previous years, Project Syndicate asked its commentators to offer their best guesses about the events and trends that will define the coming 12 months.</s>
    <s id="10">If there is one common theme in this year's selection, it is that what happens in 2020 will weigh on the present for many years to come.</s>
  </p>
  <p id="5">
    <s id="11">The critical challenge of global governance is determining the dividing line between policy domains in which nation-states are free to do as they please and those that are regulated by international agreement.</s>
    <s id="12">In a world economy that has become increasingly interdependent, pretty much everything that one country does spills over to others.</s>
  </p>
  <p id="6">
    <s id="13">But such spillovers are not by themselves a sufficient reason to constrain national autonomy.</s>
    <s id="14">Consider public education, gasoline taxes, or highway speed limits.</s>
    <s id="15">Each of these policies has consequences for trade partners.</s>
    <s id="16">Improved skills alter a country’s comparative advantage and hence others’ trading opportunities.</s>
    <s id="17">Gasoline taxes and speed limits affect demand for oil and hence prices on world markets.</s>
    <s id="18">Such policies are not regulated internationally, and doing so would be widely – and rightly – considered absurd.</s>
  </p>
  <p id="7">
    <s id="19">The canonical case for global governance is based on two classes of problems.</s>
    <s id="20">The first concerns global public goods (or bads): policies that benefit the world at large, but produce little or no benefit at home.</s>
    <s id="21">Controls on greenhouse-gas emissions is a key example.</s>
    <s id="22">The second class of problems is so-called beggar-thy-neighbor policies: actions that produce economic benefits at home only to the extent they harm others – and generate global inefficiency in the process.</s>
    <s id="23">A classic example is the cartelization of some scarce commodity to extract monopoly prices from trading partners.</s>
  </p>
  <p id="8">
    <s id="24">These cases present impeccable arguments for global economic governance.</s>
    <s id="25">But few of the issues that preoccupy policymakers these days fall neatly into one or the other category.</s>
    <s id="26">For example, subsidies, industrial policies, employment-protecting tariffs, non-tariff measures that target health or social concerns, poor financial regulations, and inappropriate (excessively austere) fiscal policies are neither global public goods/bads, nor beggar-thy-neighbor policies.</s>
  </p>
  <p id="9">
    <s id="27">Some of these policies are in fact beggar-thyself policies.</s>
    <s id="28">Others do produce domestic benefits, but because they address real market distortions or legitimate social objectives, not because they impose costs on other countries.</s>
    <s id="29">If global governance is in a muddle today, it is because many policies have become internationalized through happenstance or the operation of political lobbies, rather than with any genuine economic justification.</s>
  </p>
  <p id="10">
    <s id="30">Consider the national security argument for tariffs.</s>
    <s id="31">If Trump’s argument is baseless, as many believe, it is the US economy first and foremost that bears the costs of his misguided approach.</s>
    <s id="32">In other words, Trump’s tariffs are a beggar-thyself policy.</s>
    <s id="33">If, on the other hand, we give Trump the benefit of doubt and are willing to accept that there is a genuine national security case, then it is proper for the decision to be made domestically.</s>
  </p>
  <p id="11">
    <s id="34">It is impossible to know before countries apply such policies which situation applies.</s>
    <s id="35">Either way, delegating ultimate authority to an international body seems unwise.</s>
    <s id="36">Even when a policy, such as a national-security tariff, is misguided, democracies should be allowed, as a general rule, to make their own mistakes.</s>
    <s id="37">Empowering international bureaucracies to prevent countries from harming themselves when there is considerable ambiguity beforehand would seem inappropriate.</s>
    <s id="38">It would also set a dangerous precedent for other areas.</s>
  </p>
  <p id="12">
    <s id="39">In the case of national security, World Trade Organization principles are vague and remain largely untested in practice.</s>
    <s id="40">The relevant text seems to open the door very wide by saying “Nothing in this Agreement shall be construed… to prevent any contracting party from taking any action which it considers necessary for the protection of its essential security interests.”</s>
    <s id="41">And yet, in a recent ruling in a case not involving the United States, the WTO has adopted the position that it can review national decisions in this area and judge their appropriateness.</s>
    <s id="42">Predictably, the US has criticized this decision.</s>
  </p>
  <p id="13">
    <s id="43">Global governance enthusiasts must reckon with the fact that most policy mishaps in the world economy today – as in the case of Trump’s tariffs – occur as a result of failures at the national level, not because of a lack of international cooperation.</s>
    <s id="44">Trump’s tariffs are bad policy not because they harm certain other countries, but rather because they impose substantial costs directly on the US economy.</s>
  </p>
  <p id="14">
    <s id="45">Global arrangements cannot be relied on to prevent such domestic failures, and they are as likely to be captured by special interests as domestic political processes – with far less democratic legitimacy.</s>
    <s id="46">External constraints may in fact aggravate domestic governance failures, insofar as they empower particular distributional coalitions at the expense of the broad public.</s>
  </p>
  <p id="15">
    <s id="47">The best we can hope for is what one might call “democracy-enhancing global governance.”</s>
    <s id="48">Unlike “globalization-enhancing global governance,” democracy-enhancing global governance would leave most policy domains – those that cannot be classified as global public goods or beggar-thy-neighbor policies – to national regulation.</s>
    <s id="49">Global oversight would be restricted to procedural requirements – such as transparency, accountability, participation by relevant stakeholders, use of scientific/economic evidence – intended to strengthen domestic democratic deliberation, without prejudging the ultimate outcome.</s>
  </p>
  <p id="16">
    <s id="50">It is doubtful that such a light mode of global governance would make a difference when it comes to Trump’s trade follies.</s>
    <s id="51">But at least it would deny Trump (and other nativist politicians) any basis for the chronic complaint that the WTO and other international bodies are trampling on national sovereignty.</s>
  </p>
</document>
