<?xml version="1.0" encoding="utf-8"?>
<document>
  <HEADLINE>
    <s id="1">A Grassroots Antidote to Populism</s>
  </HEADLINE>
  <p id="1">
    <s id="2">PARIS – The political parties that once dominated Western democracies have been shaken to the core.</s>
    <s id="3">Many have suffered electoral debacles, not least in France, Italy, Greece, the United Kingdom, and elsewhere.</s>
    <s id="4">Others have changed so radically that only their name remains the same.</s>
    <s id="5">The Republican Party of US President Donald Trump has little in common with that of former President Ronald Reagan.</s>
  </p>
  <p id="2">
    <s id="6">Following its targeted killing of Iran's second most powerful leader, the US could well find itself with no alternative but to devote more military resources to the Middle East, a path that could lead to additional Iranian provocations.</s>
    <s id="7">And that shift would occur at a time of growing challenges to US interests elsewhere in the world.</s>
  </p>
  <p id="3">
    <s id="8">The targeted killing by the United States of one of Iran's top military leaders represents a significant symbolic defeat for the Iranian regime, but it does not augur all-out war.</s>
    <s id="9">After all, Iran and the US have already been at war for decades, and neither side has an interest in an uncontrolled military escalation now.</s>
  </p>
  <p id="4">
    <s id="10">As in previous years, Project Syndicate asked its commentators to offer their best guesses about the events and trends that will define the coming 12 months.</s>
    <s id="11">If there is one common theme in this year's selection, it is that what happens in 2020 will weigh on the present for many years to come.</s>
  </p>
  <p id="5">
    <s id="12">These developments are similar across the West.</s>
    <s id="13">Leaders of the once-dominant parties oscillate between denial and despair, while populists siphon off their traditional supporters.</s>
    <s id="14">Some refuse to see any legitimate reason for their defeat, dismissing their opponents’ supporters as “deplorables,” as Hillary Clinton did shortly before losing to Trump in 2016; others are too petrified by the populist surge to mount a counteroffensive.</s>
  </p>
  <p id="6">
    <s id="15">But neither denial nor complacency will break the political impasse.</s>
    <s id="16">Progressives must rebuild, and that starts with diagnosing the traditional parties’ shortcomings.</s>
    <s id="17">Part of the problem is that traditional parties failed to recognize the real issues of the age.</s>
    <s id="18">Still fighting on old ideological battlefields, they turned a blind eye to declining social mobility, mounting environmental crises, rising geographic inequality, tensions over multiculturalism, and other issues that actually matter to voters.</s>
    <s id="19">Decades ago, they were the vanguard.</s>
    <s id="20">Today, they are alone in the woods, wondering where everyone went.</s>
  </p>
  <p id="7">
    <s id="21">The social sciences may hold an answer as to why the mainstream lost its way.</s>
    <s id="22">The gap between their objective analysis of reality and government policies has become a chasm.</s>
    <s id="23">In most Western countries, for example, economists have long known about the growing divide in terms of incomes and other indicators between some affluent cities – which benefit from globalization – and the rest of the country.</s>
    <s id="24">Yet not until French President Emmanuel Macron’s administration did a national leader enact tax cuts on the basis of where one lives.</s>
    <s id="25">As a result, 1% of France’s GDP is now being redistributed first to the poorest parts of the country.</s>
  </p>
  <p id="8">
    <s id="26">Traditional parties could also learn something from listening to voters directly, rather than only through the filters of media and pollsters.</s>
    <s id="27">Back in 2016, Macron’s movement, En Marche !, started with the largest door-to-door listening tour in France’s history.</s>
    <s id="28">What voters told canvassers then became the foundation of Macron’s presidential campaign.</s>
  </p>
  <p id="9">
    <s id="29">For example, more than a year before revelations of Harvey Weinstein’s alleged sexual predations, “La Grande Marche” had gathered innumerable testimonies from women about harassment, and Macron issued a pledge to fight the problem if elected.</s>
    <s id="30">At the time, Macron’s stance made him the butt of opponents’ jokes; the laughter soon faded with the onset of the #MeToo era.</s>
  </p>
  <p id="10">
    <s id="31">Still, an accurate understanding of society is not enough.</s>
    <s id="32">Traditional parties also suffer from poor organization.</s>
    <s id="33">They have long believed that modern politics should be organized around elections, with activists showing up periodically to hand out leaflets and cheer on the candidates.</s>
    <s id="34">This was not cynicism, so much as a symptom of an approach that treats democracy as a marketplace comprising government providers and citizen consumers.</s>
    <s id="35">In this view, seizing and holding power is a party’s sole raison d’être.</s>
    <s id="36">It is little wonder that citizens and even party members feel ignored between elections.</s>
  </p>
  <p id="11">
    <s id="37">Despite these weaknesses, established parties had a number of advantages that forestalled their collapse.</s>
    <s id="38">In recent years, they have had a technological edge over less-established opponents, and they were the only political actors with organized constituencies that could mobilize people for elections, organize protests, and start petitions.</s>
  </p>
  <p id="12">
    <s id="39">But this model is no longer sustainable.</s>
    <s id="40">Citizens nowadays refuse to be mere consumers of public policies.</s>
    <s id="41">With rising levels of education have come new demands for empowerment.</s>
    <s id="42">Voters want to be treated as political actors in their own right, not as pawns in someone else’s game.</s>
  </p>
  <p id="13">
    <s id="43">Moreover, governments themselves are no longer the sole providers of policies.</s>
    <s id="44">This is one of the hard lessons we learned during two years working alongside Macron at the Élysée Palace.</s>
    <s id="45">The leading policy challenges today – climate change, religious extremism, digital disruption, gender equality – do not admit of solutions only by national governments.</s>
    <s id="46">Such challenges demand deep cultural changes, and, in most cases, action at the sub- and supra-national levels.</s>
  </p>
  <p id="14">
    <s id="47">Finally, technology has lowered entry barriers to political participation, such that traditional parties can no longer count on an incumbent advantage and entrenched support networks.</s>
    <s id="48">When you have mastered Google, Twitter, and Facebook, you don’t need a century-old party machine.</s>
  </p>
  <p id="15">
    <s id="49">Political movements must be rebuilt accordingly.</s>
    <s id="50">The focus should be on specific actions, not just elections.</s>
    <s id="51">A party’s formal management structure should serve as the administrative “back office”; the front office should be staffed by the people on the ground.</s>
    <s id="52">At La République En Marche !, we refer to these as local citizen projects.</s>
    <s id="53">They can include anything from after-class reading courses and migrant integration programs to cooperative vegetable gardens and digital training sessions for senior citizens.</s>
    <s id="54">In each case, the point is to offer solutions tailored to local problems, thereby strengthening communities.</s>
    <s id="55">Such projects should now be regarded as essential complements to public policies.</s>
  </p>
  <p id="16">
    <s id="56">In the future, a party’s ability to offer rewarding avenues for political and community engagement will be essential to its attractiveness.</s>
    <s id="57">And by demonstrating progressivism in action on a daily basis, parties will have already laid the groundwork for success when election day arrives.</s>
  </p>
  <p id="17">
    <s id="58">When voters refuse to hear what you have to say, shouting louder is not the answer.</s>
    <s id="59">This is the hard lesson traditional parties learned.</s>
    <s id="60">Only by demonstrating a commitment to improving lives, rather than simply winning elections, can you convince people to come to your side.</s>
    <s id="61">Reconnecting with voters’ concerns thus goes hand-in-hand with adapting party organizations.</s>
    <s id="62">For a winning alternative to populism, we need grassroots progressivism.</s>
  </p>
</document>
