<?xml version="1.0" encoding="utf-8"?>
<document>
  <HEADLINE>
    <s id="1">Are Guns the Next Target for Conscientious Investors?</s>
  </HEADLINE>
  <p id="1">
    <s id="2">LONDON – On the morning of September 11, 2001, standing in a conference room in France full of institutional investors from around the world – representing pension, sovereign-wealth, and corporate funds – I spoke about the emergence of an important, but not yet fully recognized, new trend: investing with a conscience.</s>
    <s id="3">The audience scoffed, to put it mildly.</s>
    <s id="4">Investing was all about returns.</s>
  </p>
  <p id="2">
    <s id="5">That afternoon, airplanes struck the World Trade Center, and everything changed.</s>
    <s id="6">In the days that followed, as the full magnitude of the horror set in, the same people who were skeptical came back to talk to me about investing with a sense of direction and purpose, and in ways that would contribute to something bigger than the bottom line.</s>
    <s id="7">The investment community had begun to transform its thinking.</s>
  </p>
  <p id="3">
    <s id="8">In that conference room, I described how investors had opposed apartheid by divesting from South African companies, with state pension funds and others including provisions in their guidelines prohibiting further such investment.</s>
    <s id="9">Those provisions were withdrawn only in 1993, after Nelson Mandela urged foreign investors to return.</s>
  </p>
  <p id="4">
    <s id="10">Many organizations, I pointed out, were frustrated by advisers who insisted that to increase their endowments, they had to separate their conscience from the need to achieve strong returns.</s>
    <s id="11">Charities struggled to find ways to invest their money without inadvertently contributing to the very problems they were trying to solve.</s>
    <s id="12">Investment committees of anti-smoking charities didn’t want to put their money into tobacco companies.</s>
  </p>
  <p id="5">
    <s id="13">The shift in the investment climate was a long time coming, even before September 11, 2001, became 9/11.</s>
    <s id="14">There was a new sense of acceptance, urgency, and pace.</s>
  </p>
  <p id="6">
    <s id="15">The mass shooting at a high school in Parkland, Florida, could prove to be a similar inflection point for gun control, with companies and investors taking up the issue of gun safety and culpability.</s>
    <s id="16">Now, US gun manufacturers are starting to feel the impact of the ethos of investing with conscience.</s>
  </p>
  <p id="7">
    <s id="17">Of course, the gun-control debate in the US is a long and bitter one, shaped by seemingly intractable disagreements over identity as much as policy.</s>
    <s id="18">Yet the latest mass shooting – in which a 19-year-old opened fire at his former high school with an AR-15 semi-automatic assault-style rifle, killing 17 and wounding 17 more – may serve as yet another tragic but momentous turning point for investors and companies.</s>
  </p>
  <p id="8">
    <s id="19">The National Rifle Association undoubtedly remains a potent political force in the US.</s>
    <s id="20">With its large political donations and ability to mobilize its membership, the NRA continues to dictate the actions of lawmakers, who inevitably offer only thoughts, prayers, and excuses after every massacre.</s>
    <s id="21">Many now even advocate putting guns in the classroom, forcing teachers to act as armed police officers.</s>
  </p>
  <p id="9">
    <s id="22">But the reality of mass shootings in the US – together with the teenage Parkland survivors’ powerful pleas for common-sense gun regulation – seems to have sunk in for many businesses.</s>
    <s id="23">One of America’s largest sporting goods retailers, Dick’s Sporting Goods, announced that it will stop selling guns to anyone under 21, and stop selling assault-style weapons altogether.</s>
  </p>
  <p id="10">
    <s id="24">Consumer-facing companies, including hotels (Best Western and Wyndham), car-rental companies (Hertz and Enterprise), Delta Airlines, and the insurance firm Chubb cut their affiliations with the NRA – a move that carries real risks.</s>
    <s id="25">Georgia’s Lieutenant Governor Casey Cagle tweeted that he would “kill any tax legislation” that would benefit Delta, unless the company reinstates its relationship with the NRA.</s>
    <s id="26">Delta stood by its decision, and Georgia’s lawmakers approved a bill that stripped out a tax break proposal that would have saved the company $50 million.</s>
  </p>
  <p id="11">
    <s id="27">Investors are now looking at their portfolios to see where they, too, can do to help drive progress.</s>
    <s id="28">This has happened before.</s>
    <s id="29">After the 2012 shooting at Sandy Hook Elementary School in Newtown, Connecticut – when a 20-year-old man killed 20 first-graders and six adults – CalSTRS, the California State Teachers’ Retirement System pension fund, divested from gun maker Remington Outdoor.</s>
  </p>
  <p id="12">
    <s id="30">But the Parkland shooting seems to have had an even bigger impact.</s>
    <s id="31">Blackrock, a $6.3 trillion fund manager, has now established a new approach to gun manufacturers, with investors receiving clear and transparent information about whether they are investing in such companies.</s>
    <s id="32">Others are following suit, discussing divestment from gun manufacturers with investment committees.</s>
  </p>
  <p id="13">
    <s id="33">Such actions are part of the larger trend of bringing about important change.</s>
    <s id="34">Today, large-scale investors, like sovereign-wealth and pension funds, are forcing companies to look more closely at their environmental impact, governance, and pay structures.</s>
    <s id="35">If companies continue to do harm, those investors will take their money elsewhere.</s>
  </p>
  <p id="14">
    <s id="36">Norway’s $1 trillion sovereign wealth fund, for example, has strict policies against owning stakes in companies that make nuclear weapons and cluster munitions, or that are involved in production of coal or tobacco goods.</s>
    <s id="37">US companies, as well as state and municipal governments, have announced plans to meet the commitments made as part of the 2015 Paris climate agreement, despite President Donald Trump’s decision to withdraw the United States from the accord.</s>
    <s id="38">And it was demands by sponsors that compelled world soccer’s governing body, FIFA, to re-examine its governance and structure.</s>
  </p>
  <p id="15">
    <s id="39">Much has changed since I stood on that stage in 2001 talking about the future of investing and divesting.</s>
    <s id="40">Today, companies and investors recognize that the power they wield must be used responsibly, and that they have a significant role to play in driving change and influencing policy and action, not only for their own good, but also for the long-term security and wellbeing of people everywhere.</s>
  </p>
</document>
