<?xml version="1.0" encoding="utf-8"?>
<document>
  <HEADLINE>
    <s id="1">In Praise of Debt Ceilings</s>
  </HEADLINE>
  <p id="1">
    <s id="2">MUNICH – The wrangling about raising the US government’s borrowing limit – now thankfully over, at least for a few months – underscores the hazards posed by excessive state indebtedness.</s>
    <s id="3">Governments nowadays are essentially running gigantic redistribution machines that steer funds from taxpayers to transfer recipients and other beneficiaries of public expenditure.</s>
    <s id="4">The latter permanently ask for more, while the former zealously try to defend their purse.</s>
  </p>
  <p id="2">
    <s id="5">In the end, the solution to this “redistribution battle” tends more often than not to be found in more government borrowing.</s>
    <s id="6">For today’s democracies, the fact that those who will eventually have to pay the taxes to service the resulting debt cannot yet vote makes borrowing the most expedient way out of a messy political battle.</s>
  </p>
  <p id="3">
    <s id="7">The lure of borrowing becomes irresistible if it can be assumed that the burden might be shifted to population groups other than those benefiting today from low taxation or higher public spending.</s>
    <s id="8">That is, for example, the case with childless people: they benefit from public borrowing and manage to shift to other families’ descendants the part of the debt service that will fall due when they are no longer around.</s>
  </p>
  <p id="4">
    <s id="9">Only insofar as parents, taking into account the interests of their children and grandchildren, participate in the political process can the borrowing addiction be kept in check.</s>
    <s id="10">If this is what motivates the Republicans’ hardline stance in the ongoing US redistribution battle, then theirs is a worthy cause – that of attempting to protect their descendants from being exploited.</s>
    <s id="11">From this perspective, the Republican sentiment underlying the recent debt-ceiling impasse might be just as commendable as, for example, the prohibition enshrined in the German Constitution against debt financing of any sort, which will take effect no later than 2016 at the federal level and in 2020 for Germany’s länder.</s>
  </p>
  <p id="5">
    <s id="12">Another example is debt mutualization among countries, such as that being carried out now in the European Union.</s>
    <s id="13">First, individual countries borrow far above any sensible level, knowing that they will be saved from insolvency by rescue operations financed by the other member countries.</s>
    <s id="14">The rescue initially takes the form of intergovernmental loans, so that the fiction can be preserved that each country pays back its own debts.</s>
    <s id="15">But, as soon as the loans are dished out, mutualization shows its real face, taking the form of debt forgiveness.</s>
  </p>
  <p id="6">
    <s id="16">In the case of Ireland, €40 billion ($54 billion) in Emergency Liquidity Assistance loans from the European Central Bank were converted into long-term bonds at below-market interest rates after the collapse of the bank established to consolidate the failed Anglo Irish Bank’s non-performing loans.</s>
    <s id="17">About a year ago, the maturity of the intergovernmental loans given to Greece was extended to around 30 years on average, at highly preferential interest rates; indeed, interest was waived for a full ten years.</s>
    <s id="18">That move represented debt forgiveness, in present-value terms, of €47 billion.</s>
  </p>
  <p id="7">
    <s id="19">And that is not the end of it.</s>
    <s id="20">There is talk now of another maturity extension and a further lowering of interest rates for Greece.</s>
  </p>
  <p id="8">
    <s id="21">In all of these cases, the debt burden is, for all practical purposes, being shifted onto other countries.</s>
    <s id="22">As a result, eurozone countries’ appetite for borrowing remains unbridled, while at the same time the sanction mechanisms included in the European Union’s “fiscal compact” are quietly set aside.</s>
    <s id="23">Instead of shouldering the burden of reducing expenditures or raising taxes, countries opt for borrowing, because they know that they can unload part of the burden onto others.</s>
  </p>
  <p id="9">
    <s id="24">Jointly guaranteed Eurobonds are already waiting in the wings to be used as instruments of debt mutualization.</s>
    <s id="25">If a country proves unable to service such bonds, the other member countries will have no option but to pick up the tab.</s>
  </p>
  <p id="10">
    <s id="26">During the United States’ early decades, debt mutualization triggered an irresistible urge to borrow.</s>
    <s id="27">After Alexander Hamilton, the country’s first treasury secretary, mutualized the states’ Revolutionary War debts in 1791 by turning them into federal debt, the states went on a borrowing binge to finance infrastructure projects.</s>
    <s id="28">Canals were dug at huge cost – only to become obsolete not long after railroads started to operate.</s>
  </p>
  <p id="11">
    <s id="29">The economic boom that borrowing ushered in turned out to be nothing more than a credit bubble that eventually burst (with the financial panic of 1837).</s>
    <s id="30">By the early 1840’s, eight of the 26 US states then in existence (along with the territory of Florida) had gone bankrupt as a result, while several others teetered on the brink.</s>
  </p>
  <p id="12">
    <s id="31">But further mutualization was no longer an option.</s>
    <s id="32">In the end, mutualization led to nothing but strife and growing animosity.</s>
    <s id="33">The festering debt question poisoned the atmosphere in the US for years afterwards and contributed to sectional tensions that were already inflamed by the dispute between the North and the South over slavery.</s>
  </p>
  <p id="13">
    <s id="34">So, let us be grateful for strict debt ceilings, for they can help to nip disaster in the bud – even if bumping up against them can leave politicians slightly bruised.</s>
  </p>
</document>
