<?xml version="1.0" encoding="utf-8"?>
<document>
  <HEADLINE>
    <s id="1">History versus Europe</s>
  </HEADLINE>
  <p id="1">
    <s id="2">PRINCETON – History matters, but in different ways.</s>
    <s id="3">In some places and for some people, history means eternal clashes that are shaped by profound geopolitical forces: four centuries ago is the same as yesterday.</s>
    <s id="4">Elsewhere and for other people, history suggests a need to find ways to escape from ancient predicaments and outdated prejudices.</s>
    <s id="5">It is this cleavage that defines the intellectual battle now taking place in and around Europe.</s>
  </p>
  <p id="2">
    <s id="6">With this year’s centennial of the outbreak of World War I, dozens of new analyses of “the war to end all wars” have rolled off the presses.</s>
    <s id="7">And it is tempting to see contemporary parallels in imperial Europe’s complacency, particularly its firm belief that the world was so interconnected and prosperous that any reversal was unthinkable.</s>
    <s id="8">Today, despite the supposed civilizing effects of global supply chains, tinderboxes like Syria or the South China Sea could blow up the world – just as the Bosnian conflict did in 1914.</s>
  </p>
  <p id="3">
    <s id="9">Reflecting on the legacy of the Great War has also been an occasion for reviving the era’s mentalities.</s>
    <s id="10">In the United Kingdom, Education Secretary Michael Gove recently issued a polemic against historians who emphasized the futility of the war, calling it a “just war” directed against the “ruthless social Darwinism of the German elites.”</s>
    <s id="11">This looks like a thinly veiled allusion to the power struggles of contemporary Europe.</s>
  </p>
  <p id="4">
    <s id="12">But 1914 is not the only possible or attractive point of comparison in interpreting Britain’s past.</s>
    <s id="13">Next year is the bicentennial of the Battle of Waterloo and the final defeat of Napoleon.</s>
    <s id="14">The right-wing British politician Enoch Powell used to claim that the European Common Market was the revenge that the Germans and the French imposed for the defeats that Britain inflicted on them.</s>
  </p>
  <p id="5">
    <s id="15">The celebrations and commemorations will be full of symbolism related to contemporary disputes.</s>
    <s id="16">Already, British Prime Minister David Cameron has had to shift a summit meeting with French President François Hollande from the proposed site, Blenheim Palace, because French diplomats realized that it had been built to celebrate John Churchill, the Duke of Marlborough, who crushed Louis XIV’s forces in 1704, near the small Bavarian town that gave the palace its name.</s>
  </p>
  <p id="6">
    <s id="17">The year 1704 is packed with meaning.</s>
    <s id="18">The victory over France laid the foundation for the 1707 Act of Union between England and Scotland.</s>
    <s id="19">That union is the subject of a vital referendum that will be held this year in Scotland.</s>
  </p>
  <p id="7">
    <s id="20">Evocative historical dates are being used or abused in a similar way on the other edge of the European continent, to conjure up images of enemies that resonate in contemporary political debates.</s>
    <s id="21">A few years ago, a Russian film simply entitled 1612 evoked the Time of Troubles, when weak leadership caused Russia to be invaded and subverted by insidious Polish aristocrats and capitalists.</s>
    <s id="22">The film’s director, Vladimir Khotinenko, said that it was important that his audience “didn’t regard it as something that happened in ancient history but as a recent event… that they felt the link between what happened 400 years ago and today.”</s>
  </p>
  <p id="8">
    <s id="23">As Russia struggles to bring Ukraine back into its orbit, another ancient date looms large: 1709, when Czar Peter the Great crushed the Swedish and Cossack armies at the Battle of Poltava.</s>
    <s id="24">That battle was also the subject of a recent Russian film, The Sovereign’s Servant.</s>
    <s id="25">Russian television commentators describe the countries most engaged in supporting a European-oriented Ukraine – Sweden, along with Poland and Lithuania, which had been brought into the Swedish orbit – as seeking revenge for Poltava.</s>
  </p>
  <p id="9">
    <s id="26">Europe’s western and eastern fringes obsess about dates that recall their struggles with the core: 1914, 1815, 1709, 1707, 1704, and 1612, among others.</s>
    <s id="27">By contrast, the European core is obsessed with transcending history, with working out institutional mechanisms for overcoming the conflicts that scarred Europe in the first half of the twentieth century.</s>
    <s id="28">The European integration project is a sort of liberation from the pressures and constraints of the past.</s>
  </p>
  <p id="10">
    <s id="29">After World War II, Charles de Gaulle evolved a complicated metaphysics to explain his country’s relationship with its problematic past.</s>
    <s id="30">Every European country had been betrayed.</s>
    <s id="31">“France suffered more than others because it was more betrayed than the others.</s>
    <s id="32">That is why it is France that must make the gesture of pardon....It is only I who can reconcile France and Germany, because only I can raise Germany from its decadence.”</s>
  </p>
  <p id="11">
    <s id="33">Winston Churchill (a direct descendant of the Duke of Marlborough) had a similar postwar vision for overcoming past divisions and nationalistic quarrels.</s>
    <s id="34">“[T]his noble continent…is the fountain of Christian faith and Christian ethics,” he claimed.</s>
    <s id="35">“If Europe were once united in the sharing of its common inheritance, there would be no limit to the happiness, to the prosperity and glory which its three or four hundred million people would enjoy.”</s>
  </p>
  <p id="12">
    <s id="36">Is the European center currently too naive, or too idealistic?</s>
    <s id="37">Is it really possible to escape from history?</s>
    <s id="38">Or, on the contrary, is there something odd in the way that the European fringes obsessively resort to historical milestones?</s>
    <s id="39">In Britain and Russia, this obsession appears to be not just a way to assert national interests, but also a mechanism for appealing to a population disenchanted with the contemporary realities of decline from the imperial past.</s>
  </p>
  <p id="13">
    <s id="40">De Gaulle and Churchill knew plenty about war, and they wanted to transcend the blood-soaked legacy of Poltava, Blenheim, and Waterloo.</s>
    <s id="41">They viewed history as offering concrete lessons about the necessity of escaping from the past.</s>
    <s id="42">Today, Europe’s fringes, by contrast, appear determined to escape into it.</s>
  </p>
</document>
