<?xml version="1.0" encoding="utf-8"?>
<document>
  <HEADLINE>
    <s id="1">Health Care’s Voyage</s>
  </HEADLINE>
  <p id="1">
    <s id="2">One of the most important efforts in health care research over the next decade will be to integrate advances in biology, material sciences, and chemical and bioengineering to create a revolutionary new generation of medical devices and drug delivery systems.</s>
    <s id="3">Indeed, the main challenge facing researchers in these diverse fields may not be a lack of scientific progress, but rather a shortage of adequate interdisciplinary training.</s>
  </p>
  <p id="2">
    <s id="4">A key area for research will involve tissue engineering, which generally involves combining the cells of mammals (including stem cells) with polymer-materials to create new tissues or organs.</s>
    <s id="5">It is now estimated that nearly half a nation‘s health care costs can be attributed to tissue loss or organ failure.</s>
    <s id="6">The ability to create new livers, spinal cords, hearts, kidneys, and many other tissues or organ-based systems could radically decrease hospitalization time, relieve suffering, and prolong life.</s>
  </p>
  <p id="3">
    <s id="7">The challenges here are, of course, huge.</s>
    <s id="8">In particular, an appropriate source must be found for producing a large enough supply of differentiated cells quickly enough.</s>
    <s id="9">Stem cells represent a potentially important potential source, but problems in controlling their differentiation and growth must first be overcome, as must rejection by the human immune system.</s>
  </p>
  <p id="4">
    <s id="10">Another path to be pursued involves the development of micro-electrical mechanical systems (MEMS) that can be used in drug delivery.</s>
    <s id="11">These microdevices would be made of silicon or other materials that can be loaded with drugs (or sensors) and covered with caps made of gold or other substances.</s>
    <s id="12">An electrical signal to the implant would dissolve the gold cover to release the drug.</s>
  </p>
  <p id="5">
    <s id="13">Such systems have the potential to deliver new kinds of drugs in complex regimens which might be useful for cancer chemotherapy, for example.</s>
    <s id="14">They could also provide new means of localized drug delivery that might be useful in several areas, including delivery of multiple drugs.</s>
    <s id="15">Finally, such systems might also create new opportunities for bio-sensing devices that could be placed on a computer chip.</s>
  </p>
  <p id="6">
    <s id="16">New kinds of biomaterials for medical devices are also on the horizon.</s>
    <s id="17">Currently, most biomaterials are off-the-shelf materials that were originally used in consumer applications.</s>
    <s id="18">For example, the material in the artificial heart was originally used to make girdles for women.</s>
    <s id="19">Some breast implant materials were originally used in mattress stuffing.</s>
  </p>
  <p id="7">
    <s id="20">A potentially important area here is the development of materials that have a “shape memory.”</s>
    <s id="21">For example, a surgeon might place something like a string</s>
  </p>
  <p id="8">
    <s id="22">through a small endoscopic hole; in the presence of an appropriate stimulus (for example, temperature or light), it would then convert itself into an appropriately shaped medical device such as a stent, or a sheet to prevent adhesion.</s>
    <s id="23">Another potential use for such materials might be self-tying sutures that could be employed in minimally invasive surgery.</s>
  </p>
  <p id="9">
    <s id="24">New materials will also be necessary to overcome one of the main obstacles to successful gene therapy: the absence of appropriate delivery systems.</s>
    <s id="25">While viruses are a highly efficient means, they pose safety risks.</s>
    <s id="26">Likewise, the non-invasive delivery of complex molecules such as peptides or proteins remains a major challenge.</s>
    <s id="27">Currently such molecules are given by injection.</s>
    <s id="28">But if scientists can develop better delivery systems or synthetic agents that are safer, cheaper, and easier to manufacture, enormous opportunities will be created for complex drugs that could be given without injections.</s>
  </p>
  <p id="10">
    <s id="29">New advances in engineering medicine may help in targeting drugs at specific cells, particularly cancer cells, which has been extremely difficult to do for several reasons.</s>
    <s id="30">One challenge is to design micro or nano particles that can travel throughout the bloodstream without being absorbed by other cells along the way.</s>
    <s id="31">If that can be accomplished, “magic bullets” to fight cancer, heart disease, and other disorders might someday be possible.</s>
  </p>
  <p id="11">
    <s id="32">All of these looming changes will likely have an enormous impact on drug development and diagnostics.</s>
  </p>
  <p id="12">
    <s id="33">However, developing and exploiting the full array of potential new disease-fighting weapons will require outstanding scientists and engineers, including those with interdisciplinary training.</s>
  </p>
</document>
