<?xml version="1.0" encoding="utf-8"?>
<document>
  <HEADLINE>
    <s id="1">The False Promise of Helicopter Money</s>
  </HEADLINE>
  <p id="1">
    <s id="2">LONDON – One of the most prominent questions concerning the global economy today is whether monetary policy is approaching the limit of its effectiveness.</s>
    <s id="3">Inflation remains well below target in the eurozone and Japan, despite aggressive quantitative easing (QE) and negative policy interest rates, and both the euro and yen have appreciated against the US dollar since the start of the year.</s>
  </p>
  <p id="2">
    <s id="4">The problem with the debate is that it has focused solely on the effectiveness of policies, without considering the need for prudence.</s>
    <s id="5">The credibility and independence of monetary authorities are essential to the effectiveness of their policies.</s>
    <s id="6">And yet some of the proposals being fielded call for central banks to stray further into uncharted territory, expanding and extending their deviation from careful balance-sheet management.</s>
    <s id="7">This could inflict reputational damage that may be difficult to rectify, with real financial and economic consequences.</s>
  </p>
  <p id="3">
    <s id="8">The direct impact of unconventional monetary policy is apparent and largely as expected (with the exception of the recent appreciation of the euro and yen).</s>
    <s id="9">Liquidity in banking systems is ample, and borrowing costs have declined, even turning negative for some governments.</s>
  </p>
  <p id="4">
    <s id="10">But the expected second-order effects – increased economic activity and inflation – have not materialized.</s>
    <s id="11">As a result, despite the fact that headline inflation is being dragged down by low commodity prices, a near-consensus has emerged that additional easing is required.</s>
  </p>
  <p id="5">
    <s id="12">Monetary policy is not the only option for further easing, but it is the most likely.</s>
    <s id="13">Structural reforms to support growth typically have long gestation periods, and the economic dislocations that accompany them reduce their political appeal.</s>
    <s id="14">Further fiscal easing is at least partly constrained by record-high levels of government debt, which will take many years to bring down.</s>
  </p>
  <p id="6">
    <s id="15">When it comes to monetary policy, however, the options are similarly limited.</s>
    <s id="16">Even monetary policymakers acknowledge that QE is subject to diminishing returns, while adverse effects on the banking system limit the scope for setting policy rates too deeply negative.</s>
  </p>
  <p id="7">
    <s id="17">As a result, an old idea, first proposed by Milton Friedman in 1969, is making a comeback: “helicopter money.”</s>
    <s id="18">Advocates envisage central banks creating money and distributing it directly to those who would spend it, resulting in immediate increases in demand and inflation.</s>
  </p>
  <p id="8">
    <s id="19">Because households might choose to save some of the money, contemporary suggestions center on helicopter money being transferred to governments, to invest in infrastructure projects or other demand-enhancing initiatives.</s>
    <s id="20">Variations call for central banks to buy perpetual government bonds that pay no interest or to convert existing bond holdings into something similar.</s>
  </p>
  <p id="9">
    <s id="21">Such proposals are troubling for many reasons.</s>
    <s id="22">The direct funding by central banks of fiscal deficits or purchases of government debt would result in the monetization of fiscal policy.</s>
    <s id="23">Monetization unambiguously weakens central banks’ balance sheets by adding assets that carry no real value (claims on government that will never be repaid), offset by liabilities (newly created money) generated to acquire them.</s>
  </p>
  <p id="10">
    <s id="24">Advocates of helicopter money rely on two claims.</s>
    <s id="25">Some believe that policy can be calibrated to stop short of inflicting meaningful harm, usually because the resulting improvement in economic conditions will obviate the need for continued stimulus.</s>
    <s id="26">For others, central banks’ balance sheets are not a constraint, because the exclusive ability to create additional unlimited and cost-free liabilities guarantees long-term profitability.</s>
  </p>
  <p id="11">
    <s id="27">There are problems with both claims.</s>
    <s id="28">Relying on a calibrated approach counts on stimulus being withdrawn before any evidence of concern over the central bank’s finances appears.</s>
    <s id="29">But there is no certainty that monetized fiscal spending will spark an economic recovery.</s>
  </p>
  <p id="12">
    <s id="30">Nor can it be known beforehand that expansionary fiscal policy would be curtailed if economic prospects do not improve.</s>
    <s id="31">In fact, in the absence of negative public or market commentary on central-bank finances, the fiscal authorities may be tempted to expand their use of cost-free funding in what looks from their perspective very much like the proverbial “free lunch.”</s>
  </p>
  <p id="13">
    <s id="32">There are also serious reasons to doubt the claim that seigniorage – the profit to central banks from having zero-cost liabilities (and at least some income-generating assets) – would guarantee profitability in the long term.</s>
    <s id="33">Never in the post-gold standard era has there been greater focus on the limits of monetary policy.</s>
    <s id="34">This focus could easily turn to the health of central banks’ balance sheets if they continue to expand.</s>
    <s id="35">The concept of seigniorage is poorly understood outside a relatively small community; it should not be used as the first line of defense.</s>
  </p>
  <p id="14">
    <s id="36">None of this comes as news to central banks, which attach the utmost importance to their reputation for having robust finances, carefully managing risk, and ensuring the soundness of money.</s>
    <s id="37">Indeed, the financial prudence that underpins policy credibility and confidence in central banks is ultimately what makes seigniorage possible.</s>
    <s id="38">Only institutions that are perceived as financially viable can expect their liabilities to be held by others as assets; central banks are no exception.</s>
  </p>
  <p id="15">
    <s id="39">At stake is the value of money.</s>
    <s id="40">Helicopter money would transfer risk from governments’ balance sheets to those of central banks, blurring the lines between policies, institutions, and their relative autonomy.</s>
    <s id="41">Its appeal lies in being able to exploit the unique financial structures of central banks.</s>
    <s id="42">But there are limits beyond which confidence in the financial integrity of central banks – and consequently the soundness of money – will be undermined.</s>
  </p>
  <p id="16">
    <s id="43">Those limits are of course impossible to identify in advance.</s>
    <s id="44">But at a time of heightened sensitivity to the implementation and effectiveness of monetary policy, it would be a mistake to embark on a path that jeopardizes central banks’ very viability.</s>
  </p>
</document>
