<?xml version="1.0" encoding="utf-8"?>
<document>
  <HEADLINE>
    <s id="1">Three Encounters with Hillary</s>
  </HEADLINE>
  <p id="1">
    <s id="2">PARIS – It is Boston, July 2004.</s>
    <s id="3">The setting is a downtown restaurant to which the editor Tina Brown has invited Hillary Clinton and a handful of notables, including Caroline Kennedy, filmmaker Michael Moore, and former Senator George McGovern.</s>
    <s id="4">What is immediately striking is Clinton’s youthful appearance, bright laugh, and blue eyes that appear a little too round when she gazes at us with curiosity.</s>
  </p>
  <p id="2">
    <s id="5">Sometimes her expression is briefly clouded by a streak of stifled pain, obstinate and not wholly contained.</s>
    <s id="6">Five years earlier, she was the most humiliated wife in America, a woman whose private life was thrown open – fully and relentlessly – to public scrutiny.</s>
    <s id="7">So she can talk national and international politics until she is blue in the face.</s>
    <s id="8">She can sing the praises of John Kerry, whom her party has just nominated in an effort to deny George W. Bush a second term.</s>
    <s id="9">And she can expound on her role as the junior senator from New York.</s>
    <s id="10">Still, there persists an idea that I cannot push out of my head, and that I enter into the travel journal that I am writing for The Atlantic.</s>
  </p>
  <p id="3">
    <s id="11">The idea is this: to avenge her husband and to take revenge on him, to wash away the stain on the family and show what an unblemished Clinton administration might look like, this woman will sooner or later be a candidate for the presidency of the United States.</s>
    <s id="12">This idea brings to mind Philip Roth’s The Human Stain, published a year after the Senate acquitted her husband of perjury and obstruction-of-justice charges, with its searing portrait of how indelible even an undeserved blot on one’s reputation can be.</s>
    <s id="13">She will strive to enter the Oval Office – the theater of her inner, outer, and planetary misery – on her own terms.</s>
    <s id="14">And the most likely outcome, my article will conclude, is that she will succeed.</s>
  </p>
  <p id="4">
    <s id="15">Fast forward to Paris in May 2011.</s>
    <s id="16">The senator from New York has become President Barack Obama’s secretary of state.</s>
    <s id="17">Her aura dominated the just-concluded G-8 summit hosted by France.</s>
    <s id="18">It is ten in the evening, and I am waiting at the elevators in the lobby of the Hotel Westin with Mahmoud Jibril, one of the leaders of the Libyan insurrection.</s>
    <s id="19">Jibril has made a special trip to plead on behalf of the civilians whom Colonel Muammar Qaddafi and his sons have promised to drown in rivers of blood.</s>
  </p>
  <p id="5">
    <s id="20">“I thought you were in Libya!” she exclaims when she sees me.</s>
    <s id="21">“I’ve just returned,” I respond, gesturing toward Jibril.</s>
    <s id="22">“Really, hidden in a vegetable truck with him?”</s>
    <s id="23">That triggers one of those great bursts of laughter that, as I noticed in Boston, raise her high cheekbones still higher.</s>
    <s id="24">Then, suddenly serious, and accompanied by a man whom I notice for the first time and who turns out to be J. Christopher Stevens, the young US ambassador to Libya who will be murdered a little more than a year later, she leads Jibril to her suite for an interview.</s>
  </p>
  <p id="6">
    <s id="25">When, after nearly an hour, Jibril reemerges, he is convinced that the conversation went badly.</s>
    <s id="26">He grumbles that Clinton hardly opened her mouth, which he interprets to mean that his plea was not well received.</s>
    <s id="27">In fact, Clinton was deeply moved by Jibril’s testimony, riveted by the horror of the regime’s tanks grinding toward Benghazi at that very moment.</s>
    <s id="28">In the hours that follow, she convinces Obama not to bow to his anti-interventionist secretary of defense, Robert Gates.</s>
  </p>
  <p id="7">
    <s id="29">She displays emotion and composure, I note.</s>
    <s id="30">Her humanity and compassion are coupled with an acute sense of the iron discipline required for effective governance.</s>
    <s id="31">These are the reflexes of an impeccable stateswoman.</s>
  </p>
  <p id="8">
    <s id="32">By February 2012, the war in Libya is over, and I am wrapping up my documentary film about the conflict.</s>
    <s id="33">I am in Washington, DC, in a wood-paneled conference room on the seventh floor of the Department of State’s headquarters, to gather Clinton’s recollections, as I had already done with French President Nicolas Sarkozy and British Prime Minister David Cameron.</s>
    <s id="34">This is the moment for conclusions and perspective, the always-fascinating moment when the actors in the drama, who have sometimes operated in secret, turn up their last cards.</s>
  </p>
  <p id="9">
    <s id="35">Clinton lends herself graciously to the exercise.</s>
    <s id="36">She evokes her interview with Jibril, a conversation at the White House or the Elysée Palace.</s>
    <s id="37">She remembers everything and regrets nothing.</s>
    <s id="38">She feels that, in acting as she did, she was faithful to her most cherished values and beliefs.</s>
    <s id="39">And she has no doubt that the West, in responding to the Arab League’s entreaty to intervene, avoided a replay of Srebrenica in North Africa.</s>
  </p>
  <p id="10">
    <s id="40">What strikes me the most is that she sees, even then, the beginnings of the tribal conflicts and the coming contest among Islamists to outdo one another in fundamentalist purity.</s>
    <s id="41">She worries about the early violations of human rights, particularly women’s rights, which she fears will multiply.</s>
    <s id="42">She has no illusions that history turns out the way reason tells you it should.</s>
    <s id="43">Time is needed, she says, to build a state and construct a democracy – time and a mixture of pragmatism and faith, of patience and audacity, of respect for others and regard for oneself.</s>
  </p>
  <p id="11">
    <s id="44">Was this concern about “nation building” a warning?</s>
    <s id="45">Was it her ideological contribution to an administration that, though she did not know it at the time, would continue without her?</s>
    <s id="46">Was she laying down the broad strokes and ambition of her own presidency?</s>
  </p>
  <p id="12">
    <s id="47">One thing is certain: Of my three encounters with Hillary Clinton, this third was the one where I found her the strongest and most passionate, thoroughly imbued with the meaning and pitch of the great American pastoral.</s>
    <s id="48">If we meet again, I will not be surprised if I am addressing her as Madam President.</s>
  </p>
</document>
