<?xml version="1.0" encoding="utf-8"?>
<document>
  <HEADLINE>
    <s id="1">A Eurasian Solution for Europe’s Crises</s>
  </HEADLINE>
  <p id="1">
    <s id="2">MOSCOW – More than 18 months after former President Viktor Yanukovych was driven from power (and into exile), the crisis in Ukraine is at a stalemate.</s>
    <s id="3">Crimea has been reabsorbed by Russia (in what many consider an annexation); much of eastern Ukraine is held by pro-Russia rebels; and relations between the West and Russia are more tense than at any time since the early days of the Cold War.</s>
  </p>
  <p id="2">
    <s id="4">But can anyone claim an advantage?</s>
    <s id="5">Those who wanted to see Ukraine anchored in the West, or imagined that sanctions on Russia would incite regime change in the Kremlin, by palace coup or popular uprising, have seen their hopes dashed: President Vladimir Putin’s popularity is as high as ever.</s>
    <s id="6">In Russia, those who predicted the immediate collapse of Ukraine and the establishment in its eastern and southern provinces of a pro-Russian “Novorossia” have been similarly disappointed.</s>
  </p>
  <p id="3">
    <s id="7">The tragedy is that the price of these illusions has been extraordinarily high in human terms – the ceasefire-defying death toll in eastern Ukraine has risen to more than 6,000 since April 2014 – and dangerously high in geostrategic terms as well.</s>
    <s id="8">It looks like both sides are ready to fight “to the last Ukrainian.”</s>
  </p>
  <p id="4">
    <s id="9">As I have long argued, Russia was never likely to yield.</s>
    <s id="10">After being pushed to the wall by more than two decades of Western expansion – be it European Union or NATO enlargement – into a part of Europe that it considers vital to its national security, Russians believe that they have the moral high ground in defending their interests.</s>
  </p>
  <p id="5">
    <s id="11">The danger now, with both sides trading accusations in an atmosphere of mutual distrust, is that the current stalemate will lead to a much deeper crisis between Russia and the West.</s>
    <s id="12">Both sides need to find a solution; yet, despite emerging victorious from the Cold War, the West seems not only to have lost the peace, but is on the verge of re-dividing Europe.</s>
    <s id="13">And this is occurring at a time when the entire continent, including Russia and many other Eurasian states, is facing the threat of Islamic extremism.</s>
  </p>
  <p id="6">
    <s id="14">It is also happening at a time when both parts of Europe are in search of a new geopolitical, or even spiritual, identity.</s>
    <s id="15">While the EU wrestles with problems of migration and integration, Russia is drifting away from a Eurocentric cultural and economic course toward a Eurasian alternative.</s>
    <s id="16">And the United States – at least under President Barack Obama – has retreated into a kind of semi-isolation, leaving behind troubling zones of instability and unresolved crises.</s>
  </p>
  <p id="7">
    <s id="17">So what will happen next?</s>
    <s id="18">With both Western and Eastern Europe beset by political conflict and economic stagnation, the five centuries of European global dominance are drawing to an end.</s>
    <s id="19">The reality now, following the end of the bipolar supremacy of the US and the Soviet Union and a brief “unipolar” phase following the Soviet Union’s collapse, is that we are now in a “multipolar” world.</s>
  </p>
  <p id="8">
    <s id="20">This, too, may prove temporary as two new geopolitical macro-blocs gain strength in the twenty-first century.</s>
    <s id="21">One centers on the US and its ambition to conclude the Trans-Pacific Partnership (TPP) and the Transatlantic Trade and Investment Partnership (TTIP).</s>
  </p>
  <p id="9">
    <s id="22">The second macro-bloc is “Greater Eurasia,” featuring China, Russia, Kazakhstan, Iran, and possibly India.</s>
    <s id="23">Strong foundations for this project were established with the May 2015 agreement between Russia and China to coordinate the Russian-led Eurasian Economic Union (EEU) with President Xi Jinping’s “Silk Road” initiative, which aims to bind Central Asia’s economies and those farther to the west closer to China’s.</s>
  </p>
  <p id="10">
    <s id="24">The question is whether this Greater Eurasia can help Europe find a way through its current security impasse.</s>
    <s id="25">Some in Europe will doubtless prefer to strengthen the Organization for Security and Cooperation in Europe – but the truth is that the OSCE, burdened by its Cold War history and its failure to secure the post-Cold War peace, is too tarnished to play a decisive role.</s>
  </p>
  <p id="11">
    <s id="26">An alternative might be a dialogue between the EU and the EEU, but that would be tricky as the EEU pursues a closer relationship with China and its Silk Road allies.</s>
    <s id="27">A better approach would be to invite – sooner rather than later – China and Eurasian states to create over time a common economic space from Shanghai to Lisbon.</s>
    <s id="28">There is obvious potential for the EU to engage constructively with the Shanghai Cooperation Organization (created in 2001 by China, Russia, Kazakhstan, Kyrgyzstan, Tajikistan, and Uzbekistan, with India and Pakistan set to join next year).</s>
    <s id="29">The failure of the old framework demands an effort to create a new one, beginning with a dialogue on Eurasian development cooperation and security that involves China and both Eurasian and European countries.</s>
  </p>
  <p id="12">
    <s id="30">None of this will render the OSCE or NATO redundant, and that should be no one’s goal.</s>
    <s id="31">What matters in resolving today’s conflicts, be they active or supposedly “frozen,” is to build a broader framework of cooperation and dialogue between the EU and what I term Greater Eurasia.</s>
  </p>
  <p id="13">
    <s id="32">The remaining question in such a scenario concerns the role of the US.</s>
    <s id="33">Does it really want to remain in semi-isolation, hoping to be called back to center stage at some unlikely “unipolar moment” in the future?</s>
    <s id="34">Let us hope for an America ready to act as a responsible player in a fairer world.</s>
  </p>
</document>
