<?xml version="1.0" encoding="utf-8"?>
<document>
  <HEADLINE>
    <s id="1">How Do Start-Ups Succeed?</s>
  </HEADLINE>
  <p id="1">
    <s id="2">NEW YORK – The most popular stories often seem to end at the beginning. “…and so Juan and Alice got married.”</s>
    <s id="3">Did they actually live happily ever after?</s>
    <s id="4">“He was elected President.”</s>
    <s id="5">But how did the country do under his rule?</s>
    <s id="6">“The entrepreneur got her startup funding.”</s>
    <s id="7">But did the company succeed?</s>
  </p>
  <p id="2">
    <s id="8">Let’s consider that last one.</s>
    <s id="9">Specifically, what happens to entrepreneurs once they get their money?</s>
    <s id="10">Everywhere I go – and I have been in Moscow, Libreville (Gabon), and Dublin in the last few weeks – smart people ask how to get companies through the next phase of growth.</s>
    <s id="11">How can we scale entrepreneurship to the point that it has a measurable and meaningful impact on the economy?</s>
  </p>
  <p id="3">
    <s id="12">The real impact of both Microsoft and Google is not on their shareholders, or even on the people that they employ directly, but on the millions of people whom they have made more productive.</s>
    <s id="13">That argues for companies that solve real problems, rather than for yet another photo-sharing app for rich, appealing (to advertisers) people with time on their hands.</s>
  </p>
  <p id="4">
    <s id="14">It turns out that money is rarely enough – not just that there is not enough of it, but that entrepreneurs need something else.</s>
    <s id="15">They need advice, contacts, customers, and employees immersed in a culture of effectiveness to succeed.</s>
    <s id="16">But they also have to create something of real value to have meaningful economic impact in the long term.</s>
  </p>
  <p id="5">
    <s id="17">The easy, increasingly popular answer is accelerators, incubators, camps, weekends – a host of locations and events to foster the development of startups.</s>
    <s id="18">But these are just buildings and conferences unless they include people who can help with the software – contacts, customers, and culture.</s>
    <s id="19">The people in charge, from NGOs to government officials, have great ideas about structures – tax policy, official financing, etc. – while the entrepreneurs themselves are too busy running their companies to find out about these things.</s>
  </p>
  <p id="6">
    <s id="20">But this week in Dublin, I found what we need: not policies or theories, but actual living examples.</s>
    <s id="21">Not far from the fancy hotel at which I was staying, and across from Google’s modish Irish offices, sits a squat old warehouse with a new sign: Startupbootcamp.</s>
    <s id="22">You enter through a side door, into a cavern full of sawdust and cheap furniture (plus a pool table and a bar, of course).</s>
  </p>
  <p id="7">
    <s id="23">What makes this place interesting is its sponsor: venerable old IBM.</s>
    <s id="24">The mission of Startupbootcamp Europe is not to celebrate entrepreneurs, or even to educate them, but to help them scale up to meaningful businesses.</s>
    <s id="25">Their new products can use IBM’s and other mentors’ contacts with the much broader world, whether for strategic marketing alliances, the power of an IBM endorsement, or, ultimately, an acquisition.</s>
  </p>
  <p id="8">
    <s id="26">I was invited by Martin Kelly, who represents IBM’s venture arm in Ireland.</s>
    <s id="27">He introduced me to the manager of the place, Eoghan Jennings, and a bunch of seasoned executives.</s>
  </p>
  <p id="9">
    <s id="28">There was a three-time entrepreneur, Conor Hanley, co-founder of BiancaMed (recently sold to Resmed), who now has a sleep-monitoring tool and an exciting distribution deal with a large company he can’t yet mention;</s>
    <s id="29">Jim Joyce, a former sales executive for Schering Plough who is now running Point of Care, which helps clinicians to help patients to manage their own care after they leave hospital; and Johnny Walker, a radiologist whose company operates scanners in the field and interprets them through a network of radiologists worldwide.</s>
    <s id="30">Currently, Walker’s company, Global Diagnostics, is focused on pre-natal care, but give him time.</s>
  </p>
  <p id="10">
    <s id="31">These guys are not the “startups”; they are the mentors, carefully solicited by Kelly from within the tightly knit Irish business community.</s>
    <s id="32">He knew exactly what he was looking for: “In Ireland, we have people from lots of large companies.</s>
    <s id="33">Joyce, for example, can put a startup in touch with senior management from virtually any pharma company around the world.</s>
    <s id="34">Hanley knows manufacturing and tech partners.</s>
    <s id="35">Walker understands how to operate in rural conditions.”</s>
  </p>
  <p id="11">
    <s id="36">According to Jennings, a former chief financial officer of Xing, Europe’s leading social network, “We spent years trying to persuade people that they had a problem we could solve; now I am working with companies solving problems that people know they have.”</s>
    <s id="37">And that usually involves more than an Internet solution; it requires distribution channels, production facilities, market education, and the like.</s>
    <s id="38">Startupbootcamp’s next batch of startups, not coincidentally, will be in the health-care sector.</s>
  </p>
  <p id="12">
    <s id="39">Each of the mentors can help a startup to go global.</s>
    <s id="40">Precisely because the Irish market is so small, it’s a good place to find people who know how to expand globally.</s>
    <s id="41">In Ireland right now, as in so many countries, many large companies are laying off people with experience.</s>
    <s id="42">Not all of them have the makings of an entrepreneur.</s>
    <s id="43">But most of them have skills worth sharing, whether it’s how to run a sales meeting, oversee a development project, or manage a database of customers.</s>
  </p>
  <p id="13">
    <s id="44">And, adds Kelly, “IBM itself can be a huge customer for certain kinds of software or services.</s>
    <s id="45">For other companies, just the IBM endorsement can be meaningful.</s>
    <s id="46">Customers don't necessarily have time to do due diligence, but they will trust IBM's recommendation” more than they might trust that of a government-funded incubator.</s>
  </p>
  <p id="14">
    <s id="47">It may make more sense for a government that wants to build its own tech community to talk to big business than to approach big banks.</s>
    <s id="48">The best money is not so much “smart” as it is experienced.</s>
  </p>
</document>
