<?xml version="1.0" encoding="utf-8"?>
<document>
  <HEADLINE>
    <s id="1">Ideas over Interests</s>
  </HEADLINE>
  <p id="1">
    <s id="2">CAMBRIDGE – The most widely held theory of politics is also the simplest: the powerful get what they want.</s>
    <s id="3">Financial regulation is driven by the interests of banks, health policy by the interests of insurance companies, and tax policy by the interests of the rich.</s>
    <s id="4">Those who can influence government the most – through their control of resources, information, access, or sheer threat of violence – eventually get their way.</s>
  </p>
  <p id="2">
    <s id="5">It’s the same globally.</s>
    <s id="6">Foreign policy is determined, it is said, first and foremost by national interests – not affinities with other nations or concern for the global community.</s>
    <s id="7">International agreements are impossible unless they are aligned with the interests of the United States and, increasingly, other rising major powers.</s>
    <s id="8">In authoritarian regimes, policies are the direct expression of the interests of the ruler and his cronies.</s>
  </p>
  <p id="3">
    <s id="9">It is a compelling narrative, one with which we can readily explain how politics so often generates perverse outcomes.</s>
    <s id="10">Whether in democracies, dictatorships, or in the international arena, those outcomes reflect the ability of narrow, special interests to achieve results that harm the majority.</s>
  </p>
  <p id="4">
    <s id="11">Yet this explanation is far from complete, and often misleading.</s>
    <s id="12">Interests are not fixed or predetermined.</s>
    <s id="13">They are themselves shaped by ideas – beliefs about who we are, what we are trying to achieve, and how the world works.</s>
    <s id="14">Our perceptions of self-interest are always filtered through the lens of ideas.</s>
  </p>
  <p id="5">
    <s id="15">Consider a struggling firm that is trying to improve its competitive position.</s>
    <s id="16">One strategy is to lay off some workers and outsource production to cheaper locations in Asia.</s>
    <s id="17">Alternatively, the firm can invest in skills training and build a more productive workforce with greater loyalty and hence lower turnover costs.</s>
    <s id="18">It can compete on price or on quality.</s>
  </p>
  <p id="6">
    <s id="19">The mere fact that the firm’s owners are self-interested tells us little about which of these strategies will be followed.</s>
    <s id="20">What ultimately determines the firm’s choice is a whole series of subjective evaluations of the likelihood of different scenarios, alongside a calculation of their costs and benefits.</s>
  </p>
  <p id="7">
    <s id="21">Similarly, imagine that you are a despotic ruler in a poor country.</s>
    <s id="22">What is the best way to maintain your power and pre-empt domestic and foreign threats?</s>
    <s id="23">Do you build a strong, export-oriented economy?</s>
    <s id="24">Or do you turn inward and reward your military friends and other cronies, at the expense of almost everyone else?</s>
    <s id="25">Authoritarian rulers in East Asia embraced the first strategy; their counterparts in the Middle East opted for the second.</s>
    <s id="26">They had different conceptions of where their interest lay.</s>
  </p>
  <p id="8">
    <s id="27">Or consider China’s role in the global economy.</s>
    <s id="28">As the People’s Republic becomes a major power, its leaders will have to decide what kind of international system they want.</s>
    <s id="29">Perhaps they will choose to build on and strengthen the existing multilateral regime, which has served them well in the past.</s>
    <s id="30">But perhaps they will prefer bilateral, ad hoc relations that allow them to extract greater advantage in their transactions with individual countries.</s>
    <s id="31">We cannot predict the shape that the world economy will take just from observing that China and its interests will loom larger.</s>
  </p>
  <p id="9">
    <s id="32">We could multiply such examples endlessly.</s>
    <s id="33">Are German Chancellor Angela Merkel’s domestic political fortunes best served by stuffing austerity down Greece’s throat, at the cost of another debt restructuring down the line, or by easing up on its conditions, which might give Greece a chance to grow out of its debt burden?</s>
    <s id="34">Are US interests at the World Bank best served by directly nominating an American, or by cooperating with other countries to select the most suitable candidate, American or not?</s>
  </p>
  <p id="10">
    <s id="35">The fact that we debate such questions passionately suggests that we all have varying conceptions of where self-interest lies.</s>
    <s id="36">Our interests are in fact hostage to our ideas.</s>
  </p>
  <p id="11">
    <s id="37">So, where do those ideas come from?</s>
    <s id="38">Policymakers, like all of us, are slaves to fashion.</s>
    <s id="39">Their perspectives on what is feasible and desirable are shaped by the zeitgeist, the “ideas in the air.”</s>
    <s id="40">This means that economists and other thought leaders can exert much influence – for good or ill.</s>
  </p>
  <p id="12">
    <s id="41">John Maynard Keynes once famously said that “even the most practical man of affairs is usually in the thrall of the ideas of some long-dead economist.”</s>
    <s id="42">He probably didn’t put it nearly strongly enough.</s>
    <s id="43">The ideas that have produced, for example, the unbridled liberalization and financial excess of the last few decades have emanated from economists who are (for the most part) very much alive.</s>
  </p>
  <p id="13">
    <s id="44">In the aftermath of the financial crisis, it became fashionable for economists to decry the power of big banks.</s>
    <s id="45">It is because politicians are in the pockets of financial interests, they said, that the regulatory environment allowed those interests to reap huge rewards at great social expense.</s>
    <s id="46">But this argument conveniently overlooks the legitimizing role played by economists themselves.</s>
    <s id="47">It was economists and their ideas that made it respectable for policymakers and regulators to believe that what is good for Wall Street is good for Main Street.</s>
  </p>
  <p id="14">
    <s id="48">Economists love theories that place organized special interests at the root of all political evil.</s>
    <s id="49">In the real world, they cannot wriggle so easily out of responsibility for the bad ideas that they have so often spawned.</s>
    <s id="50">With influence must come accountability.</s>
  </p>
</document>
