<?xml version="1.0" encoding="utf-8"?>
<document>
  <HEADLINE>
    <s id="1">India Shines On</s>
  </HEADLINE>
  <p id="1">
    <s id="2">MUMBAI – Every day, a small Japanese jet brings another 60 businessmen from Tokyo to sniff out new commercial opportunities in Mumbai and the heart of the Indian economy.</s>
    <s id="3">Naturally, there may be a touch of geopolitical calculation about this.</s>
    <s id="4">As Japan grows increasingly nervous about China’s rise, the case for increasing investment in the other Asian giant strengthens.</s>
  </p>
  <p id="2">
    <s id="5">But there is more about this than politics.</s>
    <s id="6">Japanese businessmen may be a little puzzled by the creative chaos of India; the argumentative culture can seem alien to them.</s>
    <s id="7">They know, however, a chance for making good profits in a rapidly expanding market when they see one.</s>
  </p>
  <p id="3">
    <s id="8">And they see one in India’s glorious Technicolor – the Bollywood version of Adam Smith.</s>
    <s id="9">When the Japanese company Daiichi Sankyo paid $4.6 billion for majority control of the Ranbury pharmaceutical group in 2008, they were placing a bet on continuing corporate success.</s>
    <s id="10">Given India’s growth rates, who would seriously question their decision?</s>
  </p>
  <p id="4">
    <s id="11">So the lobby of Mumbai’s Taj hotel, just across the road from the gateway built to welcome Britain’s King George V and Queen Mary on their visit to India in 1911, is once again thronged with visitors, many of whom have arrived to see if India is living up to its image as the next great power.</s>
    <s id="12">The grand old Taj deserves all the business it is getting, after being the target of a terrorist attack in 2008.</s>
    <s id="13">The bravery of the staff in trying to protect the hotel’s clients deserves the applause of every world traveler.</s>
  </p>
  <p id="5">
    <s id="14">The business leaders you meet in Mumbai, Delhi, Bangalore, Pune, and the other buzzing commercial centers of India demonstrate the challenge of building national and global brands and businesses.</s>
    <s id="15">No wonder they have started to crowd into the premier league table of the world’s rich.</s>
    <s id="16">There is also an uninhibited self-confidence about them.</s>
    <s id="17">They take double-digit growth in their own companies for granted.</s>
    <s id="18">The task is to push sustainable growth much higher.</s>
  </p>
  <p id="6">
    <s id="19">Of course, they know much better than any visitor the many problems India still must tackle – social, environmental and economic, with many accompanying issues in the security domain.</s>
    <s id="20">If you want a novelist’s view of this world in Mumbai, read Vikram Chandra’s Sacred Games, one of the best and most exciting novels written anywhere in the last few years.</s>
  </p>
  <p id="7">
    <s id="21">What is interesting is that Indian businesspeople no longer dwell on what India’s government needs to do.</s>
    <s id="22">They do not expect much from the state and are not surprised when it fails to deliver.</s>
    <s id="23">A government initiative is something that they seem to regard as an oxymoron.</s>
  </p>
  <p id="8">
    <s id="24">This does not mean that they criticize the macro-management of the Indian economy very much.</s>
    <s id="25">They support the almost two decades of reform that have stripped away much of the “license raj.”</s>
    <s id="26">They recognize that India has the most economically literate leadership in the world.</s>
    <s id="27">They expect reforms to continue, albeit at a rather gentler pace.</s>
  </p>
  <p id="9">
    <s id="28">They note the infrastructure improvements – airports, for example – while sighing over what remains to be done and drawing invidious comparisons with China.</s>
    <s id="29">But there is no impatience for a bigger government role.</s>
    <s id="30">It is not that they have given up on government; they are just realistic about what it can achieve.</s>
    <s id="31">Indian society seems to have become more globalized than its government.</s>
  </p>
  <p id="10">
    <s id="32">There is a marked difference in tone here from debates in much of the Western world.</s>
    <s id="33">In many rich OECD countries, the financial crisis and recession have made government intervention popular again.</s>
    <s id="34">Governments bail out banks, rush to the aid of manufacturers, and claim primacy in averting national catastrophe and personal hardship.</s>
    <s id="35">Although increasingly strapped for cash, governments offer the solace of public subsidy.</s>
    <s id="36">Gone for the moment are jokes about government being the problem, not the solution.</s>
    <s id="37">Tax collectors used to be Public Enemy Number One; now bankers have usurped that role.</s>
  </p>
  <p id="11">
    <s id="38">In India, by contrast, even when you might think that government should be expected to deliver more, expectations are not high.</s>
    <s id="39">India needs better and much more education, as its young population grows.</s>
    <s id="40">But, with terrible figures for teacher truancy in state-run schools – as high as 25%, according to the World Bank – families increasingly turn to the private sector to educate their children.</s>
    <s id="41">Many successful businessmen are putting some of their wealth into foundations that run schools and colleges.</s>
  </p>
  <p id="12">
    <s id="42">Two big issues remain for government, in addition to keeping reform moving forward.</s>
    <s id="43">First, as India’s middle class expands, more must be done to ensure that economic growth is inclusive.</s>
    <s id="44">This is bound to involve greater redistribution if the hundreds of millions of Indians who remain extremely poor are not to become alienated from their country’s success story and pulled toward populist extremism.</s>
  </p>
  <p id="13">
    <s id="45">The second challenge is today’s violent manifestation of this alienation: the Naxalite insurrection in rural central and eastern India.</s>
    <s id="46">Interior Minister Palaniappan Chidambaram, a tough reformer, has this problem in his sights, but it cannot be solved by better policing alone.</s>
    <s id="47">Ending the insurrection will also require better government, whatever the low expectations of business leaders.</s>
    <s id="48">And, to be fair, Nitish Kumar, the chief minister of Bihar, a poor state that previously was a byword for corruption and incompetence, has shown what can be done by beginning a serious transformation of his state in just five years.</s>
  </p>
  <p id="14">
    <s id="49">If India’s other states – and the central government – can follow this example, then the polish of India will not lose its shine.</s>
  </p>
</document>
