<?xml version="1.0" encoding="utf-8"?>
<document>
  <HEADLINE>
    <s id="1">Golden Slumbers</s>
  </HEADLINE>
  <p id="1">
    <s id="2">CAMBRIDGE – In principle, holding gold is a form of insurance against war, financial Armageddon, and wholesale currency debasement.</s>
    <s id="3">And, from the onset of the global financial crisis, the price of gold has often been portrayed as a barometer of global economic insecurity.</s>
    <s id="4">So, does the collapse in gold prices – from a peak of $1,900 per ounce in August 2011 to under $1,250 at the beginning of July 2013 – represent a vote of confidence in the global economy?</s>
  </p>
  <p id="2">
    <s id="5">To say that the gold market displays all of the classic features of a bubble gone bust is to oversimplify.</s>
    <s id="6">There is no doubt that gold’s heady rise to the peak, from around $350 per ounce in July 2003, had investors drooling.</s>
    <s id="7">The price would rise today because everyone had become convinced that it would rise even further tomorrow.</s>
  </p>
  <p id="3">
    <s id="8">Doctors and dentists started selling stocks and buying gold coins.</s>
    <s id="9">Demand for gold jewelry in India and China soared.</s>
    <s id="10">Emerging-market central banks diversified out of dollars and into gold.</s>
  </p>
  <p id="4">
    <s id="11">The case for buying gold had several strong components.</s>
    <s id="12">Ten years ago, gold was selling at well below its long-term inflation-adjusted average, and the integration of three billion emerging-market citizens into the global economy could only mean a giant long-term boost to demand.</s>
  </p>
  <p id="5">
    <s id="13">That element of the story, incidentally, remains valid.</s>
    <s id="14">The global financial crisis added to gold’s allure, owing initially to fear of a second Great Depression.</s>
    <s id="15">Later, some investors feared that governments would unleash inflation to ease the burden of soaring public debt and address persistent unemployment.</s>
  </p>
  <p id="6">
    <s id="16">As central banks brought policy interest rates down to zero, no one cared that gold yields no interest.</s>
    <s id="17">So it is nonsense to say that the rise in the price of gold was all a bubble.</s>
    <s id="18">But it is also true that as the price rose, a growing number of naïve investors sought to buy in.</s>
  </p>
  <p id="7">
    <s id="19">Lately, of course, the fundamentals have reversed somewhat, and the speculative frenzy has reversed even more.</s>
    <s id="20">China’s economy continues to soften;</s>
    <s id="21">India’s growth rate is down sharply from a few years ago.</s>
    <s id="22">By contrast, despite the ill-advised fiscal sequester, the US economy appears to be healing gradually.</s>
    <s id="23">Global interest rates have risen 100 basis points since the US Federal Reserve started suggesting – quite prematurely, in my view – that it would wind down its policy of quantitative easing.</s>
  </p>
  <p id="8">
    <s id="24">With the Fed underscoring its strong anti-inflation bias, it is harder to argue that investors need gold as a hedge against high inflation.</s>
    <s id="25">And, as the doctors and dentists who were buying gold coins two years ago now unload them, it is not yet clear where the downward price spiral will stop.</s>
    <s id="26">Some are targeting the psychologically compelling $1,000 barrier.</s>
  </p>
  <p id="9">
    <s id="27">In fact, the case for or against gold has not changed all that much since 2010, when I last wrote about it.</s>
    <s id="28">In October of that year, the price of gold – the consummate faith-based speculative asset – was on the way up, having just hit $1,300.</s>
    <s id="29">But the real case for holding it, then as now, was never a speculative one.</s>
    <s id="30">Rather, gold is a hedge.</s>
    <s id="31">If you are a high-net-worth investor, or a sovereign wealth fund, it makes perfect sense to hold a small percentage of your assets in gold as a hedge against extreme events.</s>
  </p>
  <p id="10">
    <s id="32">Holding gold can also make sense for middle-class and poor households in countries – for example, China and India – that significantly limit access to other financial investments.</s>
    <s id="33">For most others, gold is just another gamble that one can make.</s>
    <s id="34">And, as with all gambles, it is not necessarily a winning one.</s>
  </p>
  <p id="11">
    <s id="35">Unless governments firmly set the price of gold, as they did before World War I, the market for it will inevitably be risky and volatile.</s>
    <s id="36">In a study published in January, the economists Claude Erb and Campbell Harvey consider several possible models of gold’s fundamental price, and find that gold is at best only loosely tethered to any of them.</s>
    <s id="37">Instead, the price of gold often seems to drift far above or far below its fundamental long-term value for extended periods.</s>
    <s id="38">(This behavior is, of course, not unlike that of many other financial assets, such as exchange rates or stock prices, though gold’s price swings may be more extreme.)</s>
  </p>
  <p id="12">
    <s id="39">Gold bugs sometimes cite isolated historical data that suggest that gold’s long-term value has remained stable over the millennia.</s>
    <s id="40">For example, Stephen Harmston’s oft-cited 1998 study points to anecdotal evidence that an ounce of gold bought 350 loaves of bread in the time of Nebuchadnezzar, king of Babylon, who died in 562 BC.</s>
    <s id="41">Ignoring the fact that bread in Babylon was probably healthier than today’s highly refined product, the price of gold today is not so different, equal to perhaps 600 loaves of bread.</s>
  </p>
  <p id="13">
    <s id="42">Of course, we do not have annual data for Babylonian gold prices.</s>
    <s id="43">We can only assume, given wars and other uncertainties, that true market prices back then, like today, were quite volatile.</s>
  </p>
  <p id="14">
    <s id="44">So the recent collapse of gold prices has not really changed the case for investing in it one way or the other.</s>
    <s id="45">Yes, prices could easily fall below $1,000; but, then again, they might rise.</s>
    <s id="46">Meanwhile, policymakers should be cautious in interpreting the plunge in gold prices as a vote of confidence in their performance.</s>
  </p>
</document>
