<?xml version="1.0" encoding="utf-8"?>
<document>
  <HEADLINE>
    <s id="1">Saying No to the Warmongers</s>
  </HEADLINE>
  <p id="1">
    <s id="2">NEW YORK – The accord struck in Vienna to rein in Iran’s nuclear activities has warmongers fulminating.</s>
    <s id="3">Citizens worldwide should support US President Barack Obama’s brave effort to outmaneuver them, taking heart from the fact that the signatories include not just the United States, but all five permanent members of the UN Security Council plus Germany.</s>
  </p>
  <p id="2">
    <s id="4">Many of the warmongers are to be found in Obama’s own government agencies.</s>
    <s id="5">Most Americans struggle to recognize or understand their country’s permanent security state, in which elected politicians seem to run the show, but the CIA and the Pentagon often take the lead – a state that inherently gravitates toward military, rather than diplomatic, solutions to foreign-policy challenges.</s>
  </p>
  <p id="3">
    <s id="6">Since 1947, when the CIA was established, the US has had a continuous semi-covert, semi-overt policy of overthrowing foreign governments.</s>
    <s id="7">In fact, the CIA was designed to avoid genuine democratic oversight and provide presidents with “plausible deniability.”</s>
    <s id="8">It has gone on to topple dozens of governments, in all regions of the world, with no accountability there or at home.</s>
  </p>
  <p id="4">
    <s id="9">I recently examined one period of CIA activity in my book To Move the World: JFK’s Quest for Peace.</s>
    <s id="10">Soon after Kennedy assumed the presidency in 1961, he was “informed” by the CIA of its plot to overthrow Fidel Castro.</s>
    <s id="11">Kennedy felt stuck: Should he sanction the planned CIA invasion of Cuba or veto it?</s>
    <s id="12">New to the gruesome game, Kennedy tried to have it both ways, by letting it proceed, but without US air cover.</s>
  </p>
  <p id="5">
    <s id="13">The CIA-led invasion, executed by a motley group of Cuban exiles at the Bay of Pigs, was a military failure and a foreign-policy disaster, one that led to the Cuban Missile Crisis the following year.</s>
    <s id="14">During the missile crisis, most senior security officials advising the president wanted to launch military action against Soviet forces, a course that could well have ended in nuclear annihilation.</s>
    <s id="15">Kennedy overruled the warmongers, and prevailed in the crisis through diplomacy.</s>
  </p>
  <p id="6">
    <s id="16">By 1963, Kennedy no longer trusted the advice of the military and the CIA.</s>
    <s id="17">Indeed, he regarded many of his putative advisers as a threat to world peace.</s>
    <s id="18">That year, he used diplomacy relentlessly and skillfully to achieve a breakthrough nuclear agreement with the Soviet Union, the Limited Test Ban Treaty.</s>
  </p>
  <p id="7">
    <s id="19">The American people strongly – and rightly – supported Kennedy over the warmongers.</s>
    <s id="20">But three months after the treaty was signed, JFK was assassinated.</s>
  </p>
  <p id="8">
    <s id="21">Viewed through the lens of history, the main job of US presidents is to be mature and wise enough to stand up to the permanent war machine.</s>
    <s id="22">Kennedy tried; his successor, Lyndon Johnson, did not, and the debacle of Vietnam ensued.</s>
    <s id="23">Jimmy Carter tried;</s>
    <s id="24">Reagan did not (his CIA helped to unleash death and mayhem in Central America throughout the 1980s).</s>
    <s id="25">Clinton mostly tried (except in the Balkans);</s>
    <s id="26">George W. Bush did not, and generated new wars and turmoil.</s>
  </p>
  <p id="9">
    <s id="27">On the whole, Obama has tried to restrain the warmongers, yet he has given in to them frequently – not only by relying on weaponized drones, but also by waging covert wars in Syria, Libya, Yemen, Somalia, and elsewhere.</s>
    <s id="28">Nor did he truly end the US wars in Iraq and Afghanistan; he replaced troops on the ground with US drones, air strikes, and “private” contractors.</s>
  </p>
  <p id="10">
    <s id="29">Iran is surely his finest moment, a historic milestone that demands full-throated approval.</s>
    <s id="30">The political difficulty of making peace with Iran is similar to that of JFK’s peacemaking with the Soviet Union in 1963.</s>
    <s id="31">Americans have been suspicious of Iran since the Islamic Revolution of 1979 and the subsequent hostage crisis, in which Iranian students held 52 Americans at the US embassy for 444 days.</s>
    <s id="32">But their suspicion also reflects jingoistic manipulation and a lack of perspective on US-Iran relations.</s>
  </p>
  <p id="11">
    <s id="33">Few Americans know that the CIA overthrew a democratic Iranian government in 1953.</s>
    <s id="34">Iranians had had the temerity to elect a progressive, secular prime minister who believed that the country’s oil belonged to its people, not to the United Kingdom or the US.</s>
    <s id="35">And few Americans recall that after the coup, the CIA installed a brutal police state under the Shah.</s>
  </p>
  <p id="12">
    <s id="36">Likewise, following the 1979 Iranian Revolution, the US armed Saddam Hussein’s Iraq to go to war with Iran, resulting in hundreds of thousands of Iranian deaths in the 1980s.</s>
    <s id="37">And US-led international sanctions, imposed from the 1990s onward, have aimed to impoverish, destabilize, and ultimately topple the Islamist regime.</s>
  </p>
  <p id="13">
    <s id="38">Today, the warmongers are trying to scuttle the Vienna accord.</s>
    <s id="39">Saudi Arabia is in a violent struggle with Iran for regional supremacy, with geopolitical competition converging with the Sunni-Shia rivalry.</s>
    <s id="40">Israel, the Middle East’s only nuclear power, wants to retain its strategic monopoly.</s>
    <s id="41">The US warmongers seem to view any Islamist state as ripe for toppling.</s>
  </p>
  <p id="14">
    <s id="42">Obama is correct that America’s true interests, and those of the world, are with peace, not continued conflict, with Iran.</s>
    <s id="43">The US is not a partisan in the Shia-Sunni struggle; if anything, the US confronts mainly Sunni terrorism, funded from Saudi Arabia, not Shia terrorism backed by Iran.</s>
    <s id="44">Obama is also right that, despite Israel’s arguments, the agreement will reduce the possibility of Iran ever becoming a nuclear state.</s>
  </p>
  <p id="15">
    <s id="45">The best way to ensure that outcome is to normalize relations with it, help its economy recover, and support its integration into the international community.</s>
    <s id="46">Iran is a great and ancient culture.</s>
    <s id="47">Its opening to the world as a place of business, tourism, the arts, and sports would be a boon to global stability and prosperity.</s>
  </p>
  <p id="16">
    <s id="48">The new treaty will verifiably prevent Iran from developing a nuclear weapon for at least a decade – and keep it bound to nuclear non-proliferation thereafter.</s>
    <s id="49">This is the time to begin a broader US-Iran rapprochement and build a new security regime in the Middle East and the world that leads toward full global nuclear disarmament.</s>
    <s id="50">To get there requires, above all, replacing war (including the CIA’s secret wars) with commerce and other forms of peaceful exchange.</s>
  </p>
</document>
