<?xml version="1.0" encoding="utf-8"?>
<document>
  <HEADLINE>
    <s id="1">Is Afghanistan Ready?</s>
  </HEADLINE>
  <p id="1">
    <s id="2">NEW DELHI – US President Barack Obama’s announcement of the start of American troop withdrawals from Afghanistan, and his administration’s increasing emphasis on reconciliation with the Taliban, have been studied attentively in one capital that has a large stake in the outcome – New Delhi.</s>
  </p>
  <p id="2">
    <s id="3">India has no troops in Afghanistan, but it has invested roughly $1.5 billion to help reconstruct the country, with projects ranging from maternity hospitals to Kabul’s electricity grid.</s>
    <s id="4">During his visit to Afghanistan in May, Indian Prime Minister Manmohan Singh announced additional assistance of $500 million, over and above India’s existing commitments.</s>
    <s id="5">This is by far India’s largest foreign-aid program, because Afghanistan – separated from India only by its hostile neighbor Pakistan – remains a country of vital strategic significance for India.</s>
  </p>
  <p id="3">
    <s id="6">So, what does the looming US withdrawal mean for India’s role in Afghanistan?</s>
    <s id="7">India has largely focused its aid efforts on building institutional capacity and developing human resources, so that Afghans can stand on their own feet before long.</s>
    <s id="8">One ongoing project is the construction of a new parliament building in Kabul, a symbol of India’s desire to see representative institutions flourish.</s>
    <s id="9">But it is no secret that India does not believe that Afghanistan is ready to dispense with the foreign forces that have been shoring up domestic peace.</s>
  </p>
  <p id="4">
    <s id="10">India is not a member of the United States-led International Security Assistance Force (ISAF), a largely NATO operation to which it was not invited to contribute, given Pakistani sensitivities about a possible Indian military presence in Afghanistan.</s>
    <s id="11">But India regards the foreign military presence as indispensable to promoting political stability and economic reconstruction.</s>
    <s id="12">Without the security provided by a serious troop presence, the kind of development projects in which India is engaged would become impossible.</s>
  </p>
  <p id="5">
    <s id="13">No one in India’s government really expects US forces to disappear overnight from Afghanistan, despite the elimination of Osama bin Laden.</s>
    <s id="14">The plan is to withdraw only 10,000 US troops by year’s end.</s>
    <s id="15">Later, when winter sets in (traditionally the season when military activity declines), America will withdraw another 5,000.</s>
    <s id="16">But Obama says that he intends to bring the 30,000 “surge” troops back home by next summer, after the Afghan snows melt and the US election season starts heating up.</s>
    <s id="17">Even if he does (a decision that surely will have to take into account realities on the ground), 68,000 US troops would remain – twice the number deployed in Afghanistan when he became President.</s>
  </p>
  <p id="6">
    <s id="18">By 2014, the US intends to reduce its operational presence to a role largely confined to supporting Afghan forces.</s>
    <s id="19">Even that does not imply full withdrawal.</s>
    <s id="20">Bases are being fortified to house US forces beyond that date.</s>
    <s id="21">Several NATO allies hope to be home by then, but a residual ISAF seems very likely.</s>
    <s id="22">After all, the rationale for the original US intervention was to prevent Afghanistan from becoming a safe haven for the next Bin Laden.</s>
    <s id="23">Indications are that the US will maintain about 20,000 troops in Afghanistan, even in the most modest scenario.</s>
  </p>
  <p id="7">
    <s id="24">Indians have every reason to be relieved.</s>
    <s id="25">An Afghanistan without ISAF will be prey to the machinations of Pakistan’s notorious Inter-Services Intelligence (ISI), which created, trained, financed, and directed the Afghan Taliban in the 1990’s.</s>
    <s id="26">This would be a proven security threat to India: the Taliban regime of the day, functioning as a wholly-owned subsidiary of the ISI, was complicit in the hijacking of an Indian airliner in 1999.</s>
    <s id="27">That incident resulted in the release (in Kandahar) of three diehard Pakistani terrorists from Indian custody, one of whom then kidnapped and killed the American reporter Daniel Pearl in 2002.</s>
  </p>
  <p id="8">
    <s id="28">As a result, America’s interest in reconciliation with the Taliban is viewed with concern in India.</s>
    <s id="29">After long rejecting this approach (on the reasonable grounds that there can be no such thing as a good terrorist), India has come around to accepting dialogue with those Taliban elements that are prepared to renounce violence.</s>
  </p>
  <p id="9">
    <s id="30">Obama speaks of dealing with Taliban members who agree to break with Al Qaeda and abide by the Afghan Constitution.</s>
    <s id="31">But India is wary of those who, under Pakistani tutelage, might pretend to be reborn constitutionalists, but seize the first opportunity after a US withdrawal to devour the regime that compromises with them.</s>
  </p>
  <p id="10">
    <s id="32">This is why India stresses the importance of improving the Afghan government’s capacity to fight and overcome terrorism.</s>
    <s id="33">Without this capacity, the government will again be vulnerable to an extremist takeover.</s>
    <s id="34">The role of Pakistan – whose over-ambitious military has made no secret of its desire to control the government in Kabul in order to gain “strategic depth” – remains of serious concern, particularly given China’s recent progress in making Pakistan its own zone of “strategic depth,” with access from the Karakoram Mountains to the Arabian Sea.</s>
  </p>
  <p id="11">
    <s id="35">India shares America’s commitment to what Obama described last December as the “long-term security and development of the Afghan people.”</s>
    <s id="36">But, for India, any process of reconciliation should be Afghan-led, inclusive, and transparent.</s>
    <s id="37">India fully supports the “red lines” affirming Afghan leadership and ownership of the negotiating process laid down by President Hamid Karzai’s government in its London and Kabul communiqués, and believes that his government should not be forced to cross them.</s>
  </p>
  <p id="12">
    <s id="38">The bottom line for India remains the Afghan people’s right to decide their own destiny.</s>
    <s id="39">It views the international community’s role as being to help Afghans accomplish that.</s>
    <s id="40">And it doesn’t believe that Afghanistan is ready for the world to give up on it yet.</s>
  </p>
</document>
