<?xml version="1.0" encoding="utf-8"?>
<document>
  <HEADLINE>
    <s id="1">Islam’s Fanatical 1%</s>
  </HEADLINE>
  <p id="1">
    <s id="2">The dominance of conservative Islam in the Middle East reflects a fundamental reality of Muslim society.</s>
    <s id="3">But this conservatism should not be mistaken for violent radicalism, as America, unfortunately, has done.</s>
    <s id="4">While conservatism may claim a majority of the “Arab street” (and the Persian street), this does not mean that violence and terrorism will inevitably rule the region.</s>
  </p>
  <p id="2">
    <s id="5">A recent study published in Damascus by the Center of Islamic Studies pointed out that conservatives make up about 80% of the population of the Middle East’s Islamic societies.</s>
    <s id="6">Reformers make up most of the other 20%.</s>
    <s id="7">Radicals can count on support from no more than 1% of the population.</s>
    <s id="8">In my view, these rough proportions have been stable throughout ten centuries of Islamic history, with slight differences.</s>
  </p>
  <p id="3">
    <s id="9">Islamic terminology has been established to describe these differences.</s>
    <s id="10">Radicals first emerged as “Khawarij,” a fanatical group dating to the first century of Islam, which used accusations of blasphemy – and violence – to suppress even small differences of opinion.</s>
    <s id="11">Today’s conservatives are known among religious scholars as “People of the Letter” – those who adhere to the letter of the Islamic texts.</s>
    <s id="12">Reformists, as they are known today, are the equivalent of “People of Intellect.”</s>
  </p>
  <p id="4">
    <s id="13">The difference between Muslim conservatives and reformists can be measured in two ways: their stance on the possibility of making personal judgments on religious matters (known in religious terms as “diligence”) and their attitude towards non-Muslims.</s>
    <s id="14">Conservatives believe that the revealed law was settled during the glorious days of Islam, and that individual interpretation should therefore be restricted.</s>
    <s id="15">As a result, they don’t look for new solutions to the problems that Muslims now face.</s>
    <s id="16">Banks and insurance companies are to be avoided, on the theory that their activities are usurious and thus prohibited.</s>
    <s id="17">Likewise, head covering for Muslim women is considered a requirement.</s>
  </p>
  <p id="5">
    <s id="18">For conservatives, Islamic law is based on the Koran and the verified sayings and doings (the Sunnah) of the Prophet Mohammad, as these are unanimously viewed by respected scholars.</s>
    <s id="19">Thus, conservatives reject democracy, because it subjects the will of God to popular opinion.</s>
    <s id="20">For them, the ultimate authority within a society is God’s revelation to the people.</s>
  </p>
  <p id="6">
    <s id="21">Reformists, on the other hand, argue that individual judgment – diligence – is permissible, and that society is empowered to make choices based on contemporary needs, regardless of the opinions of previous religious scholars.</s>
    <s id="22">Reformists also take an expansive view of religious law (Sharia), incorporating ideas of public welfare within a continually developing legislative process.</s>
  </p>
  <p id="7">
    <s id="23">Thus, for reformists, banks and insurance companies serve the welfare of society, and this takes precedence over a traditional reading of religious texts.</s>
    <s id="24">They also adopt a liberal attitude toward women’s head covering, as well as their political participation and travel, which should be determined individually.</s>
    <s id="25">Finally, reformists see no contradiction between democracy and Islamic teaching, though democracy does conflict with centuries of tradition governing how Muslims actually have been ruled.</s>
  </p>
  <p id="8">
    <s id="26">As for attitudes toward non-Muslims (or non-practicing Muslims, for that matter), conservatives believe that the coming of Islam abrogated all other religions, while reformists believe that Islam completes other religions, but does not invalidate or disprove them.</s>
    <s id="27">Conservatives draw their proofs from the texts of the Koran, while reformists argue that the Koran mentions and recognizes both the Old and New Testaments.</s>
  </p>
  <p id="9">
    <s id="28">In this manner, the reformists reject an Islamic monopoly on salvation, paradise, or the truth.</s>
    <s id="29">They believe that the ways to God and paradise are numerous.</s>
    <s id="30">Conservatives, by contrast, are unyielding on this point, believing that there is but one path to God, and that salvation comes only through following Islamic teachings.</s>
  </p>
  <p id="10">
    <s id="31">However, conservatives do not support the use of violence against non-Muslims.</s>
    <s id="32">On the contrary, the jurisprudential traditions of Islamic conservatism obligate Muslims to be just in their treatment of non-Muslims.</s>
    <s id="33">Thus, conservatives and reformists agree that the rights of others should be observed and preserved.</s>
  </p>
  <p id="11">
    <s id="34">Although radicals represent no more than 1% of the Muslim population, their influence is based on the widening effects of their violence and their total rejection of compromise.</s>
    <s id="35">The radicals totally repudiate the Other, and do not see a place for the non-Muslim either in heaven or on Earth.</s>
    <s id="36">This stance sanctions the use of violence against the Other, whether Christian, Jew, or even other Muslims who do not share their beliefs.</s>
  </p>
  <p id="12">
    <s id="37">This devotion to violence stands on two legs: radical culture and injustice.</s>
    <s id="38">When radical culture prevails, it brings people over to violence.</s>
    <s id="39">And the extremism of radical culture is fueled by the many inequities and grievances that face the peoples of the Middle East.</s>
  </p>
  <p id="13">
    <s id="40">Unfortunately, Iraq has become a breeding ground for radical Islam, owing to the brutality that the Iraqi people suffered under Saddam and now at the hands of the occupation forces.</s>
    <s id="41">But this scenario is not limited to Muslims.</s>
    <s id="42">Radicalism threatens any society where human dignity is lost and human rights mean nothing.</s>
  </p>
</document>
