<?xml version="1.0" encoding="utf-8"?>
<document>
  <HEADLINE>
    <s id="1">The Consequences of the Israel-UAE Peace</s>
  </HEADLINE>
  <p id="1">
    <s id="2">TEL AVIV – Israeli Prime Minister Binyamin Netanyahu has hailed the agreement normalizing relations between Israel and the United Arab Emirates – which the two countries will sign at a White House ceremony on September 15 – as a historic step that equals Israel’s previous peace deals with Egypt and Jordan.</s>
    <s id="3">The Israeli leader also boasted that the agreement with the UAE vindicated his “Netanyahu doctrine” of peace for peace, rather than land for peace.</s>
  </p>
  <p id="2">
    <s id="4">Project Syndicate commentators have once again shared some of their favorite books from the past year.</s>
    <s id="5">From economics, history, and long-form reporting to poetry and timely re-issues of old classics, all readers should find something of interest.</s>
  </p>
  <p id="3">
    <s id="6">But even peace with a country with which Israel does not share a border and has never fought a war required Netanyahu to give up his plans to annex large parts of the West Bank.</s>
    <s id="7">So, there was a “land for peace” aspect to the deal after all.</s>
  </p>
  <p id="4">
    <s id="8">More important, Netanyahu’s “doctrine” practically buries the concept underlying the 2002 Arab Peace Initiative: that an Israeli-Palestinian peace should be the precondition for normalization of Arab states’ relations with Israel.</s>
    <s id="9">The Arab League itself has rejected the Palestinians’ request to condemn the Israel-UAE deal, and the pact also signals the defeat of the Israeli left’s vision of Palestine as the key to peace with the Arab world.</s>
  </p>
  <p id="5">
    <s id="10">Throughout the many decades of Arab-Israeli antagonism, Arab states have betrayed the Palestinians no less than Israel has.</s>
    <s id="11">In his 1979 peace agreement with Egyptian President Anwar Sadat, Israeli Prime Minister Menachem Begin made far-reaching commitments on the Palestinian question.</s>
    <s id="12">But both leaders knew that theirs was a separate peace driven by vital strategic needs – as shown by its subsequent survival despite Israel’s ever deepening occupation and settlement of Palestinian lands.</s>
  </p>
  <p id="6">
    <s id="13">Why, then, has Mohammed bin Zayed, the UAE’s ruler, invited the rage of the betrayed Palestinians by normalizing relations with the Jewish state?</s>
    <s id="14">First, he proved to be a man with the courage to call things by their name.</s>
    <s id="15">Gulf states including the UAE and Saudi Arabia have had discreet security relations with Israel for years.</s>
    <s id="16">As a major military and technological power in the Middle East, Israel has become a necessary ally for conservative regimes shaken by the 2011 Arab Spring, the threat of Islamist radicalism, and Iran’s growing regional clout.</s>
  </p>
  <p id="7">
    <s id="17">But it is mainly the fear of a withdrawal from the region by the United States that is bringing Arab states closer to Israel.</s>
    <s id="18">They saw how US President Donald Trump refrained from any direct military response to Iran’s devastating September 2019 attack on Saudi Arabia’s oil installations.</s>
    <s id="19">Moreover, Trump didn’t even respond to Iran’s downing a few months earlier of a sophisticated US surveillance drone over the Strait of Hormuz.</s>
  </p>
  <p id="8">
    <s id="20">Enjoy unlimited access to the ideas and opinions of the world's leading thinkers, including weekly long reads, book reviews, and interviews;</s>
    <s id="21">The Year Ahead annual print magazine; the complete PS archive; and more – All for less than $9 a month.</s>
  </p>
  <p id="9">
    <s id="22">The idea that peace with Israel also means peace with America had always been a fundamental motive behind the Arabs’ decision to consider reconciliation with the Jewish state.</s>
    <s id="23">Sadat signed the 1979 peace agreement because he wanted to shift Egypt’s strategic orientation from the Soviet Union to the US.</s>
    <s id="24">The $2 billion in annual military aid that Egypt still receives from the US is a direct product of that peace.</s>
    <s id="25">And Syria, Israel’s staunchest Arab enemy, became interested in peace only after the Soviet Union collapsed.</s>
  </p>
  <p id="10">
    <s id="26">The Emiratis do not need America’s money, but they do need its continuous involvement in Middle Eastern affairs.</s>
    <s id="27">Israel is the guarantee that America will always be around, and offers the UAE a path into the US Congress, where arms deals and financial packages are approved.</s>
  </p>
  <p id="11">
    <s id="28">The Trump administration’s apparent decision to sell F-35 stealth fighter jets to the UAE has been an important objective in the Emirati peace strategy toward Israel.</s>
    <s id="29">These advanced warplanes – which only the US and Israel currently possess – will secure America’s engagement with the UAE, and add muscle to a small country that has global ambitions and many enemies.</s>
  </p>
  <p id="12">
    <s id="30">Chief among these foes are Qatar and Turkey.</s>
    <s id="31">Both countries support the Muslim Brotherhood, a UAE nemesis, which explains Turkish President Recep Tayyip Erdoğan’s virulent reaction to the normalization deal.</s>
    <s id="32">In Libya, the UAE is fighting together with Egypt and Russia in support of the Tobruk-based Libyan National Army led by Field Marshal Khalifa Haftar, while Turkey and Qatar are backing the internationally recognized government in Tripoli.</s>
    <s id="33">The UAE has also sought to check Turkey’s punitive incursions against Kurdish forces in northern Syria.</s>
  </p>
  <p id="13">
    <s id="34">Framing the Israel-UAE agreement as part of the continuous effort to contain Iran, as Netanyahu and the Trump administration are doing, is a convenient way to make the F-35 arms deal palatable to increasingly isolationist US public opinion.</s>
    <s id="35">The truth is that the UAE has been pursuing a prudent strategy vis-à-vis Iran.</s>
    <s id="36">It recently abandoned the Saudi-led coalition in the war against Iran’s Houthi proxies in Yemen, and has even disengaged from Trump’s sanctions regime against Iran.</s>
  </p>
  <p id="14">
    <s id="37">Be that as it may, Netanyahu is right to say that the Palestinians are losing their most important strategic asset: their veto power over an all-Arab peace with Israel.</s>
    <s id="38">Bahrain has already announced that it will follow in the UAE’s footsteps, and more Arab countries are likely to do so as well.</s>
    <s id="39">The region is changing, and the Arabs are accepting that Israel is a legitimate strategic player.</s>
    <s id="40">Palestine, the supposed epicenter of the region’s worries, has become a disposable cause.</s>
  </p>
  <p id="15">
    <s id="41">The Palestinians must recognize that they have brought this situation on themselves by their serial rejection of peace offers in the past.</s>
    <s id="42">How could they assume that the Arab states would forever mortgage their national interests in a changing region to fulfill Palestine’s implausible expectations?</s>
    <s id="43">Should they not now shift strategy, stop their “boycott” of the US, and engage Israel in the search for a realistic peace plan?</s>
  </p>
</document>
