<?xml version="1.0" encoding="utf-8"?>
<document>
  <HEADLINE>
    <s id="1">It's a Smaller World</s>
  </HEADLINE>
  <p id="1">
    <s id="2">Imagine looking through a powerful microscope and discovering incredibly tiny machines taking apart the stuff around them, molecule by molecule, and reassembling the molecules to make exact replicas of themselves.</s>
    <s id="3">The replicas, of course, will do the same thing.</s>
    <s id="4">After 20 generations, each machine will have become more than a million.</s>
    <s id="5">Can they be stopped, or will they take over the world?</s>
  </p>
  <p id="2">
    <s id="6">This is not some futuristic science-fiction story about technology run amok.</s>
    <s id="7">This is the world we live in today, where such machines are just about everywhere.</s>
    <s id="8">Countless millions of them inhabit the gut of every human being.</s>
    <s id="9">We call them bacteria, and they took over the world billions of years before we humans showed up.</s>
    <s id="10">We treat them with respect, or they kill us.</s>
  </p>
  <p id="3">
    <s id="11">Evolutionists aren't sure about the progenitors of bacteria, and we can't repeat nature's experiment.</s>
    <s id="12">Nature, after all, had the luxury of time, billions of years of it, whereas we mortals must demonstrate progress before our research grants run out.</s>
    <s id="13">In any case, the simplest bacteria are marvelously complex, with strands of DNA carrying complete instructions for metabolism and reproduction.</s>
  </p>
  <p id="4">
    <s id="14">Nevertheless, some biologists believe that they are on the verge of creating a microbe in the laboratory.</s>
    <s id="15">Long chains of DNA can now be manufactured to order, and scientists are identifying which genes are essential.</s>
    <s id="16">If a new microbe is created in the lab, it will be because scientists have learned how to follow nature's recipe.</s>
  </p>
  <p id="5">
    <s id="17">But what if, instead of trying to mimic nature, a new kind of life could be invented from scratch?</s>
  </p>
  <p id="6">
    <s id="18">What if this life were closer to the sort of mechanical devices humans know how to build, but on a very small scale.</s>
  </p>
  <p id="7">
    <s id="19">How small?</s>
    <s id="20">At a 1959 meeting of the American Physical Society, Richard Feynman, perhaps the most admired physicist of our time, gave a talk entitled, "There's Plenty of Room at the Bottom."</s>
    <s id="21">On the scale of atomic dimensions, Feynman pointed out, all 24 volumes of the Encyclopedia Britannica could fit on the head of a pin.</s>
    <s id="22">He challenged his colleagues to develop the capability to manipulate and control things on that scale.</s>
  </p>
  <p id="8">
    <s id="23">Thirty years later, scientists at an IBM laboratory in California arranged 35 atoms of xenon on the surface of a nickel crystal, to spell "IBM" in block letters.</s>
    <s id="24">This was accomplished with a Scanning Tunneling Microscope (STM), a device developed at an IBM laboratory in Zurich whose inventors were awarded the 1986 Nobel Prize in physics.</s>
  </p>
  <p id="9">
    <s id="25">It was hailed as the start of the nano revolution--the advent of technology on a scale a thousand times smaller than the world of microelectronics.</s>
    <s id="26">At this point, however, "revolution" might seem to be an exaggeration.</s>
    <s id="27">The IBM scientists had proven that it is possible to manipulate individual atoms, but doing so still had no practical use.</s>
  </p>
  <p id="10">
    <s id="28">Then, in 1996, Richard Smalley of Rice University was awarded a Nobel Prize in chemistry for the discovery of fullerenes, beautiful nanometer-scale carbon structures with remarkable properties and many potential applications.</s>
    <s id="29">There are still no nano-scale products on the market, but governments around the world are betting huge research budgets on the power of nanotechnology to transform the world as profoundly as the microelectronics revolution.</s>
  </p>
  <p id="11">
    <s id="30">Indeed, a 1986 book by a futurist named K. Eric Drexler, Engines of Creation: The Coming Era of Nanotechnology , argues that the way to manipulate things with atomic precision is with nano-scale machines.</s>
    <s id="31">Drexler is the Chairman of the Foresight Institute, which is dedicated to preparing the world for the nanotechnology revolution.</s>
    <s id="32">He sees a world in which incredibly tiny self-replicating robots, which he calls "assemblers," will do all the work, guiding chemical reactions by positioning reactive molecules with atomic precision.</s>
    <s id="33">Supplied with raw materials, assemblers could be programmed to build whatever we need, including more assemblers.</s>
  </p>
  <p id="12">
    <s id="34">But is there a darker side to nano?</s>
    <s id="35">As Richard Smalley asks, what's to stop self-replicating nano-robots from continuing to munch and replicate "until everything on earth becomes an undifferentiated mass of grey goo?"</s>
    <s id="36">This worries enough people, including Prince Charles in the UK, that there have been calls for banning further research into nanotechnology.</s>
    <s id="37">But to do so would be a serious mistake.</s>
  </p>
  <p id="13">
    <s id="38">In the first place, grey goo is a purely imaginary danger.</s>
    <s id="39">There are no assemblers, and nobody really knows how to build one.</s>
    <s id="40">And if there were assemblers, they would face the same limitation as the bacteria with which we started our story: they can't travel long distances without hitching a ride, and would simply run out of raw material.</s>
  </p>
  <p id="14">
    <s id="41">Moreover, assemblers aren't the only way to manipulate things on an atomic scale.</s>
    <s id="42">None of the current government-funded research is going into assemblers.</s>
    <s id="43">The scientists who invented the STM weren't trying to build assemblers, and they never heard of K. Eric Drexler.</s>
    <s id="44">They were just trying to understand basic surface physics.</s>
    <s id="45">Getting to the future, it seems, does not require the help of futurists.</s>
  </p>
</document>
