<?xml version="1.0" encoding="utf-8"?>
<document>
  <HEADLINE>
    <s id="1">Give Italy’s Government a Chance</s>
  </HEADLINE>
  <p id="1">
    <s id="2">LONDON – In Europe, hardly anyone has a good word to say about Italy’s upstart ruling coalition, which comprises the populist Five Star Movement (M5S) and the nationalist League party.</s>
    <s id="3">The only disagreement is between those who want to penalize Italy immediately for defying eurozone budget rules and those who are willing to delay punishment, or at least administer it more slowly.</s>
    <s id="4">But here’s an idea: Why not eschew punishment altogether and give Italy’s government a chance?</s>
  </p>
  <p id="2">
    <s id="5">The reason is not that the coalition is particularly likeable.</s>
    <s id="6">It isn’t.</s>
    <s id="7">M5S goes out of its way to insult and threaten critical journalists, and the League disparages immigrants and badgers local governments that show hospitality toward asylum seekers who have risked their lives crossing the Mediterranean.</s>
  </p>
  <p id="3">
    <s id="8">Still, there are good reasons to reserve judgment on the government.</s>
    <s id="9">After all, it is still very new, is domestically popular, is in a position actually to do some good, and is challenging fiscal rules that needed to be reformed anyway.</s>
  </p>
  <p id="4">
    <s id="10">Yes, the M5S/League coalition is noisy and rebarbative.</s>
    <s id="11">Under the de facto leadership of the League’s Matteo Salvini, the interior minister, it has a knack for annoying domestic and foreign critics alike on a daily basis.</s>
    <s id="12">But while it already feels as if Italy’s populists have been around forever, it is worth remembering that their government is barely six months old.</s>
  </p>
  <p id="5">
    <s id="13">No government should be judged so quickly unless its actions (not just its words) are so reckless as to endanger the country’s constitution, security, or stability.</s>
    <s id="14">The M5S/League coalition has not yet done that.</s>
    <s id="15">What it has done is propose an annual budget that entails a deficit of 2.4% of GDP in 2019 – around three times larger than the deficit proposed by the previous government, but hardly huge by international standards.</s>
  </p>
  <p id="6">
    <s id="16">As expected, the budget proposal drew fire from the European Commission, which could open its first-ever “excessive deficit procedure” against a member state.</s>
    <s id="17">But the government is chiefly proposing increased public spending and tax-cut handouts designed to deliver on its members’ campaign promises.</s>
    <s id="18">Such measures may prove wasteful or ineffective, but they do not rise to the level of being reckless.</s>
  </p>
  <p id="7">
    <s id="19">Moreover, unlike many new governments, the M5S/League coalition’s popularity has grown since it came to power.</s>
    <s id="20">Together, the two parties have more than 60% support among Italian voters.</s>
    <s id="21">That may not last, but nor can it be ignored.</s>
  </p>
  <p id="8">
    <s id="22">And while some of the coalition’s popularity is due to support for unattractive policy positions – namely, the ruling parties’ anti-immigrant stance and confrontation with the EU – it also reflects voters’ desire for a modernized welfare state.</s>
    <s id="23">A charitable interpretation of the coalition’s intent is that it is pursuing a system modeled on the successful “flexicurity” measures pioneered by Denmark.</s>
    <s id="24">(And, of course, tax cuts and pension hikes never go down badly with voters.)</s>
  </p>
  <p id="9">
    <s id="25">To be sure, the “citizenship income” proposed by M5S will be devilishly hard to implement.</s>
    <s id="26">The idea is to furnish a monthly payment of €780 ($888) to those who are actively looking for a job, and to register and guide recipients through local job centers (as in the Danish model).</s>
    <s id="27">The problem is that Italy’s local public administration is notoriously ineffective, especially in the south, where unemployment is highest.</s>
  </p>
  <p id="10">
    <s id="28">And yet, even if there is good reason to be skeptical about the plan, it is nonetheless a step in the right direction.</s>
    <s id="29">It may take a decade to test its feasibility and optimize its implementation.</s>
    <s id="30">But it is about time that an Italian government at least started the process.</s>
  </p>
  <p id="11">
    <s id="31">The government’s budget as a whole should be viewed in the same spirit.</s>
    <s id="32">Independent economists are surely right that it will not deliver the growth boost that the coalition has promised.</s>
    <s id="33">Though the budget would provide a broad sprinkling of cash, it does not amount to a well-focused stimulus effort.</s>
  </p>
  <p id="12">
    <s id="34">But, rather than risk a full-scale crisis by blocking Italy’s 2019 budget, the European Commission would do better to push for more focused structural reforms in 2020, after the coalition parties have met their campaign promises.</s>
    <s id="35">Whereas higher interest rates on Italian government debt and a confrontation with the EU could lead to recession and even disaster – if it prompts threats of an “Italexit” from the euro – a more accommodating approach could forestall the worst.</s>
  </p>
  <p id="13">
    <s id="36">Among Italy’s main economic weaknesses are its historically low levels of public investment and its creaking infrastructure, as evidenced by the tragic collapse of the Morandi Bridge in Genoa this August.</s>
    <s id="37">Unfortunately, the coalition is currently divided over infrastructure spending.</s>
    <s id="38">While the League has been pressing for more high-speed trains and new roads, some in M5S remain in thrall to an anti-capitalist, anti-development ideology.</s>
    <s id="39">This impasse needs to be broken, either within the coalition or through a new general election in 2019 if necessary.</s>
  </p>
  <p id="14">
    <s id="40">In the meantime, the remaining 18 eurozone member states should consider whether the 2012 “fiscal compact” that they forged in the thick of the euro sovereign-debt crisis needs to be updated.</s>
    <s id="41">Mario Monti, Italy’s prime minister at the time, has long pressed for capital investment to be treated differently than current expenditure, so that countries like Italy can still pursue desperately needed infrastructure spending.</s>
  </p>
  <p id="15">
    <s id="42">Monti’s advice should be followed.</s>
    <s id="43">And while eurozone governments are debating the issue, they would do well to cut Italy’s government some slack.</s>
    <s id="44">Another former Italian prime minister, Romano Prodi, once dubbed the EU’s Stability and Growth Pact “stupid.”</s>
    <s id="45">To force a confrontation with the eurozone’s most populist – and popular – government in the name of outdated, overly rigid rules would be stupid indeed.</s>
  </p>
</document>
