<?xml version="1.0" encoding="utf-8"?>
<document>
  <HEADLINE>
    <s id="1">The Two Mexicos</s>
  </HEADLINE>
  <p id="1">
    <s id="2">MEXICO CITY – Mexico is making headlines of late.</s>
    <s id="3">For a change, they are mostly positive.</s>
    <s id="4">January marked the 20th anniversary of the North American Free Trade Agreement, the treaty that created a single market with the United States and Canada, and helped to propel Mexico into the top ranks of manufacturing exporters.</s>
    <s id="5">The reform agenda of President Enrique Peña Nieto has received global attention.</s>
    <s id="6">And, in recent months, global leaders in auto and food manufacturing have announced multi-billion-dollar investments in new facilities.</s>
  </p>
  <p id="2">
    <s id="7">Indeed, in a world that has grown nervous about emerging economies, Mexico stands out as an island of opportunity, with a stable fiscal position and the prospect of rising demand for its goods as the US recovery gathers momentum.</s>
    <s id="8">Yet there is another side to the Mexico story.</s>
    <s id="9">For all of its successes under NAFTA and other market-opening devices, the country has recorded relatively slow GDP growth.</s>
    <s id="10">For the past 20 years, annual GDP growth in Mexico has averaged about 2.7%, which is low by emerging-economy standards and not enough to raise living standards substantially across a growing population.</s>
  </p>
  <p id="3">
    <s id="11">The main factor behind Mexico’s anemic growth is chronically weak productivity increases.</s>
    <s id="12">If Mexico cannot find ways to spur higher productivity soon, it could be headed to 2% growth, rather than the 3.5% that is widely expected.</s>
    <s id="13">That is because population aging and a falling birth rate will slow the flow of new workers into the labor force, the source of more than two-thirds of GDP growth in recent decades.</s>
  </p>
  <p id="4">
    <s id="14">The solution to the productivity problem is easy to state but difficult to accomplish: the country must bridge the widening gap between the “two Mexicos” – the agile, dynamic, post-NAFTA modern economy (the “Aztec tiger”)and the traditional economy of slow-growing, unproductive traditional businesses.</s>
    <s id="15">These two Mexicos are pulling in opposite directions, which explains why three decades of reforms to open markets, privatize industries, embrace free trade, and welcome foreign investment have failed to raise growth rates.</s>
    <s id="16">This is the central finding of our recent research.</s>
  </p>
  <p id="5">
    <s id="17">Modern, highly productive, and globally competitive Mexico has flourished under NAFTA and other rounds of market liberalization.</s>
    <s id="18">Today, Mexican multinationals such as FEMSA, Grupo Alfa, Grupo Bimbo, Grupo Lala, Mabe, and Walmex have become leaders in some of the most competitive markets in the world.</s>
  </p>
  <p id="6">
    <s id="19">But policy changes have barely touched the other Mexico, where traditional enterprises operate in the same old ways and are experiencing falling labor productivity.</s>
    <s id="20">While the largest modern companies have been ratcheting up productivity by 5.8% annually, productivity at traditional Mexican enterprises – tiny stores, bakeries, low-skill manufacturers – has been declining by 6.5%.</s>
    <s id="21">Worse, employment is growing faster in the traditional economy, in effect shifting labor from high-productivity to low-productivity work – the opposite of what any economy wants.</s>
  </p>
  <p id="7">
    <s id="22">The question looming over Mexico today is whether Peña Nieto’s reform agenda can fuel economic growth in both Mexicos.</s>
    <s id="23">Two broad priorities need to be addressed:</s>
  </p>
  <p id="8">
    <s id="24">· Mexico must work to transform the traditional sector from a low-productivity, low-wage trap for workers into a dynamic source of growth, innovation, and employment.</s>
    <s id="25">The share of workers employed by medium-size Mexican companies – a potential engine of job growth – dropped from 41% in 1999 to 38% in 2009.</s>
  </p>
  <p id="9">
    <s id="26">· Mexico needs to create a level playing field on which all companies can blossom; today regulatory preferences, tax policies, and other structural obstacles limit the growth of the modern sector and perpetuate the traditional and informal sector.</s>
  </p>
  <p id="10">
    <s id="27">Of course, no magic wand can turn small business owners with limited capital and skills into entrepreneurs.</s>
    <s id="28">But conditions encouraging more small companies to join the formal, modern economy can be created.</s>
  </p>
  <p id="11">
    <s id="29">For starters, incentives that reward companies for remaining small, inefficient, and informal should be removed.</s>
    <s id="30">To take one example, small business owners subscribe to electric service as individual consumers and can even qualify for subsidies of up to 80%.</s>
    <s id="31">Likewise, traditional markets and street stalls pay no sales taxes.</s>
    <s id="32">Despite recent labor-market reforms, limitations on layoffs and temporary workers continue to encourage even large companies to hire full-time workers through third-party agencies (and thereby avoid burdensome restrictions).</s>
  </p>
  <p id="12">
    <s id="33">Access to capital is another barrier.</s>
    <s id="34">Mexico lags far behind its emerging-market peers in outstanding bank loans.</s>
    <s id="35">We estimate that Mexico’s annual credit gap – the difference between what companies would be expected to borrow and what is actually loaned – is $60 billion a year.</s>
    <s id="36">Three-quarters of that gap is under-lending to small and medium-size enterprises, which in other economies create new products and services and deliver the most employment growth.</s>
  </p>
  <p id="13">
    <s id="37">To achieve the second goal – making Mexico a place where modern companies thrive – Mexico needs not only to remove obstacles such as restrictive zoning, which limit the growth of modern stores; it also must improve the overall business environment and ensure that contracts can be enforced.</s>
    <s id="38">Despite Mexico’s energy riches, for example, the cost of electricity for commercial customers is 73% higher than for US businesses.</s>
  </p>
  <p id="14">
    <s id="39">Moreover, Mexico would need to invest $71 billion annually to bring infrastructure to the level needed to support 3.5% growth.</s>
    <s id="40">Mexico also needs to continue to raise educational attainment to prepare the labor force for modern-sector employment.</s>
  </p>
  <p id="15">
    <s id="41">The private sector has a critical role to play in bridging the two Mexicos.</s>
    <s id="42">Even in auto manufacturing, where top global competitors are maximizing plant productivity, 80% of companies are small, traditional shops, with fewer than ten employees.</s>
    <s id="43">These subcontractors provide low-cost labor to global parts makers and assemblers and have one-tenth the productivity of producers in the top 10%.</s>
  </p>
  <p id="16">
    <s id="44">Some global companies are already working with their small suppliers, providing technical know-how and even access to capital for new equipment and technology.</s>
    <s id="45">Mexico needs more of this kind of development.</s>
    <s id="46">Most important, Mexico needs to become a place where those who do not play by the rules are penalized and where law-abiding companies grow and prosper – and inspire others to emulate their success.</s>
  </p>
</document>
