<?xml version="1.0" encoding="utf-8"?>
<document>
  <HEADLINE>
    <s id="1">Japan’s Slow-Motion Crisis</s>
  </HEADLINE>
  <p id="1">
    <s id="2">TOKYO – If you listen to American, European, or even Chinese leaders, Japan is the economic future no one wants.</s>
    <s id="3">In selling massive stimulus packages and bank bailouts, Western leaders told their people, “We must do this or we will end up like Japan, mired in recession and deflation for a decade or more.”</s>
  </p>
  <p id="2">
    <s id="4">Chinese leaders love pointing to Japan as the prime reason not to allow any significant appreciation of their conspicuously undervalued currency.</s>
    <s id="5">“Western leaders forced Japan to let its currency rise in the second half of the 1980’s, and look at the disaster that followed.”</s>
  </p>
  <p id="3">
    <s id="6">Yes, nobody wants to be Japan, the fallen angel that went from one of the fastest growing economies in the world for more than three decades to one that has slowed to a crawl for the past 18 years.</s>
    <s id="7">No one wants to live with the trauma of the deflation (falling prices) that Japan has repeatedly experienced.</s>
    <s id="8">No one wants to navigate the precarious government-debt dynamic that Japan faces, with debt levels far above 100% of GDP (even if one factors in the Japanese government’s vast holdings of foreign-exchange reserves.)</s>
    <s id="9">No one wants to go from being a world-beater to a poster child for economic stagnation.</s>
  </p>
  <p id="4">
    <s id="10">And yet, visitors to Tokyo today see prosperity everywhere.</s>
    <s id="11">The shops and office buildings are bustling with activity.</s>
    <s id="12">Restaurants are packed with people, dressed in better clothing that one typically sees in New York or Paris.</s>
    <s id="13">After all, even after nearly two decades of “recession,” per-capita income in Japan is more than $40,000 (at market exchange rates).</s>
    <s id="14">Japan is still the third-largest economy in the world after the United States and China.</s>
    <s id="15">Its unemployment rate remained low during most of its “lost decade,” and, although it has shot up more recently, it is still only 5%.</s>
  </p>
  <p id="5">
    <s id="16">So what gives?</s>
    <s id="17">First, things look a lot grimmer when one gets two hours outside of Tokyo to places like Hokkaido.</s>
    <s id="18">These poorer outlying regions are hugely dependent on public-works projects for employment.</s>
    <s id="19">As the government’s fiscal position has steadily weakened, the jobs have become far scarcer.</s>
    <s id="20">True, there are beautifully paved roads all around, but they go nowhere.</s>
    <s id="21">Old people have retreated to villages, many growing their own food, their children having long abandoned them for the cities.</s>
  </p>
  <p id="6">
    <s id="22">Even in Tokyo, the air of normalcy is misleading.</s>
    <s id="23">Two decades ago, Japanese workers could expect to receive massive year-end bonuses, typically amounting to one-third of their salary or more.</s>
    <s id="24">Now these have gradually shrunk to nothing.</s>
    <s id="25">True, thanks to falling prices, the purchasing power of workers’ remaining income has held up, but it is still down by more than 10%.</s>
    <s id="26">There is far more job insecurity than ever before as firms increasingly offer temporary jobs in place of once-treasured “lifetime employment.”</s>
  </p>
  <p id="7">
    <s id="27">Although hardly in crisis (yet), Japan’s fiscal situation grows more alarming by the day.</s>
    <s id="28">Until now, the government has been able to finance its vast debts locally, despite paying paltry interest rates even on longer-term borrowings.</s>
    <s id="29">Remarkably, Japanese savers soak up some 95% of their government’s debt.</s>
    <s id="30">Perhaps burned by the way stock prices and real estate collapsed when the 1980’s bubble burst, savers would rather go for what they view as safe bonds, especially as gently falling prices make the returns go farther than would be the case in a more normal inflation environment.</s>
  </p>
  <p id="8">
    <s id="31">Unfortunately, as well as Japan has held up until now, it still faces profound challenges.</s>
    <s id="32">First and foremost, there is its ever-falling labor supply, owing to extraordinarily low birth rates and deep-seated resistance to foreign immigration.</s>
    <s id="33">The country also needs to find ways to enhance the productivity of those workers it does have.</s>
  </p>
  <p id="9">
    <s id="34">Inefficiency in agriculture, retail, and government are legendary.</s>
    <s id="35">Even at Japan’s world-beating export firms, reluctance to confront the ingrained interests of the old-boy network has made it difficult to prune less profitable product lines – and the workers who make them.</s>
  </p>
  <p id="10">
    <s id="36">As the population ages and shrinks, more people will retire and start selling those government bonds that they are now lapping up.</s>
    <s id="37">At some point, Japan will face its own Greek tragedy as the market charges sharply higher interest rates.</s>
  </p>
  <p id="11">
    <s id="38">The government will be forced to consider raising revenues sharply.</s>
    <s id="39">The best guess is that Japan will raise its value-added tax, now only 5%, far below European levels.</s>
    <s id="40">But is it plausible to raise taxes in the face of such sustained low growth?</s>
  </p>
  <p id="12">
    <s id="41">Investors who have bet against Japan in the past have been badly burned, grossly underestimating the Japanese people’s remarkable flexibility and resilience.</s>
    <s id="42">But the fiscal road ahead looks increasingly perilous, with political consensus fraying badly in recent years.</s>
  </p>
  <p id="13">
    <s id="43">In the end, are foreign leaders right to scare their people with tales of Japan?</s>
    <s id="44">Certainly, the hyperbole is overblown; the Chinese, especially, should be so lucky.</s>
    <s id="45">But nor should apologists for deficits point to Japan as reason to be calm about outsized stimulus packages.</s>
    <s id="46">Japan’s ability to trudge on in the face of huge adversity is admirable, but the risks of crisis ahead are surely greater than bond markets seem to recognize.</s>
  </p>
</document>
