<?xml version="1.0" encoding="utf-8"?>
<document>
  <HEADLINE>
    <s id="1">An Agenda to Save the Euro</s>
  </HEADLINE>
  <p id="1">
    <s id="2">NEW YORK – It has been three years since the outbreak of the euro crisis, and only an inveterate optimist would say that the worst is definitely over.</s>
    <s id="3">Some, noting that the eurozone’s double-dip recession has ended, conclude that the austerity medicine has worked.</s>
    <s id="4">But try telling that to those in countries that are still in depression, with per capita GDP still below pre-2008 levels, unemployment rates above 20%, and youth unemployment at more than 50%.</s>
    <s id="5">At the current pace of “recovery,” no return to normality can be expected until well into the next decade.</s>
  </p>
  <p id="2">
    <s id="6">A recent study by Federal Reserve economists concluded that America’s protracted high unemployment will have serious adverse effects on GDP growth for years to come.</s>
    <s id="7">If that is true in the United States, where unemployment is 40% lower than in Europe, the prospects for European growth appear bleak indeed.</s>
  </p>
  <p id="3">
    <s id="8">What is needed, above all, is fundamental reform in the structure of the eurozone.</s>
    <s id="9">By now, there is a fairly clear understanding of what is required:</s>
  </p>
  <p id="4">
    <s id="10">·A real banking union, with common supervision, common deposit insurance, and common resolution; without this, money will continue to flow from the weakest countries to the strongest;·Some form of debt mutualization, such as Eurobonds: with Europe’s debt/GDP ratio lower than that of the US, the eurozone could borrow at negative real interest rates, as the US does.</s>
    <s id="11">The lower interest rates would free money to stimulate the economy, breaking the crisis-hit countries’ vicious circle whereby austerity increases the debt burden, making debt less sustainable, by shrinking GDP;·Industrial policies to enable the laggard countries to catch up; this implies revising current strictures, which bar such policies as unacceptable interventions in free markets;·A central bank that focuses not only on inflation, but also on growth, employment, and financial stability;·Replacing anti-growth austerity policies with pro-growth policies focusing on investments in people, technology, and infrastructure.</s>
    <s id="12">Much of the euro’s design reflects the neoliberal economic doctrines that prevailed when the single currency was conceived.</s>
    <s id="13">It was thought that keeping inflation low was necessary and almost sufficient for growth and stability; that making central banks independent was the only way to ensure confidence in the monetary system; that low debt and deficits would ensure economic convergence among member countries; and that a single market, with money and people flowing freely, would ensure efficiency and stability.</s>
    <s id="14">Each of these doctrines has proved to be wrong.</s>
    <s id="15">The independent US and European central banks performed much more poorly in the run-up to the crisis than less independent banks in some leading emerging markets, because their focus on inflation distracted attention from the far more important problem of financial fragility.</s>
    <s id="16">Likewise, Spain and Ireland had fiscal surpluses and low debt/GDP ratios before the crisis.</s>
    <s id="17">The crisis caused the deficits and high debt, not the other way around, and the fiscal constraints that Europe has agreed will neither facilitate rapid recovery from this crisis nor prevent the next one.</s>
    <s id="18">Finally, the free flow of people, like the free flow of money, seemed to make sense; factors of production would go to where their returns were highest.</s>
    <s id="19">But migration from crisis-hit countries, partly to avoid repaying legacy debts (some of which were forced on these countries by the European Central Bank, which insisted that private losses be socialized), has been hollowing out the weaker economies.</s>
    <s id="20">It can also result in a misallocation of labor.</s>
    <s id="21">Internal devaluation – lowering domestic wages and prices – is no substitute for exchange-rate flexibility.</s>
    <s id="22">Indeed, there is increasing worry about deflation, which increases leverage and the burden of debt levels that are already too high.</s>
    <s id="23">If internal devaluation were a good substitute, the gold standard would not have been a problem in the Great Depression, and Argentina could have managed to keep the peso’s peg to the dollar when its debt crisis erupted a decade ago.</s>
    <s id="24">No country has ever restored prosperity through austerity.</s>
    <s id="25">Historically, a few small countries were lucky to have exports fill the gap in aggregate demand as public expenditure contracted, enabling them to avoid austerity’s depressing effects.</s>
    <s id="26">But European exports have barely increased since 2008 (despite the decline in wages in some countries, most notably Greece and Italy).</s>
    <s id="27">With global growth so tepid, exports will not restore Europe and America to prosperity any time soon.</s>
    <s id="28">Germany and some of the other northern European countries, demonstrating an unseemly lack of European solidarity, have declared that they should not be asked to pick up the bill for their profligate southern neighbors.</s>
    <s id="29">This is wrong on several counts.</s>
    <s id="30">For starters, lower interest rates that follow from Eurobonds or some similar mechanism would make the debt burden manageable.</s>
    <s id="31">The US, it should be recalled, emerged from World War II with a very high debt burden, but the ensuing years marked the country’s most rapid growth ever.</s>
    <s id="32">If the eurozone adopts the program outlined above, there should be no need for Germany to pick up any tab.</s>
    <s id="33">But under the perverse policies that Europe has adopted, one debt restructuring has been followed by another.</s>
    <s id="34">If Germany and the other northern European countries continue to insist on pursuing current policies, they, together with their southern neighbors, will wind up paying a high price.</s>
    <s id="35">The euro was supposed to bring growth, prosperity, and a sense of unity to Europe.</s>
    <s id="36">Instead, it has brought stagnation, instability, and divisiveness.Learn More It does not have to be this way.</s>
    <s id="37">The euro can be saved, but it will take more than fine speeches asserting a commitment to Europe.</s>
    <s id="38">If Germany and others are not willing to do what it takes – if there is not enough solidarity to make the politics work – then the euro may have to be abandoned for the sake of salvaging the European project.Read More from "Zone Defense"</s>
  </p>
  <p id="5">
    <s id="39">Much of the euro’s design reflects the neoliberal economic doctrines that prevailed when the single currency was conceived.</s>
    <s id="40">It was thought that keeping inflation low was necessary and almost sufficient for growth and stability; that making central banks independent was the only way to ensure confidence in the monetary system; that low debt and deficits would ensure economic convergence among member countries; and that a single market, with money and people flowing freely, would ensure efficiency and stability.</s>
    <s id="41">Each of these doctrines has proved to be wrong.</s>
    <s id="42">The independent US and European central banks performed much more poorly in the run-up to the crisis than less independent banks in some leading emerging markets, because their focus on inflation distracted attention from the far more important problem of financial fragility.</s>
    <s id="43">Likewise, Spain and Ireland had fiscal surpluses and low debt/GDP ratios before the crisis.</s>
    <s id="44">The crisis caused the deficits and high debt, not the other way around, and the fiscal constraints that Europe has agreed will neither facilitate rapid recovery from this crisis nor prevent the next one.</s>
    <s id="45">Finally, the free flow of people, like the free flow of money, seemed to make sense; factors of production would go to where their returns were highest.</s>
    <s id="46">But migration from crisis-hit countries, partly to avoid repaying legacy debts (some of which were forced on these countries by the European Central Bank, which insisted that private losses be socialized), has been hollowing out the weaker economies.</s>
    <s id="47">It can also result in a misallocation of labor.</s>
    <s id="48">Internal devaluation – lowering domestic wages and prices – is no substitute for exchange-rate flexibility.</s>
    <s id="49">Indeed, there is increasing worry about deflation, which increases leverage and the burden of debt levels that are already too high.</s>
    <s id="50">If internal devaluation were a good substitute, the gold standard would not have been a problem in the Great Depression, and Argentina could have managed to keep the peso’s peg to the dollar when its debt crisis erupted a decade ago.</s>
    <s id="51">No country has ever restored prosperity through austerity.</s>
    <s id="52">Historically, a few small countries were lucky to have exports fill the gap in aggregate demand as public expenditure contracted, enabling them to avoid austerity’s depressing effects.</s>
    <s id="53">But European exports have barely increased since 2008 (despite the decline in wages in some countries, most notably Greece and Italy).</s>
    <s id="54">With global growth so tepid, exports will not restore Europe and America to prosperity any time soon.</s>
    <s id="55">Germany and some of the other northern European countries, demonstrating an unseemly lack of European solidarity, have declared that they should not be asked to pick up the bill for their profligate southern neighbors.</s>
    <s id="56">This is wrong on several counts.</s>
    <s id="57">For starters, lower interest rates that follow from Eurobonds or some similar mechanism would make the debt burden manageable.</s>
    <s id="58">The US, it should be recalled, emerged from World War II with a very high debt burden, but the ensuing years marked the country’s most rapid growth ever.</s>
    <s id="59">If the eurozone adopts the program outlined above, there should be no need for Germany to pick up any tab.</s>
    <s id="60">But under the perverse policies that Europe has adopted, one debt restructuring has been followed by another.</s>
    <s id="61">If Germany and the other northern European countries continue to insist on pursuing current policies, they, together with their southern neighbors, will wind up paying a high price.</s>
    <s id="62">The euro was supposed to bring growth, prosperity, and a sense of unity to Europe.</s>
    <s id="63">Instead, it has brought stagnation, instability, and divisiveness.Learn More It does not have to be this way.</s>
    <s id="64">The euro can be saved, but it will take more than fine speeches asserting a commitment to Europe.</s>
    <s id="65">If Germany and others are not willing to do what it takes – if there is not enough solidarity to make the politics work – then the euro may have to be abandoned for the sake of salvaging the European project.Read More from "Zone Defense"</s>
  </p>
  <p id="6">
    <s id="66">Much of the euro’s design reflects the neoliberal economic doctrines that prevailed when the single currency was conceived.</s>
    <s id="67">It was thought that keeping inflation low was necessary and almost sufficient for growth and stability; that making central banks independent was the only way to ensure confidence in the monetary system; that low debt and deficits would ensure economic convergence among member countries; and that a single market, with money and people flowing freely, would ensure efficiency and stability.</s>
  </p>
  <p id="7">
    <s id="68">Each of these doctrines has proved to be wrong.</s>
    <s id="69">The independent US and European central banks performed much more poorly in the run-up to the crisis than less independent banks in some leading emerging markets, because their focus on inflation distracted attention from the far more important problem of financial fragility.</s>
  </p>
  <p id="8">
    <s id="70">Likewise, Spain and Ireland had fiscal surpluses and low debt/GDP ratios before the crisis.</s>
    <s id="71">The crisis caused the deficits and high debt, not the other way around, and the fiscal constraints that Europe has agreed will neither facilitate rapid recovery from this crisis nor prevent the next one.</s>
  </p>
  <p id="9">
    <s id="72">Finally, the free flow of people, like the free flow of money, seemed to make sense; factors of production would go to where their returns were highest.</s>
    <s id="73">But migration from crisis-hit countries, partly to avoid repaying legacy debts (some of which were forced on these countries by the European Central Bank, which insisted that private losses be socialized), has been hollowing out the weaker economies.</s>
    <s id="74">It can also result in a misallocation of labor.</s>
  </p>
  <p id="10">
    <s id="75">Internal devaluation – lowering domestic wages and prices – is no substitute for exchange-rate flexibility.</s>
    <s id="76">Indeed, there is increasing worry about deflation, which increases leverage and the burden of debt levels that are already too high.</s>
    <s id="77">If internal devaluation were a good substitute, the gold standard would not have been a problem in the Great Depression, and Argentina could have managed to keep the peso’s peg to the dollar when its debt crisis erupted a decade ago.</s>
  </p>
  <p id="11">
    <s id="78">No country has ever restored prosperity through austerity.</s>
    <s id="79">Historically, a few small countries were lucky to have exports fill the gap in aggregate demand as public expenditure contracted, enabling them to avoid austerity’s depressing effects.</s>
    <s id="80">But European exports have barely increased since 2008 (despite the decline in wages in some countries, most notably Greece and Italy).</s>
    <s id="81">With global growth so tepid, exports will not restore Europe and America to prosperity any time soon.</s>
  </p>
  <p id="12">
    <s id="82">Germany and some of the other northern European countries, demonstrating an unseemly lack of European solidarity, have declared that they should not be asked to pick up the bill for their profligate southern neighbors.</s>
    <s id="83">This is wrong on several counts.</s>
    <s id="84">For starters, lower interest rates that follow from Eurobonds or some similar mechanism would make the debt burden manageable.</s>
    <s id="85">The US, it should be recalled, emerged from World War II with a very high debt burden, but the ensuing years marked the country’s most rapid growth ever.</s>
  </p>
  <p id="13">
    <s id="86">If the eurozone adopts the program outlined above, there should be no need for Germany to pick up any tab.</s>
    <s id="87">But under the perverse policies that Europe has adopted, one debt restructuring has been followed by another.</s>
    <s id="88">If Germany and the other northern European countries continue to insist on pursuing current policies, they, together with their southern neighbors, will wind up paying a high price.</s>
  </p>
  <p id="14">
    <s id="89">The euro was supposed to bring growth, prosperity, and a sense of unity to Europe.</s>
    <s id="90">Instead, it has brought stagnation, instability, and divisiveness.</s>
  </p>
  <p id="15">
    <s id="91">It does not have to be this way.</s>
    <s id="92">The euro can be saved, but it will take more than fine speeches asserting a commitment to Europe.</s>
    <s id="93">If Germany and others are not willing to do what it takes – if there is not enough solidarity to make the politics work – then the euro may have to be abandoned for the sake of salvaging the European project.</s>
  </p>
  <p id="16">
    <s id="94">Read More from "Zone Defense"</s>
  </p>
</document>
