<?xml version="1.0" encoding="utf-8"?>
<document>
  <HEADLINE>
    <s id="1">The Case for Kurdistan</s>
  </HEADLINE>
  <p id="1">
    <s id="2">TEL AVIV – The Kurds – who occupy a mountainous region that includes portions of Armenia, Iran, Iraq, Syria, and Turkey – are the largest ethnic group in the world without a state to call their own.</s>
    <s id="3">It is time to change that.</s>
  </p>
  <p id="2">
    <s id="4">The Kurds have been making bids for statehood – and having them brutally suppressed – since the early twentieth century.</s>
    <s id="5">But there is a strong case for the United States, in particular, to work toward securing a homeland for the Kurds – a case buttressed by Kurdish militias’ indispensable contribution to defeating the Islamic State.</s>
  </p>
  <p id="3">
    <s id="6">To be sure, the establishment of a “greater Kurdistan” that includes all areas where the Kurds comprise a majority remains impossible.</s>
    <s id="7">If internal Kurdish politics were not enough to prevent such an outcome, geostrategic constraints certainly would be.</s>
  </p>
  <p id="4">
    <s id="8">Kurdish independence is particularly implausible in Turkey.</s>
    <s id="9">The Kurds’ main representative in that country, the Kurdistan Workers’ Party (PKK) – which champions a distinctly secular, Marxist brand of nationalism – has been fighting the Turkish government for decades.</s>
    <s id="10">But, the government, led by President Recep Tayyip Erdoğan, has not wavered in its commitment to preventing the establishment of a Kurdish state, to the point that even the PKK’s founder, Abdullah Öcalan, now favors a resolution that falls short of independence.</s>
  </p>
  <p id="5"></p>
  <p id="6">
    <s id="11">Erdoğan’s commitment to ending the PKK’s quest is so strong that he is also working to prevent Syria’s Kurds from leveraging sovereignty from their military gains against ISIS.</s>
    <s id="12">He fears that Kurdish success in Syria would inspire Turkey’s Kurds to revive their own fight for statehood in the country’s southeast.</s>
    <s id="13">This fear of nationalist spillover has driven Erdoğan’s campaign to create a buffer zone along the Turkish border that extends well into the territory now controlled by Syrian Kurds.</s>
  </p>
  <p id="7">
    <s id="14">But the Kurdish community in Iraq, represented by the Kurdish Regional Government, has a real shot at statehood.</s>
    <s id="15">The KRG is a quasi-sovereign entity overseeing an efficient military and an independent economy.</s>
    <s id="16">Although it is plagued by corruption and cronyism, like every other political organization in the region, the KRG represents the only truly functional government in Iraq, presiding over the country’s most peaceful and stable areas.</s>
  </p>
  <p id="8">
    <s id="17">The strength of the KRG’s position is not lost on its leaders.</s>
    <s id="18">The ruling Kurdish Democratic Party plans to hold a referendum on independence this September.</s>
    <s id="19">Yet even a resounding call for secession will not be enough to achieve success.</s>
    <s id="20">For that, the US must throw its weight behind the pro-Western KRG and offer resolute support for the independence effort.</s>
  </p>
  <p id="9">
    <s id="21">After 14 years of failed military intervention in Iraq, the US should recognize that “a unified, stable, democratic, and federal Iraq,” as a State Department spokesperson recently put it, is a chimera.</s>
    <s id="22">Since the US-led invasion in 2003, Iraq’s political system has become highly polarized along sectarian lines, with the ruling Shia majority marginalizing the Sunnis, including the Kurds.</s>
    <s id="23">Indeed, Sunni exclusion was a key reason for the rise of ISIS.</s>
  </p>
  <p id="10">
    <s id="24">Today, Iraq is effectively an Iranian trusteeship, not a US ally.</s>
    <s id="25">To the dismay of the Kurds and other Sunni Iraqis, Shia militias controlled by the Iraqi and Iranian governments, such as Hashd al-Shaabi, are filling much of the void left behind by ISIS.</s>
  </p>
  <p id="11">
    <s id="26">As the experience in Yugoslavia showed, when ethnic or religious cleavages explode, the most effective path to peace may well be separation.</s>
    <s id="27">And a Kurdish state has a real chance of thriving: an independent Kurdistan could manage to combine natural-resource wealth with a tradition of stable and pragmatic governance, thereby creating a sustainable democracy.</s>
    <s id="28">This would amount to a win for pro-Western forces in the Middle East.</s>
  </p>
  <p id="12">
    <s id="29">Even Turkey may be willing to accept such an outcome.</s>
    <s id="30">The US and Turkish governments agree on distinguishing the Kurds in Iraq from those in Turkey, for whom statehood is not an option.</s>
    <s id="31">In fact, Turkey has strong relations with the KRG – bilateral trade has lately been expanding, and KRG oil pipelines extend into Turkish territory – because Erdoğan’s government views it as a counterweight to Turkey’s PKK.</s>
  </p>
  <p id="13">
    <s id="32">Moreover, now that President Donald Trump, by ending US military support for Syria’s anti-government rebels, has effectively handed the country over to Russia and Iran, Sunni-led Turkey needs a strategic buffer against Shia-led Iraq and Syria more than ever.</s>
  </p>
  <p id="14">
    <s id="33">As it stands, the Trump administration – not to mention Iraq’s national government, led by Prime Minister Haider al-Abadi – claims that the Kurdish referendum, let alone secession, would destabilize Iraq.</s>
    <s id="34">Some argue that it might even drive voters to choose a more radical Shia government in next year’s elections – one that would be far less accommodating toward the Kurds.</s>
  </p>
  <p id="15">
    <s id="35">But, with US backing, such an outcome could be avoided.</s>
    <s id="36">In fact, it is in America’s own interest to build a true Sunni alliance that includes an independent Kurdistan.</s>
    <s id="37">The Palestinians, who have also spent far too long on the losing side of the Middle East’s strategic game, could enrich such an alliance further.</s>
  </p>
  <p id="16">
    <s id="38">The Trump administration is eager to contain the influence of the Russia-Iran-Hezbollah axis in the Middle East.</s>
    <s id="39">But it cannot achieve this objective by simply offering more arms to Saudi Arabia or its Sunni proxies.</s>
    <s id="40">Respecting the yearning of disenfranchised and oppressed peoples – beginning with the Kurds – for freedom, democracy, and competent governance remains vital for a durable Western imprint on the region’s future.</s>
  </p>
</document>
