<?xml version="1.0" encoding="utf-8"?>
<document>
  <HEADLINE>
    <s id="1">Latin America’s Forbidden Debates</s>
  </HEADLINE>
  <p id="1">
    <s id="2">Twenty-five years ago, only Colombia, Costa Rica, and Venezuela were reasonably stable Latin American democracies.</s>
    <s id="3">Today, what might be considered electoral democracies are found throughout the region.</s>
    <s id="4">Indeed, at no time since independence has there been such a proliferation of democracy in Latin America.</s>
  </p>
  <p id="2">
    <s id="5">But what has been gained is never guaranteed.</s>
    <s id="6">A military coup is not the only way to destroy a free society.</s>
    <s id="7">As the political scientist Guillermo O’Donnell observed, democracy’s flame can also be extinguished gradually when dreams of justice and social progress fail to materialize.</s>
  </p>
  <p id="3">
    <s id="8">During the 25 years of the spectacular rise of Latin America democracy, per capita income has increased by a mere $300.</s>
    <s id="9">Even in Chile, which enjoyed high economic growth and cut poverty in half, and Brazil, which lowered the percentage of citizens living below the poverty line by a third during the 1990’s, the concentration of wealth has increased.</s>
  </p>
  <p id="4">
    <s id="10">This isn’t for lack of structural reforms.</s>
    <s id="11">At the same time that political changes helped spread democracy across Latin America, structural economic reforms were strengthened.</s>
    <s id="12">Samuel Morley of the UN’s Economic Commission for Latin America and the Caribbean put together an index that graded reforms aimed at economic deregulation, trade liberalization, and opening up financial markets.</s>
    <s id="13">Morley’s index, on a scale of zero to one, stood at 0.52 in 1977, but rose to 0.82 by 2000.</s>
  </p>
  <p id="5">
    <s id="14">Nevertheless, profound economic and political transformation in Latin America has masked a deep disparity between reforms and reality – indeed, between hopes and their fulfillment.</s>
    <s id="15">Although this gap endangers the future of Latin American democracy, many Latin American leaders consider it apostasy to admit that living standards are little better today than they were during the era of dictators.</s>
    <s id="16">Their first inclination is to defend these electoral democracies on the grounds they no longer engage in killing or in torture.</s>
  </p>
  <p id="6">
    <s id="17">But consider this: Amnesty International and the US State Department have three basic indicators of human rights — the right to life, the right to physical safety, and the right to freedom from political persecution.</s>
    <s id="18">They use a scale of one to five, with one representing an optimal level of human rights and five indicating conditions of general terror.</s>
    <s id="19">During 1977, the worst year for human rights violations, the average Latin American rate of terror stood at 3.0.</s>
    <s id="20">In 2001, after two decades of democracy, it was 2.6.</s>
    <s id="21">By contrast, the terror index for Western Europe was 1.1.</s>
  </p>
  <p id="7">
    <s id="22">Still, to insist that Latin American democracy has been a major disappointment would not merely be pessimistic; it would fail to recognize that the most important values of a free society include the capacity to change, to rectify, and to improve.</s>
  </p>
  <p id="8">
    <s id="23">The problem does not lie with our shortcomings, but with the way we choose to resolve them.</s>
    <s id="24">The role of the state, the market, and the region’s place in the global economy all need urgent attention and discussion.</s>
    <s id="25">Yet our leaders consider these subjects taboo.</s>
  </p>
  <p id="9">
    <s id="26">Our first challenge is to recognize that electoral government has failed to lead to a true democracy of the people.</s>
    <s id="27">Our second challenge is to find the keys to open that door.</s>
  </p>
  <p id="10">
    <s id="28">Latin America seems to lack the will to establish a true people’s democracy, and it has tied itself to a narrow market economy whose bad outcomes are readily apparent to everyone.</s>
    <s id="29">But government has a central role to play in the debate over the creation of democracy – one more important than its oversight of fiscal matters.</s>
  </p>
  <p id="11">
    <s id="30">Certainly, merely returning to big government will not resolve anything, because it is inefficient and generates the opposite but equivalent imbalance.</s>
    <s id="31">Indeed, it may be that the framework for a state that can preside over a true democracy has yet to be created.</s>
  </p>
  <p id="12">
    <s id="32">The same may be said about the market economy.</s>
    <s id="33">The Washington Consensus – with its emphasis on liberalization, deregulation, and privatization – does not forecast greater per capita income, nor does it eliminate poverty.</s>
    <s id="34">It does, however, increase inequality.</s>
    <s id="35">Does that mean we should abandon the market economy?</s>
    <s id="36">No, because, simply put, political liberty cannot be separated from economic liberty.</s>
  </p>
  <p id="13">
    <s id="37">Ensuring Latin American nations’ autonomy in the global economy is yet another vital question that must be debated, because it is essential that national governments have the power to execute their citizens’ will.</s>
    <s id="38">Thus, the commercial and political aspects of government’s responsibilities must be integrated.</s>
    <s id="39">This does not require immediately creating new administrative structures, but skillful political coordination can and must be at the heart of this debate and ensuring its successful outcome.</s>
  </p>
  <p id="14">
    <s id="40">We cannot base our actions solely on commercial will, because that limits us to operating strictly at the whims of international markets.</s>
    <s id="41">As the political scientist Samuel Huntington has said, “Business may bring communities closer but it cannot bring them into harmony.”</s>
    <s id="42">Today, Latin American states need political agreements that protect them from becoming the victims of both North American unilateralism and the global economy.</s>
  </p>
  <p id="15">
    <s id="43">Failure to engage in critical debates about Latin American democracy will surely provide fertile ground for reviving the authoritarian fantasies of the past.</s>
    <s id="44">If, on the other hand, political leaders lose their fear of debating important issues, Latin America can move forward.</s>
    <s id="45">Having won some of their freedom, Latin America’s people should not be forced to pay the high price implied by their leaders’ failure to open forbidden issues to debate.</s>
  </p>
</document>
