<?xml version="1.0" encoding="utf-8"?>
<document>
  <HEADLINE>
    <s id="1">Is North Korea Opening for Business?</s>
  </HEADLINE>
  <p id="1">
    <s id="2">SEOUL – North Korea’s system is failing.</s>
    <s id="3">The country is facing severe energy constraints, and its economy has been stagnating since 1990, with annual per capita income, estimated at $1,800, amounting to slightly more than 5% of South Korea’s.</s>
    <s id="4">Meanwhile, a food shortage has left 24 million North Koreans suffering from starvation, and more than 25 of every 1,000 infants die each year, compared to four in South Korea.</s>
    <s id="5">In order to survive, the world’s most centralized and closed economy will have to open up.</s>
  </p>
  <p id="2">
    <s id="6">A more dynamic and prosperous North Korea – together with peace and stability on the Korean Peninsula – would serve the interests not only of North Korea itself, but also of neighboring countries and the broader international community.</s>
    <s id="7">After all, North Korea’s sudden collapse or a military conflict on the peninsula would undermine regional security, while burdening neighboring countries with millions of refugees and hundreds of billions of dollars in reconstruction costs.</s>
  </p>
  <p id="3">
    <s id="8">This should spur international institutions and North Korea’s neighbors to provide the food aid, technical assistance, and direct investment that the country needs to escape its current predicament and make the transition to a market economy.</s>
    <s id="9">But there remain significant obstacles to such cooperation – not least the North’s obscure and often-unpredictable politics, exemplified by the recent execution of its leader Kim Jong-un’s once-powerful uncle, Jang Song-thaek.</s>
  </p>
  <p id="4">
    <s id="10">The good news is that North Korea’s leadership seems to understand that its current troubles stem from its grossly inefficient economic system.</s>
    <s id="11">In recent speeches, Kim has emphasized the need for economic reform and opening up to develop agriculture and labor-intensive manufacturing industries.</s>
  </p>
  <p id="5">
    <s id="12">Furthermore, in a bid to attract foreign investment, the government has announced the establishment of 14 new special economic zones.</s>
    <s id="13">If only out of a sense of self-preservation, North Korean political and military leaders are likely to support this effort, as long as it does not undermine their power or national security.</s>
  </p>
  <p id="6">
    <s id="14">Officially, North Korea began opening up to foreign investors in 1984, when the government enacted the Foreign Joint Venture Law, following the success of a similar law in China.</s>
    <s id="15">In 1993, North Korea continued this effort by establishing the Rajin-Sonbong special economic and trade zone.</s>
    <s id="16">But these initiatives have yet to yield significant results, with foreign investors wary of operating in a country that lacks both economic-policy credibility and the physical and institutional infrastructure needed to support large-scale projects.</s>
  </p>
  <p id="7">
    <s id="17">North Korea now should follow the examples of Vietnam and China, pursuing reforms like deregulation, liberalization, privatization, and macroeconomic stabilization, while developing a new legal system and new institutions.</s>
    <s id="18">Such market-based, outward-oriented economic policies are a prerequisite for long-term economic growth.</s>
  </p>
  <p id="8">
    <s id="19">The country certainly does not lack growth potential.</s>
    <s id="20">While North Korea does not have the agricultural base that initially spurred reforms in China and Vietnam, geographical advantages like natural seaports and rich mineral resources enable it to pursue export-led growth.</s>
  </p>
  <p id="9">
    <s id="21">Moreover, the relative abundance of well-educated workers implies low initial wages and the ability to compete internationally in labor-intensive manufacturing activities – for example, in footwear, textiles and garments, and electronic assembly – which can form the basis for export-led industrialization.</s>
    <s id="22">To this end, a significant share of North Korea’s military manpower, which currently amounts to more than 8.5% of the total labor force, could be used for more productive purposes.</s>
  </p>
  <p id="10">
    <s id="23">If the relevant conditions are satisfied, North Korea could capitalize on the “catch-up” effect, boosting growth further, because its low per capita income level would help to increase investment productivity and facilitate technology transfer from more developed economies.</s>
  </p>
  <p id="11">
    <s id="24">This implies a significant role for North Korea’s neighbors, especially South Korea and Japan.</s>
    <s id="25">So far, however, the Kaesong Industrial Complex, operating with about 50,000 North Korean workers under South Korean management, is the only case of economic cooperation between the two Koreas.</s>
  </p>
  <p id="12">
    <s id="26">North and South Korea are natural trading partners.</s>
    <s id="27">In 2012, inter-Korean trade amounted to $2 billion – only 0.2% of South Korea’s total trade, but 29% of North Korea’s.</s>
    <s id="28">According to the economist Marcus Noland, normalized trade relations could increase South Korea’s share of the North’s trade volume to as much as 60%.</s>
  </p>
  <p id="13">
    <s id="29">With a strong commitment to economic reform and opening up – backed by robust international support – North Korea could emulate the success of East Asian economies like South Korea, experiencing annual growth of more than 5% for the next several decades.</s>
  </p>
  <p id="14">
    <s id="30">But there is more to North Korea’s situation than economics.</s>
    <s id="31">The country is locked in a stalemate with the international community, which wants it to denuclearize and become a “normal” country.</s>
    <s id="32">Unwilling to abandon its nuclear-weapons program, North Korea faces economic sanctions from the United States, with official aid and membership in institutions like the World Bank and the International Monetary Fund on hold.</s>
  </p>
  <p id="15">
    <s id="33">Given how unlikely North Korea is to denuclearize, at least in the immediate future, an alternative strategy is needed.</s>
    <s id="34">The international community, especially South Korea, should support North Korea’s efforts to build a more open, market-based economy through expanded trade and investment, while continuing to work toward a compromise on denuclearization.</s>
    <s id="35">The resulting prosperity and accessibility could, over time, bring about political change.</s>
  </p>
  <p id="16">
    <s id="36">For ordinary North Koreans, who are suffering the most under the current system, such a transformation could not be more urgent.</s>
  </p>
</document>
