<?xml version="1.0" encoding="utf-8"?>
<document>
  <HEADLINE>
    <s id="1">A Good Fight for Hard Times</s>
  </HEADLINE>
  <p id="1">
    <s id="2">VIENNA – Of the many problems that weak global economic conditions have brought into relief, corruption is among the most persistent.</s>
    <s id="3">Without collective efforts to combat it, corruption will continue to erode public confidence in institutions and governments, impeding economic, political, and social development.</s>
  </p>
  <p id="2">
    <s id="4">The global crisis has made anti-corruption measures more urgent than ever.</s>
    <s id="5">Economic insecurity and political volatility create new opportunities for exploitation and inspire increasingly sophisticated methods for carrying out corrupt activities.</s>
    <s id="6">As businesses struggle to compensate for falling domestic revenue by increasing their global market share, resisting temptation becomes increasingly difficult.</s>
    <s id="7">And some studies have noted a sharp rise in illicit financial flows – a phenomenon that inevitably drains money from the poorest countries.</s>
  </p>
  <p id="3">
    <s id="8">International institutions like the United Nations and the World Bank are working hard to encourage action in this area.</s>
    <s id="9">December marks the tenth anniversary of the UN Convention Against Corruption – the only global, legally binding treaty of its kind.</s>
    <s id="10">The UNCAC, to which more than four-fifths of the world’s countries are committed, is underpinned by a peer-review mechanism that monitors its effectiveness.</s>
    <s id="11">With more measures set to be implemented and enforcement steadily improving, the challenge now is execution.</s>
  </p>
  <p id="4">
    <s id="12">The UN Office on Drugs and Crime (UNODC) supports the UNCAC’s peer-review mechanism and is helping countries to reform and strengthen their anti-corruption capacity through legislation, institution-building, and enforcement.</s>
    <s id="13">For its part, the World Bank is investing in programs that promote good governance worldwide, while maintaining a robust investigation, enforcement, and prevention capacity to manage risks and root out shady practices.</s>
    <s id="14">Through the Stolen Asset Recovery Initiative, the World Bank and the UNODC are bringing to bear their knowledge, skills, and experience to help countries recover assets siphoned off by corrupt officials.</s>
  </p>
  <p id="5">
    <s id="15">Acknowledging such achievements does not obviate the danger of complacency.</s>
    <s id="16">Keeping corruption at the top of political and business leaders’ agenda and ensuring that societies remain vigilant will require strong and sustained effort from actors at all levels – from international institutions to governments, businesses, and ordinary citizens.</s>
    <s id="17">While it may not be possible to eradicate corruption in our lifetime, much can be done to lay the groundwork for a corruption-free future.</s>
  </p>
  <p id="6">
    <s id="18">A crucial first step is to eliminate damaging misperceptions.</s>
    <s id="19">Corruption is not “how business gets done” or “how the world works.”</s>
    <s id="20">Indeed, experience shows that a zero-tolerance policy improves companies’ bottom lines and enhances governments’ effectiveness.</s>
    <s id="21">Likewise, corruption is not limited to the developing world, nor is it “culturally biased.”</s>
    <s id="22">No one prefers to live in a society where bribes must be paid to secure basic public services like health care and education.</s>
  </p>
  <p id="7">
    <s id="23">Eliminating corruption will be possible only with an effective combination of smart prevention strategies and robust law enforcement, underpinned by the belief that greed can be unlearned, accountability can be taught, and impunity can be terminated.</s>
  </p>
  <p id="8">
    <s id="24">Prevention should begin with education aimed at raising citizens’ expectations of their leaders.</s>
    <s id="25">In politics and business, integrity and accountability must be the rule, not the exception.</s>
    <s id="26">Knowledge-sharing across countries could illuminate the most effective strategies for achieving this goal.</s>
  </p>
  <p id="9">
    <s id="27">To strengthen enforcement, penalties for misconduct must be proportionate not only to the crime’s severity, but also to the perpetrator’s profits.</s>
    <s id="28">A corporate giant has little incentive to change its practices if the fines imposed on it amount to, say, less than a week’s earnings.</s>
    <s id="29">Moreover, settlements that resolve transnational bribery cases must satisfy two basic criteria: a settlement in one country should not preclude another from enforcing its own laws and prosecuting the bribe’s beneficiaries; and any settlement must allow affected countries to recover stolen assets, regardless of where they end up.</s>
  </p>
  <p id="10">
    <s id="30">Global economic malaise is no excuse to delay anti-corruption reform.</s>
    <s id="31">In fact, a more honest, transparent global system free of corruption would support stronger, more inclusive economic growth and development.</s>
  </p>
</document>
