<?xml version="1.0" encoding="utf-8"?>
<document>
  <HEADLINE>
    <s id="1">A Strategy for Liberals</s>
  </HEADLINE>
  <p id="1">
    <s id="2">PARIS – Has populism won?</s>
    <s id="3">It would be easy to conclude that it has, especially in light of what is happening in the heart of Europe.</s>
    <s id="4">Italy, one of the earliest supporters of European integration, is now led by a populist coalition with a 61% approval rating, while France’s President Emmanuel Macron, once considered to be populism’s antidote, has watched his popularity fall to 29% – the lowest since he took office in 2017.</s>
  </p>
  <p id="2">
    <s id="5">And yet, the battle between the “party of reason” and the “party of emotion” – progressives versus populists – is far from over.</s>
    <s id="6">Populism can still be defeated, but only if its opponents concede the obvious: they need a new strategy.</s>
  </p>
  <p id="3">
    <s id="7">Five themes should guide any strategic overhaul.</s>
    <s id="8">The first is accountability.</s>
    <s id="9">So-called elites who care about the preservation of democracy and the rule of law must come to grips with the anger, fear, and despair that have plagued voters since the financial crisis of 2008-2009.</s>
    <s id="10">It has been a decade since the onset of the Great Recession, and yet its causes have not been properly addressed.</s>
  </p>
  <p id="4">
    <s id="11">Too many political, financial, and business leaders give the impression that the only thing that matters for an economy is aggregate growth.</s>
    <s id="12">But in a globalized and transparent world, the widening gap between rich and poor matters more.</s>
    <s id="13">Inequality, especially when paired with corruption, is devastating for the status quo.</s>
  </p>
  <p id="5">
    <s id="14">That is why justice – the second theme of a new political strategy – is so critical.</s>
    <s id="15">Without economic justice, electorates will always blame their woes on the party in power.</s>
    <s id="16">It was precisely this reasoning that led to the election of President Donald Trump in the United States.</s>
  </p>
  <p id="6">
    <s id="17">The third theme is unity.</s>
    <s id="18">Simply put, progressives must offer a viable alternative to the divisiveness of populism.</s>
    <s id="19">In the late 1990s, Madeleine Albright, then the US Secretary of State, called on governments in Europe to support an “alliance of democracies” that would reinforce Western values after the fall of the Berlin Wall and the collapse of the Soviet Union.</s>
    <s id="20">Many countries answered the US then; we need a similar pledge of unity today.</s>
  </p>
  <p id="7">
    <s id="21">Unfortunately, we also need new global leadership.</s>
    <s id="22">With the US in retreat, Italy backsliding, and Britain lost in the fog of Brexit, alliance-building responsibilities will fall to other players.</s>
    <s id="23">One option is the G7’s so-called club of four – France, Germany, Canada, and Japan.</s>
    <s id="24">If the spread of authoritarianism and illiberalism is to be slowed, these liberal democracies must assume the mantle of renewing Albright’s vision.</s>
  </p>
  <p id="8">
    <s id="25">Fourth, democracies must speak with more clarity.</s>
    <s id="26">For example, how might the club of four defend and promote liberal values?</s>
    <s id="27">Issues like migration are universal, but political vagueness and technocratic jargon too often cloud public debate.</s>
    <s id="28">If liberalism is ever to out-reason populism, voters must be able to comprehend what liberals are offering.</s>
  </p>
  <p id="9">
    <s id="29">Finally, anti-populist forces need courage.</s>
    <s id="30">Without it, no amount of accountability, justice, unity, or clarity will shift the populist tide.</s>
    <s id="31">For example, Macron should be praised for his willingness to oppose the hateful politics espoused by Italy’s Deputy Prime Minister Matteo Salvini or Hungary’s Prime Minister Viktor Orbán.</s>
    <s id="32">But true courage for Macron would be adopting policies that match his rhetoric.</s>
    <s id="33">Migration, which is shaping up to be the defining issue of next May’s European elections, would be the obvious place to start.</s>
  </p>
  <p id="10">
    <s id="34">Who could have predicted that 75 years after the collapse of fascism in Italy that we would now have a leader in Rome acting like Mussolini?</s>
    <s id="35">Or that in Germany – and particularly in the country’s formerly communist east – “pogrom” sentiment against foreigners would return?</s>
    <s id="36">Or that in Sweden, the far right would be gaining support while disparaging Jews?</s>
  </p>
  <p id="11">
    <s id="37">The British historian A.J.P. Taylor had a cynical view of people’s ability to learn from their mistakes.</s>
    <s id="38">“History cannot teach us anything for it contains everything, with one exception,” he once wrote – “one should not invade Russia at the end of the summer.”</s>
    <s id="39">And yet, humanity seems forever drawn to the cold.</s>
  </p>
  <p id="12">
    <s id="40">Today’s liberal leaders can prove Taylor wrong.</s>
    <s id="41">Populism can still be beaten back.</s>
    <s id="42">But to win in the current political climate, democratic forces will need to clothe themselves in a new narrative.</s>
  </p>
</document>
