<?xml version="1.0" encoding="utf-8"?>
<document>
  <HEADLINE>
    <s id="1">Liberalism's Morning After In Eastern Europe</s>
  </HEADLINE>
  <p id="1">
    <s id="2">WARSAW: Throughout the postcommunist world faith that liberal politics and economics could deliver prosperity and decent societies at the same time no longer seems as convincing as it did in the euphoria of 1989.</s>
    <s id="3">Liberalism’s dynamic, sadly, may be spent.</s>
    <s id="4">New shrill voices are rising to fill the void in human nature left by communism’s collapse.</s>
  </p>
  <p id="2">
    <s id="5">Only a few years ago freedom of speech, free markets, the right to be left alone were treated as sacred.</s>
    <s id="6">Everything from the West was good, everything that reminded us of the East was bad.</s>
    <s id="7">We should have known that loving too much often ends up in hatred and rejection, but we still commit this mistake in our private and public lives.</s>
    <s id="8">It is impossible to fix a date when the pendulum swung back, but something happened around 1993 in Poland, as it is happening now (for a variety of reasons) in the Czech Republic, Slovakia, Lithuania, and Hungary as well.</s>
    <s id="9">Liberalism is beginning to mean being permissive, relativist, amoral, homosexual, pedophiliac; and liberals are portrayed as proponents of pornography, abortion, and free love.</s>
  </p>
  <p id="3">
    <s id="10">It would be understandable -- and rather unimportant -- if such attacks came merely from the old, traditional, and nationalist sectors of society, those parties that cling to ancient taboos everywhere.</s>
    <s id="11">But in Poland, and elsewhere I venture, this is not so.</s>
    <s id="12">Some of the best graduate students in Warsaw University nowadays produce quite serious publications that put practically all blame for the world’s ills on liberalism.</s>
    <s id="13">Their ultra-conservative professors applaud these rants, and although they pay lip service to liberal ideas, they speak less about John Stuart Mill than about obscure 19th century German conservatives.</s>
    <s id="14">The highly emotional American critic of most things liberal or modern, Alan Bloom, is the god of the young.</s>
    <s id="15">To be a follower of Joseph de Maistre, the standard bearer of the French counterrevolution, is more fashionable than to praise the more reflective Alexis de Tocqueville.</s>
  </p>
  <p id="4">
    <s id="16">Why, then, do young people so newly come to freedom begin to reject liberalism in such a wholesale fashion?</s>
    <s id="17">Fascination with liberal freedom came in Poland and elsewhere at a peculiar moment.</s>
    <s id="18">Old social structures were destroyed, socialist customs and habits vanished overnight, former norms and unwritten rules were abandoned.</s>
    <s id="19">In the postcommunist social revolution (less often noticed than the political and economic upheavals) families and communities were undermined and (at least in Poland) the Church was too involved in politics to help.</s>
  </p>
  <p id="5">
    <s id="20">People were left to withstand the gales of change alone.</s>
    <s id="21">To be free but alone is not easy, particularly when habits of dependence are ingrained.</s>
    <s id="22">The manners and mindsets of liberal democracy need decades to develop.</s>
    <s id="23">It would be trite if it were not so sad: Today’s antiliberal sentiments appear as attractive and simple solutions to a disorienting rise in crime, pornography, and other pathologies of modern life.</s>
  </p>
  <p id="6">
    <s id="24">Take the example of pornography.</s>
    <s id="25">Pornography, of course, has nothing to do with liberalism.</s>
    <s id="26">It existed before the modern era and it is ideologically neutral.</s>
    <s id="27">To be sure, liberals prefer to fight pornography with appeals to taste and reason, rather than outright prohibitions.</s>
    <s id="28">But our young conservatives have no patience for such arguments.</s>
    <s id="29">People are weak and easily tempted.</s>
    <s id="30">The liberal faith in reason is an 18th century illusion: reason is inherently fallible and must be supported, or even supplanted, by norms flowing from tradition, religion, family, etc.</s>
    <s id="31">If these institutions have decayed under years of communism and the more recent liberal permissiveness -- note how quickly liberalism and communism become identified as the twin children of the Enlightenment in the eyes of their opponents! -- the traditional pillars of morality cannot do their job alone and must be supported by strict laws.</s>
  </p>
  <p id="7">
    <s id="32">So widespread is this view that even noncommunist socialist parliamentarians in Poland proposed a law that is supposed to control access to pornography with the help of a council of twelve (I would love to be one of them!) who will spend their days browsing through hundreds, if not thousands, of periodicals and movies in search of the salacious, and decide what to ban.</s>
    <s id="33">Their say will be final.</s>
  </p>
  <p id="8">
    <s id="34">Another cause of the turn toward the ultraconservative is also standard: fear.</s>
    <s id="35">But there is a twist.</s>
    <s id="36">It is easy to understand how frightening the political, social, and economic eruptions of the past few years must seem to the old, the poor, and the unemployed.</s>
    <s id="37">But it is the young, well educated, and relatively well-to-do who seem to have the deepest craving to banish their fears by nostalgically rediscovering a lost world of blind faith.</s>
    <s id="38">Traditionally one was supposed to be a socialist in one's youth and turn conservative later.</s>
    <s id="39">The antiliberal mood in Poland and Eastern Europe shows that the young find it also difficult to construct their new identities, and if they do, can only succeed by invoking a kind of longing for the irrational.</s>
  </p>
  <p id="9">
    <s id="40">Here things risk becoming dangerous; for here, indeed, is the Gorgon’s head of modern history.</s>
    <s id="41">One can be a critic of pornography, if one has nothing better to do, but one cannot reject the West if one has nothing better to offer.</s>
    <s id="42">Today’s advocates of antiliberalism can easily -- indeed, it is already happening -- become proponents of a retrospective utopia of corporatism, medievalism, and antimodernism.</s>
    <s id="43">In the end, they may lose their struggle, but the costs to the postcommunist societies might be higher than anyone can imagine.</s>
    <s id="44">Students may play games without worry, but the game of antimodernity is a dangerous one for the new postcommunist democracies to play.</s>
  </p>
</document>
