<?xml version="1.0" encoding="utf-8"?>
<document>
  <HEADLINE>
    <s id="1">The Puzzle of Liberal Democracy</s>
  </HEADLINE>
  <p id="1">
    <s id="2">PRINCETON – Nearly two decades ago, the political commentator Fareed Zakaria wrote a prophetic article called “The Rise of the Illiberal Democracy,” in which he worried about the rise of popular autocrats with little regard for the rule of law and civil liberties.</s>
    <s id="3">Governments may be elected in free and fair elections, he wrote, and yet routinely violate their citizens’ basic rights.</s>
  </p>
  <p id="2">
    <s id="4">Since Zakaria’s piece, illiberal democracies have become more the norm than the exception.</s>
    <s id="5">By Freedom House’s count, more than 60% of the world’s countries are electoral democracies – regimes in which political parties compete and come to power in regularly scheduled elections – up from around 40% in the late 1980s.</s>
    <s id="6">But the majority of these democracies fail to provide equal protection under the law.</s>
  </p>
  <p id="3">
    <s id="7">Typically, it is minority groups (ethnic, religious, linguistic, or regional) that bear the brunt of illiberal policies and practices.</s>
    <s id="8">But government opponents of all stripes run the risk of censorship, persecution, or wrongful imprisonment.</s>
  </p>
  <p id="4">
    <s id="9">Liberal democracy rests on three distinct sets of rights: property rights, political rights, and civil rights.</s>
    <s id="10">The first set of rights protects owners and investors from expropriation.</s>
    <s id="11">The second ensures that groups that win electoral contests can assume power and choose policies to their liking – provided these policies do not violate the other two sets of rights.</s>
    <s id="12">Finally, civil rights guarantee equal treatment before the law and equal access to public services such as education.</s>
  </p>
  <p id="5">
    <s id="13">Property rights and political rights both have powerful beneficiaries.</s>
    <s id="14">Property rights are of interest primarily to the elite – owners and investors.</s>
    <s id="15">They may be comparatively few in number, but they can mobilize material resources if they do not get their way.</s>
    <s id="16">They can take their money elsewhere, or choose not to invest – imposing substantial costs on the rest of society.</s>
  </p>
  <p id="6">
    <s id="17">Political rights are of interest primarily to the organized masses – the working class or ethnic majority, depending on the structure and cleavages in society.</s>
    <s id="18">Members of the majority may be comparatively poor, but they have numbers on their side.</s>
    <s id="19">They can threaten the elite with uprisings and expropriation.</s>
  </p>
  <p id="7">
    <s id="20">The main beneficiaries of civil rights, by contrast, are typically minorities that possess neither wealth nor numbers.</s>
    <s id="21">Turkey’s Kurds, Hungary’s Roma, Russia’s liberals, or Mexico’s indigenous population ordinarily command little power within their countries.</s>
    <s id="22">Their demands for equal rights therefore do not have the potency that demands for property and political rights have.</s>
  </p>
  <p id="8">
    <s id="23">Theories that purport to explain the historical origins of democracy have overlooked this asymmetry among claimants for different types of rights.</s>
    <s id="24">These theories revolve largely around a bargain between the propertied elite and the working classes: faced with the threat of revolt, the elites expand the franchise and allow the masses to vote.</s>
    <s id="25">In return, the masses – or their representatives – agree not to expropriate the elite.</s>
  </p>
  <p id="9">
    <s id="26">Of course, the elite prefer an autocracy in which they rule alone and protect their own rights but no one else’s.</s>
    <s id="27">Throughout most of human history, they had their way.</s>
  </p>
  <p id="10">
    <s id="28">A democratic bargain becomes feasible only when the masses are able to organize and mobilize around common interests.</s>
    <s id="29">This makes credible both their threat of insurrection before the bargain and their promise to protect property rights afterwards.</s>
    <s id="30">Historically, such mobilizations have been the product of industrialization and urbanization, wars, or anti-colonial struggles.</s>
  </p>
  <p id="11">
    <s id="31">But these bargains, by their very nature, produce electoral democracies rather than liberal democracies.</s>
    <s id="32">The dispossessed minorities who have the strongest stake in civil rights play no role during the democratic transition for the simple reason that they cannot normally bring anything to the bargaining table.</s>
    <s id="33">So the democratic bargain yields property and political rights, but only rarely civil rights as well.</s>
  </p>
  <p id="12">
    <s id="34">Viewed from this perspective, the puzzle is not why democracy so often turns out to be illiberal.</s>
    <s id="35">It is that liberal democracy can ever emerge.</s>
  </p>
  <p id="13">
    <s id="36">One set of circumstances that favors liberal democracy is the absence of clear-cut ethnic or other identity cleavages among the non-elites.</s>
    <s id="37">Cultural and social homogeneity means that there is no identifiable minority against which the majority can discriminate.</s>
    <s id="38">Scandinavian countries historically, and Japan and South Korea more recently, approximate this prototype.</s>
  </p>
  <p id="14">
    <s id="39">A different situation that produces a similar outcome is the presence of multiple and overlapping cleavages.</s>
    <s id="40">If there is no clear-cut majority-minority distinction, each group in power may be willing to recognize the rights of others for fear that it may face a period out of power in the future.</s>
    <s id="41">This is the kind of precarious balance on which, for example, Lebanon’s “consociational” democracy rested – until differential population growth and external intervention undid it.</s>
  </p>
  <p id="15">
    <s id="42">A third possibility is that society’s most distinctive ethnic or racial cleavage aligns with the divide that separates the masses from the propertied elite.</s>
    <s id="43">In South Africa, for example, whites were both the elite and the racial minority.</s>
    <s id="44">When the apartheid government negotiated with the African National Congress prior to the 1994 democratic transition, it demanded (and received) property and civil rights for the white minority in exchange for political rights for the black majority.</s>
    <s id="45">The bargain has survived remarkably well, despite the tough times that South African democracy has experienced since then.</s>
  </p>
  <p id="16">
    <s id="46">Alternatively, perhaps liberal democracy has little to do with the balance of power among social groups and their strategic motivations.</s>
    <s id="47">Maybe it requires instead, the development over time of a culture of tolerance and civil liberties.</s>
    <s id="48">Or maybe both are needed to sustain institutions that uphold property, political, and civil rights in the long term.</s>
  </p>
  <p id="17">
    <s id="49">Whatever the reason for the emergence of liberal democracy, we should not be surprised by how uncommon it is in practice.</s>
    <s id="50">Only rarely do political forces align to produce a sustainable version of it.</s>
  </p>
</document>
