<?xml version="1.0" encoding="utf-8"?>
<document>
  <HEADLINE>
    <s id="1">Libya’s Defeated Islamists</s>
  </HEADLINE>
  <p id="1">
    <s id="2">TRIPOLI – “We certainly did not expect the results, but...our future is certainly better than our present and our past,” said Sami al-Saadi, the former ideologue of the Libyan Islamic Fighting Group and the founder of the political party al-Umma al-Wasat, which finished third in Central Tripoli during Libya’s recent parliamentary election.</s>
    <s id="3">The man whom Taliban leader Mullah Omar once called the “Sheikh of the Arabs,” and who authored the LIFG’s anti-democracy manifesto The Choice is Theirs, accepted the apparent victory of Libya’s more liberal forces.</s>
  </p>
  <p id="2">
    <s id="4">Indeed, the results raised eyebrows, even of those analysts who did not expect an Islamist landslide.</s>
    <s id="5">In the electoral district that includes Derna, commonly viewed as an Islamist stronghold, the liberal-leaning National Forces Coalition (NFC), a grouping of more than 60 parties and hundreds of local civil-society organizations, won 59,769 votes, while the Justice and Construction Party (JCP) of the Muslim Brothers (MB) received only 8,619.</s>
    <s id="6">The liberal-leaning Central National Trend (CNT) finished third, with 4,962 votes.</s>
  </p>
  <p id="3">
    <s id="7">In the impoverished western district of Abu Selim, where many Islamists are seen as local heroes due to their sacrifices under Colonel Muammar el-Qaddafi’s regime, the NFC swept the field with 60,052 votes, defeating all six Islamist parties, which received a combined total of less than 15,000 votes.</s>
    <s id="8">Overall, liberal-leaning parties finished first in 11 of Libya’s 13 electoral districts, with the NFC winning ten and the CNT taking one.</s>
  </p>
  <p id="4">
    <s id="9">To be sure, the results will affect only 80 of the 200 seats in the constituent assembly, whose mandate is to appoint a prime minister, government, and a committee to draft the constitution.</s>
    <s id="10">The other 120 seats are assigned to individual candidates, who are likely to be local notables, independents with strong tribal affiliations, and, to a lesser extent, a mix of Islamist and liberal politicians.</s>
  </p>
  <p id="5">
    <s id="11">Moreover, while the Islamists were soundly defeated, they performed quite well in many districts.</s>
    <s id="12">Across Libya, they took second place in ten districts (the JCP in nine and the Salafi-leaning Originality Coalition in one).</s>
    <s id="13">In Misrata, the JCP finished second, after the local Union for Homeland Party, but still managed to win almost three times as many votes as the NFC, which came in fourth.</s>
  </p>
  <p id="6">
    <s id="14">Nevertheless, the question remains: what happened to the Islamists?</s>
    <s id="15">They spearheaded the opposition to Qaddafi, were advised by their Tunisian and Egyptian brethren, and larded their rhetoric with religious symbolism in a conservative Muslim country.</s>
    <s id="16">For many, however, this was not enough.</s>
  </p>
  <p id="7">
    <s id="17">A striking difference between Egypt’s Muslim Brotherhood and Tunisia’s Ennahda, on the one hand, and Libya’s Islamists on the other is the level of institutionalization and interaction with the masses.</s>
    <s id="18">In Qaddafi’s four decades in power, Libya’s Islamists could not build local support networks; develop organizational structures, hierarchies, or institutions; or create a parallel system of clinics and social services, as their counterparts in Egypt, Tunisia, Morocco, and Jordan were able to do.</s>
  </p>
  <p id="8">
    <s id="19">As a result, Libya’s Islamists could not unite in a coalition as large as that of Mahmoud Jibril, the former prime minister under the National Transitional Council, who heads the NFC.</s>
    <s id="20">Instead, their votes were divided between several parties, six of which are significant.</s>
  </p>
  <p id="9">
    <s id="21">But another reason for the strong “liberal” turnout is the “blood” factor.</s>
    <s id="22">“I am not giving my family’s votes to the MB.</s>
    <s id="23">Two of my cousins died because of them,” Mohamed Abdul Hakim, a voter from Benghazi, told me.</s>
    <s id="24">He agrees that Islam should be the source for legislation, and his wife wears a niqab.</s>
    <s id="25">Nonetheless, he voted liberal: his cousins were killed in a confrontation in the 1990’s, most likely between the Martyrs Movement (a small jihadist group operating in his neighborhood at the time) and Qaddafi’s forces.</s>
  </p>
  <p id="10">
    <s id="26">But many average Libyans, including Hakim, do not distinguish between Islamist organizations and their histories.</s>
    <s id="27">For them, all Islamists are “Ikhwan” (MB).</s>
    <s id="28">The “stain” of direct involvement in armed action, coupled with fear of Taliban-like laws or a civil war like Algeria’s in the 1990’s harmed Islamists of all brands.</s>
  </p>
  <p id="11">
    <s id="29">A third reason for the Islamists’ defeat had to do with their campaign rhetoric.</s>
    <s id="30">“It is offensive to tell me that I have to vote for an Islamic party,” Jamila Marzouki, an Islamic studies graduate, told me.</s>
    <s id="31">Marzouki voted liberal, despite believing that Islam should be the ultimate reference for Libyan laws.</s>
    <s id="32">“In Libya, we are Muslims.</s>
    <s id="33">They can’t take away my identity and claim that it’s only theirs.”</s>
  </p>
  <p id="12">
    <s id="34">Others factors had to do more with the liberal side.</s>
    <s id="35">Jibril’s international legitimacy, his tribal affiliation (the Warfalla tribe includes about one million of Libya’s 6.4 million people), and leadership style, coupled with a broad coalition, served the country’s liberal forces well.</s>
    <s id="36">So did a clever electoral campaign, which focused on incentives and hope (while also exaggerating the repercussions of an Islamist takeover).</s>
  </p>
  <p id="13">
    <s id="37">The result was yet another paradox of the Arab Spring: a country that seemed to meet all of the conditions for an Islamist victory produced the sort of election results that liberals in Egypt and Tunisia could only dream about.</s>
  </p>
</document>
