<?xml version="1.0" encoding="utf-8"?>
<document>
  <HEADLINE>
    <s id="1">Like Father, Like Son</s>
  </HEADLINE>
  <p id="1">
    <s id="2">LONDON – “The enemy of yesterday is the friend of today....[I]t was a real war, but those brothers are free men now.”</s>
    <s id="3">Thus spoke Saif al-Islam al-Qaddafi in March 2010, referring to the leaders of the Libyan Islamic Fighting Group (LIFG), an armed organization that had attempted to assassinate his father, Muammar al-Qaddafi, three times in the mid-1990’s.</s>
  </p>
  <p id="2">
    <s id="4">This may seem surprising.</s>
    <s id="5">A few days ago, the very same man promised Libyans a “sea of blood” if his father’s regime was toppled.</s>
    <s id="6">Indeed, Saif al-Islam, an elegant, soft-spoken graduate of the London School of Economics, has now become a prime suspect in massive crimes against humanity.</s>
  </p>
  <p id="3">
    <s id="7">People like me, who study the tactics of Arab dictatorships and the causes of their persistence, are less surprised, if at all, by this turn of events.</s>
    <s id="8">Arab authoritarian regimes, unlike others that have given way to democracy, are incapable of self-reform; they have, however, mastered the tactics needed to prolong the life spans of their aging despotisms.</s>
  </p>
  <p id="4">
    <s id="9">Creation of a Hydra-headed security apparatus, mass-murder of opponents (both real and imagined), widespread torture, and sustained censorship and repression are some of the common tactics used by Qaddafi, former Egyptian President Hosni Mubarak, former Tunisian President Zine el-Abidine Ben Ali, Syrian President Bashar al-Assad, and other Arab autocrats.</s>
  </p>
  <p id="5">
    <s id="10">But Qaddafi’s regime became an international pariah mainly for a series of terrorist plots abroad, not for crimes against humanity committed against Libyans.</s>
    <s id="11">Oil interests and the regime’s “dovish” face in recent years successfully extended its life.</s>
  </p>
  <p id="6">
    <s id="12">Qaddafi’s dovish period coincided with the rise to prominence of his second son, Saif al-Islam, and his sister Ayesha, the latter becoming a goodwill ambassador for the United Nations.</s>
    <s id="13">Saif cultivated a reputation for being a “reformer”: he called for a national-reconciliation process with opposition groups, supposedly liberalized the media, supported charity and development initiatives, and most importantly, became a face that the West could talk to.</s>
  </p>
  <p id="7">
    <s id="14">The two public fronts for those initiatives were Libya Tomorrow and the al-Qaddafi Foundation for Development.</s>
    <s id="15">Behind them, however, Libyan Military Intelligence, headed by Abdullah al-Sanosi, was giving conditional support and setting the general direction for their activities.</s>
  </p>
  <p id="8">
    <s id="16">The “reforms” proposed by Saif al-Islam included releasing some political prisoners, especially those, like the LIFG, who declared their allegiance to Qaddafi’s regime.</s>
    <s id="17">But concrete steps leading to government transparency and accountability, such as inquiries into oil wealth and state expenditures, or serious investigation of crimes against humanity, were all beyond his will and imagination.</s>
  </p>
  <p id="9">
    <s id="18">Despite the cosmetic nature of the “reforms,” other regime factions, most notably those led by Saif al-Islam’s brothers Mutassim, al-Sa’adi, and Khamis, challenged them.</s>
    <s id="19">Behind the brothers were other security agencies: the Internal Security Forces, the Revolutionary Committees, and, to a lesser extent, the Jamahiriya Security Apparatus (Foreign Intelligence).</s>
  </p>
  <p id="10">
    <s id="20">When I visited Tripoli in March 2010 for a “national reconciliation” conference, the conflicting statements given by Saif al-Islam and security officials surprised me.</s>
    <s id="21">The head of Internal Security Forces, Colonel al-Tuhami Khaled, another principal suspect in the crimes currently being committed against Libyans, refused to call the process a “reconciliation.”</s>
    <s id="22">For him, it was “repentance from heresy.”</s>
  </p>
  <p id="11">
    <s id="23">Given the recent wave of uprisings, it is more evident than ever that any “reform” initiatives undertaken in the Arab world previously were aimed only at sustaining repressive dictatorships and escaping punishment for criminal abuse of power.</s>
    <s id="24">The reform “debate” within these regimes boiled down to a struggle between different branches of the security-military apparatus over the best way to preserve the status quo.</s>
  </p>
  <p id="12">
    <s id="25">Arabs, of course, have known for years that their rulers were beyond reform.</s>
    <s id="26">That is why, in order to have a chance to catch up with the rest of the free, developed world, many of them are now risking their lives to remove those regimes.</s>
    <s id="27">What is happening today in the Arab world is history in the making, written in the blood, sweat, and tears of the victims of decades of violent repression.</s>
  </p>
  <p id="13">
    <s id="28">When asked by a journalist what I would like to say to Saif al-Islam if I were ever to meet him again, I replied: “I hope to see you in the International Criminal Court, beside Mubarak and Ben Ali.”</s>
    <s id="29">Millions of Arabs of my generation and younger would probably give the same answer if asked what should become of the men who controlled their present and sought to destroy their future.</s>
  </p>
</document>
