<?xml version="1.0" encoding="utf-8"?>
<document>
  <HEADLINE>
    <s id="1">The Liquidity Time Bomb</s>
  </HEADLINE>
  <p id="1">
    <s id="2">NEW YORK – A paradox has emerged in the financial markets of the advanced economies since the 2008 global financial crisis.</s>
    <s id="3">Unconventional monetary policies have created a massive overhang of liquidity.</s>
    <s id="4">But a series of recent shocks suggests that macro liquidity has become linked with severe market illiquidity.</s>
  </p>
  <p id="2">
    <s id="5">Policy interest rates are near zero (and sometimes below it) in most advanced economies, and the monetary base (money created by central banks in the form of cash and liquid commercial-bank reserves) has soared – doubling, tripling, and, in the United States, quadrupling relative to the pre-crisis period.</s>
    <s id="6">This has kept short- and long-term interest rates low (and even negative in some cases, such as Europe and Japan), reduced the volatility of bond markets, and lifted many asset prices (including equities, real estate, and fixed-income private- and public-sector bonds).</s>
  </p>
  <p id="3">
    <s id="7">And yet investors have reason to be concerned.</s>
    <s id="8">Their fears started with the “flash crash” of May 2010, when, in a matter of 30 minutes, major US stock indices fell by almost 10%, before recovering rapidly.</s>
    <s id="9">Then came the “taper tantrum” in the spring of 2013, when US long-term interest rates shot up by 100 basis points after then-Fed Chairman Ben Bernanke hinted at an end to the Fed’s monthly purchases of long-term securities.</s>
  </p>
  <p id="4">
    <s id="10">Likewise, in October 2014, US Treasury yields plummeted by almost 40 basis points in minutes, which statisticians argue should occur only once in three billion years.</s>
    <s id="11">The latest episode came just last month, when, in the space of a few days, ten-year German bond yields went from five basis points to almost 80.</s>
  </p>
  <p id="5">
    <s id="12">These events have fueled fears that, even very deep and liquid markets – such as US stocks and government bonds in the US and Germany – may not be liquid enough.</s>
    <s id="13">So what accounts for the combination of macro liquidity and market illiquidity?</s>
  </p>
  <p id="6">
    <s id="14">For starters, in equity markets, high-frequency traders (HFTs), who use algorithmic computer programs to follow market trends, account for a larger share of transactions.</s>
    <s id="15">This creates, no surprise, herding behavior.</s>
    <s id="16">Indeed, trading in the US nowadays is concentrated at the beginning and the last hour of the trading day, when HFTs are most active; for the rest of the day, markets are illiquid, with few transactions.</s>
  </p>
  <p id="7">
    <s id="17">A second cause lies in the fact that fixed-income assets – such as government, corporate, and emerging-market bonds – are not traded in more liquid exchanges, as stocks are.</s>
    <s id="18">Instead, they are traded mostly over the counter in illiquid markets.</s>
  </p>
  <p id="8">
    <s id="19">Third, not only is fixed income more illiquid, but now most of these instruments – which have grown enormously in number, owing to the mushrooming issuance of private and public debts before and after the financial crisis – are held in open-ended funds that allow investors to exit overnight.</s>
    <s id="20">Imagine a bank that invests in illiquid assets but allows depositors to redeem their cash overnight: if a run on these funds occurs, the need to sell the illiquid assets can push their price very low very fast, in what is effectively a fire sale.</s>
  </p>
  <p id="9">
    <s id="21">Fourth, before the 2008 crisis, banks were market makers in fixed-income instruments.</s>
    <s id="22">They held large inventories of these assets, thus providing liquidity and smoothing excess price volatility.</s>
    <s id="23">But, with new regulations punishing such trading (via higher capital charges), banks and other financial institutions have reduced their market-making activity.</s>
    <s id="24">So, in times of surprise that move bond prices and yields, the banks are not present to act as stabilizers.</s>
  </p>
  <p id="10">
    <s id="25">In short, though central banks’ creation of macro liquidity may keep bond yields low and reduce volatility, it has also led to crowded trades (herding on market trends, exacerbated by HFTs) and more investment in illiquid bond funds, while tighter regulation means that market makers are missing in action.</s>
  </p>
  <p id="11">
    <s id="26">As a result, when surprises occur – for example, the Fed signals an earlier-than-expected exit from zero interest rates, oil prices spike, or eurozone growth starts to pick up – the re-rating of stocks and especially bonds can be abrupt and dramatic: everyone caught in the same crowded trades needs to get out fast.</s>
    <s id="27">Herding in the opposite direction occurs, but, because many investments are in illiquid funds and the traditional market makers who smoothed volatility are nowhere to be found, the sellers are forced into fire sales.</s>
  </p>
  <p id="12">
    <s id="28">This combination of macro liquidity and market illiquidity is a time bomb.</s>
    <s id="29">So far, it has led only to volatile flash crashes and sudden changes in bond yields and stock prices.</s>
    <s id="30">But, over time, the longer central banks create liquidity to suppress short-run volatility, the more they will feed price bubbles in equity, bond, and other asset markets.</s>
    <s id="31">As more investors pile into overvalued, increasingly illiquid assets – such as bonds – the risk of a long-term crash increases.</s>
  </p>
  <p id="13">
    <s id="32">This is the paradoxical result of the policy response to the financial crisis.</s>
    <s id="33">Macro liquidity is feeding booms and bubbles; but market illiquidity will eventually trigger a bust and collapse.</s>
  </p>
</document>
