<?xml version="1.0" encoding="utf-8"?>
<document>
  <HEADLINE>
    <s id="1">Argentina’s Fresh Start</s>
  </HEADLINE>
  <p id="1">
    <s id="2">BUENOS AIRES – For the last 99 years, the presidency of Argentina has rotated between Peronists – Juan Domingo Perón and his populist followers – and reactionary generals.</s>
    <s id="3">Every so often, centrists from the Radical Civic Union were voted into office, but their terms ended quickly, in resignations or coups.</s>
  </p>
  <p id="2">
    <s id="4">In Sunday’s election, Argentina’s voters broke the pattern: for the first time in almost a century, the president will not be a Peronist, a Radical, or an army general.</s>
    <s id="5">It is difficult to overstate the significance of the occasion.</s>
    <s id="6">According to Héctor Schamis, a political scientist at Georgetown University, if a similar political change had occurred in France or Brazil, the country’s citizens would be celebrating the birth of a new republic.</s>
  </p>
  <p id="3">
    <s id="7">Argentina’s new president-elect, Mauricio Macri, an engineer by training, is often described in the international press as “center-right.”</s>
    <s id="8">But that label is not quite correct.</s>
    <s id="9">In Argentina, the left-right divide has been blurred by the policies of the hydra-headed Perónist Justicialist Party, which privatized state companies in the 1990s, only to re-nationalize them later.</s>
    <s id="10">Moreover, “center-right” often means “conservative,” and Macri’s victory will not “conserve” the status quo.</s>
  </p>
  <p id="4">
    <s id="11">Macri is best described as a “liberal” – in the European sense of the word.</s>
    <s id="12">That means, first of all, respect for Argentina’s democratic institutions, badly damaged after a decade of rough handling by Presidents Néstor and Cristina Kirchner.</s>
    <s id="13">It also means more market-friendly economic policy.</s>
  </p>
  <p id="5">
    <s id="14">One of Macri’s early post-election proclamations was that he wants a “developmentalist” as finance minister.</s>
    <s id="15">In Latin America, that means an economist who worries about growth, employment, and exports, as well as about balancing the budget and paying debts.</s>
    <s id="16">Macri will phase out, albeit gradually, the stringent price and capital controls favored by the Peronists.</s>
    <s id="17">And his trade and industry minister is unlikely to repeat the antics of a recent predecessor, who placed a gun on the table while negotiating import and export quotas with local producers.</s>
  </p>
  <p id="6">
    <s id="18">And yet, the world should not expect free-market zealotry from Macri.</s>
    <s id="19">He heads a broad coalition that includes his own liberal-minded Republican Proposal Party, the center-left Radical Civic Union, and other centrist groupings.</s>
    <s id="20">The coalition will not command a majority in either house of Congress, so legislating will require fashioning temporary ad hoc alliances.</s>
  </p>
  <p id="7">
    <s id="21">During the campaign, Macri displayed a sensitive political ear.</s>
    <s id="22">He understood that Argentines were tired of the Kirchners’ imperious (one might even say authoritarian) political style, whereby anyone who disagreed with them was branded a lackey of dark imperialist forces.</s>
    <s id="23">Even for a country with a political history as tumultuous as Argentina’s, partisan polarization and vitriol had reached levels that seemed extreme.</s>
  </p>
  <p id="8">
    <s id="24">The contrast was striking even on Macri’s first day as president-elect.</s>
    <s id="25">Unlike Cristina Kirchner, who gave long-winded speeches but held no press conferences and took no questions from journalists, Macri answered queries until reporters had none left.</s>
    <s id="26">Expect more of that.</s>
  </p>
  <p id="9">
    <s id="27">As President, Macri will inherit a dire economic situation.</s>
    <s id="28">The economy is shrinking.</s>
    <s id="29">Inflation is above 20% (no one is sure by how much, because the figures have been doctored).</s>
    <s id="30">The peso is overvalued.</s>
    <s id="31">International reserves are dwindling quickly.</s>
    <s id="32">And the budget deficit has reached 7% of GDP.</s>
    <s id="33">Some adjustment is inevitable.</s>
  </p>
  <p id="10">
    <s id="34">Fortunately, there is also some good news.</s>
    <s id="35">The current account is roughly in balance, so there is no need for further import compression.</s>
    <s id="36">And because no one would lend to Argentina after it defaulted in the early 2000s, the government has relatively little debt.</s>
    <s id="37">By allowing the peso to depreciate, Macri could achieve two goals at once.</s>
    <s id="38">A weaker currency would stimulate exports and allow imports to grow as foreign-exchange controls are lifted.</s>
    <s id="39">Meanwhile, because a significant share of government revenues are dollar-linked, while its expenditures are mostly in pesos, devaluation would reduce the budget deficit.</s>
  </p>
  <p id="11">
    <s id="40">Macri’s honeymoon is likely to be brief; the Peronist opposition, having rid itself of the Kirchners, will not hesitate to attack the new administration.</s>
    <s id="41">But if he uses his political capital wisely, he has a good chance of stabilizing the economy while retaining reasonable levels of political support.</s>
  </p>
  <p id="12">
    <s id="42">That would change the political outlook not only in Argentina, but throughout Latin America.</s>
    <s id="43">In neighboring Brazil, President Dilma Rousseff’s administration made little effort to hide its preference for Macri’s opponent.</s>
    <s id="44">As her government plumbs record lows in opinion polls, the centrist opposition has been inching toward power.</s>
    <s id="45">Macri’s victory could accelerate that process.</s>
  </p>
  <p id="13">
    <s id="46">Likewise, Macri’s victory could give voters in Venezuela – headed to the polls on December 6 – the courage they need to cast their ballots against their increasingly authoritarian government.</s>
    <s id="47">Indeed, Macri has announced that, in response to human rights violations in Venezuela, he will invoke the so-called “democratic clause” in the statutes of Mercosur, which could lead to Venezuela’s suspension from the regional trading bloc.</s>
  </p>
  <p id="14">
    <s id="48">This stands in marked contrast to the cowardly and complicit silence of other governments in the region.</s>
    <s id="49">If Macri follows through, that action alone will guarantee his presidency a mention in the history books.</s>
  </p>
</document>
