<?xml version="1.0" encoding="utf-8"?>
<document>
  <HEADLINE>
    <s id="1">Maintaining the Emerging-Economy Growth Engine</s>
  </HEADLINE>
  <p id="1">
    <s id="2">SEOUL – The world’s emerging economies seem to be losing their dynamism.</s>
    <s id="3">Countries that only a few years ago were being hailed for their resilience in the face of a global economic meltdown are now facing myriad challenges, reflected in significantly slower GDP growth.</s>
    <s id="4">Is the emerging-economy growth engine breaking down?</s>
  </p>
  <p id="2">
    <s id="5">From 2000 to 2007, annual growth in emerging and developing economies averaged 6.5%.</s>
    <s id="6">More impressive, from 2008 to 2010, when the advanced economies were in recession or struggling through a fragile recovery, they managed to sustain 5.5% growth.</s>
    <s id="7">In fact, at the end of that period, average growth stood at a very healthy 7.5%.</s>
  </p>
  <p id="3">
    <s id="8">But then growth began to slow, with the annual rate falling to 4% in 2015.</s>
    <s id="9">Even China, the largest and most dynamic emerging economy, recorded its lowest growth rate since 1990 (6.9%) last year, and the slowdown is forecast to accelerate this year.</s>
    <s id="10">Many now argue that the emerging economies are settling into a “new normal” of slower growth, and that their days as the key driver of the global economy are over.</s>
  </p>
  <p id="4">
    <s id="11">Despite their current struggles, it would be premature to write off the emerging economies.</s>
    <s id="12">For starters, even if these countries’ growth rates do not return to pre-crisis levels, their contribution to the world economy should remain substantial, given that their share of world GDP in purchasing-power-parity terms has increased significantly, from 43% in 2000 to 58% in 2015.</s>
  </p>
  <p id="5">
    <s id="13">But the emerging economies have much more to offer.</s>
    <s id="14">With the right policies, they can tap into as-yet-unexploited growth potential and continue their progress toward convergence with advanced-economy income levels.</s>
    <s id="15">The key to determining what those policies must be is to understand why growth has slowed in the first place.</s>
  </p>
  <p id="6">
    <s id="16">At first, emerging economies were hit by external challenges, including weakening world trade, low commodity prices, and tight financial conditions.</s>
    <s id="17">Global merchandise trade slowed considerably over the last four years; in the first half of 2015, it contracted for the first time since 2009.</s>
    <s id="18">Oil and metal prices have dropped more than 50% from their 2011 peaks.</s>
  </p>
  <p id="7">
    <s id="19">Moreover, the US Federal Reserve’s monetary-policy reversal, which entails a long-delayed increase in interest rates, combined with the negative-interest-rate policies of the Bank of Japan and the European Central Bank, has caused financial-market fluctuations and left emerging economies vulnerable to capital flight.</s>
    <s id="20">These external factors could be cyclical, but it remains to be seen how soon they will pass.</s>
  </p>
  <p id="8">
    <s id="21">The recent emerging-economy slowdown is also the result of structural factors.</s>
    <s id="22">When the emerging economies’ growth stories began, the gap between their actual per capita incomes and long-run potential enabled rapid capital accumulation and strong technology-enabled productivity gains.</s>
  </p>
  <p id="9">
    <s id="23">But after years of large-scale investment – which, in China in particular, has led to excess capacity and resource misallocation – capital accumulation has moderated.</s>
    <s id="24">Meanwhile, as countries move closer to the technology frontier, imitation and adaptation must give way to genuine innovation – no easy feat when innovative capabilities are lacking.</s>
    <s id="25">So what can emerging economies do to improve their prospects?</s>
    <s id="26">Though the particular policy mix will vary by economy, some priorities are clear.</s>
  </p>
  <p id="10">
    <s id="27">For one thing, countries must strengthen their resilience against adverse external shocks, including through efforts to strengthen their own financial systems.</s>
    <s id="28">To reduce their vulnerability to volatile capital flows, they should promote exchange-rate flexibility, secure adequate international reserves, and adopt carefully designed capital controls.</s>
  </p>
  <p id="11">
    <s id="29">Emerging economies that rely excessively on exports need to rebalance their sources of growth toward domestic demand.</s>
    <s id="30">Investment in public infrastructure, an improved investment climate, and social safety nets could all help to spur higher private-sector investment and household expenditure.</s>
  </p>
  <p id="12">
    <s id="31">Greater priority must also be given to structural supply-side policies targeting productivity growth.</s>
    <s id="32">First, to strengthen human capital, emerging economies must complement their progress in educational attainment with efforts to improve schools’ quality, especially at the secondary and tertiary levels.</s>
    <s id="33">Where necessary, education systems must be reformed to meet changing industry demand and skill requirements.</s>
  </p>
  <p id="13">
    <s id="34">Second, structural bottlenecks must urgently be addressed, through the streamlining of regulations, as well as reforms to promote competition in product markets and to increase the flexibility and efficiency of factor markets for labor, finance, and land.</s>
    <s id="35">Emerging economies must lower barriers to market entry, support business operations, and increase access to finance.</s>
    <s id="36">Obstacles to trade and foreign direct investment must be removed as well.</s>
  </p>
  <p id="14">
    <s id="37">Finally, emerging economies must work to strengthen their institutions.</s>
    <s id="38">As it stands, corruption – facilitated by complex and burdensome regulatory environments, inefficient tax regimes, and weak judicial systems incapable of protecting investor and property rights – is pervasive in many emerging economies, hindering sustained growth.</s>
    <s id="39">Improving governance and bolstering the rule of law are essential to boosting productivity and long-term GDP growth.</s>
  </p>
  <p id="15">
    <s id="40">The emerging-economy growth engine is not broken; it simply needs to be serviced.</s>
    <s id="41">With appropriate policies and structural reforms, the emerging economies can recapture their dynamism and move onto an even stronger growth path – taking the entire global economy with them.</s>
  </p>
</document>
