<?xml version="1.0" encoding="utf-8"?>
<document>
  <HEADLINE>
    <s id="1">The Beautiful Mirage</s>
  </HEADLINE>
  <p id="1">
    <s id="2">BUENOS AIRES – The eyes of the world, and especially those of South America, will be on Brazil when it stages the World Cup in June and July.</s>
    <s id="3">Even weeks before the event, soccer stories have been dominating the media, and not just in the sports pages.</s>
    <s id="4">Advertisers cannot get enough of it; companies are altering production lines to cater to it; and politicians are postponing all but their most essential meetings until after the final.</s>
  </p>
  <p id="2">
    <s id="5">Football’s magnetic force will soon draw supporters worldwide into intricate discussions over the validity of a goal, the intention behind a foul, or the missed opportunities of an attack.</s>
    <s id="6">Such debates will be especially animated in South America’s three main footballing countries – Brazil, Argentina, and Uruguay – whose people view success on the field as signifying more than just sporting prowess.</s>
  </p>
  <p id="3">
    <s id="7">“Football is the one area in which we can compete with the big countries of the world as equals,” remarked Daniel Passarella, Argentina’s former national coach.</s>
    <s id="8">This is certainly true for Argentina and Uruguay; in the case of Brazil (which has won the tournament more often than any other country), it is, if anything, an understatement.</s>
  </p>
  <p id="4">
    <s id="9">Latin American pride is justified.</s>
    <s id="10">Uruguayans still derive immeasurable satisfaction from their soccer successes, including two World Cup triumphs (albeit back in 1930 and 1950) and a semifinal in South Africa in 2010.</s>
    <s id="11">Argentina has twice held the trophy, and boasts two of the game’s greatest players ever, Diego Maradona and Lionel Messi.</s>
    <s id="12">And Brazil’s roll call of heroes includes Pelé, Garrincha, Ronaldo, Ronaldinho, and Neymar, to name only a few.</s>
  </p>
  <p id="5">
    <s id="13">However, the competition also has its detractors.</s>
    <s id="14">People will talk of nothing else, while pressing social, economic, and political questions are left to fester.</s>
    <s id="15">Brazil’s highly organized anti-World Cup protesters want to divert some of the vast sums spent on the tournament into social programs.</s>
    <s id="16">In Argentina, opposition groups worry that the government will use these crucial weeks to bury bad news.</s>
  </p>
  <p id="6">
    <s id="17">While these concerns are undoubtedly valid, the broader question is whether protesting, boycotting, or banning such events encourages or impedes social and political change.</s>
    <s id="18">For example, Argentina’s military dictatorship, which staged the 1978 competition, sought to bolster its own position by sharing in the host team’s ultimate victory.</s>
    <s id="19">But, with the world’s media attention focused on Argentina, Dutch journalists were able to publicize the plight of the Madres of Plaza de Mayo – the mothers of the disappeared – thus revealing to the world the regime’s grotesque nature.</s>
  </p>
  <p id="7">
    <s id="20">To separate political activism from love of the game is a false distinction.</s>
    <s id="21">The two are often intertwined, sometimes in the most extreme circumstances.</s>
    <s id="22">Opponents of the Argentine junta were still keen to know the outcome of matches, even when they were locked away in clandestine detention centers.</s>
    <s id="23">Indeed, torture survivors recount eerie exchanges with their torturers about team formations and goals scored.</s>
  </p>
  <p id="8">
    <s id="24">For today’s activists, the choice may not be whether to support or oppose the tournament, but how to use it to further their ends.</s>
    <s id="25">Surely, the unprecedented global attention must provide opportunities.</s>
    <s id="26">The business community certainly understands the potential, given the masses of soccer-related consumer goods, high retail mark-ups on sportswear, and blanket advertising both on and off the pitch.</s>
    <s id="27">Non-governmental organizations working for social improvement can, and sometimes do, find ways to draw attention to their campaigns through soccer.</s>
  </p>
  <p id="9">
    <s id="28">At the same time, we should not overestimate the longer-run impact of football’s “feel-good” factor in influencing political and social events.</s>
    <s id="29">After all, Argentina’s hated junta collapsed just four years after the country’s World Cup triumph (following its military defeat by Britain).</s>
    <s id="30">Although football victories have sometimes united bitter opponents, such truces have been all too ephemeral, and usually end soon after the final whistle blows.</s>
  </p>
  <p id="10">
    <s id="31">It is tempting to seek greater social, political, or economic meaning in football.</s>
    <s id="32">But the fact remains that it is just a game – beautiful, escapist entertainment, but a game nonetheless.</s>
    <s id="33">Great soccer may sometimes carry the narrative power of a novel, the rhythm of poetry, ballet’s mesmerizing sense of wonder, and the adrenalin rush of a rock concert; but, unlike great art, it struggles for influence beyond its realm.</s>
  </p>
  <p id="11">
    <s id="34">It is unreasonable to expect a World Cup by itself to generate lasting change.</s>
    <s id="35">The tournament’s ability to turn the eyes of the planet onto a single ball is truly impressive but ultimately meaningless.</s>
    <s id="36">For the duration of the match, we are entranced; afterwards, everything returns to how it was.</s>
  </p>
</document>
