<?xml version="1.0" encoding="utf-8"?>
<document>
  <HEADLINE>
    <s id="1">An Earnest Proposal for Tackling AMR</s>
  </HEADLINE>
  <p id="1">
    <s id="2">LONDON – Under Article 50 of the Treaty of Lisbon, the United Kingdom will leave the European Union on March 29, 2019.</s>
    <s id="3">Presuming that it does (but even if it does not), the UK government should continue to lead the charge against antimicrobial resistance (AMR), as it has in the past.</s>
    <s id="4">Specifically, it is time for the UK to join with pharmaceutical companies in piloting a new model of finance for investment in research and development of new antibiotics.</s>
  </p>
  <p id="2">
    <s id="5">Over the course of my professional life, one of the most rewarding roles that I ever had was between late 2014 and September 2016, when I chaired an independent Review on AMR under the government of then-Prime Minister David Cameron.</s>
    <s id="6">We were confronting a serious challenge to global health and prosperity, and our efforts were appreciated around the world.</s>
    <s id="7">Soon thereafter, the United Nations General Assembly issued a high-level political declaration on AMR, and the topic was placed on the agenda at the G20.</s>
  </p>
  <p id="3">
    <s id="8">Even more recently, the Health and Social Care Committee of the UK House of Commons published an updated report on AMR, in which it called for more substantive policies to encourage the production of new drugs.</s>
    <s id="9">And this more or less coincided with the publication of The People’s Prescription: Re-imagining Health Innovation to Deliver Public Value, a report from the UCL Institute for Innovation and Public Purpose (IIPP) that calls on governments to “adopt a mission-oriented approach” to bring more drugs to market.</s>
  </p>
  <p id="4">
    <s id="10">This added attention is most welcome.</s>
    <s id="11">As I pointed out at an event for the launch of the IIPP report, the original Review on AMR was emphatic about the need for more financing at the early stages of new drug development.</s>
    <s id="12">And, as it happens, this is an area where there has been genuine progress, thanks largely to financing from the US Department of Health and Human Services’ Biomedical Advanced Research and Development Authority and the Wellcome Trust.</s>
    <s id="13">Moreover, government and philanthropic contributions are enticing some private businesses, and thus more AMR researchers, into the field.</s>
  </p>
  <p id="5">
    <s id="14">Without the initial outlays from the US, the UK, China, and other governments, one doubts that private capital would have ventured into this area.</s>
    <s id="15">Recent developments show that when the right conditions are put in place, there can indeed be a market for developing new antibiotics.</s>
    <s id="16">Better yet, we still have other ways to strengthen incentives.</s>
    <s id="17">There are now a number of academic studies showing that a $1 billion annual prize could bring a host of new antibiotics down the pipeline in the coming years.</s>
  </p>
  <p id="6">
    <s id="18">Most of the recent academic proposals are in keeping with the model of “market-entry rewards” that we recommended in the original Review.</s>
    <s id="19">I would add only that such prizes should come with certain conditions regarding the marketing and pricing of new drugs, especially in low-income countries.</s>
  </p>
  <p id="7">
    <s id="20">If the amount of money that has been pledged for early-stage funding is sustained over the next five years, the total could reach the $2 billion that we recommended in the Review.</s>
    <s id="21">Yet, despite this momentum, no government has announced any plans to finance a market-entry reward.</s>
  </p>
  <p id="8">
    <s id="22">Similarly, while there has been endless talk among pharmaceutical-industry executives about the need to bring new antibiotics through clinical trials and to the market, there has been absolutely no substantive action.</s>
    <s id="23">Even worse, of the few companies that were already in the antibiotics business, some have actually exited the market since the Review was published; and still more seem to be heading in that direction.</s>
  </p>
  <p id="9">
    <s id="24">Clearly, now is the time to introduce a market-entry reward.</s>
    <s id="25">With this proposal in mind, I have been meeting with a number of relevant stakeholders in the UK, including committed MPs such as Kevin Hollinrake and officials at the Department of Health and the Association of the British Pharmaceutical Industry.</s>
    <s id="26">I can report that all of the key public-sector stakeholders do want market-entry rewards; and I have even detected a slightly more serious attitude among industry leaders.</s>
  </p>
  <p id="10">
    <s id="27">I can only hope they are being sincere.</s>
    <s id="28">At a time when capitalism increasingly seems to serve the interests of the few at the expense of the many, they should think about who would bear the blame if we were to start running out of effective antibiotics.</s>
  </p>
  <p id="11">
    <s id="29">Assuming that everyone is on board, I would propose that instead of expecting the government to put up the whole $1 billion for a market-entry reward – and in order to avoid inviting a revocation of industry-friendly regulations – British pharmaceutical companies should come together to contribute 50%.</s>
    <s id="30">Imagine how encouraging it would be to see industry leaders standing next to the prime minister to announce the rollout of a jointly financed award for the creation of life-saving antibiotics.</s>
  </p>
  <p id="12">
    <s id="31">To be sure, as my Review colleagues and I note in Superbugs: An Arms Race Against Bacteria, this proposal amounts to a mild form of “pay or play” capitalism.</s>
    <s id="32">But it would also be a win-win for global public health.</s>
  </p>
</document>
