<?xml version="1.0" encoding="utf-8"?>
<document>
  <HEADLINE>
    <s id="1">Mexico Needs to Change Course</s>
  </HEADLINE>
  <p id="1">
    <s id="2">MEXICO CITY – Mexico’s political and economic malaise could go from bad to worse in the coming months.</s>
    <s id="3">The Mexican economy has been stagnating since late last year.</s>
    <s id="4">The migration crisis unleashed by US President Donald Trump is humiliating, and is straining the country’s resources.</s>
    <s id="5">And the US Congress seems increasingly unlikely to pass the United States-Mexico-Canada Agreement (USMCA) – which is intended to replace the North American Free Trade Agreement (NAFTA) – before the 2020 US presidential election.</s>
  </p>
  <p id="2">
    <s id="6">Following its targeted killing of Iran's second most powerful leader, the US could well find itself with no alternative but to devote more military resources to the Middle East, a path that could lead to additional Iranian provocations.</s>
    <s id="7">And that shift would occur at a time of growing challenges to US interests elsewhere in the world.</s>
  </p>
  <p id="3">
    <s id="8">The targeted killing by the United States of one of Iran's top military leaders represents a significant symbolic defeat for the Iranian regime, but it does not augur all-out war.</s>
    <s id="9">After all, Iran and the US have already been at war for decades, and neither side has an interest in an uncontrolled military escalation now.</s>
  </p>
  <p id="4">
    <s id="10">As in previous years, Project Syndicate asked its commentators to offer their best guesses about the events and trends that will define the coming 12 months.</s>
    <s id="11">If there is one common theme in this year's selection, it is that what happens in 2020 will weigh on the present for many years to come.</s>
  </p>
  <p id="5">
    <s id="12">Faced with these mounting problems, the Mexican government, led by President Andrés Manuel López Obrador (AMLO), must now change course dramatically.</s>
    <s id="13">In particular, it must abandon its left-wing rhetoric and domestic grandstanding, and end its undignified kowtowing to Trump on migration and border patrols.</s>
  </p>
  <p id="6">
    <s id="14">Mexico is doing Trump’s dirty work on migration in two ways.</s>
    <s id="15">First, some 58,000 asylum seekers, mainly from Central America, are currently stranded on the southern side of the US-Mexican border.</s>
    <s id="16">Many are there as a result of the November 2018 “Remain in Mexico” agreement between the Trump administration and AMLO’s new government, under which Central American asylum seekers who reach the US are returned to Mexico to await their hearing before a US official.</s>
    <s id="17">These people are placed in shelters under abominable conditions, or sleep in the streets of some of the world’s most violent cities.</s>
    <s id="18">They have waited several months or even a year for a hearing, but now their wait will most likely be indefinite.</s>
  </p>
  <p id="7">
    <s id="19">Second, Mexico has deployed more than 20,000 troops along its southern and northern borders since early June, when it agreed to take further measures to stem the flood of asylum seekers.</s>
    <s id="20">The number of migrants reaching the US and requesting asylum has since fallen by up to 35%.</s>
    <s id="21">But the cost for Mexico is large and growing, not least in terms of human-rights violations.</s>
    <s id="22">Since June, the authorities, mainly military, have raided hotels, buses, and sanctuaries throughout the country.</s>
    <s id="23">They request IDs that are not obligatory in Mexico and conduct flagrant racial profiling.</s>
    <s id="24">Anyone who “looks” Honduran is arrested.</s>
    <s id="25">And, for the first time, Mexican troops on the northern border are seeking to stop migrants from crossing without papers into the US.</s>
  </p>
  <p id="8">
    <s id="26">The Mexican government agreed to introduce these extra measures only after Trump threatened in May to slap tariffs on all imports from Mexico, initially at a 5% rate, and rising to 25% by October.</s>
    <s id="27">Additional economic problems were the last thing AMLO needed: his social programs and infrastructure projects were already in jeopardy, partly as a result of officials’ inexperience and incompetence, but also because of shrinking budget revenues.</s>
  </p>
  <p id="9">
    <s id="28">Yet AMLO still has the threat of tariffs hanging over him – with Trump, one always does.</s>
    <s id="29">Moreover, doing Trump’s dirty work has harmed Mexico.</s>
    <s id="30">As in 2015-16, using the army to stem migration from Central America, Cuba, Haiti, and, on occasion, Africa, may reduce the northward flow for a while, but it contributes to escalating violence domestically.</s>
    <s id="31">The most recent figures for willful homicides show that violence continues to rise throughout Mexico.</s>
    <s id="32">The army can only be stretched so thin.</s>
    <s id="33">And a stagnant economy means that the government has less money to spend on security and migration control.</s>
  </p>
  <p id="10">
    <s id="34">AMLO needs to address both issues, and he lacks attractive options.</s>
    <s id="35">Ceasing to do Trump’s bidding on migration would be certain to infuriate the American president and might prompt him to follow through on his tariff threat.</s>
    <s id="36">But it would stand AMLO in good stead with US Democrats, who oppose Trump’s border policies.</s>
    <s id="37">And although the Mexican government’s anti-migrant policy is popular with the public, it is increasingly tarnishing the country’s image abroad.</s>
  </p>
  <p id="11">
    <s id="38">Likewise, stimulus spending to prevent a recession would face serious obstacles.</s>
    <s id="39">If the US enters recession later this year or early in 2020, nothing that Mexican policymakers do could make much of a difference.</s>
    <s id="40">Furthermore, domestic private investment has fallen significantly so far this year, reflecting the Mexican business community’s lack of confidence in AMLO.</s>
    <s id="41">And if the government continues to reduce all non-oil-industry public spending, the economy simply will not grow.</s>
  </p>
  <p id="12">
    <s id="42">The fate of the USMCA, meanwhile, is essentially in the hands of Nancy Pelosi, the Speaker of the US House of Representatives.</s>
    <s id="43">If she allows the House to vote on the agreement, it almost certainly means that enough Democrats will support the deal for it to pass.</s>
    <s id="44">But Pelosi and her Democratic colleagues are more likely to let the issue lapse until after the 2020 US elections: they probably will not want to give Trump a win, even on an insignificant issue for the US, and risk dividing the Democratic Party and its presidential candidates in the process.</s>
  </p>
  <p id="13">
    <s id="45">But the postponement of the USMCA could be devastating for Mexico, even if Trump chooses not to withdraw the US from NAFTA.</s>
    <s id="46">As it is, US foreign direct investment in Mexico fell to 37% of total inward foreign investment during the first half of this year, well below the 50% average of the past four decades.</s>
  </p>
  <p id="14">
    <s id="47">AMLO now has an unsustainable migration policy that he has pledged to pursue indefinitely; an economic slowdown with the added risk of a US recession; and a vital trade agreement in limbo.</s>
    <s id="48">The best – or the least worst – solution is a radical change of direction.</s>
  </p>
  <p id="15">
    <s id="49">Such a shift would allow AMLO to start delivering on his promise to reduce violence in Mexico, instead of having the authorities beat up Hondurans and Guatemalans.</s>
    <s id="50">He could begin restoring economic growth at least to the levels of the past 25 years.</s>
    <s id="51">He could partly implement his well-intentioned, if misguided, social programs.</s>
    <s id="52">And he could launch his ambitious, albeit somewhat hare-brained, infrastructure projects.</s>
  </p>
  <p id="16">
    <s id="53">None of this would be earth-shattering.</s>
    <s id="54">But given the cards that Mexico has been dealt, it may be the best that can be hoped for.</s>
  </p>
</document>
