<?xml version="1.0" encoding="utf-8"?>
<document>
  <HEADLINE>
    <s id="1">From Moon Walk to Space Wars</s>
  </HEADLINE>
  <p id="1">
    <s id="2">NEW DELHI – Fifty years after astronauts first walked on the Moon, space wars have gone from Hollywood fantasy to looming threat.</s>
    <s id="3">Not content with possessing enough nuclear weapons to wipe out all life on Earth many times over, major powers are rapidly militarizing space.</s>
    <s id="4">Given the world’s increasing reliance on space-based assets, the risks are enormous.</s>
  </p>
  <p id="2">
    <s id="5">Following its targeted killing of Iran's second most powerful leader, the US could well find itself with no alternative but to devote more military resources to the Middle East, a path that could lead to additional Iranian provocations.</s>
    <s id="6">And that shift would occur at a time of growing challenges to US interests elsewhere in the world.</s>
  </p>
  <p id="3">
    <s id="7">The targeted killing by the United States of one of Iran's top military leaders represents a significant symbolic defeat for the Iranian regime, but it does not augur all-out war.</s>
    <s id="8">After all, Iran and the US have already been at war for decades, and neither side has an interest in an uncontrolled military escalation now.</s>
  </p>
  <p id="4">
    <s id="9">As in previous years, Project Syndicate asked its commentators to offer their best guesses about the events and trends that will define the coming 12 months.</s>
    <s id="10">If there is one common theme in this year's selection, it is that what happens in 2020 will weigh on the present for many years to come.</s>
  </p>
  <p id="5">
    <s id="11">As with the Cold War-era Space Race between the United States and the Soviet Union, the new global space race has an important symbolic dimension.</s>
    <s id="12">And, given the lunar landing’s role in establishing US dominance in space, the Moon is a natural starting point for many of the countries now jostling for position there.</s>
  </p>
  <p id="6">
    <s id="13">In January, China became the first country to land an unmanned robotic spacecraft on the far side of the Moon.</s>
    <s id="14">India – which in 2014 became the first Asian country to reach Mars, three years after China’s own failed attempt to leave Earth’s orbit – is scheduled to launch an unmanned mission to the Moon’s uncharted south pole on July 22, a week after the first planned launch was called off at the last minute due to a helium fuel leak.</s>
    <s id="15">Japan and even smaller countries like South Korea and Israel are also pursuing lunar missions.</s>
  </p>
  <p id="7">
    <s id="16">But the US will not surrender its position easily.</s>
    <s id="17">US President Donald Trump’s administration has vowed to “return American astronauts to the Moon within the next five years.”</s>
    <s id="18">As US Vice President Mike Pence put it, “just as the United States was the first nation to reach the Moon in the 20th century,” it will be the first “to return astronauts to the Moon in the 21stcentury.”</s>
  </p>
  <p id="8">
    <s id="19">This escalating space race is not just about bragging rights; countries are also making rapid progress on developing their military space capabilities.</s>
    <s id="20">Some, like systems that can shoot down incoming ballistic missiles, are defensive.</s>
    <s id="21">But others, such as anti-satellite (ASAT) weapons technologies that can target space assets, are offensive.</s>
  </p>
  <p id="9">
    <s id="22">The ability to take advantage of such systems, while denying them to adversaries, is becoming central to military strategies.</s>
    <s id="23">That is why Trump directed the US Department of Defense to establish the Space Force, an independent military branch that will undertake space-related missions and operations.</s>
  </p>
  <p id="10">
    <s id="24">The US hopes that such a force can protect its “margin of dominance” in space.</s>
    <s id="25">Before Patrick M. Shanahan resigned as acting defense secretary last month, he said that that margin is “quickly shrinking,” as newer powers become adept at militarizing commercial space technologies, including those first developed as part of civilian prestige projects.</s>
    <s id="26">The most notable such powers are Russia and China.</s>
  </p>
  <p id="11">
    <s id="27">China, which established an independent space force in 2016, is aiming for global leadership in space.</s>
    <s id="28">And both China and Russia have demonstrated offensive space capabilities in the form of “experimental” satellites that can potentially aid military operations.</s>
    <s id="29">According to a US Air Force report, the purpose of these countries’ orbiting offensive capabilities is to hold US space assets hostage in the event of conflict.</s>
  </p>
  <p id="12">
    <s id="30">This highlights the tremendous vulnerability of these assets, and not just those belonging to the US.</s>
    <s id="31">The existing space infrastructure comprises at least 1,880 satellites owned or operated by 45 countries.</s>
    <s id="32">These assets support a wide range of activities, including telecommunications, navigation, financial-transaction authentication, connectivity, remote sensing, and weather forecasting.</s>
    <s id="33">From a security perspective, they facilitate intelligence, surveillance, early warning, arms-control verification, and missile guidance, for example.</s>
  </p>
  <p id="13">
    <s id="34">There is one more key player in this intensifying space race: India.</s>
    <s id="35">In March, the country used a ballistic-missile interceptor to destroy one of its own satellites orbiting at nearly 30,000 kilometers (18,641 miles) per hour, making it the fourth power – after the US, Russia, and China – to shoot down an object in space.</s>
    <s id="36">The test employed some of the same technologies the US used to shoot down an intercontinental ballistic missile in a test conducted just a couple of days before.</s>
  </p>
  <p id="14">
    <s id="37">Unlike China’s 2007 demonstration of its ASAT capabilities – which left more than 3,000 pieces of debris in orbit – the Indian test faced no international criticism, largely because it was intended to blunt China’s edge in space-war capabilities.</s>
    <s id="38">In fact, the head of US Strategic Command, General John E. Hyten, defended India’s test: Indians are “concerned about threats to their nation from space,” he said, and thus “feel they have to have a capability to defend themselves in space.”</s>
  </p>
  <p id="15">
    <s id="39">This sounds a lot like the justification used to build today’s enormous nuclear arsenals, and we know where that logic leads.</s>
    <s id="40">As with nuclear deterrence, countries continue to upgrade their offensive space capabilities, until “mutually assured destruction” becomes their best hope of protecting themselves and their assets.</s>
  </p>
  <p id="16">
    <s id="41">Before that happens, international norms and laws must be strengthened.</s>
    <s id="42">The 1967 Outer Space Treaty bans space-based weapons of mass destruction, but not other types of weapons or ASAT tests.</s>
    <s id="43">A new treaty is needed to outlaw all use of force in space, with clearly delineated – and reliably enforced – consequences for violations.</s>
    <s id="44">Likewise, norms for responsible behavior in space must be established, in order to deter ASAT weapons testing or other actions that endanger space assets.</s>
  </p>
  <p id="17">
    <s id="45">It is easy to get caught up in the escalating strategic competition and conflict on Earth.</s>
    <s id="46">Safeguarding, say, freedom of maritime navigation in places like the Persian Gulf and the South China Sea (where China continues to shift the territorial status quo unilaterally) is vitally important.</s>
    <s id="47">But guaranteeing the freedom to navigate the stars has become no less essential to global peace and security.</s>
  </p>
</document>
