<?xml version="1.0" encoding="utf-8"?>
<document>
  <HEADLINE>
    <s id="1">Nationalism and Terrorism</s>
  </HEADLINE>
  <p id="1">
    <s id="2">BOSTON – September 11, 2001, may – at least at first – seem like an inappropriate addition to the history of nationalism, given Al Qaeda’s explicitly stated global pretensions.</s>
    <s id="3">In fact, now that the initial shock and confusion have given way to a more sober perspective, the terrorist attacks of that awful day are increasingly seen – as they should be – as one among numerous other nationalist milestones.</s>
  </p>
  <p id="2">
    <s id="4">From this perspective, the attacks no longer appear, as they did to so many immediately afterwards, to reflect an incomprehensible, irrational, and uncivilized mentality, or a different civilization altogether – pre-modern, unenlightened, and fundamentally “traditional” (in other words, undeveloped).</s>
    <s id="5">It is in this unflattering sense that Islam, the dominant religion of an economically backward part of the world, was said to have motivated the attacks of September 11, 2001.</s>
    <s id="6">And, because those who believed this (virtually everyone whose voices were heard) belatedly perceived its insulting connotation, discussing the matter has caused considerable anguish in the years since.</s>
  </p>
  <p id="3">
    <s id="7">There are no euphemisms that can inoffensively imply that one of the great world religions is a murderous, irrational ideology, unacceptable for modern, civilized human beings.</s>
    <s id="8">And yet two different American administrations have implied – and consistently acted upon – this assumption.</s>
  </p>
  <p id="4">
    <s id="9">But, once we place the tragedy of September 11, 2001, and the broader political phenomenon of international terrorism, in the context of other historical tragedies in the past century, religion becomes an unlikely explanation.</s>
    <s id="10">It is here where the influence of nationalism becomes obvious.</s>
  </p>
  <p id="5">
    <s id="11">Nationalism has been the major motive force in the West since the beginning of the modern period.</s>
    <s id="12">Historians have noted its influence in Elizabethan England (which produced the spirit animating the Puritan Rebellion and migration to America), and increasingly recognize it as the motive force behind the French and the Russian Revolutions.</s>
    <s id="13">Meanwhile, Chinese scholars are beginning to view it as the inspiration for Mao Zedong’s struggle against the Kuomintang (the openly self-named “Nationalist Movement”) and the policies of the People’s Republic.</s>
    <s id="14">And no historical acumen is needed to understand that nationalism was the source of Hitler’s National Socialism and, therefore, World War II.</s>
  </p>
  <p id="6">
    <s id="15">In fact, it would be puzzling if this were not the case, given that nationalism is the cultural foundation of modernity – the framework of its social consciousness.</s>
    <s id="16">And, precisely because nationalism shapes the way we think, its role in phenomena that do not trumpet their nationalist motivation – like Al Qaeda’s attacks in 2001 – can easily be overlooked.</s>
  </p>
  <p id="7">
    <s id="17">As a rule, most nationalists do not call themselves nationalists.</s>
    <s id="18">Like the rest of us, they believe that their nationalism is natural and does not have to be emphasized.</s>
    <s id="19">But a little self-examination should lead any thinking person to recognize that we all are nationalists – we feel, think, and react to the world as nationalism prescribes.</s>
  </p>
  <p id="8">
    <s id="20">Nationalism is a temporal vision (and thus secular, even when using religion in its rhetoric) that divides people into sovereign communities of equal members.</s>
    <s id="21">The equality of national membership (which, at the same time, may be exclusively defined) elevates every member’s status to that of the elite, making it dependent on the dignity of the nation as a whole.</s>
  </p>
  <p id="9">
    <s id="22">As a result, those who possess national consciousness become committed to and defensive of the dignity of the nation – measured by its standing, or prestige, vis-à-vis other nations.</s>
    <s id="23">That is why competition for national prestige has been the main motive in international politics since the beginning of the twentieth century.</s>
  </p>
  <p id="10">
    <s id="24">Specifically, the aggressor in many international conflicts in this period has been motivated by perceived injury to national dignity.</s>
    <s id="25">Actual injury is not necessary: the perceived superiority of another nation is enough.</s>
  </p>
  <p id="11">
    <s id="26">In an advanced modern society, such as Germany, intellectuals have no difficulty using openly nationalist language to convince a nationally conscious populace of threats to national prestige.</s>
    <s id="27">By contrast, in a society where national consciousness is limited to the better educated (for example, the Arab Middle East), they must resort to traditional means of mobilization.</s>
    <s id="28">In the case of the Middle East, that traditional mobilizer is Islam, and so threats to national prestige are presented as threats to Islam.</s>
  </p>
  <p id="12">
    <s id="29">Some nations do not feel threatened by imaginary insults to national dignity – for various historical reasons, they believe themselves to be superior to others.</s>
    <s id="30">But, if their prestige is in fact at stake, the perception of a threat becomes decisive.</s>
    <s id="31">Why else would citizens across the developed world be so preoccupied with their economic competitiveness?</s>
    <s id="32">Is it not enough for us to be well off?</s>
    <s id="33">Why do we need to be better off than others?</s>
  </p>
  <p id="13">
    <s id="34">Why, for example, do Americans feel so threatened by the peaceful economic rise of China (as they did by Japan’s economic success in the 1980’s)?</s>
    <s id="35">To no longer be “Number One” would offend America’s sense of dignity.</s>
    <s id="36">There is no more to it than that.</s>
  </p>
  <p id="14">
    <s id="37">China is now also motivated by nationalism, and it will rise as high as a motivated population of 1.3 billion people can.</s>
    <s id="38">The threat to America’s international standing is real; but, blinded by it, Americans believe that they are still in a position to condescend to China as they would to an inferior power.</s>
    <s id="39">For the time being, the Chinese may be too preoccupied with their own backyard to pay attention to such insults, but it is foolish to offend them deliberately.</s>
  </p>
  <p id="15">
    <s id="40">Because Americans misunderstood the motives behind the attacks of September 11, 2001, the United States fought two costly wars, which did not defeat its enemies and have left the Middle East more volatile than ever.</s>
    <s id="41">Being blind to the connection between nationalism and dignity in China – and in America’s own conduct when dealing with China – may cost the US even more.</s>
  </p>
</document>
