<?xml version="1.0" encoding="utf-8"?>
<document>
  <HEADLINE>
    <s id="1">The Right Way to Finance Disaster Recovery</s>
  </HEADLINE>
  <p id="1">
    <s id="2">TOKYO – In mid-October, as Japan was being battered by Typhoon Hagibis – the most powerful typhoon to hit the country in over six decades – it was also shaken by a magnitude 5.7 earthquake.</s>
    <s id="3">As climate change progresses, Japan, like the rest of the world, will face increasingly frequent and severe natural disasters, necessitating costly recovery efforts.</s>
    <s id="4">Tax hikes are not the way to pay for them.</s>
  </p>
  <p id="2">
    <s id="5">Following its targeted killing of Iran's second most powerful leader, the US could well find itself with no alternative but to devote more military resources to the Middle East, a path that could lead to additional Iranian provocations.</s>
    <s id="6">And that shift would occur at a time of growing challenges to US interests elsewhere in the world.</s>
  </p>
  <p id="3">
    <s id="7">The targeted killing by the United States of one of Iran's top military leaders represents a significant symbolic defeat for the Iranian regime, but it does not augur all-out war.</s>
    <s id="8">After all, Iran and the US have already been at war for decades, and neither side has an interest in an uncontrolled military escalation now.</s>
  </p>
  <p id="4">
    <s id="9">As in previous years, Project Syndicate asked its commentators to offer their best guesses about the events and trends that will define the coming 12 months.</s>
    <s id="10">If there is one common theme in this year's selection, it is that what happens in 2020 will weigh on the present for many years to come.</s>
  </p>
  <p id="5">
    <s id="11">Soon after the 2011 East Japan Great Earthquake and tsunami devastated much of Japan, two influential economists, Motoshige Ito and Takatoshi Ito, whom I highly respect otherwise, proposed in the Nikkei that, to avoid burdening future generations, the government should finance the recovery by raising taxes, rather than issuing debt.</s>
    <s id="12">Hundreds of economists endorsed the proposal.</s>
  </p>
  <p id="6">
    <s id="13">But the approach could not be more wrong.</s>
    <s id="14">Indeed, it contradicts the theory of public finance, which states that the response to temporary shocks, such as natural disasters or wars, should be financed by temporary increases in the deficit.</s>
  </p>
  <p id="7">
    <s id="15">Increasing government revenues enough to cover the additional expenditure without altering the fiscal balance would require major tax hikes.</s>
    <s id="16">Beyond the direct cost to taxpayers, this would impose indirect costs on the economy by distorting the market mechanism, weakening incentives, and undermining efficiency at precisely the moment when the country can least afford it.</s>
  </p>
  <p id="8">
    <s id="17">Raising taxes to finance disaster recovery is the equivalent of imposing fiscal austerity during a recession.</s>
    <s id="18">As the experiences of Greece and others have starkly demonstrated, implementing deep spending cuts during a downturn depresses national income and undermines growth, thereby making it even more difficult for the government to repay its debts.</s>
  </p>
  <p id="9">
    <s id="19">Just as you wouldn’t force an injured child to carry a heavy backpack, it is unwise to burden a battered economy with higher taxes.</s>
    <s id="20">Because natural-disaster recovery, like a recession, does not last forever, a country is better off delaying fiscal consolidation until the economy is better able to weather it – that is, after a largely debt-financed recovery is complete.</s>
  </p>
  <p id="10">
    <s id="21">When I made this argument in 2011, Japanese media were reluctant to publish it.</s>
    <s id="22">They subscribed to the notion, pushed by Japan’s revenue-hungry finance ministry, that raising taxes will have the same effect, whether it happens now or in the future.</s>
    <s id="23">This argument rests on the concept of Ricardian equivalence: a government cannot stimulate short-term consumer demand with debt-financed spending, because people assume that whatever is gained now will be offset by higher taxes in the future.</s>
  </p>
  <p id="11">
    <s id="24">But even the concept’s author, David Ricardo, recognized that it is based on an idealized theoretical scenario, in which economic actors maintain the same objectives and awareness over a very long time horizon – longer than any human lifetime.</s>
    <s id="25">Over a century later, Paul Samuelson showed that when individuals live for a finite period in a succession of overlapping generations – a far more realistic scenario – Ricardian equivalence does not hold, because at least some people know that current savings on taxes will not be matched by future payments.</s>
    <s id="26">The burden will instead be borne by the next generation.</s>
  </p>
  <p id="12">
    <s id="27">In the real world, tax cuts today have the intended wealth effects, boosting spending and growth.</s>
    <s id="28">Samuelson also showed that, in countries with surplus savings, government borrowing improves national welfare.</s>
  </p>
  <p id="13">
    <s id="29">Nor are sovereign default risks – the next concern that opponents of debt-financed recovery would probably raise – likely to be as severe as they seem.</s>
    <s id="30">Modern Monetary Theory – which has lately been revived by US progressives such as Representative Alexandria Ocasio-Cortez, and economists like James K. Galbraith – argues that countries that issue their own currencies can never really run out of money, though they do face inflation risks.</s>
    <s id="31">The fiscal theory of the price level supports a similar, though somewhat more cautious conclusion.</s>
  </p>
  <p id="14">
    <s id="32">Mainstream economists now increasingly seem to be on board with deficit spending.</s>
    <s id="33">For example, Olivier Blanchard, a former chief economist at the International Monetary Fund, has argued that “in countries where interest rates are extremely low and public debt is considered safe by investors … larger fiscal deficits may be needed to make up for the limitations of monetary policy.”</s>
  </p>
  <p id="15">
    <s id="34">In Japan, raising taxes is all the more ill-advised today, because a 2% consumption tax hike went into effect this month.</s>
    <s id="35">Japanese Prime Minister Shinzo Abe has emphasized the importance of the measure to boost social welfare programs, and half of the revenues will be earmarked for free preschool education – critical to feminizing the workforce and supporting human-capital development in a country whose population is aging rapidly.</s>
  </p>
  <p id="16">
    <s id="36">Thus, Abe will not implement a further tax hike in the near term to fund natural-disaster recovery.</s>
    <s id="37">He, unlike the finance ministry, understands that sometimes – particularly in the case of temporary shocks – governments simply need to spend.</s>
  </p>
</document>
