<?xml version="1.0" encoding="utf-8"?>
<document>
  <HEADLINE>
    <s id="1">New Tremors in Global Finance and Trade</s>
  </HEADLINE>
  <p id="1">
    <s id="2">PALO ALTO – With the American and global economies in the early stages of post-recession recovery, serious questions remain about that recovery’s strength and sustainability.</s>
    <s id="3">In addition to traditional business-cycle concerns, there is a long list of policy tensions threatening to curb growth, including: 1) protectionism; 2) currencies; 3) monetary- and fiscal-stimulus exit strategies; and 4) the explosion of public debt.</s>
  </p>
  <p id="2">
    <s id="4">Recovery from deep recessions is usually strong – the American economy recovered from the two other deep post-World War II recessions with annual real growth over 6% for three years.</s>
    <s id="5">But nobody forecasts strong growth like that now, because recoveries from financial crises are usually slow and painful.</s>
  </p>
  <p id="3">
    <s id="6">It is worth remembering the real dimensions of the 1930’s Great Depression, with which politicians compare this recession to justify massive government intervention.</s>
    <s id="7">From 1929 to 1933, real GDP in the United States fell 30%, and the unemployment rate reached almost 25%, while the depression itself lasted more than a decade – all large multiples of the recent decline, and of the somewhat larger decline that the intervention helped to avert.</s>
  </p>
  <p id="4">
    <s id="8">Policy mistakes ranging from tax hikes to poor central-bank decisions to a global wave of protectionism (most famously America’s Smoot-Hawley tariff) turned a deep recession into the Great Depression.</s>
    <s id="9">We should not repeat those mistakes now.</s>
  </p>
  <p id="5">
    <s id="10">While global leaders expand IMF resources and attempt to coordinate international financial regulation, trade and currency tensions are growing.</s>
    <s id="11">French President Nicolas Sarkozy and Chinese Premier Wen Jiabao chastise American protectionism.</s>
    <s id="12">Meanwhile, there has been virtually no progress in restarting the Doha round of global trade reforms.</s>
    <s id="13">When progress is not being made, non-tariff barriers grow like weeds in response to domestic interests.</s>
  </p>
  <p id="6">
    <s id="14">Tensions are rising over currencies as well.</s>
    <s id="15">Given the expansion of the US Federal Reserve’s balance sheet, its purchase of long-term Treasuries, the Fed’s historical record of being late and slow in raising interest rates, and the explosion of US public debt, there is fear of an eventual monetization of the US debt and future inflation.</s>
  </p>
  <p id="7">
    <s id="16">Today, there is little short-run inflation risk in the advanced economies; core inflation will decline, both in the euro zone and in America, and Japan’s problem will be deflation.</s>
    <s id="17">But inflation is a risk in some emerging economies, including India and China, whose central bank governor, Zhou Xiaochuan, suggests considering a basket of currencies to replace the dollar as the global reserve currency.</s>
  </p>
  <p id="8">
    <s id="18">Conversely, US President Barack Obama promises to “get tough on China’s currency,” and America’s Congress is considering a move to force the US Treasury to label China a currency manipulator, paving the way for retaliatory tariffs.</s>
    <s id="19">But China’s trade surplus with the US is not primarily due to undervaluing its currency.</s>
  </p>
  <p id="9">
    <s id="20">The tremendous growth in global current-account imbalances magnified problems that led to the financial crisis.</s>
    <s id="21">Indeed, the surplus in developing Asia, Japan, and the Middle East soared from less than $200 billion in 2001 to more than $1 trillion in 2008, while the deficit of the US and the European Union rose from $425 billion to more than $900 billion.</s>
    <s id="22">So the last thing the global economy needs now is a trade war.</s>
  </p>
  <p id="10">
    <s id="23">Not only has the euro gyrated recently, but some now question its long-term viability.</s>
    <s id="24">On balance, the euro has been a success, but it does balance gains from price transparency and decreased transaction costs against the loss of independent monetary policies and a currency adjustment shock absorber.</s>
  </p>
  <p id="11">
    <s id="25">With no separate currencies to adjust, the only shock absorber left is labor migration to areas with lower unemployment – for example, from southern to northern Europe.</s>
    <s id="26">Such migration is easier in the US than within the euro-zone or even within European countries.</s>
    <s id="27">Thus, countries on the EU’s periphery – Portugal, Italy, Greece, and Spain – with large public debt and current-account deficits, face lower real wages and high unemployment for some time.</s>
  </p>
  <p id="12">
    <s id="28">The greatest systemic risk to the global economy, far greater than that associated with any financial institution, is the explosion of public debt.</s>
    <s id="29">The IMF forecasts the debt-to-GDP ratio in the US to rise to 85% by 2014 (prompting the rating agency Moody’s to threaten a downgrade in America’s bond ratings), and to 82% in Germany, 85% in France, 126% in Italy, and 144% in Japan.</s>
  </p>
  <p id="13">
    <s id="30">As recovery continues, this public-sector debt will increasingly crowd out private-sector, local-government and developing-country borrowing.</s>
    <s id="31">Uncertainty over the resolution of the debt is likely to provoke political instability over tax hikes and spending cuts, and therefore volatility in financial markets.</s>
  </p>
  <p id="14">
    <s id="32">Worse still, high levels of public debt, like high taxes, cause serious problems for economic performance.</s>
    <s id="33">The IMF estimates that every increase of ten percentage points in the debt-to-GDP ratio reduces long-term growth by a quarter of a percentage point.</s>
    <s id="34">In other words, the projected increase in debt ratios could slow long-term annual growth by 0.6 percentage points in the euro zone, almost one percentage point in the US, more than one percentage point in the United Kingdom, and 1.3 percentage points in Japan.</s>
  </p>
  <p id="15">
    <s id="35">Cutting growth rates by 40-70% is surely a recipe for stagnant societies with insufficient growth to satisfy private wants and public needs.</s>
    <s id="36">Moreover, such a slowdown would devastate the developing world, as weaker performance in the advanced economies reduces the growth of export markets.</s>
  </p>
  <p id="16">
    <s id="37">These tremors in the international financial system are serious and must be contained.</s>
    <s id="38">A long period of sluggish growth as a result of bloated government debt would be the equivalent of an extended bout with cancer after the heart attack that our economies have just survived.</s>
    <s id="39">Prevention begins by curbing trade friction and developing sensible post-crisis monetary and fiscal exit strategies, sooner rather than later.</s>
  </p>
</document>
