<?xml version="1.0" encoding="utf-8"?>
<document>
  <HEADLINE>
    <s id="1">Making Economic Sanctions on North Korea Work</s>
  </HEADLINE>
  <p id="1">
    <s id="2">CAMBRIDGE – Last week, in a brazen rebuff to tough new United Nations sanctions, North Korean leader Kim Jong-un’s regime fired a ballistic missile over the northern Japanese island of Hokkaido – its second launch over Japan in less than three weeks.</s>
    <s id="3">But, far from indicating that sanctions don’t work, Kim’s move shows that they still aren’t tough enough.</s>
  </p>
  <p id="2">
    <s id="4">The latest sanctions cap oil imports, ban textile exports, and penalize designated North Korean government entities.</s>
    <s id="5">Following Kim’s response, sanctions should be tightened even further, to stop all trade with North Korea, including halting all fuel imports.</s>
  </p>
  <p id="3">
    <s id="6">North Korea is one of the most insular countries in the world.</s>
    <s id="7">That insularity is a curse for the long-suffering North Korean people, but an advantage for a sanction-based strategy, because only one country is needed to make it work: China.</s>
  </p>
  <p id="4">
    <s id="8">From an economic perspective, China is the only country that really matters to North Korea, as it controls about 90% of the North’s foreign trade and supplies almost all of its fuel.</s>
    <s id="9">Yet China’s economy would barely register the effect of new sanctions: North Korea’s annual GDP, at a meager $28 billion, constitutes little more than a rounding error for its giant neighbor.</s>
  </p>
  <p id="5">
    <s id="10">The lack of viable commercial alternatives and the massive asymmetry of power between North Korea and those imposing sanctions mean that a stricter sanctions regime would push the country into a corner.</s>
    <s id="11">The question is whether economic hardship would induce North Korea to change its nuclear policy.</s>
    <s id="12">Though it is impossible to say for sure, a look at the economics of North Korea’s nuclear program suggests that it might.</s>
  </p>
  <p id="6">
    <s id="13">Contrary to popular perception, nuclear arms are weapons of the poor – extraordinarily cheap compared with conventional armaments.</s>
    <s id="14">In fact, it was this rationale that drove the Soviet Union’s massive nuclear buildup: Soviet leaders, recognizing that they could not compete with the much wealthier United States’ conventional weapons, focused their country’s limited resources on creating a potentially devastating nuclear arsenal.</s>
  </p>
  <p id="7">
    <s id="15">Likewise, North Korea’s focus on nuclear, rather than conventional, weapons may be enabling it to minimize the tradeoff between guns and butter.</s>
    <s id="16">Indeed, there are reports of some vitality in the North Korean economy, with markets full of goods and new buildings under construction.</s>
    <s id="17">Tighter sanctions are therefore needed to increase the economic price that the regime must pay for its nuclear program.</s>
  </p>
  <p id="8">
    <s id="18">Even if North Korea does not change its policy, total economic isolation may bring about an end to its nuclear program, by sowing internal discord and, ultimately, triggering the regime’s collapse.</s>
    <s id="19">Yet China hopes to avoid precisely this outcome – which is a key reason why it has so far refused to escalate sanctions further.</s>
  </p>
  <p id="9">
    <s id="20">China worries that the collapse of the Kim regime would fuel a major refugee crisis, with millions of Koreans pouring across its border in search of food, shelter, and security – and imposing heavy economic and social costs on China in the process.</s>
    <s id="21">Moreover, Chinese leaders fear the loss of the North Korean buffer separating China from US troops stationed in South Korea.</s>
    <s id="22">Given the widespread belief in Chinese policy circles that the US secretly hopes to re-fight the Korean war and establish a single US-allied Korea on China’s border, the potency of this concern should not be underestimated.</s>
  </p>
  <p id="10">
    <s id="23">US President Donald Trump’s administration understands the central importance of China to any strategy to rein in North Korea’s nuclear ambitions.</s>
    <s id="24">But, so far, the US has relied on threats, such as halting $650 billion in bilateral trade, to persuade China to cooperate.</s>
    <s id="25">This is not a stick, but a boomerang – one that will hit China and immediately return to smack the US.</s>
  </p>
  <p id="11">
    <s id="26">What is needed instead are carrots.</s>
    <s id="27">Persuading China to isolate the North economically will require the international community to establish some agreement regarding how regime collapse would be handled, with an eye to allaying China’s key concerns.</s>
  </p>
  <p id="12">
    <s id="28">For starters, the entire international community, but especially the US, must explicitly pledge not to attempt to change the nature of the North Korean regime.</s>
    <s id="29">That means that if the Kim regime collapses, the US will not pursue reunification.</s>
    <s id="30">Instead, China should exercise primary political custodianship of North Korea in the event that a political vacuum emerges.</s>
    <s id="31">Come what may, US and South Korean troops would not cross the 38th parallel.</s>
  </p>
  <p id="13">
    <s id="32">Persuading China to impose potentially regime-destroying sanctions will also require economic pledges, with the entire international community – especially the US, Japan, and South Korea – committing to share the mammoth costs of sheltering refugees and rebuilding North Korea’s economy.</s>
    <s id="33">While China would inevitably cover a substantial share of these costs, owing to its geographic proximity and historic ties to the North, it needs reassurance that it would not be left to shoulder the burden alone.</s>
  </p>
  <p id="14">
    <s id="34">Admittedly, this approach is somewhat reminiscent of the one taken at the 1945 Yalta Conference, where leaders of the Soviet Union, the United Kingdom, and the US carved out geopolitical spheres of influence in post-World War II Europe.</s>
    <s id="35">Moral and ideological objections, therefore, are to be expected.</s>
  </p>
  <p id="15">
    <s id="36">But it’s time to get real.</s>
    <s id="37">The nuclear threat posed by North Korea is serious, immediate, and requires a bold response.</s>
    <s id="38">This is not the time to be constrained by conventions and ideology; it is the time to do whatever is needed to defuse nuclear tensions and protect the lives of those in the Kim regime’s crosshairs.</s>
  </p>
  <p id="16">
    <s id="39">China is the only country with the power to force North Korea to change its nuclear policy.</s>
    <s id="40">Convincing the Chinese to wield that power must be world leaders’ top priority.</s>
  </p>
</document>
