<?xml version="1.0" encoding="utf-8"?>
<document>
  <HEADLINE>
    <s id="1">Now is Our Time</s>
  </HEADLINE>
  <p id="1">
    <s id="2">New York – Every September, the world’s leaders gather at the United Nations to reaffirm our founding Charter – our faith in fundamental principles of peace, justice, human rights, and equal opportunity for all.</s>
    <s id="3">We assess the state of the world, engage key issues of the day, and lay out our vision for the way ahead.</s>
  </p>
  <p id="2">
    <s id="4">But this year is different.</s>
    <s id="5">The 64th opening of the General Assembly asks us to rise to an exceptional moment.</s>
    <s id="6">We are facing many crises – food, energy, recession, and pandemic flu – occurring all at once.</s>
    <s id="7">If ever there were a time to act in a spirit of renewed multilateralism, a time to put the “united” back into the United Nations, it is now.</s>
  </p>
  <p id="3">
    <s id="8">And that is what we are doing, as action on three issues of historic consequence demonstrates.</s>
  </p>
  <p id="4">
    <s id="9">First, world leaders are uniting to address the greatest challenge we face as a human family – the threat of catastrophic climate change.</s>
    <s id="10">Last week, 101 leaders from 163 countries met to chart the next steps toward December’s all-important UN climate change conference in Copenhagen.</s>
    <s id="11">They recognized the need for an agreement that all nations can embrace – in line with their capabilities, consistent with what science requires, and grounded in “green jobs” and “green growth,” the lifeline of a twenty-first century global economy.</s>
  </p>
  <p id="5">
    <s id="12">We at the UN have prepared carefully for this moment.</s>
    <s id="13">For two and a half years, ever since I became Secretary-General, we have worked to put climate change at the top of the global agenda.</s>
    <s id="14">Today, we have entered a new phase.</s>
    <s id="15">Last week’s summit sharply defined the issue and focused attention in capitals the world over.</s>
    <s id="16">To be sure, the issues are complex and difficult, especially those of financing adaptation and mitigation efforts in poorer countries.</s>
    <s id="17">Yet leaders left New York committed to clear and firm instructions for their negotiators: seal a deal in Copenhagen.</s>
  </p>
  <p id="6">
    <s id="18">Japan issued a challenge, agreeing to cut CO2 emissions by 25% by 2020 if other nations follow.</s>
    <s id="19">China’s President Hu Jintao spoke about all that his country is already doing to reduce energy intensity and invest in “green” alternatives.</s>
    <s id="20">He emphasized that China is prepared to do more under an international agreement, as did US President Barack Obama.</s>
  </p>
  <p id="7">
    <s id="21">Negotiators will gather for another round of UN talks on September 28 in Bangkok, and we are considering a smaller meeting of major emitting and most vulnerable nations in November.</s>
    <s id="22">We need a breakthrough in this make-or-break year.</s>
  </p>
  <p id="8">
    <s id="23">We saw another turning point on a second issue of existential importance: nuclear disarmament.</s>
    <s id="24">Finally, the assumption that such weapons are needed to keep the peace is crumbling.</s>
    <s id="25">At a special summit called by the President Obama, the Security Council unanimously adopted a resolution that opens a new chapter in the UN’s efforts to address nuclear proliferation and disarmament.</s>
  </p>
  <p id="9">
    <s id="26">That resolution improves prospects for expanding the Nuclear Non-Proliferation Treaty next May, and offers hope for bringing the Comprehensive Nuclear Test Ban Treaty into force.</s>
    <s id="27">It also sets establishes the contours of a legal framework for action against misuse of civilian nuclear technology for military purposes and reflects an emerging consensus, seen in meeting after meeting, that the time has come to increase pressure on countries that fail to respect these principles.</s>
  </p>
  <p id="10">
    <s id="28">The world is united on a third front, as well.</s>
    <s id="29">Though some may speak of “turning the corner to recovery,” we see a new crisis emerging.</s>
    <s id="30">According to our recent report, “Voices of the Vulnerable,” the near-poor are becoming the new poor.</s>
  </p>
  <p id="11">
    <s id="31">An estimated 100 million people could fall below the poverty line this year.</s>
    <s id="32">Markets may be bouncing back, but jobs and incomes are not.</s>
    <s id="33">That is why, earlier this year, the UN put forward a Global Jobs Pact for balanced and sustainable growth.</s>
    <s id="34">It is also why we are creating a new Global Impact Vulnerability Alert System, giving us real-time data and analysis on socio-economic conditions around the world.</s>
    <s id="35">We need to know precisely who is being hurt by the financial crisis, and where, so that we can best respond.</s>
  </p>
  <p id="12">
    <s id="36">That is also why, next year at this time, we will convene a special summit on the Millennium Development Goals.</s>
    <s id="37">We have only five years to meet the targets for health, education, and human security that we set for 2015.</s>
    <s id="38">At the various G-20 summits over the past year, including the latest in Pittsburg, the UN has stood firm to speak and act for all those being left behind.</s>
  </p>
  <p id="13">
    <s id="39">Rhetoric has always been abundant at the General Assembly, action sometimes less so.</s>
    <s id="40">Yet listening to the world’s leaders speak, last week, I was struck by their passion, commitment, and collective determination to turn a page from a past of countries divided by narrow interests to nations united in the cause of a global common good.</s>
  </p>
  <p id="14">
    <s id="41">From confronting climate change to creating a world without nuclear weapons to building a more equitable and sustainable global economy, I saw a sprit of renewed multilateralism, with the UN at the fore.</s>
    <s id="42">No country can deal with any of these challenges by itself.</s>
    <s id="43">But as nations united, the United Nations can.</s>
  </p>
</document>
