<?xml version="1.0" encoding="utf-8"?>
<document>
  <HEADLINE>
    <s id="1">Obama’s Passage to India</s>
  </HEADLINE>
  <p id="1">
    <s id="2">CAMBRIDGE – Indian Prime Minister Narendra Modi’s vigorous foreign policy in the seven months since he took office has surprised observers.</s>
    <s id="3">After inviting the leaders of Pakistan and other neighboring countries to his inauguration, he embarked on trips to China, Australia, and the United States.</s>
    <s id="4">More recently, he welcomed Russian President Vladimir Putin to New Delhi and signed a large number of trade deals and orders to import Russian nuclear reactors.</s>
    <s id="5">India, Modi is telling his fellow citizens, is strong and well regarded around the world.</s>
  </p>
  <p id="2">
    <s id="6">Next month, US President Barack Obama will travel to New Delhi as Modi’s special guest at events commemorating Republic Day, India’s national holiday – just three months after the two leaders held substantive talks in Washington, DC.</s>
    <s id="7">The visit should thus be regarded as a clear signal of Obama’s desire, no less than Modi’s, to strengthen US-India relations.</s>
  </p>
  <p id="3">
    <s id="8">So what is likely to be on Obama’s mind when he meets his Indian counterpart again, and what does he think can be done to cement bilateral ties?</s>
    <s id="9">Three issues stand out – beginning with trade, which is as important politically as it is economically.</s>
  </p>
  <p id="4">
    <s id="10">Obama hopes that the Trans-Pacific Partnership will be concluded in 2015 and ratified by the US Senate.</s>
    <s id="11">The TPP will not be as powerful a free-trade agreement as originally intended, owing to exclusions and a very long phase-in period.</s>
    <s id="12">But it will tie the US and 11 other Pacific Rim countries (including Japan but excluding China) together in a new economic bloc.</s>
    <s id="13">Obama should be eager to stress that India’s exclusion from the TPP is a matter solely of geography – India does not abut the Pacific – and that the US wants to increase bilateral trade and direct investment by American firms.</s>
  </p>
  <p id="5">
    <s id="14">The second issue is terrorism.</s>
    <s id="15">The US authorities are worried that American citizens who have been fighting with the Islamic State and Al Qaeda in the Middle East will return home to commit terrorist acts.</s>
    <s id="16">India has experienced horrific acts of terrorism on its own territory.</s>
    <s id="17">Continued cooperation between the US and Indian intelligence agencies can help both countries prevent future incidents.</s>
  </p>
  <p id="6">
    <s id="18">Terrorism includes not just physical violence, but also assaults in cyberspace.</s>
    <s id="19">China, Russia, and Iran have been the source of frequent cyber attacks on banks, companies, and government agencies;</s>
    <s id="20">North Korea, the US alleges, was behind the recent breach of Sony Pictures’ computers.</s>
    <s id="21">Though Obama presented evidence to Chinese President Xi Jinping of technology theft by hackers based in China, the Chinese authorities continue to deny it.</s>
    <s id="22">More recently, Russia and others have been planting malware in the control systems of the US power grid and other sensitive networks.</s>
  </p>
  <p id="7">
    <s id="23">Looking ahead, the US worries about cyber attacks by non-state actors like the Islamic State and Al Qaeda.</s>
    <s id="24">Although these groups’ members may lack the sophistication to commit such acts, they may try to hire individuals with the necessary skills.</s>
    <s id="25">India has a large number of talented computer engineers, including some who might be sympathetic to the Islamist cause.</s>
    <s id="26">The US and India could both benefit from cooperating to prevent and disrupt such recruitment efforts.</s>
  </p>
  <p id="8">
    <s id="27">The third issue on Obama’s mind is bound to be China’s asserted goal of dominating Asia and excluding the US from the region.</s>
    <s id="28">Chinese hegemonic ambition runs counter to India’s strategic interests as well – reason enough for Modi’s eagerness to strengthen his country’s relations with its neighbors as well as with the US.</s>
    <s id="29">Obama has already made it clear that the US understands that Modi’s willingness to cooperate with Russia, despite Western sanctions imposed on the country, stems from India’s desire to discourage a Sino-Russian alliance against it.</s>
  </p>
  <p id="9">
    <s id="30">Modi won a landslide victory in an election that reflected the Indian public’s disappointment with the policies and performance of the previous government, led by the Indian National Congress.</s>
    <s id="31">Though India had experienced annual real GDP growth of more than 8% for several years, growth has slowed since 2010, to less than 5% in 2013, owing to a populist shift in policies dictated by Congress party leader Sonia Gandhi.</s>
  </p>
  <p id="10">
    <s id="32">By contrast, the Modi government plans to pursue a pro-growth agenda that includes reducing bureaucratic delays, increasing infrastructure investment, stimulating manufacturing activity, and shifting to a simpler unified tax system.</s>
    <s id="33">Modi’s agenda also evidently includes an active foreign policy – as it should.</s>
  </p>
  <p id="11">
    <s id="34">Cultivating India as a reliable partner in the global economy and in international affairs is a high priority for the US as well.</s>
    <s id="35">Obama’s visit to India can help to realize that relationship’s potential.</s>
  </p>
</document>
