<?xml version="1.0" encoding="utf-8"?>
<document>
  <HEADLINE>
    <s id="1">Rewriting the Future of Work</s>
  </HEADLINE>
  <p id="1">
    <s id="2">TORONTO – Much has been written about the “future of work,” and much of it makes for gloomy reading.</s>
    <s id="3">Study after study predicts that automation will upend entire industries and leave millions unemployed.</s>
    <s id="4">A 2013 paper by two Oxford professors even suggested that machines could replace 47% of jobs in the United States within “a decade or two.”</s>
  </p>
  <p id="2">
    <s id="5">Following its targeted killing of Iran's second most powerful leader, the US could well find itself with no alternative but to devote more military resources to the Middle East, a path that could lead to additional Iranian provocations.</s>
    <s id="6">And that shift would occur at a time of growing challenges to US interests elsewhere in the world.</s>
  </p>
  <p id="3">
    <s id="7">The targeted killing by the United States of one of Iran's top military leaders represents a significant symbolic defeat for the Iranian regime, but it does not augur all-out war.</s>
    <s id="8">After all, Iran and the US have already been at war for decades, and neither side has an interest in an uncontrolled military escalation now.</s>
  </p>
  <p id="4">
    <s id="9">As in previous years, Project Syndicate asked its commentators to offer their best guesses about the events and trends that will define the coming 12 months.</s>
    <s id="10">If there is one common theme in this year's selection, it is that what happens in 2020 will weigh on the present for many years to come.</s>
  </p>
  <p id="5">
    <s id="11">Conclusions like these sustain the narrative that the future will inevitably be jobless.</s>
    <s id="12">And yet this view is favored primarily by the corporate sector and supported by negative trends in the so-called gig economy; workers and trade unions have played little role in the conversation.</s>
    <s id="13">If that were to change, the future of work could look very different.</s>
  </p>
  <p id="6">
    <s id="14">Three common assumptions skew forecasts of automation’s impact on employment.</s>
    <s id="15">Addressing each is essential to protect workers’ rights and change the fatalistic storyline of the prevailing narrative.</s>
  </p>
  <p id="7">
    <s id="16">The first assumption is that fully automated jobs will displace workers in the near future.</s>
    <s id="17">This view is little more than conjecture, and even those using the same data can draw different conclusions.</s>
    <s id="18">For example, a 2017 McKinsey study, drawing on similar datasets as the 2013 Oxford research, found that only 5% of jobs in the US could be fully automated, but that about 60% of American jobs could be partly automated.</s>
    <s id="19">In other words, automation does not mean that human work must disappear, only that it could become more productive.</s>
  </p>
  <p id="8">
    <s id="20">If anything, current trends underscore why it is important to democratize how technology is built into business processes.</s>
    <s id="21">When major corporations introduce innovations to speed up production – like handsets to time warehouse workers in Amazon’s facilities – the unintended consequence can be a decline in productivity.</s>
    <s id="22">For many workers, the way that technology is adopted may be more relevant than the technology itself.</s>
  </p>
  <p id="9">
    <s id="23">The second assumption is that automation will not benefit most workers.</s>
    <s id="24">But people and politics – not machines – will determine how workers fare.</s>
    <s id="25">If we accept the view that technology will increase overall productivity (a point that remains disputed given the low levels of productivity growth in OECD countries during the last decade), then workers and political leaders could focus on advocating for a better work-life balance.</s>
    <s id="26">The fight for an eight-hour workday was waged more than a century ago, and the spaces created by the current discussion allow for negotiating a shorter working week.</s>
    <s id="27">Some unions are already doing this; more should follow.</s>
  </p>
  <p id="10">
    <s id="28">Finally, despite the hype, automation is not the most pressing issue for labor.</s>
    <s id="29">Technology can be disruptive, but the biggest concerns for workers today are the ones they feel most directly: underemployment, precarious employment, and stagnant wages.</s>
    <s id="30">According to the International Labor Organization’s 2018 “World Employment Social Outlook,” 1.4 billion people worldwide are in “vulnerable forms of employment” in the informal sector, compared to 192 million who are unemployed.</s>
  </p>
  <p id="11">
    <s id="31">To be sure, today’s new technologies are affecting workers in adverse ways.</s>
    <s id="32">That has always been true, and people will continue to be displaced from one economic sector to another.</s>
    <s id="33">But while technological innovation creates new opportunities, today’s gig economy, in particular, reflects how it can also weaken employees’ rights and increase economic insecurity.</s>
    <s id="34">Workers’ fears are real, which is why the labor movement has been fighting to defend workers in vulnerable situations.</s>
    <s id="35">Expanding the concept of Just Transition, currently used in climate-related dislocations, to technology-related disruptions would be a valuable innovation for ensuring that automation leaves no one behind.</s>
  </p>
  <p id="12">
    <s id="36">But we should not accept the anxious narrative of a workless world.</s>
    <s id="37">Technology and economic development are contested fields, and unions should focus on improving workplace conditions, organizing workers in new industries, and challenging the authoritarian business models that give employees little say over how their companies function.</s>
  </p>
  <p id="13">
    <s id="38">Positive signs are emerging.</s>
    <s id="39">Labor organizing is growing in the services sector.</s>
    <s id="40">Employees are lobbying for better pay in some of the world’s largest corporations.</s>
    <s id="41">And workers in the US are demanding – and often receiving – a living wage.</s>
    <s id="42">The next step is to ensure that the effects of automation feature more prominently in union organizing.</s>
    <s id="43">The future of work is not predetermined; the story is still being written.</s>
    <s id="44">The most important question, as always, is who gets to wield the pen.</s>
  </p>
</document>
