<?xml version="1.0" encoding="utf-8"?>
<document>
  <HEADLINE>
    <s id="1">Selling Africa’s Good News Stories</s>
  </HEADLINE>
  <p id="1">
    <s id="2">LAGOS – Anywhere in the world, freelance journalism is an extreme career choice.</s>
    <s id="3">The job requires withstanding pitch rejections, ignored queries, stolen story ideas, and delayed payments.</s>
    <s id="4">It means reconciling oneself with the economic precarity that comes with having little or no leverage in pay negotiations.</s>
    <s id="5">But for African freelance journalists, covering the continent presents its own set of unique challenges.</s>
  </p>
  <p id="2">
    <s id="6">Following its targeted killing of Iran's second most powerful leader, the US could well find itself with no alternative but to devote more military resources to the Middle East, a path that could lead to additional Iranian provocations.</s>
    <s id="7">And that shift would occur at a time of growing challenges to US interests elsewhere in the world.</s>
  </p>
  <p id="3">
    <s id="8">The targeted killing by the United States of one of Iran's top military leaders represents a significant symbolic defeat for the Iranian regime, but it does not augur all-out war.</s>
    <s id="9">After all, Iran and the US have already been at war for decades, and neither side has an interest in an uncontrolled military escalation now.</s>
  </p>
  <p id="4">
    <s id="10">As in previous years, Project Syndicate asked its commentators to offer their best guesses about the events and trends that will define the coming 12 months.</s>
    <s id="11">If there is one common theme in this year's selection, it is that what happens in 2020 will weigh on the present for many years to come.</s>
  </p>
  <p id="5">
    <s id="12">In Nigeria, for example, most media companies need diligent editors, seldom publish incisive features and analysis, and struggle to compensate their staff due to lack of funding.</s>
    <s id="13">Kenyan media entrepreneur and former CNN anchor Zain Verjee recently bemoaned the reluctance of African billionaires and governments to fund and implement policies that support African media startups, even though they bridle at often jaundiced Western media coverage.</s>
    <s id="14">And, where positive coverage can be bought and sold, and journalism is viewed as glorified public relations, African freelancers can only dream of proper remuneration.</s>
  </p>
  <p id="6">
    <s id="15">Consider a recent 800-word article I wrote for one of the country’s largest newspapers; it ran barely edited and earned me a paltry 10,000 naira (about $30).</s>
    <s id="16">And that was after I haggled with the editor to bump it up from 5,000 naira.</s>
    <s id="17">A story of similar length would earn me $200 or more from a publication in the West.</s>
    <s id="18">Perhaps it is no surprise, then, that many Nigerian freelancers – including me – gravitate toward Western media.</s>
  </p>
  <p id="7">
    <s id="19">But that leads to other problems, such as an over-emphasis on crises, strife, and other issues viewed as relevant to Western audiences.</s>
    <s id="20">I’ve experienced this firsthand.</s>
    <s id="21">I once pitched a story about a Nigerian Paralympian to a news website in the United States that frequently showcases African writers.</s>
    <s id="22">The editor rejected it because it was too “optimistic.”</s>
    <s id="23">On another occasion, a Western magazine tried to edit my initial draft to suggest that a refugee’s deceased parents were killed by armed militias when, in fact, her father’s death was undisclosed and her mother died from an illness.</s>
  </p>
  <p id="8">
    <s id="24">As Karen Rothmyer pointed out eight years ago in the Columbia Journalism Review, foreign media outlets seem beholden to the idea that Africa is in perpetual chaos.</s>
    <s id="25">Rothmyer, who lived in Kenya for several years, traced the endless stream of bad news to nongovernmental organizations’ use of data to justify their existence, which in turn shaped Western reporters’ “frames of reference” before they even arrived on the continent.</s>
    <s id="26">Eight years later, those reference points have not really changed.</s>
  </p>
  <p id="9">
    <s id="27">This penchant to accentuate the negative does more than reduce Africa to stereotypes; it also feeds the one-dimensional narrative of Africa as a war-torn, disease-ridden, poverty-stricken hellscape where all hope dies.</s>
    <s id="28">This inclination to fit people and events into simple plot lines leads to what Nigerian author Chimamanda Ngozi Adichie calls the “danger of a single story.”</s>
    <s id="29">A limited viewpoint, repeatedly promulgated, comes to frame all coverage and emerges as the only truth.</s>
  </p>
  <p id="10">
    <s id="30">And yet, editorial bias is not the only challenge for African freelance journalists.</s>
    <s id="31">Another common problem is relegation to co-author or “fixer” status when assisting Western media.</s>
    <s id="32">Nigerian photojournalist Fati Abubakar, who is often a source for foreign reporters writing about Northern Nigeria, describes the current situation as “a brain-drain sort of relationship,” and says her consulting services should be compensated but rarely are.</s>
    <s id="33">Changing this would obviously benefit local journalists and help foreign media avoid embarrassing and dangerous cultural faux pas, like revealing the identities of assault victims or photographing dead bodies.</s>
  </p>
  <p id="11">
    <s id="34">Then there is the issue of the pay discrepancy between African and Western journalists.</s>
    <s id="35">Many publications expect local hires to charge less than their foreign counterparts.</s>
    <s id="36">When Abubakar was just starting out, she accepted whatever was offered.</s>
    <s id="37">Now, as an established and sought-after photographer, she is able to turn down work that pays too little.</s>
    <s id="38">But most freelance journalists in Africa are not so lucky, which leaves many vulnerable to the whims of commissioning editors.</s>
  </p>
  <p id="12">
    <s id="39">International coverage of Africa can sometimes feel patronizing, either from a lack of local knowledge or because of sheer laziness.</s>
    <s id="40">A recent photo essay in The New Yorker about some of Nigeria’s biggest Afrobeats musicians fell flat with Nigerians, with some criticizing its shallowness and the absence of quotes from the included artists.</s>
    <s id="41">Hiring a well-versed Nigerian music critic (yes, they exist) would almost certainly have resulted in a deeper and more compelling feature.</s>
  </p>
  <p id="13">
    <s id="42">Aside from commissioning African journalists to provide insight – which is the minimum we should expect – Western publications could improve their Africa coverage by surveying the views of contributing freelancers.</s>
    <s id="43">It would also be beneficial for foreign media outlets to staff dedicated and robust Africa “desks” with local journalists and hire African editors who have the nuance and experience to identify topics and frame coverage in ways that best serve readers.</s>
  </p>
  <p id="14">
    <s id="44">But, above all, African governments and philanthropic organizations need to assist African media startups, and media companies must pay journalists better, properly train their editorial staff, and resist the temptation to accept money for coverage.</s>
    <s id="45">Only then will African stories be given the attention they deserve, and be told by journalists who are unencumbered by the skewed preferences of Western audiences and media.</s>
  </p>
</document>
