<?xml version="1.0" encoding="utf-8"?>
<document>
  <HEADLINE>
    <s id="1">Pakistan’s Moral-Hazard Economy</s>
  </HEADLINE>
  <p id="1">
    <s id="2">LAHORE – Hillary Clinton’s just-concluded visit to Islamabad – for the second session of the strategic dialogue that she and her Pakistani counterpart, Shah Mehmood Qureshi, launched in Washington earlier this year – brought some comfort to her hosts.</s>
    <s id="3">The United States promised to provide $500 million of funding for several “highly visible” projects in Pakistan.</s>
    <s id="4">This was to be part of the $1.5 billion allocated to Pakistan in legislation signed by President Barack Obama last year.</s>
  </p>
  <p id="2">
    <s id="5">The day before Clinton arrived in Islamabad, the Friends of Democratic Pakistan met there.</s>
    <s id="6">An earlier meeting of the group was chaired by Obama on the sidelines of the United Nations General Assembly session in New York last year.</s>
    <s id="7">It was attended by then-Prime Minister Gordon Brown of Britain, the heads of the World Bank and the International Monetary Fund, and government ministers from several countries.</s>
    <s id="8">At the Islamabad meeting, the FDP agreed to provide finance for Pakistan’s energy-development program, and requested proposals from the Pakistanis for the development of other sectors considered vital for the economy.</s>
  </p>
  <p id="3">
    <s id="9">A few days before that, President Asif Ali Zardari paid his fifth visit to Beijing since taking office in August 2008 – this one a state visit – and received pledges of support for developing nuclear power and constructing a railway line over the Karakoram mountain range, linking the two countries.</s>
    <s id="10">This would facilitate western China’s access to the sea, via the Pakistani port of Gwadar.</s>
  </p>
  <p id="4">
    <s id="11">These promises and pledges underscore Islamabad’s growing dependence on foreign assistance, which is not surprising, given that Pakistan’s tax-to-GDP ratio has declined to less than 9%, the lowest among the 22 largest emerging economies.</s>
    <s id="12">They also suggest the continuance of a sort of moral-hazard approach to economic management that ensures foreign help whenever the country drives itself to the edge of an abyss.</s>
  </p>
  <p id="5">
    <s id="13">Today, Pakistan is Asia’s worst-performing economy.</s>
    <s id="14">Its GDP growth rate of 3% is half that of Bangladesh and one-third that of India.</s>
    <s id="15">And, while there is a good chance that this latest infusion of foreign money will help the country to pull out of a deep economic crisis, it will simply be history repeating itself.</s>
    <s id="16">Pakistan does well when it receives large flows of foreign assistance, as in the 1960’s, during President Ayub Khan’s term in power, the 1980’s, when General Zia-ul-Haq ran the country, or the early 2000’s, when General Pervez Musharraf was in charge.</s>
  </p>
  <p id="6">
    <s id="17">During these three periods of military rule, the country was able to align itself quickly with the US.</s>
    <s id="18">In the 1960’s, America wanted Pakistan to be on its side as it sought to contain the spread of communism in Asia.</s>
    <s id="19">In the 1980’s, the US wanted Pakistan to help it force the Soviet Union out of Afghanistan.</s>
    <s id="20">After the terrorist attacks of September 11, 2001, the US wanted Pakistan to help end Taliban rule in Afghanistan.</s>
  </p>
  <p id="7">
    <s id="21">Now, for the first time, the US is providing large amounts of assistance to a democratic government.</s>
    <s id="22">Will this relationship help Pakistan get off the economic rollercoaster it has been riding for the last half-century?</s>
  </p>
  <p id="8">
    <s id="23">To ensure that its economy’s performance is no longer dictated by the availability of foreign aid, Pakistan must undertake some fundamental restructuring.</s>
    <s id="24">If carried out by a representative government, such economic reforms have a better chance of being sustained.</s>
    <s id="25">On the other hand, there is no assurance that the right policies would be maintained if power once again passed to a military ruler.</s>
  </p>
  <p id="9">
    <s id="26">The foreign governments that are currently engaging Pakistan should encourage its leaders to move forward on at least two related fronts: trade and better relations with India are crucial.</s>
  </p>
  <p id="10">
    <s id="27">At independence more than 60 years ago, Pakistan had a larger trade-to-GDP ratio, owing in part to trade with India.</s>
    <s id="28">That came to a sudden stop in 1949, as a result of the first of many trade wars that the two countries have fought.</s>
  </p>
  <p id="11">
    <s id="29">Before 1949, India absorbed roughly 60% of Pakistan’s exports and accounted for 70% of its imports.</s>
    <s id="30">Nowadays, India accounts for less than 5% of Pakistan’s total trade turnover.</s>
  </p>
  <p id="12">
    <s id="31">This is contrary to what would be predicted by the so-called gravity model of trade, which is based on both the size of the trading partner and its distance.</s>
    <s id="32">According to this model, China and India, not the US, should be Pakistan’s largest trading partners.</s>
    <s id="33">Thus, Pakistan should not devote so much of its energy to improving its access to the US textile market, as it now does.</s>
    <s id="34">Indeed, given competition from low-wage economies such as Bangladesh and Cambodia, Pakistan should abandon its focus on textiles altogether and expend much greater effort to develop its knowledge-based industries.</s>
  </p>
  <p id="13">
    <s id="35">Another area of emphasis for donor dialogue with Pakistan is governance – not just reducing and controlling corruption, but also bringing policymaking closer to the people.</s>
    <s id="36">Long stretches of military rule, with its emphasis on command and control, has left policymaking in Pakistan highly centralized.</s>
    <s id="37">More power needs to be devolved to the provinces.</s>
  </p>
  <p id="14">
    <s id="38">Today’s democratic government has taken a step in this direction by amending Pakistan’s constitution.</s>
    <s id="39">The country’s “friends” should encourage this effort, perhaps by requiring that the country’s provinces be given a voice in their dialogue with Zardari’s government.</s>
  </p>
  <p id="15">
    <s id="40">Foreign donors must insist that Pakistan reform its economy in order to escape the moral hazard implied by continued dependence on aid flows.</s>
    <s id="41">But that outcome is much more likely if democracy flourishes throughout the country.</s>
  </p>
</document>
