<?xml version="1.0" encoding="utf-8"?>
<document>
  <HEADLINE>
    <s id="1">Peace On All Fronts?</s>
  </HEADLINE>
  <p id="1">
    <s id="2">JERUSALEM – Not since the collapse of the Israeli-Palestinian peace talks during President Bill Clinton’s last days in the White House has the Middle East seen such a frenetic pace of peace diplomacy as it is seeing today.</s>
    <s id="3">A cease-fire has been brokered between Israel and Hamas in the Gaza Strip, Israel and Syria have started peace negotiations, and Israel has offered Lebanon a chance to resolve the issues that block a bilateral settlement.</s>
    <s id="4">Less dramatic perhaps, yet persistent nonetheless, are the peace talks between Israel and President Mahmoud Abbas’s Palestinian Authority.</s>
  </p>
  <p id="2">
    <s id="5">So is the Middle East at the gates of a lasting, comprehensive peace?</s>
    <s id="6">Not quite.</s>
  </p>
  <p id="3">
    <s id="7">Aside from the Annapolis talks, which seem to be going nowhere because of the parties’ irreconcilable differences over the core issues, all the other peace efforts are more tactical than strategic.</s>
    <s id="8">In none of them do the conditions yet exist for an immediate leap from war to peace, nor do the parties themselves expect that to happen.</s>
  </p>
  <p id="4">
    <s id="9">It would require bold statesmanship to turn the cease-fire with Hamas into a prelude to political talks.</s>
    <s id="10">Indeed, both Israel and the United States are adamant about excluding Hamas from the Annapolis process unless and until it recognizes Israel’s right to exist, while Hamas will not abandon its identity as a resistance movement merely to join negotiations that seem unlikely to satisfy the Palestinian people’s minimal requirements.</s>
  </p>
  <p id="5">
    <s id="11">For Israel, the cease-fire with Hamas reflects its reluctance to become mired in another asymmetric war like the one it fought in Lebanon two summers ago, this time in the alleys of Gaza’s refugee camps.</s>
    <s id="12">Ehud Olmert, an especially unpopular prime minister whose days leading the government are probably numbered, lacks the legitimacy to throw the country into another bloody war, which given conditions in Gaza would be both costly and inconclusive.</s>
    <s id="13">Israel’s leaders believe that the day of reckoning with Hamas will come only when the conditions for a major military showdown are riper.</s>
  </p>
  <p id="6">
    <s id="14">The Syrian track – requiring Israel’s withdrawal from the strategically vital Golan Heights and the evacuation of tens of thousand of settlers – is hampered not only by the Israeli leadership’s legitimacy deficit, but also by US opposition to the talks.</s>
    <s id="15">For the Syrians, the major objective in concluding peace with Israel is rapprochement with the US, but they will balk at the Americans’ demand that they stop flirting with terrorism as a precondition for talks.</s>
    <s id="16">In fact, it is doubtful that they will ever agree to this.</s>
    <s id="17">As Buthaina Shaaban, a Syrian minister, put it, “To demand that Syria forsake Hamas and Hezbollah is like demanding that the United States forsake Israel.”</s>
  </p>
  <p id="7">
    <s id="18">The US has been absent from Middle East peacemaking for too long.</s>
    <s id="19">Indeed, for the first time in the history of its special relationship with Israel, America is not speaking to Israel’s enemies, be they Syria, Iran, Hamas, or Hezbollah.</s>
    <s id="20">As a result, Israel, embattled and facing a gathering storm of regional threats, had to find its own way to talk, without the diplomatic assistance of its big brother.</s>
  </p>
  <p id="8">
    <s id="21">The demarche with Lebanon, to which US Secretary of State Condoleezza Rice devoted most of her recent surprise visit to Beirut, has much to do with America’s desperate attempt to revive its role as the main regional peace broker.</s>
    <s id="22">After all, it was tiny Qatar that brokered Lebanon’s domestic settlement, Egypt that mediated the Gaza cease-fire, and Turkey that is facilitating the Israeli-Syrian talks.</s>
    <s id="23">Israel’s shift in policy towards Syria, and that of French President Nicolas Sarkozy, was a powerful message to the Americans that they should not miss the Lebanese train as well.</s>
  </p>
  <p id="9">
    <s id="24">But America’s dwindling leverage cannot match the influence of the region’s “axis of evil.”</s>
    <s id="25">Lebanon is too vulnerable to pressure from Syria and Iran, neither of which wants to see their local clients relieve the Israelis of the burden of a “Lebanese front” before their own grievances are addressed.</s>
    <s id="26">Nor is Hezbollah keen to see the end of Israel’s occupation of the Sheba Farms on the Lebanon border undermine its claim to the formidable independent military force that it has built with Iranian and Syrian help.</s>
  </p>
  <p id="10">
    <s id="27">Tactical moves, however, can always develop into strategic shifts.</s>
    <s id="28">The Gaza cease-fire should be allowed to facilitate reconciliation between Fatah and Hamas, which would make the Annapolis process more legitimate and inclusive.</s>
    <s id="29">It was none other than the Hamas spokesman in Gaza, Salah al-Bardawil, who defined the cease-fire as “a historic opportunity for all the sides involved to live in peace, and to build a future for the next generations.”</s>
  </p>
  <p id="11">
    <s id="30">Nor are the other peace tracks – Lebanon, Syria, and maybe also Iran – doomed to permanent failure.</s>
    <s id="31">But their success, so urgently needed to save the region from the politics of Doomsday, will have to wait for a new US administration to inject into them the necessary balance of realism and idealism, military power tempered by a genuine commitment to diplomacy.</s>
  </p>
</document>
