<?xml version="1.0" encoding="utf-8"?>
<document>
  <HEADLINE>
    <s id="1">Perfect Losers</s>
  </HEADLINE>
  <p id="1">
    <s id="2">LONDON – Economics, it seems, has very little to tell us about the current economic crisis.</s>
    <s id="3">Indeed, no less a figure than former United States Federal Reserve Chairman Alan Greenspan recently confessed that his entire “intellectual edifice” had been “demolished” by recent events.</s>
  </p>
  <p id="2">
    <s id="4">Scratch around the rubble, however, and one can come up with useful fragments.</s>
    <s id="5">One of them is called “asymmetric information.”</s>
    <s id="6">This means that some people know more about some things than other people.</s>
    <s id="7">Not a very startling insight, perhaps.</s>
    <s id="8">But apply it to buyers and sellers.</s>
    <s id="9">Suppose the seller of a product knows more about its quality than the buyer does, or vice versa.</s>
    <s id="10">Interesting things happen – so interesting that the inventors of this idea received Nobel Prizes in economics.</s>
  </p>
  <p id="3">
    <s id="11">In 1970, George Akerlof published a famous paper called “The Market for Lemons.”</s>
    <s id="12">His main example was a used-car market.</s>
    <s id="13">The buyer doesn’t know whether what is being offered is a good car or a “lemon.”</s>
    <s id="14">His best guess is that it is a car of average quality, for which he will pay only the average price.</s>
    <s id="15">Because the owner won’t be able to get a good price for a good car, he won’t place good cars on the market.</s>
    <s id="16">So the average quality of used cars offered for sale will go down.</s>
    <s id="17">The lemons squeeze out the oranges.</s>
  </p>
  <p id="4">
    <s id="18">Another well-known example concerns insurance.</s>
    <s id="19">This time it is the buyer who knows more than the seller, since the buyer knows his risk behavior, physical health, and so on.</s>
    <s id="20">The insurer faces “adverse selection,” because he cannot distinguish between good and bad risks.</s>
    <s id="21">He therefore sets an average premium too high for healthy contributors and too low for unhealthy ones.</s>
    <s id="22">This will drive out the healthy contributors, saddling the insurer with a portfolio of bad risks – the quick road to bankruptcy.</s>
  </p>
  <p id="5">
    <s id="23">There are various ways to “equalize” the information available – for example, warranties for used cars and medical certificates for insurance.</s>
    <s id="24">But, since these devices cost money, asymmetric information always leads to worse results than would otherwise occur.</s>
  </p>
  <p id="6">
    <s id="25">All of this is relevant to financial markets because the “efficient market hypothesis” – the dominant paradigm in finance – assumes that everyone has perfect information, and therefore that all prices express the real value of goods for sale.</s>
    <s id="26">But any finance professional will tell you that some know more than others, and they earn more, too.</s>
    <s id="27">Information is king.</s>
    <s id="28">But just as in used-car and insurance markets, asymmetric information in finance leads to trouble.</s>
  </p>
  <p id="7">
    <s id="29">A typical “adverse selection” problem arises when banks can’t tell the difference between a good and bad investment – a situation analogous to the insurance market.</s>
    <s id="30">The borrower knows the risk is high, but tells the lender it is low.</s>
    <s id="31">The lender who can’t judge the risk goes for investments that promise higher yields.</s>
    <s id="32">This particular model predicts that banks will over-invest in high-risk, high-yield projects, i.e., asymmetric information lets toxic loans onto the credit market.</s>
    <s id="33">Other models use principal/agent behavior to explain “momentum” (herd behavior) in financial markets.</s>
  </p>
  <p id="8">
    <s id="34">Although designed before the current crisis, these models seem to fit current observations rather well: banks lending to entrepreneurs who could never repay, and asset prices changing even if there were no changes in conditions.</s>
  </p>
  <p id="9">
    <s id="35">But a moment’s thought will show why these models cannot explain today’s general crisis.</s>
    <s id="36">They rely on someone getting the better of someone else: the better informed gain – at least in the short-term – at the expense of the worse informed.</s>
    <s id="37">In fact, they are in the nature of swindles.</s>
    <s id="38">So these models cannot explain a situation in which everyone, or almost everyone, is losing – or, for that matter, winning – at the same time.</s>
  </p>
  <p id="10">
    <s id="39">The theorists of asymmetric information occupy a deviant branch of mainstream economics.</s>
    <s id="40">They agree with the mainstream that there is perfect information available somewhere out there, including perfect knowledge about how the different parts of the economy fit together.</s>
    <s id="41">They differ only in believing that not everyone possesses it.</s>
    <s id="42">In Akerlof’s example, the problem with selling a used car at an efficient price is not that no one knows how likely it is to break down, but rather that the seller knows perfectly well how likely it is to break down, and the buyer does not.</s>
  </p>
  <p id="11">
    <s id="43">And yet the true problem is that, in the real world, no one is perfectly informed.</s>
    <s id="44">Those who have better information try to deceive those who have worse; but they are deceiving themselves that they know more than they do.</s>
    <s id="45">If only one person were perfectly informed, there could never be a crisis – someone would always make the right calls at the right time.</s>
    <s id="46">But only God is perfectly informed, and He does not play the stock market.</s>
  </p>
  <p id="12">
    <s id="47">“The outstanding fact,” John Maynard Keynes wrote in his General Theory of Employment, Interest, and Money , “is the extreme precariousness of the basis of knowledge on which our estimates of prospective yield have to be made.”</s>
    <s id="48">There is no perfect knowledge “out there” about the correct value of assets, because there is no way we can tell what the future will be like.</s>
  </p>
  <p id="13">
    <s id="49">Rather than dealing with asymmetric information, we are dealing with different degrees of no information.</s>
    <s id="50">Herd behavior arises, Keynes thought, not from attempts to deceive, but from the fact that, in the face of the unknown, we seek safety in numbers.</s>
    <s id="51">Economics, in other words, must start from the premise of imperfect rather than perfect knowledge.</s>
    <s id="52">It may then get nearer to explaining why we are where we are today.</s>
  </p>
</document>
