<?xml version="1.0" encoding="utf-8"?>
<document>
  <HEADLINE>
    <s id="1">The Case for Better Government</s>
  </HEADLINE>
  <p id="1">
    <s id="2">LONDON – A recent survey by the World Economic Forum’s Network of Global Agenda Councils rated government lower than either business or media in its ability to respond to global challenges.</s>
    <s id="3">On one level, this is understandable, given the plethora of challenges that governments face and the lack of long-term solutions to many problems that demand one.</s>
    <s id="4">But, on another level, the attempt to rate government alongside business and the media is fundamentally misguided: no sector operates at the scale of responsibility, accountability, and expectation that governments do.</s>
  </p>
  <p id="2">
    <s id="5">Business decides for itself where to invest and grow.</s>
    <s id="6">Media indulge themselves in a fast-moving news cycle.</s>
    <s id="7">Government enjoys neither luxury.</s>
    <s id="8">It cannot simply pack up and move on when it faces a loss or is bored with a story.</s>
    <s id="9">Government must stay put – and must often clean up the messes left behind by those who do not.</s>
    <s id="10">On a good day, it may even get to make improvements.</s>
  </p>
  <p id="3">
    <s id="11">The problem for governments, more often than not, is that in attempting to respond to and reconcile often conflicting individual, family, and national needs, their ability to deliver results efficiently and effectively has declined.</s>
    <s id="12">As a result, trust in government has plummeted.</s>
  </p>
  <p id="4">
    <s id="13">Just before the WEF’s Summit on the Global Agenda in Abu Dhabi last month, I spent a week in India.</s>
    <s id="14">Most of the people with whom I spoke complained endlessly about government shortcomings.</s>
    <s id="15">Government at both the federal and state levels was invariably regarded as slow, indecisive, corrupt, unimaginative, and shortsighted – in general, worthless.</s>
  </p>
  <p id="5">
    <s id="16">It is easy for business to want government just to get out of the way, and for the media to point fingers and sensationalize events without much depth of analysis – or even, sometimes, grasp of reality.</s>
    <s id="17">True, India may not be the best advertisement for democracy in some respects, given how hard it often seems there to make long-term decisions and implement them without being buffeted – and frequently derailed – by volatile public opinion and hard-nosed vested interests.</s>
  </p>
  <p id="6">
    <s id="18">But the alternative – rule not by law but by dictatorship – is a far nastier prospect.</s>
    <s id="19">And there are not many problems in India’s governance that state funding of politics could not solve.</s>
    <s id="20">After all, when serving a vast democracy requires non-stop electioneering, and politicians are thus dependent on financial donations, governance is bound to go awry.</s>
  </p>
  <p id="7">
    <s id="21">Governments’ ability to respond to global challenges is a more general problem.</s>
    <s id="22">Globalization – the breaking down of national boundaries and the integration of economies across continents – has resulted in burgeoning demands on governments at the same time that their ability to provide answers has been reduced.</s>
    <s id="23">In other words, demand for government is exceeding supply.</s>
  </p>
  <p id="8">
    <s id="24">Globalization has made many people feel more insecure and in need of government support to cope with the pressures on their livelihoods and quality of life.</s>
    <s id="25">But most of the policy responses needed to meet people’s demand for greater security are beyond the scope and reach of national governments, especially when these governments are trying to cope on their own.</s>
  </p>
  <p id="9">
    <s id="26">That is why, long ago, European countries saw the sense in pooling their weight and reach through the European Union.</s>
    <s id="27">Imperfect as the EU is, it still represents the best response to globalization yet seen among any extended group of countries.</s>
    <s id="28">Governments working together are better than governments working separately – or, worse, against one another.</s>
  </p>
  <p id="10">
    <s id="29">We live in an increasingly multipolar world, in which major emerging economies and their populous societies are transforming the international landscape.</s>
    <s id="30">But, at the same time, multilateral frameworks are in decline, undermining the ability to bring sense and coherence to this world.</s>
  </p>
  <p id="11">
    <s id="31">Consider the international trading system and its centerpiece, the World Trade Organization.</s>
    <s id="32">Since the demise of the Doha Round, the WTO’s standing as a multilateral negotiating forum has declined sharply, salvaged in part by the recent agreement in Bali.</s>
    <s id="33">It will be essential, after Bali, to reflect seriously on the next phase for the WTO and its role in the international trading system.</s>
    <s id="34">The major international financial institutions – the International Monetary Fund, the World Bank, the European Bank for Reconstruction and Development, and the regional development banks – are having to work hard to make themselves fit for the twenty-first century.</s>
    <s id="35">The authority of the United Nations has frayed.</s>
  </p>
  <p id="12">
    <s id="36">Until we reverse the trend of declining multilateralism, governments’ ability to respond to global challenges will not improve.</s>
    <s id="37">Business can moan and the media can carp, but the answer to many of the world’s great problems is more – or at least better – government, not less.</s>
    <s id="38">A better supply of government meeting the flow of demands.</s>
  </p>
  <p id="13">
    <s id="39">Ronald Reagan famously insisted that, “government is not the solution to our problem; government is the problem.”</s>
    <s id="40">Today we know better: If government is not part of the solution, our problems will only get bigger.</s>
  </p>
</document>
