<?xml version="1.0" encoding="utf-8"?>
<document>
  <HEADLINE>
    <s id="1">Politics And Theatre</s>
  </HEADLINE>
  <p id="1">
    <s id="2">In March 1997, while serving as President of the Czech Republic, Václav Havel – who died on December 18th -- offered the following assessment of the intersection of politics and playwriting in his life.</s>
  </p>
  <p id="2">
    <s id="3">PRAGUE – I recently read an article entitled “Politics as Theatre,” a critique of all that I have tried to do in politics.</s>
    <s id="4">It argued that in politics, there is no place for a realm as superfluous as theatre.</s>
    <s id="5">To be sure, in the early months of my presidency, some of my ideas demonstrated more theatrical flair than political foresight.</s>
    <s id="6">But the author erred in one fundamental issue: he misunderstood both the meaning of theatre and a crucial dimension of politics.</s>
  </p>
  <p id="3">
    <s id="7">Aristotle once wrote that every drama or tragedy requires a beginning, a middle, and an end, with antecedent following precedent.</s>
    <s id="8">The world, experienced as a structured environment, includes Aristotle’s inherent dramatic dimension, and theatre is an expression of our desire for a concise way of grasping this essential element.</s>
    <s id="9">A play of no more than two hours always presents, or is meant to present, a picture of the world and an attempt to say something about it.</s>
  </p>
  <p id="4">
    <s id="10">One definition of politics holds that it is the conduct, concern for, and administration of public affairs.</s>
    <s id="11">Obviously, concern for public affairs means concern for humanity and the world, which requires a recognition of humanity’s self-awareness in the world.</s>
    <s id="12">I do not see how a politician can achieve this without recognizing drama as an inherent aspect of the world as seen by human beings, and thus as a fundamental tool of human communication.</s>
  </p>
  <p id="5">
    <s id="13">Politics without a beginning, a middle, and an end, without exposition and catharsis, without gradation and suggestiveness, without the transcendence that develops a real drama, with real people, into a testimony about the world is, in my opinion, a neutered, one-legged, toothless politics.</s>
  </p>
  <p id="6">
    <s id="14">I am not always successful in practicing what I preach, but I work for a politics that knows that it matters what comes first and what follows, a politics that acknowledges that all things have a proper sequence and order.</s>
    <s id="15">Above all, it is a politics that realizes that citizens – without theorizing, as I am now – know perfectly well whether political actions have direction, structure, a logic in time and space, or whether they lack these qualities and are merely haphazard responses to circumstances.</s>
  </p>
  <p id="7">
    <s id="16">On a limited stage, within limited time, and with limited figures or props, theatre says something about the world, about history, about human existence.</s>
    <s id="17">It explores the world in order to influence it.</s>
    <s id="18">Theatre is always both symbol and abbreviation.</s>
    <s id="19">In theatre, the wealth and complexity of being are compressed into a simplified code that attempts to extract what is most essential from the substance of the universe and to convey this to its audience.</s>
    <s id="20">This, in fact, is what thinking creatures do every day.</s>
    <s id="21">Theatre is simply one of the many ways of expressing the human ability to generalize and comprehend the invisible order of things.</s>
  </p>
  <p id="8">
    <s id="22">Theatre, too, possesses a special ability to allude to and convey multiple meanings.</s>
    <s id="23">Action shown on stage always radiates a broader message, without necessarily being expressed in words.</s>
    <s id="24">It is a fragment of life organized in a way meant to say something about life as a whole.</s>
    <s id="25">The collective nature of a theatrical experience is no less important: theatre always presupposes the presence of a community – actors and audience – who experience it together.</s>
  </p>
  <p id="9">
    <s id="26">All these qualities have counterparts in politics.</s>
    <s id="27">A friend once said that politics is “the sum of all things concentrated.”</s>
    <s id="28">It encompasses law, economics, philosophy, and psychology.</s>
    <s id="29">Inevitably, politics is theatre as well – theatre as a system of symbols addressing us as a whole, as individuals, and as members of a community, and testifying through the specific event in which it is embodied, to the great happenings of life and the world, enhancing our imagination and sensibilities.</s>
    <s id="30">I cannot imagine a successful politics without an awareness of these things.</s>
  </p>
  <p id="10">
    <s id="31">The symbols that politics employs are by nature theatrical.</s>
    <s id="32">National anthems, flags, decorations, holidays, do not mean much of themselves, but the meanings that they evoke are instruments of a society’s self-understanding, tools for creating awareness of social identity and continuity.</s>
    <s id="33">Politics is also charged with symbols in other, less visible respects.</s>
    <s id="34">When Germany's President came to Prague, shortly after our Velvet Revolution, on March 15, 1990 (the 51st anniversary of the Nazi occupation of the Czech lands), he did not have to say much, because the fact of his visit on such a day spoke volumes.</s>
    <s id="35">It was equally auspicious when the French president and British prime minister arrived on an anniversary of the Munich Agreement.</s>
  </p>
  <p id="11">
    <s id="36">Symbolic political acts resemble theatre.</s>
    <s id="37">They, too, involve allusion, multiplicity of meaning, and suggestiveness.</s>
    <s id="38">They, too, portray an abridged reality, making an essential connection without being explicit.</s>
    <s id="39">And they, too, have a universally accepted ritual framework that stands the test of time.</s>
  </p>
  <p id="12">
    <s id="40">Even doubters cannot deny one aspect of theatricality in politics: the dependence of politics on media.</s>
    <s id="41">Many politicians would be helpless without coaches to teach them the techniques of performing in front of a camera.</s>
    <s id="42">All politicians, including those who sneer at theatre as superfluous, something that has no place in politics, unwittingly become actors, dramatists, directors, or entertainers.</s>
  </p>
  <p id="13">
    <s id="43">The significant role that a theatrical sensibility plays in politics is two-edged.</s>
    <s id="44">Those possessing it can arouse society to great deeds and nurture democratic culture, civic courage, and a sense of responsibility.</s>
    <s id="45">Such people can also mobilize the worst instincts and passions, make masses fanatical, and lead societies into hell.</s>
    <s id="46">Recall the gigantic Nazi congresses, torchlight processions, the inflammatory speeches by Hitler and Goebbels, and the cult of German mythology.</s>
    <s id="47">We could hardly find a more monstrous abuse of politics’ theatrical aspect.</s>
    <s id="48">And today – even in Europe – rulers use theatrical tools to arouse the kind of blind nationalism that leads to war, ethnic cleansing, concentration camps, and genocide.</s>
  </p>
  <p id="14">
    <s id="49">So where is the boundary between legitimate respect for national identity and symbols, and the devilish music of pied pipers, dark magicians, and mesmerizers?</s>
    <s id="50">Where do passionate speeches end and demagogy begin?</s>
    <s id="51">How can we recognize the point beyond which expression of the need for collective experience and integrating rituals becomes evil manipulation and an assault on human freedom?</s>
  </p>
  <p id="15">
    <s id="52">Here is where we see the huge difference between theatre as art and the theatrical dimension of politics.</s>
    <s id="53">A mad theatrical performance by a group of fanatics is part of cultural pluralism, and, as such, helps to expand the realm of freedom without posing a threat to anyone.</s>
    <s id="54">A mad performance by a fanatical politician can plunge millions into endless calamity.</s>
  </p>
  <p id="16">
    <s id="55">So the drama of politics demands not an audience, but a world of players.</s>
    <s id="56">In a theatre, our consciences are touched, but responsibility ends when the curtain falls.</s>
    <s id="57">The theatre of politics makes permanent demands on us all, as dramatists, actors, and audience – on our common sense, our moderation, our responsibility, our good taste, and our conscience.</s>
  </p>
</document>
