<?xml version="1.0" encoding="utf-8"?>
<document>
  <HEADLINE>
    <s id="1">Political Islam’s Loss of Democratic Legitimacy</s>
  </HEADLINE>
  <p id="1">
    <s id="2">DURHAM – This year, Islamist politics has faced massive setbacks in two major predominantly Muslim countries: Egypt and Turkey.</s>
    <s id="3">But it is too soon to write political Islam off as a capable participant – even a leading force – in a pluralist democracy.</s>
  </p>
  <p id="2">
    <s id="4">Just one year after the Muslim Brotherhood’s Mohamed Morsi became Egypt’s first elected president, millions of Egyptians took to the street, triggering the military coup that ousted him.</s>
    <s id="5">Morsi’s political incompetence and lack of vision in the face of economic collapse would have been enough to diminish support for his government.</s>
    <s id="6">But his rejection of pluralism and pursuit of an Islamic dictatorship, exemplified by his efforts to centralize power in the hands of the Brothers and place himself beyond the review of Egypt’s judiciary, proved to be his undoing.</s>
  </p>
  <p id="3">
    <s id="7">Similarly, Turkey’s Prime Minister Recep Tayyip Erdoğan, of the Justice and Development Party (AKP), has taken to governing in a way that is unraveling a decade of progress, one marked by economic dynamism, rapid growth, and the subordination of the armed forces to civilian control.</s>
    <s id="8">The Erdoğan government’s recent brutal crackdown on popular protests against planned construction in Istanbul’s Taksim Gezi Park made Turkey look like a one-party dictatorship.</s>
    <s id="9">To make things worse, Erdoğan then spent weeks subverting pluralism through polarizing speeches that stigmatized Turks who do not share his social conservatism or subscribe to his particular interpretation of Islam.</s>
  </p>
  <p id="4">
    <s id="10">Given that Egypt and Turkey are two of the three most populous countries of Islam’s historic core (the third is theocratic Iran), one might infer that their ongoing difficulties have destroyed any prospect of reconciling political Islam with pluralist democracy.</s>
    <s id="11">But the two countries’ situations include fundamental differences, as do political Islam’s prospects for renewal.</s>
  </p>
  <p id="5">
    <s id="12">In Egypt, the economic challenges are so dire, and traditions of consensual governance so shallow, that it may be impossible for any party to rule democratically in the foreseeable future, let alone the Muslim Brotherhood, which would have to reinvent itself completely.</s>
    <s id="13">And non-Islamists are even less likely to trust the hardline Salafist Nour Party – the Islamist party that participated in Morsi’s ouster – to uphold democratic principles.</s>
  </p>
  <p id="6">
    <s id="14">In contrast, Turkey’s AKP still stands a chance of re-legitimizing itself in the eyes of offended constituencies, because its retreat from pluralism is strongly identified with Erdoğan himself.</s>
    <s id="15">In fact, some AKP heavyweights, including Erdoğan’s longtime associate, President Abdullah Gül, believe that he badly mismanaged the recent protests.</s>
  </p>
  <p id="7">
    <s id="16">By replacing Erdoğan as party leader, the AKP could dissociate itself from his Islamization campaign and rehabilitate its potential as a democratic political force.</s>
    <s id="17">Many AKP constituencies are wary of cultural conflict, if only because it threatens their economic interests.</s>
    <s id="18">Hence, such a move would probably be enough to restore much of the AKP’s lost support and to calm opponents who fear that their personal freedoms will continue to erode under its governance.</s>
  </p>
  <p id="8">
    <s id="19">An opportunity to replace Erdoğan will arise next year, when Gül’s term expires.</s>
    <s id="20">Erdoğan wants to deny Gül a second term, taking his place under an amended constitution that would transfer full executive authority to the president.</s>
    <s id="21">By denying his wish, AKP parliamentarians would weaken Erdoğan’s standing, possibly enabling the party to push him aside.</s>
  </p>
  <p id="9">
    <s id="22">If this proves insufficient to drive Erdoğan from power, the arrival of his self-imposed prime ministerial term limit in 2015 will allow the AKP Executive Council to force him to retire simply by holding him to his word.</s>
    <s id="23">With the AKP having demonstrated its disapproval of Erdoğan’s undemocratic behavior, its new leadership could begin to rebuild its legitimacy as a party that respects minority rights.</s>
  </p>
  <p id="10">
    <s id="24">To keep it from losing its way again, the AKP must also address the root cause of Erdoğan’s metamorphosis into an intolerant autocrat.</s>
    <s id="25">Early in Erdoğan’s premiership, he was restrained by the president, the judiciary, and the military, which were all committed to upholding the secularism enshrined in Turkey’s constitution.</s>
    <s id="26">As recently as 2008, Turkey’s highest court considered shutting down the AKP for violating that principle.</s>
  </p>
  <p id="11">
    <s id="27">But changes in the judiciary’s composition, Gül’s 2008 accession to the presidency, and a 2010 constitutional amendment allowing military officials to be tried in civilian courts contributed to the gradual loosening of restrictions on Erdoğan’s authority.</s>
    <s id="28">More than 400 generals have been imprisoned for allegedly plotting coups, in many cases on the basis of patently fabricated evidence.</s>
    <s id="29">Erdoğan has also misused the legal system to stifle the media and repress citizens’ freedom of expression.</s>
  </p>
  <p id="12">
    <s id="30">Clearly, Turkey’s political institutions lack adequate safeguards.</s>
    <s id="31">They have allowed an enormous concentration of power in the hands of one person and the parliamentary majority that he leads.</s>
    <s id="32">Turkish policymakers must now guarantee the judiciary’s autonomy and political impartiality, restore freedom of expression for all citizens, and establish a system of checks and balances to replace the military as the guardian of secularism.</s>
  </p>
  <p id="13">
    <s id="33">Pursuing the latter objective would require the AKP to relinquish some power voluntarily.</s>
    <s id="34">It might sell the requisite constitutional reforms to its conservative base by conveying that, in the long run, Islamists have as much to gain from effective political checks and balances as do the targets of Erdoğan’s social engineering.</s>
    <s id="35">After all, as Morsi’s overthrow demonstrated, public opinion can quickly turn against a ruling party, especially in an economic crisis.</s>
  </p>
  <p id="14">
    <s id="36">Egypt’s recent experience offers a glimpse into Turkey’s potential future should it fail to establish effective political safeguards.</s>
    <s id="37">Morsi was able to rule without restraint, trampling freely on citizens’ fundamental rights, because the military regime that assumed control after Hosni Mubarak’s 2011 ouster scheduled presidential elections before a constitution was adopted.</s>
    <s id="38">The only way the Muslim Brotherhood can hope to regain broad acceptance as a legitimate democratic player is with a constitution that includes credible mechanisms for guaranteeing pluralism and due process.</s>
  </p>
  <p id="15">
    <s id="39">Political Islam has reached a critical juncture on the road toward democratic legitimacy.</s>
    <s id="40">Its continued progress will depend on the commitment of two of its leading promoters – Turkey’s AKP and Egypt’s Muslim Brotherhood – to design and implement political systems that safeguard the basic democratic principles of pluralism, freedom, and the rule of law.</s>
  </p>
</document>
