<?xml version="1.0" encoding="utf-8"?>
<document>
  <HEADLINE>
    <s id="1">Microfinance’s Macro Potential</s>
  </HEADLINE>
  <p id="1">
    <s id="2">LONDON – Microfinance is, at its heart, an effort to provide financial services to people who are not served – or are under-served – by the formal banking system.</s>
    <s id="3">With appropriate, accessible, and fairly priced financial services, people can build their savings, cover the costs of unexpected emergencies, and invest in their families’ health, housing, and education.</s>
  </p>
  <p id="2">
    <s id="4">The International Finance Corporation estimates that microfinance has reached some 130 million people worldwide in the last 15 years.</s>
    <s id="5">Over this period, microfinance has been lauded for its potential to advance financial inclusion and enable people to escape poverty.</s>
    <s id="6">But it has also faced harsh criticism, with some lenders being accused of profiteering.</s>
  </p>
  <p id="3">
    <s id="7">Despite the industry’s widely publicized pitfalls, its potential to improve the lives of the poor cannot be ignored.</s>
    <s id="8">The question now is how to ensure that microfinance becomes the industry that the world needs.</s>
    <s id="9">To this end, three important steps must be taken.</s>
  </p>
  <p id="4">
    <s id="10">The first step is better regulation.</s>
    <s id="11">Microfinance institutions (MFIs) come in many forms – mainstream banks, specially licensed banks, non-financial companies, finance and leasing companies, non-governmental organizations, cooperatives, and trusts – and follow a variety of business models.</s>
    <s id="12">All of these intermediaries must be recognized and regulated according to the needs of the economies in which they operate.</s>
  </p>
  <p id="5">
    <s id="13">Inadequate regulation is most damaging to those who need microfinance services the most.</s>
    <s id="14">Nowhere was this more apparent than in the 2010 microfinance crisis in the Indian state of Andhra Pradesh – a hub of MFI activity – when a decade of explosive growth, fueled by aggressive and reckless lending practices, came to a head.</s>
  </p>
  <p id="6">
    <s id="15">Over-indebtedness, together with coercive recovery practices, led to a series of widely publicized suicides, spurring local officials to implement new restrictions on MFIs and discourage borrowers from repaying their debts.</s>
    <s id="16">As repayment rates plummeted, micro-lending ground to a halt.</s>
  </p>
  <p id="7">
    <s id="17">In order to prevent such outcomes, governments must design regulations that foster a sustainable financial-inclusion model, one that enables MFIs to offer long-term support to borrowers.</s>
    <s id="18">At the same time, regulation must deter MFIs from behaving recklessly with a vulnerable client segment.</s>
    <s id="19">And regulation should be based not on past experience, as it is now, but on future possibilities; in other words, the regulatory framework must be flexible enough to accommodate new innovations.</s>
  </p>
  <p id="8">
    <s id="20">The second step, to be taken by the microfinance industry itself, is to create effective mechanisms for assessing the industry’s impact.</s>
    <s id="21">As it stands, some governments and academics are uncomfortable with the fact that MFIs, which are supposed to be providing a public good by advancing financial inclusiveness, are pursuing profits.</s>
  </p>
  <p id="9">
    <s id="22">But the failure of some MFIs to differentiate between profit-seeking and profiteering does not mean that sustainable microfinance should not yield returns above costs.</s>
    <s id="23">The business of providing financial services to the poor requires commitment.</s>
    <s id="24">Without profits, MFIs are unable to invest in the talent and product development needed to serve people for the long term.</s>
  </p>
  <p id="10">
    <s id="25">Many governments have now implemented interest-rate ceilings and margin caps to curtail excessive profits for MFIs, while ignoring the margins of the market’s non-organized alternatives, like pawnbrokers.</s>
    <s id="26">In order to provide a more balanced perspective on the microfinance industry compared to other kinds of financial-services providers, MFIs need to do more to measure and explain their social and economic value.</s>
  </p>
  <p id="11">
    <s id="27">The good news is that industry bodies, investors, and governments have already introduced metrics for factors ranging from pricing to conduct.</s>
    <s id="28">While this has resulted in a rather disparate set of indicators, which must be standardized, such efforts are an encouraging sign of the microfinance industry’s commitment to securing its role in the financial-services ecosystem.</s>
  </p>
  <p id="12">
    <s id="29">The third step concerns technology.</s>
    <s id="30">Mobile connectivity is transforming the global financial system by enabling remote, rural populations to access financial services for the first time.</s>
    <s id="31">Mobile-payment systems like M-Pesa are changing how people transfer, receive, and save money in many developing countries, including Kenya, Pakistan, and the Philippines.</s>
  </p>
  <p id="13">
    <s id="32">For the microfinance industry, such systems represent an important opportunity, as they enable borrowers to apply for, receive, and repay loans on their mobile phones, using a network of local agents to deposit and withdraw cash.</s>
    <s id="33">But, without robust regulation, MFIs cannot make the most of these developments.</s>
  </p>
  <p id="14">
    <s id="34">Moreover, the mobile-payments revolution has so far been led largely by telecom providers.</s>
    <s id="35">If it is to deliver real benefits to the financially excluded, the financial-services industry will need to play a much more active role.</s>
  </p>
  <p id="15">
    <s id="36">Of course, microfinance alone will not eliminate poverty, or even financial exclusion, regardless of how well it functions.</s>
    <s id="37">To have a truly transformative impact, MFIs’ operations must be supported by government-led efforts to improve access to education, training, and employment.</s>
  </p>
  <p id="16">
    <s id="38">Although microfinance has already helped countless people worldwide, the World Bank estimates that some 2.5 billion adults still lack access to financial services.</s>
    <s id="39">It is the responsibility of all stakeholders – including governments, regulators, banks, and civil society – to ensure that microfinance continues to be part of the solution.</s>
  </p>
</document>
