<?xml version="1.0" encoding="utf-8"?>
<document>
  <HEADLINE>
    <s id="1">Preparing for President Trump</s>
  </HEADLINE>
  <p id="1">
    <s id="2">LONDON – As America’s friends and allies look on in astonishment at the all-but-certain prospect of a contest between Hillary Clinton and Donald Trump in November’s US presidential election, they need to do more than just wring their hands.</s>
    <s id="3">They must hope for the best but prepare for the worst.</s>
  </p>
  <p id="2">
    <s id="4">The crucial point about the 2016 election is not just that a reality-TV star and property magnate who has never held elected office has emerged as the presumptive Republican candidate.</s>
    <s id="5">It is the enormous difference that a victory by Trump would make for the rest of the world compared with a victory by Clinton.</s>
  </p>
  <p id="3">
    <s id="6">In every US presidential election in modern times, America’s friends and allies have had their private preferences.</s>
    <s id="7">But never before have the Democratic and Republican candidates been as different as chalk and cheese.</s>
    <s id="8">There was no unbridgeable gulf between Reagan and Carter, or Clinton and Bush, or Bush and Gore, or Obama and McCain.</s>
    <s id="9">There is between Trump and Clinton.</s>
  </p>
  <p id="4">
    <s id="10">To the rest of the world, Clinton represents continuity, and Trump means dramatic change.</s>
    <s id="11">Just how dramatic cannot be known, but the normal assumption that candidates play to their party’s core supporters during the primary season but then tack to the center for the general election cannot be relied on in Trump’s case.</s>
    <s id="12">His is an abnormal candidacy.</s>
  </p>
  <p id="5">
    <s id="13">That is why preparation makes sense.</s>
    <s id="14">Trump confirmed in his speech on foreign policy to the Center for the National Interest in Washington, DC, on April 27 that “America First” would be the overriding theme of his administration.</s>
    <s id="15">He would reject multilateral trade deals and institutions, take a much tougher line on illegal immigration, and forge a new approach to defense and security alliances.</s>
  </p>
  <p id="6">
    <s id="16">Trump declared in that speech that he wants the United States to be “predictably unpredictable,” but he also made it clear that he won’t abandon his basic position.</s>
    <s id="17">Allies will have to pay more for their defense.</s>
    <s id="18">And they can expect tough measures by his administration if they have an enduringly large bilateral trade surplus with the US.</s>
    <s id="19">Regional deals, such as the 1994 North American Free Trade Agreement (NAFTA) between the US, Mexico, and Canada, are a “total disaster” that have tied America’s hands.</s>
    <s id="20">So the best assumption is that they would be scrapped.</s>
  </p>
  <p id="7">
    <s id="21">So how can friends and allies prepare for a President Trump?</s>
    <s id="22">Discreetly, of course.</s>
    <s id="23">But the author of the 1987 bestseller The Art of the Deal would surely agree that sound preparation is the essence of striking a good bargain.</s>
    <s id="24">If Trump finds evidence of it after having won the White House, he would likely admire his counterparts for it, even if secretly.</s>
  </p>
  <p id="8">
    <s id="25">There are two sorts of things that friends and allies can and should do to prepare for the worst.</s>
    <s id="26">One is to make themselves stronger and thus better able to stand up to a bully.</s>
    <s id="27">The other is to shore up their alliances and friendships with one another, in anticipation of an “America First” rupture with old partnerships and the liberal international order that has prevailed since the 1940s.</s>
  </p>
  <p id="9">
    <s id="28">A weak Japan and a fractious collection of 28 countries in the European Union would be a tempting target for President Trump.</s>
    <s id="29">A Japan that had, over the next 12 months, truly embraced the growth-enhancing strategy of liberalization that has often been promised by Prime Minister Shinzo Abe would be in a stronger position.</s>
    <s id="30">So would European countries that dropped their obsession with fiscal austerity and used public-investment programs to kick-start growth and reduce unemployment.</s>
  </p>
  <p id="10">
    <s id="31">Such moves, which are needed in any event, would make it easier to start on the task of building stronger alliances – which may well become essential.</s>
  </p>
  <p id="11">
    <s id="32">If a Trump administration seeks to scrap NAFTA, Canada and Mexico will need to make common cause.</s>
    <s id="33">If it chooses to discard the Trans-Pacific Partnership (TPP) trade agreement negotiated by the Obama administration with 12 Asia-Pacific economies, those countries, perhaps led by Japan or Australia, must be ready to carry on the deal, or something like it, among themselves.</s>
    <s id="34">(Clinton has also turned against the TPP, but this can be assumed to be merely tactical; in Trump’s case, no such assumption is warranted.)</s>
  </p>
  <p id="12">
    <s id="35">A similar story applies in Europe.</s>
    <s id="36">To avoid being pushed around by Trump over trade or security, members of the EU and NATO must be prepared to stick together.</s>
    <s id="37">That may mean being ready to spend more on their own defense – a demand by Trump that is not unreasonable.</s>
    <s id="38">It will also mean being sufficiently united to avoid being picked off singly by an American bully.</s>
  </p>
  <p id="13">
    <s id="39">And yet European solidarity is fraying, to say the least, thanks to the migrant crisis and the economic aftermath of the 2008 financial crash.</s>
    <s id="40">On June 23, British voters could make the situation far worse if they vote in their referendum to leave the EU.</s>
    <s id="41">To strengthen Britain, and the EU itself, in anticipation of Trump, they would be well advised to vote to stay in.</s>
  </p>
  <p id="14">
    <s id="42">Asia has not been known for its solidarity.</s>
    <s id="43">It has depended, perhaps excessively, on American influence to balance its rivalries.</s>
    <s id="44">Japan, for example, has close ties with Southeast Asian countries but no formal security relationships with them.</s>
    <s id="45">Both Japan and its nearest neighbor, South Korea, have longstanding security treaties with the US, but are hostile to each other.</s>
  </p>
  <p id="15">
    <s id="46">Given the possibility of trade wars, currency wars, and a renunciation of long-held security alliances within the next 9-12 months, it is time to put regional solidarity ahead of old enmities and the forces of fragmentation.</s>
    <s id="47">America’s friends and allies need to start preparing for a less friendly America.</s>
  </p>
</document>
