<?xml version="1.0" encoding="utf-8"?>
<document>
  <HEADLINE>
    <s id="1">Taking Safety Littorally</s>
  </HEADLINE>
  <p id="1">
    <s id="2">PASADENA – In 2011, the Tohoku earthquake and tsunami devastated Japan’s coastal region.</s>
    <s id="3">Last year, Hurricane Sandy caused a wall of water to engulf low-lying coastal areas on the East Coast of the United States, particularly in New York and New Jersey.</s>
    <s id="4">Such catastrophic events underscore the vulnerability of coastal regions worldwide to extreme weather events that produce intense storm surges (increased water depth at the coast) and large, powerful waves.</s>
  </p>
  <p id="2">
    <s id="5">Although Sandy, at its peak, was only a post-tropical cyclone when it hit the US, its winds spanned an area of 1,800 kilometers (1,100 miles), leading to extreme storm surges and waves that decimated the Jersey Shore, flattening communities and destroying the casinos and boardwalks on which the local economy largely depends.</s>
    <s id="6">At Battery Park, on Manhattan’s south end, the surge height reached 4.2 meters, flooding homes and businesses and plunging millions into darkness.</s>
    <s id="7">Waves also reached extreme heights, with a buoy near the entrance to New York Harbor measuring a peak wave ten meters high, from crest to trough.</s>
  </p>
  <p id="3">
    <s id="8">Seven years earlier, Hurricane Katrina struck the coast of the Gulf of Mexico in the US as a Category 3 storm.</s>
    <s id="9">With a surge height of 7-10 meters, and flooding at some locations extending 20 kilometers inland, Katrina caused catastrophic damage to the Gulf Coast, which has yet to be fully repaired.</s>
    <s id="10">In 1989, Hurricane Hugo struck near Charleston, South Carolina, with a surge height of nearly four meters.</s>
    <s id="11">The list goes on.</s>
  </p>
  <p id="4">
    <s id="12">When coastal areas were not heavily inhabited, such storms, while violent, did not cause significant, lasting damage to people’s livelihoods and lifestyles.</s>
    <s id="13">But now, with commerce and recreation dominating coastlines worldwide, the “let it be” approach of the past is no longer practical.</s>
  </p>
  <p id="5">
    <s id="14">Moreover, as climate change causes sea levels to rise, extreme storms’ destructive potential is being significantly enhanced.</s>
    <s id="15">Although this rise may seem small in the short run, especially when compared to the immediate increase caused by major storms, its long-term effects must not be ignored.</s>
  </p>
  <p id="6">
    <s id="16">Clearly, the combination of storm surges and large waves causes major devastation in coastal areas.</s>
    <s id="17">But these challenges are not insurmountable.</s>
    <s id="18">In fact, engineering approaches have been developed that can protect coastal residents from the consequences of extreme storms.</s>
  </p>
  <p id="7">
    <s id="19">Previous efforts to enhance coastal protection can provide a roadmap to reconstruction that will help to avert future damage.</s>
    <s id="20">One suggested approach is to leave an uninhabited buffer zone extending shoreward from the water.</s>
    <s id="21">In Hilo, Hawaii, after devastating tsunamis struck in 1946, 1960, and 1964, the vulnerable area near the city was declared a municipal park, where no structures were allowed to be built.</s>
  </p>
  <p id="8">
    <s id="22">By contrast, Japan relied almost exclusively on an extensive series of seawalls and offshore breakwaters along the east coast of the island of Honshu.</s>
    <s id="23">But, in many areas, the Tohoku tsunami overflowed and even destroyed these protective structures – including the seawall at the Fukushima Daiichi nuclear power plant in northern Honshu.</s>
    <s id="24">As a result, the plant’s three active reactors suffered near-meltdowns, leading to a buildup of hydrogen gas, a series of explosions and fires, and leakage of radioactive material into the atmosphere.</s>
  </p>
  <p id="9">
    <s id="25">To be sure, such coastal defenses could help to protect crucial structures.</s>
    <s id="26">But they should be combined with shoreward buffer zones, where homes, schools, and hospitals would not be permitted.</s>
  </p>
  <p id="10">
    <s id="27">Defensive barriers would not necessarily require heavy investment; they could be mounds of sand several meters high located along and near the shoreline.</s>
    <s id="28">In fact, in some areas of the US and other countries, only extensive dune fields and vegetated areas are used to separate buildings from the seashore.</s>
  </p>
  <p id="11">
    <s id="29">Sand mounds are particularly advantageous, given coastal areas’ economic value.</s>
    <s id="30">They provide immediate protection during storm season, but can be removed at times of year when extreme storms are unlikely and recreational beach use is most important.</s>
    <s id="31">In order to protect the local economy further, beaches should be repaired after major storms through “beach nourishment” (replacement of lost sand from external sources).</s>
  </p>
  <p id="12">
    <s id="32">Protecting urban areas that are located near the ocean, but lack buffer beaches, requires a different approach.</s>
    <s id="33">One option would be to construct seawalls and/or rock revetments high enough to prevent shoreward inundation.</s>
    <s id="34">But local residents may protest such structures, given that they could make the area less attractive.</s>
    <s id="35">And, as Japan’s recent experience demonstrated, protecting against the most powerful threats – such as the 9.0-magnitude Tohoku earthquake and the subsequent three-meter tsunami – would require massive, costly construction projects.</s>
  </p>
  <p id="13">
    <s id="36">For one such area, New York City, an alternative has been proposed: massive storm-surge barriers across the entrance to the harbor region that could be closed when a major storm approaches.</s>
    <s id="37">Such structures have been built across the River Thames in London, and a similar barrier project is underway in Venice, Italy.</s>
    <s id="38">But, in addition to requiring substantial investment, this approach raises serious questions, reflecting uncertainty about the effects that river flows can have on harbors, the environmental consequences of closing a bay, and the impact on shipping.</s>
  </p>
  <p id="14">
    <s id="39">In any case, stricter building codes are crucial for structures built in coastal areas.</s>
    <s id="40">This could include designing the ground levels of seaside buildings to permit storm-induced surges to pass through without flooding the lower floors, thus minimizing potential damage to offices and homes.</s>
    <s id="41">In addition, construction in coastal areas damaged by extreme events could be prohibited, as has been done in Hilo, Hawaii.</s>
  </p>
  <p id="15">
    <s id="42">Coastal regions are the most vulnerable to many kinds of extreme weather events.</s>
    <s id="43">But measures can be taken to protect these communities.</s>
    <s id="44">By considering safety, economics, and aesthetics, the right approach for a particular area can be developed – and local citizens, businesses, and the environment can be defended.</s>
  </p>
</document>
