<?xml version="1.0" encoding="utf-8"?>
<document>
  <HEADLINE>
    <s id="1">The Age of Public Development Banks Has Arrived</s>
  </HEADLINE>
  <p id="1">
    <s id="2">NEW YORK/PARIS/BEIJING/BRIGHTON – Major global threats – including the COVID-19 pandemic, climate change, and rising inequality – call for large-scale concerted action.</s>
    <s id="3">The challenge facing policymakers today is to support big structural transformations that can make economies simultaneously more productive, more inclusive, and less carbon-intensive.</s>
    <s id="4">Public development banks (PDBs) – at the local, national, subregional, regional, or interregional level – are key to helping governments finance a rapid recovery from the COVID-19 crisis, and to ensuring that economies serve people and the planet far better in the long run.</s>
  </p>
  <p id="2">
    <s id="5">Project Syndicate commentators have once again shared some of their favorite books from the past year.</s>
    <s id="6">From economics, history, and long-form reporting to poetry and timely re-issues of old classics, all readers should find something of interest.</s>
  </p>
  <p id="3">
    <s id="7">In providing direct public financing and mobilizing private finance, PDBs should select and support long-term productive investments, including those that emphasize low-carbon projects, as well as those benefiting poorer regions and populations.</s>
    <s id="8">And they should base their selection on criteria that put development impact first, with financial returns an important but secondary objective.</s>
  </p>
  <p id="4">
    <s id="9">The role of PDBs will be the focus of an important research conference on November 9-10 as part of the first Finance in Common Summit.</s>
    <s id="10">This summit, which has the backing of French President Emmanuel Macron, United Nations Secretary-General António Guterres, and International Monetary Fund Managing Director Kristalina Georgieva, will bring together heads of state and the chief executives of many of the world’s 450 existing PDBs.</s>
  </p>
  <p id="5">
    <s id="11">At stake is nothing less than changing the way that financial services support the real economy in order to achieve more equitable and sustainable growth.</s>
    <s id="12">PDBs can be crucial actors in that effort, including by financing the provision of public goods.</s>
  </p>
  <p id="6">
    <s id="13">The international research prepared for the conference contains numerous recommendations to help decision-makers promote sustainable and inclusive structural transformation.</s>
    <s id="14">Achieving these aims is a difficult but crucial task, and the researchers highlight several conditions that could enable PDBs to play a vital role.</s>
  </p>
  <p id="7">
    <s id="15">First, governments should ensure that existing PDBs have sufficient scale to perform their functions.</s>
    <s id="16">Given the COVID-19 crisis, regional and subregional multilateral development banks in particular urgently need significant new capitalization.</s>
    <s id="17">National development banks also need additional capital.</s>
    <s id="18">Countries without a PDB, meanwhile, should seriously consider establishing one.</s>
  </p>
  <p id="8">
    <s id="19">Enjoy unlimited access to the ideas and opinions of the world's leading thinkers, including weekly long reads, book reviews, and interviews;</s>
    <s id="20">The Year Ahead annual print magazine; the complete PS archive; and more – All for less than $9 a month.</s>
  </p>
  <p id="9">
    <s id="21">Next, most PDBs need to improve the analytical tools they use to monitor and evaluate the impacts of their financing.</s>
    <s id="22">These banks’ safeguards, including on investments’ environmental impact, are valuable.</s>
    <s id="23">But they must do more to incorporate the imperative of the transition to equitable, low-carbon, and resilient economies into all financing decisions and project stages.</s>
    <s id="24">As the saying goes, “What gets measured gets managed.”</s>
  </p>
  <p id="10">
    <s id="25">Third, PDBs should aim to shape the future, and move from being mere “project-takers” to “project-makers.”</s>
    <s id="26">Once they have defined goals – climate action, for example – they must play a proactive, first-mover role to help overcome uncertainties and risks, and define missions, programs, and projects.</s>
  </p>
  <p id="11">
    <s id="27">As a fourth priority, PDBs should do more to combine their resources with those of the private sector, and help to mobilize commercial financing for projects that the market alone often will not fund.</s>
    <s id="28">These include mitigating climate change, promoting innovation, building infrastructure, financing small businesses, and providing affordable housing.</s>
    <s id="29">Such an approach can bring all actors together to maximize impact in the context of sustainable development objectives.</s>
  </p>
  <p id="12">
    <s id="30">Fifth, financial regulators should consider tailoring their prudential rules to account for specific features of PDBs’ contributions to development, and to encourage investments that mitigate climate change, because this will also improve future financial stability.</s>
  </p>
  <p id="13">
    <s id="31">Sixth, PDBs should build a united, global coalition committed to the transition to equitable and sustainable development and the fulfillment of the Paris climate agreement.</s>
    <s id="32">It is essential to go beyond isolated initiatives and tackle problems on a global scale.</s>
    <s id="33">Improved cooperation among multilateral and national development banks is crucial, and will also secure better access to the international system of grants and global funds.</s>
  </p>
  <p id="14">
    <s id="34">Finally, maximizing PDBs’ effects on development requires them to focus on the real economy and invest in innovative, high-impact projects.</s>
    <s id="35">Although PDBs mainly extend loans, guarantees may play a useful role in managing financial risk in times of high uncertainty such as now.</s>
    <s id="36">And for innovative, high-risk technology projects with potentially high development and profit potential, PDBs should consider using more equity instruments in order to capture upside gains.</s>
  </p>
  <p id="15">
    <s id="37">Policies and counter-cyclical financing to support recovery should be more explicitly aligned with the UN Sustainable Development Goals, with priority given to supporting equitable development and climate-change mitigation and adaptation.</s>
    <s id="38">Governments should enhance PDBs’ roles in supporting countries and regions that lag behind, by promoting innovation and structural transformation, funding social development, and increasing financial inclusion, adequate infrastructure, and the provision of global public goods.</s>
  </p>
  <p id="16">
    <s id="39">With combined assets of more than $11 trillion, PDBs already play a significant role in the global economy.</s>
    <s id="40">They should now increase their individual and joint activities further, in order to finance infrastructure investment and support the provision of global public goods, especially climate mitigation and adaptation.</s>
    <s id="41">A fair and green global recovery urgently needs all the help we can muster.</s>
  </p>
</document>
