<?xml version="1.0" encoding="utf-8"?>
<document>
  <HEADLINE>
    <s id="1">Remembering the First "War on Terror"</s>
  </HEADLINE>
  <p id="1">
    <s id="2">In June, NATO's leaders commemorated the 60th anniversary of D-Day, the allied invasion of Nazi-occupied France.</s>
    <s id="3">This August, they passed up the opportunity to mark the 90th anniversary of the start of World War I, which led to calamities that echoed until the twentieth century's end.</s>
    <s id="4">But the lessons of the Great War are no less important today, particularly for the United States.</s>
  </p>
  <p id="2">
    <s id="5">The causes of World War I have long baffled the public and historians.</s>
    <s id="6">Europe was at the peak of its economic power relative to the rest of the world.</s>
    <s id="7">Peace among the major European countries had reigned more or less continuously for decades.</s>
    <s id="8">A technology boom was revolutionizing, indeed globalizing, the world economy.</s>
    <s id="9">For increasingly rich Europeans, the summer of 1914 seemed a peaceful, lazy time.</s>
    <s id="10">It turned out to be their last real peace for decades.</s>
  </p>
  <p id="3">
    <s id="11">That July, terrorists in Bosnia assassinated Archduke Franz Ferdinand of the Habsburg Empire.</s>
    <s id="12">Austria responded by invading Serbia, Bosnia's neighbor and an "upstart" Slavic power.</s>
    <s id="13">Russia mobilized to support Serbia, while Germany launched a "pre-emptive" war against France and Russia, invading France via Belgium.</s>
    <s id="14">Great Britain came to the defense of Belgium and France.</s>
    <s id="15">By September's end, a general conflagration was underway.</s>
  </p>
  <p id="4">
    <s id="16">But why did the pieces of the puzzle fall into place as they did?</s>
    <s id="17">Was it bad luck, miscalculation, or bureaucratic error?</s>
  </p>
  <p id="5">
    <s id="18">It turns out that the German Army Chief of Staff Helmuth von Moltke was eager for war in the summer of 1914.</s>
    <s id="19">As historian David Fromkin shows in his recent book Europe's Last Summer , von Moltke feared that Russia was gaining too much industrial strength, and that in a few years Russia could withstand a war with Germany.</s>
    <s id="20">Moltke wanted to invade and defeat Russia before it was "too late" for Germany to triumph.</s>
  </p>
  <p id="6">
    <s id="21">The Archduke's assassination provided a perfect pretext.</s>
    <s id="22">The Germans encouraged their ally Austria to respond by invading Serbia, under the clear expectation that this would trigger war, but in a way that Germany would not be blamed.</s>
    <s id="23">Fromkin shows that the assassination of Ferdinand merely provided Germany an excuse to fight a European War while it still had, according to its calculations, a chance of winning.</s>
  </p>
  <p id="7">
    <s id="24">Every calculation proved to be disastrously wrong.</s>
    <s id="25">Imperial Germany was not threatened by Russian industrial dominance in the way von Moltke feared, and its military calculations also failed.</s>
    <s id="26">Germany did not knock out France and then conquer Russia.</s>
    <s id="27">Instead, the war ground to a bloody stalemate.</s>
    <s id="28">Eventually, Czarist Russia collapsed, opening the way to the Bolshevik Revolution.</s>
  </p>
  <p id="8">
    <s id="29">Germany's launch of WWI ninety years ago this month had a more devastating effect on the world economy than any single event in human history.</s>
    <s id="30">The war bled Europe of a generation of youth, and set the stage for a second war a generation later.</s>
    <s id="31">It opened the way for 75 years of Soviet communism, and set in motion the financial instability that led to the Great Depression as well as the collapse of the international trading system.</s>
  </p>
  <p id="9">
    <s id="32">All of this matters now because last year America launched a war in which a terrorist attack was also an excuse, not the real cause.</s>
    <s id="33">The Bush administration wanted to fight Saddam Hussein well before the terrorist attacks on the US of September 11, 2001, but it could not have gained public support.</s>
  </p>
  <p id="10">
    <s id="34">Just as Fromkin shows with regard to Germany in 1914, the Bush administration manipulated US public opinion to support the Iraq War as a war on terror, even though Iraq had nothing to do with any terrorist attack against the US.</s>
    <s id="35">The world was never fooled by the Bush administration's case, but most Americans were fooled, at least for a while.</s>
  </p>
  <p id="11">
    <s id="36">We know from a long trail of documents, memoirs, and interviews that the terrorist attacks of September 11, 2001 were a pretext.</s>
    <s id="37">Richard Cheney, Donald Rumsfeld, and Paul Wolfowitz wanted war with Saddam all through the 1990's, and urged "regime change" as a policy for President Clinton, who wisely rejected such irresponsible advice.</s>
  </p>
  <p id="12">
    <s id="38">Their eagerness for war had several causes.</s>
    <s id="39">They wanted to seize control of Iraq's oil.</s>
    <s id="40">They wanted a new "home base" in the Middle East if Saudi Arabia soured.</s>
    <s id="41">They wanted to protect Israel from Saddam.</s>
    <s id="42">They also had exaggerated fears about American weaknesses, just as von Moltke had exaggerated fears about German weaknesses vis-à-vis Russia.</s>
  </p>
  <p id="13">
    <s id="43">As we know from WWI, wars founded on lies are likely to produce a series of disastrous unforeseen consequences.</s>
    <s id="44">The ricochet effects of the Iraq War have combined to yield a mounting threat to stability and security.</s>
    <s id="45">Perhaps the aggressive actions of the US and a resulting backlash in the Islamic world will contribute to nuclear proliferation in Iran, or to nuclear Pakistan someday falling into the hands of extremists.</s>
  </p>
  <p id="14">
    <s id="46">World leaders should still gather to commemorate WWI, in the hope that they might learn enough to avoid repeating its disaster in our time.</s>
    <s id="47">The Iraq War is not WWI.</s>
    <s id="48">We still have time to avoid further devastating mistakes, but only if we are honest about motives, means, and ends - and only if we are honest in the pursuit of peace.</s>
  </p>
</document>
