<?xml version="1.0" encoding="utf-8"?>
<document>
  <HEADLINE>
    <s id="1">The American Dream 2.0</s>
  </HEADLINE>
  <p id="1">
    <s id="2">JACKSON, WYOMING – It is time to admit that the American Dream is dead.</s>
    <s id="3">Its underlying conditions – strong, consistent economic growth and a meritocracy structured to keep the rich from gaming the system – no longer hold true.</s>
  </p>
  <p id="2">
    <s id="4">Following its targeted killing of Iran's second most powerful leader, the US could well find itself with no alternative but to devote more military resources to the Middle East, a path that could lead to additional Iranian provocations.</s>
    <s id="5">And that shift would occur at a time of growing challenges to US interests elsewhere in the world.</s>
  </p>
  <p id="3">
    <s id="6">The targeted killing by the United States of one of Iran's top military leaders represents a significant symbolic defeat for the Iranian regime, but it does not augur all-out war.</s>
    <s id="7">After all, Iran and the US have already been at war for decades, and neither side has an interest in an uncontrolled military escalation now.</s>
  </p>
  <p id="4">
    <s id="8">As in previous years, Project Syndicate asked its commentators to offer their best guesses about the events and trends that will define the coming 12 months.</s>
    <s id="9">If there is one common theme in this year's selection, it is that what happens in 2020 will weigh on the present for many years to come.</s>
  </p>
  <p id="5">
    <s id="10">Nonetheless, an American Dream 2.0 is still possible, and it will be up to those now contending for the White House to offer a blueprint for making it a reality.</s>
    <s id="11">For starters, America’s leaders need to explain the problem clearly.</s>
    <s id="12">The Declaration of Independence proclaimed the “pursuit of happiness” a central feature of American life.</s>
    <s id="13">Since 1776, each generation has sought upward social mobility; and for a long time, many – though not all – met with prosperity.</s>
  </p>
  <p id="6">
    <s id="14">For over a century after the Civil War, breakthroughs in energy, medicine, telecommunications, and transportation reshaped America (and the world).</s>
    <s id="15">Economic productivity grew dramatically, as did the average life span.</s>
    <s id="16">And for most of this period, a rising tide really did lift most boats.</s>
    <s id="17">Politicians from both parties embraced the national ethos that anyone could get ahead through hard work and gradually, if imperfectly, made it accessible to immigrants, nonwhites, women, the disabled, and others who had historically been excluded from the promise of American life.</s>
  </p>
  <p id="7">
    <s id="18">But when economic growth began to slow in the 1970s, voters grew frustrated, while oil shocks, Watergate, and the ignominious end of the Vietnam War compounded the public’s sense of what President Jimmy Carter called America’s “malaise.”</s>
    <s id="19">It was against this dismal backdrop that Ronald Reagan campaigned in 1984 on a promise to deliver “Morning in America.”</s>
    <s id="20">With the US Federal Reserve having signaled its willingness to do what was necessary to rein in inflation, taxes were cut, and America was fundamentally transformed from a country of savers into one of borrowers.</s>
  </p>
  <p id="8">
    <s id="21">In the ensuing decades, financial leverage drove growth onward, but the American Dream was living on borrowed time.</s>
    <s id="22">Americans were going into debt to buy foreign goods, and the producers of those goods were buying US government debt, thereby keeping interest rates low.</s>
    <s id="23">Though Americans felt prosperous, the real economy was growing at only half its previous rate, and median wages were plateauing.</s>
  </p>
  <p id="9">
    <s id="24">Meanwhile, the Fed busied itself trying to put out periodic fires in the financial markets.</s>
    <s id="25">Yet it inadvertently made the problem of rising inequality even worse.</s>
    <s id="26">By 2007, its policies had artificially expanded financial markets, where assets are held largely by the wealthy, to three times the size of the real economy.</s>
  </p>
  <p id="10">
    <s id="27">The American Dream works only when growth is broadly shared and structural impediments to advancement are scarce.</s>
    <s id="28">Neither is true today.</s>
    <s id="29">According to the Congressional Budget Office, annual growth rates of 4% are not coming back – at least not anytime soon; 2% growth is the most that should be expected.</s>
    <s id="30">Moreover, the innovations that drove growth in manufacturing employment and upward mobility in the past have been superseded by digital technologies.</s>
    <s id="31">For all their convenience, the Amazons and Ubers of the digital economy are destroying working-class jobs and driving down wages.</s>
  </p>
  <p id="11">
    <s id="32">Making matters worse, the US tax code has increasingly come to favor capital over labor, which helps to explain why labor’s share of national income has been declining.</s>
    <s id="33">All told, there is too much debt for the young, too little retirement savings for the post-1945 Baby Boom generation, and a lack of job flexibility and security for the displaced and unemployed.</s>
    <s id="34">Trying to get ahead has become a Sisyphean task.</s>
  </p>
  <p id="12">
    <s id="35">Fortunately, a better narrative is possible.</s>
    <s id="36">We already know what we need to do to help rebalance the playing field and restore deficit-neutral growth and dynamism.</s>
    <s id="37">For starters, we should be reducing student debt in exchange for national service in fields like teaching, first response, and rural medical care.</s>
    <s id="38">Not only is this the right thing to do, but it would also galvanize a new generation of public servants in socially important areas currently suffering from labor shortages.</s>
  </p>
  <p id="13">
    <s id="39">Second, we must eliminate tax breaks – namely, the stepped-up basis loophole for estate taxes and the carried-interest rate – that widen and entrench the wealth divide.</s>
    <s id="40">In doing so, we could unlock hundreds of billions of dollars in new tax revenue.</s>
  </p>
  <p id="14">
    <s id="41">Third, that newfound tax revenue should be used for three key purposes.</s>
    <s id="42">First, America needs to provide tuition-free community college to re-train its workers, many of whom have been – or eventually will be – displaced by automation and other new technologies.</s>
    <s id="43">Second, we need a national infrastructure program – a modern version of President Franklin D. Roosevelt’s Works Progress Administration – which could employ many of those who have lost manufacturing jobs.</s>
    <s id="44">And third, it is time to establish a national trust fund for student loans, which should then be repayable from a predetermined proportion of the student’s subsequent income for a specified number of years.</s>
    <s id="45">Students who end up with low future incomes would pay less than they borrowed, but this would be offset by higher earners.</s>
  </p>
  <p id="15">
    <s id="46">Fourth, the federal minimum wage must not only be raised, but also be indexed to the rate of inflation.</s>
    <s id="47">This would both help people keep up with the rising cost of living and, as the Federal Reserve Bank of Chicago has shown, increase aggregate economic activity.</s>
  </p>
  <p id="16">
    <s id="48">Fifth, we must make access to basic child care a universal good, or women’s participation in the labor force will continue to fall short of its potential.</s>
    <s id="49">And finally, we need to give everyone access to the same retirement-savings benefits as the rich; namely, through an expansion of the Thrift Savings Plan, which acts like a 401k but provides critical tax benefits that most workers currently lack.</s>
  </p>
  <p id="17">
    <s id="50">Empires rise and fall – and sometimes they rise again.</s>
    <s id="51">America’s current trajectory does not bode well.</s>
    <s id="52">But if we act now, we can still fashion a new American Dream for the world’s largest economy.</s>
  </p>
  <p id="18">
    <s id="53">Correction (August 16, 2019): This commentary previously attributed Ronald Reagan's "Morning in America" slogan to his 1980 presidential campaign.</s>
    <s id="54">The "Morning in America" ad actually first appeared in his 1984 re-election campaign.</s>
  </p>
</document>
