<?xml version="1.0" encoding="utf-8"?>
<document>
  <HEADLINE>
    <s id="1">Romania, Serbia and the Orthodox Brotherhood</s>
  </HEADLINE>
  <p id="1">
    <s id="2">BUCHAREST: The decision this week by Romania's government to open its air space to NATO warplanes is the most difficult any of the country's postcommunist governments has taken since the death of Nicolae Ceausescu.</s>
    <s id="3">For the moment NATO initiated its air strikes against Serbia what can only be called a bout of "Serbomania" has gripped the country.</s>
    <s id="4">What I mean by "Serbomania" is an extremely unbalanced, biassed, almost neurotically emotional pro-Serbian attitude, one completely lacking in any serious or reasoned critique of NATO' military action.</s>
  </p>
  <p id="2">
    <s id="5">What is more curious about Romania's outburst of "Serbomania" is that, not many months ago, the country was locked in a "NATO-mania" all its own.</s>
    <s id="6">Indeed, up to the outbreak of this war, joining NATO was not only official Romanian policy, but enjoyed massive public and media support.</s>
    <s id="7">According to surveys, about 90% of Romanians backed NATO membership.</s>
    <s id="8">Most newspapers and broadcast media enthusiastically welcomed the prospect of NATO enlargement in the hope that Romania would be invited into the club.</s>
    <s id="9">When, in 1997 at NATO's Madrid summit, Romania was turned down, public enthusiasm cooled.</s>
    <s id="10">But that does not fully explain the open hostility toward NATO that is now on the march.</s>
  </p>
  <p id="3">
    <s id="11">It is not only that, today, many Romanian journalists and columnists agitate against NATO or have taken the Serbian side.</s>
    <s id="12">What is most striking is the rationale people invoke for supporting Serbia.</s>
    <s id="13">By and large, the all-pervasive view here is that of Harvard Professor Samuel Huntington who predicted that international politics after the Cold War would become a"clash of civilizations".</s>
    <s id="14">Accordingly, many people here see the Balkan conflict as a struggle between "Western civilization" and the "Orthodox-Slavic" one in which Serbia and Romania belong.</s>
  </p>
  <p id="4">
    <s id="15">Ethnic cleansing and the plight of the Kosovar refugees, who are Muslim, doesn't seem to trouble anyone's sleep; nor is the ruthlessness of Slobodon Milosevic, who, after all, is no Orthodox patriarch, but a cunning ex-communist apparatchik, condemned in any way whatsoever.</s>
    <s id="16">Reasoned arguments have evaporated from the pages of newspapers, which instead denounce NATO for waging war on "heroic" Serbia and play on public sympathy for the suffering of "our Orthodox brethren".</s>
  </p>
  <p id="5">
    <s id="17">An outstanding Romanian journalist, Cristian Tudor Popescu, a deputy editor-in chief of Adevarul the newspaper with the widest national circulation, went so far as to write that "Human Rights" are nowadays merely a tool that the West uses in its bid to control the world.</s>
    <s id="18">The United States, he goes on, is out to destroy the independent nation-states worldwide so that it can expand its economic and cultural hegemony.</s>
    <s id="19">Serbia, it seems, is just one of the first targets in an ongoing campaign of subjugation.</s>
  </p>
  <p id="6">
    <s id="20">So, the argument goes, Romanians must join with the Serbs and Russians in an anti-Western front.</s>
    <s id="21">Somehow these people forget that Romania has always prided itself on being an "island of Latin culture surrounded by a Slavic sea".</s>
    <s id="22">Moreover, unlike the Serbs or Bulgarians, Romanians have always perceived Russia as their arch-enemy, sentiments made white hot up during the communist era.</s>
  </p>
  <p id="7">
    <s id="23">Of course, most Romanians are Greek-Orthodox, as Greeks, Serbs, Bulgarians and Russians are.</s>
    <s id="24">Yet, during the past two centuries this has not prevented them from fearing the Russians, patronizing the Bulgarians, and envying the Greeks.</s>
    <s id="25">And if the Serbs enjoy a higher status in the national psyche, I suspect that this has less to do with the alleged "Orthodox brotherhood" than because people remember that both Tito and Ceausescu treated Russia as a common threat to their attempts to secure a more independent political way.</s>
  </p>
  <p id="8">
    <s id="26">Indeed, the weakest explanations for why nations hate or love each other are to be found in "history" or "civilization": both are easily twisted by cynics and opportunists in order to meet the "national interest" of the moment.</s>
    <s id="27">"Serbomania" and "NATO-phobia", instead, reflect deeper local fears.</s>
    <s id="28">Many Romanians compare Kosovo with Transylvania, where ethnic Hungarians make up the majority of the population.</s>
    <s id="29">They believe that, if Kosovo is stripped from Serbia, Transylvania could one day leave Romania.</s>
  </p>
  <p id="9">
    <s id="30">But even if Serbia eventually loses Kosovo, it won't be because the West wanted that to happen.</s>
    <s id="31">It will come about because the Serbian government, by its cruelty and intolerance, destroyed any hope of a peaceful coexistence between Kosovar Albanians and Serbs.</s>
    <s id="32">Such, fortunately, is not the case in Romania, where representatives of the Hungarian minority are important members of the ruling coalition government.</s>
    <s id="33">Many people, however, are today gravely disappointed in that government because of the country's dire economic conditions, and so have turned against everything the government does or says.</s>
  </p>
  <p id="10">
    <s id="34">Of course, not all important public voices belong to the "Serbomania chorus": in mid-April, a number of outstanding intellectuals published a manifesto standing up for NATO officially and urging the Romanian government not to backtrack.</s>
    <s id="35">But most people, it seems, will continue to listen to the siren song of "Orthodox brotherhood" so long as their economic plight remains so severe.</s>
    <s id="36">So "Serbomania" is just another symptom of a huge uncertainty; it exposes the deep insecurity many people across Eastern Europe feel about their countries, their pasts, their futures and, ultimately, about themselves.</s>
  </p>
</document>
