<?xml version="1.0" encoding="utf-8"?>
<document>
  <HEADLINE>
    <s id="1">Russia After And Between Elections</s>
  </HEADLINE>
  <p id="1">
    <s id="2">MOSCOW: Communism has made a comeback and yet calm prevails in Russia, that is the curious result of the elections a fortnight ago.</s>
  </p>
  <p id="2">
    <s id="3">The predicted shift of the Parliament to the left - not of tectonic, but still of tangible proportions - has happened.</s>
    <s id="4">It looks like that the communists together with their possible fellow-travelers will control close to half of the Duma seats.</s>
    <s id="5">This is short of a constitutional majority, but still a powerful instrument to influence policy.</s>
    <s id="6">But the Russian Constitution requires a two thirds of Duma votes to pass a constitutional amendment.</s>
    <s id="7">And without change of the constitutional balance of powers, the Duma remains relatively impotent vis-a-vis the president.</s>
  </p>
  <p id="3">
    <s id="8">This is the main reason why the governing establishment and the markets reacted to the election results with equanimity.</s>
    <s id="9">Another reason is that V. Zhirinovsky proved to be a paper tiger, while the communists now appear to be not so bad after all.</s>
    <s id="10">Here the return of communists to power in Eastern Europe, where they have not reversed reforms (though they have slowed them) may be providing false assurance.</s>
    <s id="11">And the nationalist party led by general A. Lebed -- another bogeyman with which members of the Russian liberal intelligentsia were alternatively threatening each other or falling in love -- did not make it to parliament.</s>
    <s id="12">The general was elected, but in a single constituency district, perhaps demonstrating that his ability to pull in votes is not all he cracks it up to be.</s>
    <s id="13">Much of his appeal (at least so far), may be lost, which goes some way toward explaining General Lebed's decision that he would prefer to run as the communist's candidate for president.</s>
  </p>
  <p id="4">
    <s id="14">One more reason for their equanimity is the fact that Russians are simply tired of being afraid of politics.</s>
    <s id="15">Instead of warring or worrying -- occupations that drained time and energy -- most are more interested in making money, investing, building dachas, caring for their families -- all the needs of daily life.</s>
  </p>
  <p id="5">
    <s id="16">However, this calmness, being in principle a helpful sign, may be premature.</s>
    <s id="17">The voice of protest could rise to the surface once again, and with far more dangerous results.</s>
  </p>
  <p id="6">
    <s id="18">Moscow's elite, inhabiting a boom town informed by a press geared to elite tastes, might miscalculate the mood of the country.</s>
    <s id="19">Indeed, in Moscow and St. Petersburg voting results were the polar opposite of most areas of the country.</s>
  </p>
  <p id="7">
    <s id="20">The Moscow elite - economic and political - supported by a large but not overwhelming layer of regional elites, which benefited mightily from "stakhanov" style shock privatization, wants stability and fears most of all a fight over a renewed redistribution of property.</s>
    <s id="21">Russia, it must be noted, has undergone one of the greatest property redistributions in human history over the last five years.</s>
    <s id="22">More of Russia's economy is in the private sector than in most of East and Central Europe, as well as a number of West European states.</s>
  </p>
  <p id="8">
    <s id="23">For the groups which benefited from market reforms and privatization, Boris Yeltsin and Viktor Chernomyrdin remain the favorite candidates for next June's presidential race.</s>
    <s id="24">President Yeltsin is all the more popular for having proved himself to be the best guarantor of the continuation of reform.</s>
  </p>
  <p id="9">
    <s id="25">But Yeltsin has lost most of his general popularity and prime minister, Chernomyrdin, remains a clumsy public politician, in spite of obvious improvements in his performance lately.</s>
    <s id="26">Another relatively liberal politician -- the outspoken economist G.Yavlinsky -- lost the support of most of the elite because of his often maverick pronouncements.</s>
    <s id="27">Next June he could carry some of the popular vote (mostly from elements of the intelligentsia), but the question is whether he could withstand a candidate embodying the protest vote without massive financial backing from Russia's new "moneyed" elite, backing which now looks unlikely to come his way.</s>
  </p>
  <p id="10">
    <s id="28">Another powerful impediment to the victory of an establishment candidate is the weakness of party machines and the almost religious belief in the powers of the media to deliver votes.</s>
    <s id="29">Despite being president for more than half a decade, Yeltsin does not have yet a coherent voting machine except for his administration, which has not proved to be too effective, particularly at generating grassroots support.</s>
    <s id="30">V. Chernomyrdin's machine did well on TV, but failed in the provinces.</s>
    <s id="31">G. Yavlinsky, who has been proposing himself as a candidate for the presidency for three years, barely managed to create a viable party or a campaigning mechanism for the recent Duma elections.</s>
  </p>
  <p id="11">
    <s id="32">So some members of the presidential court and many establishment groups are already beginning to campaign to postpone the presidential elections.</s>
    <s id="33">Some of their arguments are powerful.</s>
    <s id="34">They say that democracy is not merely the vote; that without a secure private property regime, democracy is nullity.</s>
    <s id="35">As a leftist president with a leftist parliament would certainly undermine the road to capitalism and democracy; the longer Russia stayed on this road without detours, the less chance there would be for a semi-return to totalitarian power.</s>
    <s id="36">Therefore, the most democratic thing for Russia might be to postpone a vote.</s>
    <s id="37">After all, Yeltsin should not allow himself to become a new Hindenburg.</s>
  </p>
  <p id="12">
    <s id="38">But if elections are postponed, nobody will know when or if the vote will return.</s>
    <s id="39">Without a legitimate president -- and by cancelling the elections, Yeltsin would certainly risk forfeiting claims to legitimacy -- any successor (a prospect that must be weighed, given the president's suspect health) would be even less legitimate.</s>
    <s id="40">Indeed, without a democratic safety valve, a social crisis could possibly erupt.</s>
  </p>
  <p id="13">
    <s id="41">So the Russian establishment must first find a viable candidate that unites the myriad groups that support reform.</s>
    <s id="42">Simultaneously, it must find a way to share power in the six months leading up to the elections so as to divide the opposition, diluting its force.</s>
    <s id="43">To achieve both goals, Russia's elite will need to share some of its new wealth, and not only with people hurt by reforms, but with the state, through enacting taxation schemes that allow, say, for energy taxes to begin to cover some of the costs of pensions.</s>
  </p>
  <p id="14">
    <s id="44">Today, these tasks look huge.</s>
    <s id="45">But Russia has beaten greater odds over the past five years.</s>
    <s id="46">Almost nobody believed that Russia would go so far, so fast, in its democratic and capitalist development.</s>
    <s id="47">If Russia passes this last hurdle it would -- though periodic crisis and difficulties will, of course, continue -- finally be on the road to success.</s>
  </p>
</document>
