<?xml version="1.0" encoding="utf-8"?>
<document>
  <HEADLINE>
    <s id="1">Russia’s European Home</s>
  </HEADLINE>
  <p id="1">
    <s id="2">MOSCOW – Last spring, after Russia annexed Crimea and began intervening in eastern Ukraine, the United States and the European Union introduced sanctions against Russian individuals and businesses.</s>
    <s id="3">But if sanctions are to be an effective tool in countering Vladimir Putin’s ambitions – a topic of ongoing debate in the West – they must combine a firm hand toward Russia’s president with an open one toward its people.</s>
  </p>
  <p id="2">
    <s id="4">To understand the role that sanctions can play in managing the Kremlin, one need only consider the importance of money to its occupant.</s>
    <s id="5">From the beginning of the century until very recently, Russia was flooded with petrodollars; as the flow of money increased, so did Putin’s audacity and aggression.</s>
  </p>
  <p id="3">
    <s id="6">In 1999, oil and gas revenues contributed $40.5 billion to Russia’s GDP.</s>
    <s id="7">As prices rose and production increased, this contribution increased substantially, averaging $73.5 billion annually from 2001 to 2004.</s>
    <s id="8">Russia’s growing wealth emboldened Putin, a change exemplified in his decision to arrest and imprison Mikhail Khodorkovsky, the owner of oil giant Yukos, in 2003.</s>
  </p>
  <p id="4">
    <s id="9">And the trend continued.</s>
    <s id="10">From 2005-2008, annual hydrocarbon revenues were $223.6 billion higher than in 1999; at the end of this period, Russia invaded Georgia.</s>
    <s id="11">In 2011-2013, Russia’s annual oil and gas income peaked at $394 billion above 1999 levels, setting the stage for the Kremlin’s interventions in Ukraine.</s>
    <s id="12">In all of these cases, Putin acted on the conviction that Russia’s oil wealth meant that rules – even international laws – did not apply to him.</s>
  </p>
  <p id="5">
    <s id="13">But with the introduction of sanctions, financial markets are closed, for the most part, to Russian businesses.</s>
    <s id="14">Oil prices are plummeting;</s>
    <s id="15">Russia’s finance minister estimates that the country’s losses since last spring have surpassed $140 billion.</s>
    <s id="16">Russia’s strategic currency reserves are being pulled apart by Putin’s friends and may be exhausted by the end of the year.</s>
    <s id="17">Moreover, the ruble has lost close to 50% of its value over the last six months.</s>
  </p>
  <p id="6">
    <s id="18">But, though the sanctions clearly are starting to bite, it will be some time before the bulk of the Russian public actually feels their impact.</s>
    <s id="19">So the West needs to wait.</s>
  </p>
  <p id="7">
    <s id="20">There is little point in engaging in a search for diplomatic solutions.</s>
    <s id="21">They simply do not exist.</s>
    <s id="22">Putin has chosen to act without regard for territorial integrity.</s>
    <s id="23">He has declared himself a defender not only of Russian citizens, but of all ethnic Russians, Russophones, and even Orthodox Christians.</s>
    <s id="24">He believes that he possesses the right to intervene in his neighbors’ affairs, because, as he put it, “the Soviet Union was the same Russia, just called by another name.”</s>
    <s id="25">In other words, Ukraine is merely a breakaway region of historical Russia.</s>
  </p>
  <p id="8">
    <s id="26">The Russian people, however, are modern enough to question these policies.</s>
    <s id="27">The “Putin consensus” was built on the promise of rising prosperity – a promise that is quickly evaporating under the heat of sanctions.</s>
    <s id="28">Most Russian elites think and act like businesspeople, not like romantic nationalists: As the economy sinks into prolonged recession, scrutiny and criticism of Putin’s policies will increase.</s>
  </p>
  <p id="9">
    <s id="29">The goal of Western sanctions should be to detach Russia’s pre-modern rulers from its modern population.</s>
    <s id="30">This strategy may be of little use in tightly controlled societies like Iran or North Korea; but Russia is essentially European.</s>
    <s id="31">Instead of wasting time trying to negotiate, the West should focus on elaborating and publicizing a post-Putin agenda.</s>
  </p>
  <p id="10">
    <s id="32">For starters, the West should explicitly deny any Russian claim to a right to interfere in the affairs of the EU and NATO.</s>
    <s id="33">Ukraine should be embraced – even if Crimea and Donbas are lost.</s>
    <s id="34">A “new Marshall plan” should be rolled out, one that can transform Ukraine into a free, prosperous country that can join the EU and NATO, should it so desire.</s>
  </p>
  <p id="11">
    <s id="35">Even more important, the West should make it clear that it extends its definition of Europe not just to Russia’s borders, but across them.</s>
    <s id="36">Russia should be acknowledged as an integral and natural part of Europe – a country that might eventually join the EU.</s>
    <s id="37">The grand strategy for the coming decades should be centered on a simple idea: Though Russia can never be allowed to influence Europe from outside, it will be welcome to gain a place of influence from within, if it accepts Europe’s rules and norms.</s>
  </p>
  <p id="12">
    <s id="38">Russians should be made to understand that they can choose one of two paths.</s>
    <s id="39">They can follow Putin into isolation, probably ending up under Chinese influence (indeed, from China’s perspective, its claim to Siberia all the way to Lake Baikal is even stronger than Russia’s claim to Crimea).</s>
    <s id="40">Or they can decide to move toward Europe, perhaps in the distant future joining the EU as its largest – and perhaps most influential – member.</s>
  </p>
  <p id="13">
    <s id="41">The West’s biggest mistake regarding Russia and Ukraine was to choose the path of indifference after the end of the Cold War.</s>
    <s id="42">That led to the creation of the Commonwealth of Independent States in 1991 and the Budapest Memorandum on Security Assurances in 1994.</s>
    <s id="43">If, instead, Russia and Ukraine had been encouraged to work toward joining the European Economic Community and were invited to join NATO, the arc of history would have been bent in a much more peaceful direction.</s>
  </p>
  <p id="14">
    <s id="44">History rarely offers a second chance.</s>
    <s id="45">But this time it has.</s>
    <s id="46">The mistakes of the 1990s should be remedied, and the starting point should be to offer those who want to join the West the opportunity to work toward doing so.</s>
    <s id="47">If Ukraine is brought into the European fold, the Russian people will want to follow – much sooner than anyone can now imagine.</s>
  </p>
</document>
