<?xml version="1.0" encoding="utf-8"?>
<document>
  <HEADLINE>
    <s id="1">The Vital Isolation of Indigenous Groups</s>
  </HEADLINE>
  <p id="1">
    <s id="2">NEW DELHI – The remote, coral-fringed North Sentinel Island made headlines late last year, after an American Christian missionary’s covert expedition to convert its residents – the world’s last known pre-Neolithic tribal group – ended in his death.</s>
    <s id="3">The episode has cast a spotlight on the threats faced by the world’s remote indigenous groups, which are already on the brink of disappearance.</s>
  </p>
  <p id="2">
    <s id="4">Following its targeted killing of Iran's second most powerful leader, the US could well find itself with no alternative but to devote more military resources to the Middle East, a path that could lead to additional Iranian provocations.</s>
    <s id="5">And that shift would occur at a time of growing challenges to US interests elsewhere in the world.</s>
  </p>
  <p id="3">
    <s id="6">The targeted killing by the United States of one of Iran's top military leaders represents a significant symbolic defeat for the Iranian regime, but it does not augur all-out war.</s>
    <s id="7">After all, Iran and the US have already been at war for decades, and neither side has an interest in an uncontrolled military escalation now.</s>
  </p>
  <p id="4">
    <s id="8">As in previous years, Project Syndicate asked its commentators to offer their best guesses about the events and trends that will define the coming 12 months.</s>
    <s id="9">If there is one common theme in this year's selection, it is that what happens in 2020 will weigh on the present for many years to come.</s>
  </p>
  <p id="5">
    <s id="10">The Sentinelese people targeted by the slain evangelist John Allen Chau are probably the most isolated of the world’s remaining remote tribes, and they are keen to stay that way.</s>
    <s id="11">They shoot arrows to warn off anyone who approaches their island, and attack those, like Chau, who ignore their warnings.</s>
  </p>
  <p id="6">
    <s id="12">It was not always this way.</s>
    <s id="13">When Europeans first made contact with the Sentinelese, the British naval commander Maurice Vidal Portman described them in 1899 as “painfully timid.”</s>
    <s id="14">But the profound shift is not hard to explain.</s>
    <s id="15">Tribes like the Sentinelese have learned to associate outsiders with the ghastly violence and deadly diseases brought by European colonization.</s>
  </p>
  <p id="7">
    <s id="16">British colonial excesses whittled down the aboriginal population of the Andaman Islands, which includes North Sentinel Island, from more than two dozen tribes 150 years ago to just four today.</s>
    <s id="17">The tribes that escaped genocide at the hands of the colonizers did so largely by fleeing to the deepest and most inaccessible parts of jungles.</s>
  </p>
  <p id="8">
    <s id="18">That was the story in North Sentinel, which Portman and his forces raided, abducting the few children and elderly who failed to flee into the dense rainforest in time.</s>
    <s id="19">As a 2009 book by Satadru Sen notes, Portman used members of Andaman tribes as subjects in his supposed anthropometry research, forcibly measuring and photographing their bodies.</s>
    <s id="20">The research, according to Sen, reflected a perverted “fascination” with “male genitalia.”</s>
  </p>
  <p id="9">
    <s id="21">After the decimation of indigenous peoples under colonial rule, the countries where isolated tribes remain – including Bolivia, Brazil, Ecuador, India, and Peru – have pursued a “no contact” policy toward these groups.</s>
    <s id="22">This policy is anchored in laws that protect indigenous people’s rights to ancestral lands and to live in seclusion, and reinforced by an international convention obligating governments to protect these communities’ lands, identities, penal customs, and ways of life.</s>
  </p>
  <p id="10">
    <s id="23">It is illegal – and punishable by a prison sentence – for outsiders to enter India’s tribal reserves.</s>
    <s id="24">Yet Chau dodged Indian laws and coastal security, according to his own diary accounts, to make repeated forays into North Sentinel over three days – an arduous effort that was facilitated by a Kansas City-based missionary agency, which trained him for his journey.</s>
    <s id="25">The Sentinelese killed him only after he ignored repeated warnings to stop trespassing.</s>
  </p>
  <p id="11">
    <s id="26">But the threat to the Sentinelese people – and, indeed, all isolated tribes – is far from neutralized, as some have taken Chau’s death as an opportunity to argue that we should reverse the policies protecting isolated tribes.</s>
    <s id="27">And while some have good intentions – to provide access to modern technology, education, and health care – others do not.</s>
    <s id="28">For example, Brazil’s new far-right president, Jair Bolsonaro, has threatened to repeal constitutional safeguards for aboriginal lands in order to expand developers’ access to the Amazon, the world’s largest rainforest.</s>
  </p>
  <p id="12">
    <s id="29">Whatever the motivation, connecting with remote tribes would amount to a death sentence for them.</s>
    <s id="30">The first waves of European colonization caused a calamitous depopulation of indigenous societies through violence and the introduction of infectious diseases like smallpox and measles, to which the natives had no immunity.</s>
  </p>
  <p id="13">
    <s id="31">In Brazil, three-quarters of the indigenous societies that opened up to the outside world have become extinct, with the rest suffering catastrophic population declines.</s>
    <s id="32">Over the last five centuries, Brazil’s total indigenous population has plummeted from up to five million to fewer than 900,000 people, with the introduction of constitutional protections for indigenous territories in the late 1980s aimed at arresting the decline.</s>
  </p>
  <p id="14">
    <s id="33">In the Andaman chain, of the four tribes that survive, the two that were forcibly assimilated by the British have become dependent on government aid and are close to vanishing.</s>
    <s id="34">Indigenous communities’ combined share of the world population now stands at just 4.5%.</s>
  </p>
  <p id="15">
    <s id="35">To be sure, leaving secluded tribes alone is no guarantee that they will survive.</s>
    <s id="36">These highly inbred groups are already seeing their numbers dwindle, and face the specter of dying out completely.</s>
    <s id="37">But they will probably die a lot faster if we suddenly contact them, bringing with us modern pathogens against which they have no antibodies.</s>
  </p>
  <p id="16">
    <s id="38">These tribes might be isolated, but their demise will have serious consequences.</s>
    <s id="39">With their reverence for – and understanding of – nature, such groups serve as the world’s environmental sentinels, safeguarding 80% of global diversity and playing a critical role in climate change mitigation and adaptation.</s>
    <s id="40">When the devastating 2004 Indian Ocean tsunami struck, more than a quarter-million people died across 14 countries, but the two isolated Andaman tribes, which rely on traditional warning systems, suffered no known casualties.</s>
  </p>
  <p id="17">
    <s id="41">But, as Bolsonaro’s promises underscore, indigenous societies have been pitted directly against loggers, miners, crop planters, ranchers, oil drillers, hunters, and other interlopers.</s>
    <s id="42">In the last 12 years alone, according to satellite data, Brazil’s Amazon Basin has lost forest cover equivalent in size to the entire Democratic Republic of Congo, the world’s eleventh-largest country.</s>
  </p>
  <p id="18">
    <s id="43">Indigenous people are an essential element of cultural diversity and ecological harmony, not to mention a biological treasure for scientists seeking to reconstruct evolutionary and migratory histories.</s>
    <s id="44">The least the world can do is to let them live in peace in the ancestral lands that they have honored and preserved for centuries.</s>
  </p>
</document>
