<?xml version="1.0" encoding="utf-8"?>
<document>
  <HEADLINE>
    <s id="1">The Return of Fiscal Policy</s>
  </HEADLINE>
  <p id="1">
    <s id="2">NEW YORK – Since the global financial crisis of 2008, monetary policy has borne much of the burden of sustaining aggregate demand, boosting growth, and preventing deflation in developed economies.</s>
    <s id="3">Fiscal policy, for its part, was constrained by large budget deficits and rising stocks of public debt, with many countries even implementing austerity to ensure debt sustainability.</s>
    <s id="4">Eight years later, it is time to pass the baton.</s>
  </p>
  <p id="2">
    <s id="5">As the only game in town when it came to economic stimulus, central banks were driven to adopt increasingly unconventional monetary policies.</s>
    <s id="6">They began by cutting interest rates to zero, and later introduced forward guidance, committing to keep policy rates at zero for a protracted period.</s>
  </p>
  <p id="3">
    <s id="7">In rapid succession, advanced-country central banks also launched quantitative easing (QE), purchasing massive volumes of long-term government securities to reduce their yields.</s>
    <s id="8">They also initiated credit easing, or purchases of private assets to reduce the costs of private-sector borrowing.</s>
    <s id="9">Most recently, some monetary authorities – including the European Central Bank, the Bank of Japan, and several other European central banks – have taken interest rates negative.</s>
  </p>
  <p id="4">
    <s id="10">These policies boosted asset prices and economic growth, while preventing deflation.</s>
    <s id="11">But they are reaching their limits.</s>
    <s id="12">In fact, negative policy rates may hurt bank profitability and thus banks’ willingness to extend credit.</s>
    <s id="13">As for QE, central banks may simply run out of government bonds to buy.</s>
  </p>
  <p id="5">
    <s id="14">Yet most economies are far from where they need to be.</s>
    <s id="15">If below-trend growth continues, monetary policy may well lack the tools to address it, particularly if tail risks – economic, financial, political, or geopolitical – also undermine recovery.</s>
    <s id="16">If banks are driven, for any reason, to reduce lending to the private sector, monetary policy may become less effective, ineffective, or even counter-productive.</s>
  </p>
  <p id="6">
    <s id="17">In such a context, fiscal policy would be the only effective macroeconomic-policy tool left, and thus would have to assume much more responsibility for countering recessionary pressures.</s>
    <s id="18">But there is no need to wait until central banks have run out of ammunition.</s>
    <s id="19">We should begin activating fiscal policy now, for several reasons.</s>
  </p>
  <p id="7">
    <s id="20">For starters, thanks to painful austerity, deficits and debts have fallen, meaning that most advanced economies now have some fiscal space to boost demand.</s>
    <s id="21">Moreover, central banks’ near-zero policy rates and effective monetization of debt by way of QE would enhance the impact of fiscal policy on aggregate demand.</s>
    <s id="22">And long-term government bond yields are at an historic low, enabling governments to spend more and/or reduce taxes while financing the deficit cheaply.</s>
  </p>
  <p id="8">
    <s id="23">Finally, most advanced economies need to repair or replace crumbling infrastructure, a form of investment with higher returns than government bonds, especially today, when bond yields are extremely low.</s>
    <s id="24">Public infrastructure not only increases aggregate demand; it also increases aggregate supply, as it supports private-sector productivity and efficiency.</s>
  </p>
  <p id="9">
    <s id="25">The good news is that the advanced economies of the G7 seem poised to begin – or perhaps have already begun – to rely more on fiscal policy to bolster sagging economic growth, even as they maintain the rhetoric of austerity.</s>
    <s id="26">In Canada, Prime Minister Justin Trudeau’s administration has announced a plan to boost public investment.</s>
    <s id="27">And Japanese Prime Minister Shinzo Abe has decided to postpone a risky consumption-tax hike planned for next year, while also announcing supplementary budgets to increase spending and boost the household sector’s purchasing power.</s>
  </p>
  <p id="10">
    <s id="28">In the United Kingdom, the new government, led by Prime Minister Theresa May, has dropped the target of eliminating the deficit by the end of the decade.</s>
    <s id="29">In the wake of the Brexit vote, May’s government has designed expansionary fiscal policies aimed at spurring growth and improving economic conditions for cities, regions, and groups left behind in the last decade.</s>
  </p>
  <p id="11">
    <s id="30">Even in the eurozone, there is some movement.</s>
    <s id="31">Germany will spend more on refugees, defense, security, and infrastructure, while reducing taxes moderately.</s>
    <s id="32">And, with the European Commission showing more flexibility on targets and ceilings, the rest of the eurozone may also be able to use fiscal policy more effectively.</s>
    <s id="33">If fully implemented, the so-called Juncker Plan, named for European Commission President Jean-Claude Juncker, will boost public investment throughout the European Union.</s>
  </p>
  <p id="12">
    <s id="34">As for the United States, there will be some stimulus, regardless of whether Hillary Clinton or Donald Trump wins the presidential election.</s>
    <s id="35">Both candidates favor more infrastructure spending, more military spending, loosening limits on civilian spending, and corporate-tax reform.</s>
    <s id="36">Trump also has a tax-reduction plan that would not be revenue-neutral, and thus would expand the budget deficit (though the effect on demand would likely be small, given the concentration of benefits at the very top of the income distribution).</s>
  </p>
  <p id="13">
    <s id="37">The fiscal stimulus that will result from these uncoordinated G7 policies will likely be very modest – at best, 0.5% of GDP of additional stimulus per year for a few years.</s>
    <s id="38">This means that more stimulus, particularly spending on public infrastructure, will probably be warranted.</s>
    <s id="39">Nonetheless, the measures undertaken or contemplated so far already represent a step in the right direction.</s>
  </p>
</document>
