<?xml version="1.0" encoding="utf-8"?>
<document>
  <HEADLINE>
    <s id="1">Silent Momentum on Climate Change</s>
  </HEADLINE>
  <p id="1">
    <s id="2">NAIROBI – The last two years have been a roller coaster ride in respect to securing a new global treaty to combat climate change.</s>
    <s id="3">Some even despair that the window for action is closing fast.</s>
  </p>
  <p id="2">
    <s id="4">But giving up is not an option.</s>
    <s id="5">The latest round of climate negotiations, held last month in Cancún, Mexico, put the world’s efforts on climate change back on track – albeit at a pace and on a scale that will undoubtedly leave many onlookers frustrated.</s>
  </p>
  <p id="3">
    <s id="6">President Felipe Calderón’s government in Mexico and the Executive Secretary of the United Nations Framework Convention deserve credit for gains in a range of important areas, including forestry, a new Green Fund to assist developing nations, and the anchoring of the emission-reduction pledges made at the December 2009 climate-change conference in Copenhagen.</s>
  </p>
  <p id="4">
    <s id="7">But, as the UN Environment Program and climate modelers made clear in the run-up to the Cancún meeting, a significant emissions gap exists between what is being promised by countries and what is needed to keep the rise in global temperature below two degrees Celsius, let alone move towards the 1.5-degree threshold needed to protect low-lying island states.</s>
  </p>
  <p id="5">
    <s id="8">Despite some gains, that gap – which, under the most optimistic scenario, amounts to the combined emissions of all the world’s cars, buses, and trucks – remains firmly in place post-Cancún.</s>
    <s id="9">Indeed, no one should underestimate the magnitude of the challenge now facing South Africa, the host of next year’s talks, in terms of midwifing a new legally binding agreement to bridge this gap and securing the finance needed to bring the Green Fund into operation.</s>
  </p>
  <p id="6">
    <s id="10">Yet, while the official summit in Cancún struggled to a conclusion, an unofficial one being held a few minutes away also concluded.</s>
    <s id="11">This parallel summit brought together progressive heads of state, regional and local government, business, and civil society, and underscored just how far and how fast some sectors of society will make the transition to a low-carbon future and build the green and clean-tech economies of the twenty-first century.</s>
  </p>
  <p id="7">
    <s id="12">Calderón’s policies echo this momentum: by some estimates, he is transforming his country into the world’s fastest-growing wind-power market.</s>
    <s id="13">Moreover, Mexico will also phase out old, inefficient light bulbs by 2014.</s>
    <s id="14">And it has just retired 850,000 inefficient household refrigerators in favor of modern, energy-efficient models, with millions more earmarked over the coming years.</s>
    <s id="15">Mexican homeowners who install energy-saving systems such as solar water heaters are becoming eligible for lower-rate “green mortgages.”</s>
  </p>
  <p id="8">
    <s id="16">Mexico is not alone in adopting a national strategy for the transition to a low-carbon, resource-efficient green economy.</s>
    <s id="17">Uruguay, for example, announced a strategy to generate half its electricity from renewable sources by 2015.</s>
  </p>
  <p id="9">
    <s id="18">Sixty regional and local governments, responsible for 15% of global greenhouse-gas emissions, are also taking action.</s>
    <s id="19">Québec and São Paolo, to cite just two examples, are aiming for cuts of 20% below 1990 levels by 2020.</s>
  </p>
  <p id="10">
    <s id="20">Big companies, from banks to airlines, are contributing as well.</s>
    <s id="21">The US retailer Wal-Mart, for example, plans to cut emissions equivalent to 3.8 million cars, in part by implementing energy-efficiency measures at its Chinese stores.</s>
  </p>
  <p id="11">
    <s id="22">Indeed, the world is witnessing an extraordinary mobilization of national-level projects and policies that are shifting economies onto a low-carbon path.</s>
    <s id="23">In Kenya, a new feed-in tariff is triggering an expansion of wind and geothermal power.</s>
    <s id="24">Indonesia is not only addressing deforestation, but will begin phasing out fossil-fuel subsidies for private cars next month.</s>
    <s id="25">Many countries and companies are forging ahead, signaling a determination not to be held hostage by the slowest at the official negotiating table.</s>
  </p>
  <p id="12">
    <s id="26">All this may lead some to wonder why time-consuming international negotiations and UN climate summits are needed at all.</s>
    <s id="27">But the fact is that this groundswell has in large part been catalyzed by the existing targets, timetables, and innovative mechanisms of the UN climate treaties, and not least by the momentum generated around the often-criticized 2009 Copenhagen summit.</s>
  </p>
  <p id="13">
    <s id="28">This momentum would continue to grow with a new global treaty that not only brings certainty to carbon markets and triggers accelerated investments in clean-tech industries, but that also ensures that more vulnerable countries are not marginalized.</s>
    <s id="29">The challenge today is to unite these goals in a mutually reinforcing way.</s>
  </p>
  <p id="14">
    <s id="30">Only then will the world have a fighting chance to keep the global temperature rise in this century under two degrees, build resilience against a changed climate, and truly transform the energy structures of the past – and thus the development prospects for six billion people in the future.</s>
  </p>
</document>
