<?xml version="1.0" encoding="utf-8"?>
<document>
  <HEADLINE>
    <s id="1">How to Become an Oligarch</s>
  </HEADLINE>
  <p id="1">
    <s id="2">WASHINGTON, DC – Let’s say that you would like to become one of the richest people on the planet, someone with enormous wealth and access to the top rung of political power.</s>
    <s id="3">This is not an unreasonable aspiration for any fresh college graduate in today’s winner-take-all economies.</s>
    <s id="4">But how realistic is it?</s>
  </p>
  <p id="2">
    <s id="5">You could have a good idea for a new technology with potentially widespread demand.</s>
    <s id="6">With the right credentials and some luck, you could attract investment from a venture-capital fund.</s>
    <s id="7">Many such ventures do not pan out; but – particularly in the United States – such equity-financed rapid-growth companies are strongly encouraged.</s>
  </p>
  <p id="3">
    <s id="8">Or you could issue a lot of debt.</s>
    <s id="9">This might seem like a strange idea in the immediate aftermath of a major debt-fueled financial crisis, and with many homeowners still underwater on their mortgages (they owe more than the house is worth, even if they can still afford the monthly payments).</s>
    <s id="10">In any case, to the extent that any recent American graduate thinks about debt, it is in the context of paying student loans.</s>
  </p>
  <p id="4">
    <s id="11">But a new book, Private Equity at Work, by Eileen Appelbaum and Rosemary Batt, explains exactly how a few people have become immensely rich through the shrewd strategic use of debt.</s>
  </p>
  <p id="5">
    <s id="12">The authors present a broad, detailed, and fair assessment of private equity – the business of investing in established companies through debt-financed purchases of controlling stakes.</s>
    <s id="13">(By contrast, venture capitalists support start-ups almost entirely through equity.)</s>
    <s id="14">And Appelbaum and Batt are careful to point out that many private-equity firms bring better management or other efficiency improvements to their portfolio companies.</s>
  </p>
  <p id="6">
    <s id="15">But some of the largest funds – in fact, most of the brand names in the industry – use the clever trick of securing the debt they issue with collateral owned by the company they buy.</s>
    <s id="16">This is a little bit like buying a house.</s>
    <s id="17">A bank or mortgage originator lends you a large amount of money, which is secured by the house as collateral.</s>
    <s id="18">In other words, if you fail to make your payments on time, the lender can foreclose on the loan and take possession of the property – as millions of homeowners have experienced in the last decade.</s>
  </p>
  <p id="7">
    <s id="19">And yet there is a major difference between how private equity operates and how a family buys a home.</s>
    <s id="20">Only a small part of the equity ownership acquired by any private equity fund comes from money provided by the partners who found and operate the fund.</s>
    <s id="21">Most of it is raised from outside investors.</s>
    <s id="22">(This would be like a family financing its down payment not from its own savings but from distant relatives about whom the family cares little.)</s>
  </p>
  <p id="8">
    <s id="23">The fee structure in this overall arrangement is such that the people running the private-equity fund want to have as much debt as possible; this will increase the way upside returns are calculated, which in turn is the main driver of the compensation that the controlling “general” partners can receive.</s>
    <s id="24">More debt, of course, also means more risk; but this is not a sector focused primarily on risk-adjusted returns.</s>
  </p>
  <p id="9">
    <s id="25">If the company cannot make its interest payments, its assets will need to be sold or its activities otherwise scaled back.</s>
    <s id="26">But, in contrast to the case of the struggling homeowner, not much of those downside costs typically fall on the general partner.</s>
  </p>
  <p id="10">
    <s id="27">In addition, there are various other fees – charged to portfolio companies and to investors – that further encourage high levels of debt.</s>
    <s id="28">The US tax code allows interest payments to be deducted as a business expense; there is no equivalent allowance for payments to equity investors.</s>
  </p>
  <p id="11">
    <s id="29">Appelbaum and Batt document in impressive detail the way in which top-tier private-equity funds have been able to earn high returns and ultimately enormous wealth for their founders, while not necessarily helping the companies in which they invest.</s>
    <s id="30">Interestingly, when returns are measured properly, the outside “limited” partners in private equity – including pension funds, insurance companies, and university endowments – also do not necessarily do so well.</s>
  </p>
  <p id="12">
    <s id="31">However, before graduates flock to private equity, they should know that only the very big funds can use debt to skew returns for insiders in this way, primarily because only they can raise the capital needed to buy well-established companies that are rich in fixed assets, and thus in potential collateral.</s>
    <s id="32">Smaller private-equity funds typically buy into younger, smaller companies without such fixed assets, and the leverage in those deals is commensurately less.</s>
  </p>
  <p id="13">
    <s id="33">Regulators have recently woken up to the incentives for excessive leverage in this sector – and to the risks that such leverage poses to lenders and the broader economy.</s>
    <s id="34">Not surprisingly, big private-equity firms seem determined to ignore or otherwise circumvent new restrictions.</s>
    <s id="35">As the policy debate on this issue heats up, one hopes that all participants will become better informed by reading Private Equity At Work.</s>
  </p>
  <p id="14">
    <s id="36">If the new graduate in your life has the connections to join a very large brand-name private-equity fund, the path to immense wealth, political influence, or even power becomes much clearer.</s>
    <s id="37">Without such initial connections, however, it is very unlikely that he or she will become an oligarch.</s>
    <s id="38">But you knew that already.</s>
  </p>
</document>
