<?xml version="1.0" encoding="utf-8"?>
<document>
  <HEADLINE>
    <s id="1">Small Farms’ Large Benefits</s>
  </HEADLINE>
  <p id="1">
    <s id="2">ROME – As drought becomes increasingly common, farmers worldwide are struggling to maintain crop yields.</s>
    <s id="3">In the United States, farmers are experiencing the most severe drought in more than a half-century.</s>
    <s id="4">As a result, global corn, wheat, and soybean prices rose in July and August, and remain high.</s>
  </p>
  <p id="2">
    <s id="5">But the severe dry spell parching croplands across the US is only the latest in a global cycle of increasingly frequent and damaging droughts.</s>
    <s id="6">In Africa’s Sahel region, millions of people are facing hunger for the third time since 2005.</s>
    <s id="7">Lack of rain in the region and volatile global food prices have made a bad situation worse.</s>
    <s id="8">Indeed, it is the world’s poor – particularly those in rural areas – that suffer the most from these combined factors.</s>
  </p>
  <p id="3">
    <s id="9">This does not bode well for our future.</s>
    <s id="10">By 2050, global food production will have to increase by 60% to meet demand from a growing world population with changing consumption habits.</s>
    <s id="11">To ensure food security for all, we will have to increase not just food production, but also availability, especially for those living in developing countries.</s>
    <s id="12">That means breaking down barriers and inequalities, building capacity, and disseminating knowledge.</s>
    <s id="13">In Africa, smallholder farmers – who provide 80% of the sub-Saharan region’s food – need infrastructure for agricultural development, including irrigation and roads, as well as better market organization and access to technology.</s>
  </p>
  <p id="4">
    <s id="14">The International Fund for Agricultural Development sees enormous potential in Africa’s agricultural sector, which experienced 4.8% growth in 2009, compared to 3.8% in the Asia-Pacific region and only 1.4% in Latin America and the Caribbean.</s>
    <s id="15">Given that agriculture amounts to roughly 30% of sub-Saharan Africa’s GDP, and accounts for more than 60% of employment in most African countries, the sector’s development could reduce poverty in the region substantially.</s>
  </p>
  <p id="5">
    <s id="16">Not only in Africa – in countries like Burkina Faso and Ethiopia – but also in emerging countries like China, India, and Vietnam, experience has repeatedly shown that smallholder farmers can lead agricultural growth while stimulating broader economic development.</s>
    <s id="17">Small farmers, both women and men, are Africa’s biggest agricultural investors.</s>
    <s id="18">And agriculture-driven GDP growth is more than twice as effective in reducing poverty as growth in other sectors.</s>
  </p>
  <p id="6">
    <s id="19">But African farmers encounter significant barriers to achieving their potential.</s>
    <s id="20">On average, they apply less than 10 kilograms of fertilizer per hectare, compared to 140 kilograms in India.</s>
    <s id="21">Furthermore, less than 5% of agricultural land is irrigated, and improved crop varieties are rarely used.</s>
  </p>
  <p id="7">
    <s id="22">Agricultural development efforts should, therefore, focus on promoting the growth and sustainability of smallholder farmers and small rural businesses.</s>
    <s id="23">This requires a more supportive regulatory environment, technical assistance, as well as connections to suppliers, distributors, and finance providers.</s>
  </p>
  <p id="8">
    <s id="24">Countries that are experiencing significant agricultural growth, such as Brazil and Thailand, have benefited from public-sector investment in research and infrastructure development.</s>
    <s id="25">We should consider not only how to improve the ability of smallholder farmers to grow food; we also must strengthen their ability to participate in markets, while improving the way those markets function.</s>
  </p>
  <p id="9">
    <s id="26">Moreover, sustainable investment linkages between smallholder farmers and the private sector are needed.</s>
    <s id="27">By enabling farmers to increase their output and incomes, smallholder-inclusive private investment can bolster economic growth and food security.</s>
    <s id="28">Finally, farmers’ organizations, which are crucial intermediaries between producers and corporate investors, must be involved in the formulation of plans and policies aimed at agricultural development.</s>
  </p>
  <p id="10">
    <s id="29">A vibrant rural sector can generate demand for locally produced goods and services, thereby stimulating sustainable employment growth in agro-processing, services, and small-scale manufacturing.</s>
    <s id="30">Such opportunities would allow young people to thrive in their rural communities, rather than being forced to search for work in urban areas.</s>
  </p>
  <p id="11">
    <s id="31">Africa can feed itself.</s>
    <s id="32">But that is not all: With knowledge, technology, infrastructure, and enabling policies, smallholder farmers in Africa and elsewhere can drive sustainable agricultural development, contribute to global food security, and catalyze economic growth worldwide.</s>
  </p>
</document>
