<?xml version="1.0" encoding="utf-8"?>
<document>
  <HEADLINE>
    <s id="1">Soft Power and Hard Batons</s>
  </HEADLINE>
  <p id="1">
    <s id="2">LONDON – We all remember one phrase from the first presidential campaign by a Clinton.</s>
  </p>
  <p id="2">
    <s id="3">When Bill Clinton was running for the job in the early 1990’s, one of his staff explained what the central issue in the election was.</s>
    <s id="4">“It’s the economy, stupid.” he said.</s>
    <s id="5">Economics explains all – jobs, prices, savings, houses.</s>
    <s id="6">It determines the public mood and sets the political agenda.</s>
  </p>
  <p id="3">
    <s id="7">The point is reinforced by a curious glossy magazine advertisement that you might have seen recently.</s>
    <s id="8">It is for expensive luggage.</s>
    <s id="9">Mikhail Gorbachev sits in the back of a limousine.</s>
    <s id="10">He is being driven past the Berlin Wall.</s>
    <s id="11">On the seat next to him is the luxury brand, a leather attaché case.</s>
    <s id="12">The message?</s>
    <s id="13">Who cares about the Wall; forget politics; money rules.</s>
  </p>
  <p id="4">
    <s id="14">Maybe that’s really how it is.</s>
    <s id="15">Today the world wrestles with the consequences of America’s addiction to borrowing and with the greed and stupidity of many global banks.</s>
    <s id="16">Drivers grumble at the cost of filling their cars’ gas tanks.</s>
    <s id="17">Housewives in poor countries – and in better-off countries, too – despair at the rising cost of feeding their families.</s>
    <s id="18">In Asia, Africa, the Middle East, and Latin America, their husbands and sons riot over food prices.</s>
  </p>
  <p id="5">
    <s id="19">So the economy is the big story.</s>
    <s id="20">But two others jostle for our attention.</s>
    <s id="21">They tell us a lot about the politics of the world in a new century.</s>
    <s id="22">It’s not only the economy that matters, after all.</s>
  </p>
  <p id="6">
    <s id="23">First, there is Tibet, where apparently the local economy has been growing fast.</s>
    <s id="24">This does not seem to have impressed the Tibetans.</s>
    <s id="25">Last year, it was Burma’s Buddhist monks who were shot and beaten with batons.</s>
    <s id="26">This year it is monks in Tibet.</s>
  </p>
  <p id="7">
    <s id="27">The history is complicated.</s>
    <s id="28">But I have no problem in accepting that Tibet is part of China.</s>
    <s id="29">Many Chinese dissidents take the same view.</s>
    <s id="30">It seems to be the Dalai Lama’s opinion as well.</s>
    <s id="31">But can that position be sustained only through state violence?</s>
  </p>
  <p id="8">
    <s id="32">The Dalai Lama is not a devious terrorist.</s>
    <s id="33">China does itself no favors by remaining time-warped in the Maoist 1960’s when discussing this issue.</s>
  </p>
  <p id="9">
    <s id="34">The Chinese have been so smart in so many areas.</s>
    <s id="35">They devised the “one country, two systems” formula for Hong Kong.</s>
    <s id="36">Is it really beyond the capacity of their political system to work out a formula for Tibet that recognizes its cultural and religious autonomy within the Chinese state?</s>
  </p>
  <p id="10">
    <s id="37">I hope that this issue does not derail the Chinese effort to use the Olympics as an opportunity to show the world that their country has emerged again as one of the world’s leaders.</s>
    <s id="38">It would make no sense at all to boycott the Games.</s>
    <s id="39">A boycott would merely provoke nationalist hostility in China.</s>
    <s id="40">But those who attend the Games should not be placed under any constraints about giving their views – if they have any – politely but firmly about human rights.</s>
  </p>
  <p id="11">
    <s id="41">What has happened in China economically in the last 25 years is momentous.</s>
    <s id="42">China has become the workshop of the world.</s>
    <s id="43">Its success is not a threat to the rest of us.</s>
    <s id="44">It is good news for everyone.</s>
    <s id="45">Momentous, sure – but China is not yet a superpower.</s>
    <s id="46">It is not a mark of a superpower’s quiet, self-confident authority to beat up Buddhist monks and attack their spiritual leader.</s>
  </p>
  <p id="12">
    <s id="47">The other big global political story is the American presidential election.</s>
    <s id="48">This is super-charged American soft power.</s>
  </p>
  <p id="13">
    <s id="49">A tight contest between the two Democrats, Barack Obama and Hillary Clinton, has yet to be resolved.</s>
    <s id="50">Waiting to take on the winner is a tough genuine war hero, John McCain.</s>
  </p>
  <p id="14">
    <s id="51">The contest between Obama and Clinton, though it has produced some lamentable protectionist sentiments, has captured the world’s attention.</s>
    <s id="52">Obama himself represents two qualities that enthuse many people, not just the young.</s>
  </p>
  <p id="15">
    <s id="53">Obama’s success demonstrates that the United States is still the land of opportunity.</s>
    <s id="54">If he were to win the election, imagine the impact on the world of his first speech from the podium to the United Nations General Assembly.</s>
    <s id="55">He would be there as president of the most globalized country in the world; in a sense he would be everyone’s president.</s>
  </p>
  <p id="16">
    <s id="56">Second, he does democratic politics a service.</s>
    <s id="57">Like an earlier son of Illinois, Adlai Stevenson, he believes that the average man and woman are a great deal better than average.</s>
  </p>
  <p id="17">
    <s id="58">Faced with the embarrassment of his pastor’s views on race and on America, Obama did not go into a huddle with spin-doctors to fathom how he should deal with the problem.</s>
    <s id="59">Instead, he delivered a thoughtful, eloquent, and moving speech about race.</s>
    <s id="60">He treated the issue head-on, and intelligently.</s>
    <s id="61">Confronted with an awkward problem, he responded with reason.</s>
    <s id="62">Whatever else happens in the presidential race, that speech marked a special moment.</s>
  </p>
  <p id="18">
    <s id="63">So why is all of this – Tibet on the one hand and American soft power on the other – so significant?</s>
    <s id="64">It’s simple.</s>
    <s id="65">The century ahead will not be a struggle between China and the US for global leadership.</s>
    <s id="66">This is not a balance-of-power gladiatorial contest.</s>
    <s id="67">There will, however, be a battle of ideas.</s>
  </p>
  <p id="19">
    <s id="68">Does the world want and need Leninism with its shopping malls?</s>
    <s id="69">Do governments have to lock up dissidents in order to deliver prosperity?</s>
    <s id="70">Or does the world want the sort of freedom that embraces politics as well as economics?</s>
  </p>
  <p id="20">
    <s id="71">That is what my children would call a “no brainer.”</s>
  </p>
</document>
