<?xml version="1.0" encoding="utf-8"?>
<document>
  <HEADLINE>
    <s id="1">Soulless Bodies</s>
  </HEADLINE>
  <p id="1">
    <s id="2">The world’s leading scholar in artificial intelligence once described people as machines made of meat.</s>
    <s id="3">This nicely captures the consensus in the fields of psychology and neuroscience, which tell us that our mental lives are the products of our physical brains, and that these brains are shaped not by a divine creator, but by the blind process of natural selection.</s>
  </p>
  <p id="2">
    <s id="4">But, with the exception of a small minority of philosophers and scientists, nobody takes this view seriously.</s>
    <s id="5">It is offensive.</s>
    <s id="6">It violates the tenets of every religion, and it conflicts with common sense.</s>
    <s id="7">We do not feel, after all, that we are just material bodies, mere flesh.</s>
    <s id="8">Instead, we occupy our bodies.</s>
    <s id="9">We own them.</s>
    <s id="10">We are spontaneously drawn to the view defended by René Descartes: We are natural-born dualists, so we see bodies and souls as separate.</s>
  </p>
  <p id="3">
    <s id="11">This dualism has significant consequences for how we think, act, and feel.</s>
    <s id="12">The philosopher Peter Singer discusses the notion of a moral circle – the circle of things that matter to us, that have moral significance.</s>
    <s id="13">This circle can be very small, including just your kin and those with whom you interact on a daily basis, or it can be extremely broad, including all humans, but also fetuses, animals, plants, and even the earth itself.</s>
    <s id="14">For most of us, the circle is mid-sized, and working out its precise boundaries – does it include stem cells, for instance? – can be a source of anguish and conflict.</s>
  </p>
  <p id="4">
    <s id="15">The nature of these boundaries is related to our common-sense view that some objects have souls and others do not.</s>
    <s id="16">If one attributes a soul to something, then it has value; if one sees something as a mere body, it does not.</s>
    <s id="17">This is often explicit; historically, debates about abortion, for example, are often framed in terms of the question: When does the soul enter the body?</s>
  </p>
  <p id="5">
    <s id="18">This reasoning can apply as well to how we regard adults.</s>
    <s id="19">Normally, when we interact with others we see them as both body and soul.</s>
    <s id="20">We appreciate that they have beliefs, desires, and consciousness, and we recognize that they are solid physical things that take up space and are subject to gravity.</s>
  </p>
  <p id="6">
    <s id="21">Both stances coexist well enough in the normal course of things.</s>
    <s id="22">But when we emphasize one perspective over another, there are moral consequences.</s>
    <s id="23">Social psychologists have shown that simply getting an experimental subject to take another person’s perspective will make the subject care more about the person and be more likely to help.</s>
    <s id="24">Focusing on the soul, then, leads to moral concern, and can expand the moral circle.</s>
  </p>
  <p id="7">
    <s id="25">The opposite can occur when someone is viewed solely as a body, and one emotion that supports this outcome is disgust.</s>
    <s id="26">The psychologist Paul Rozin has shown how disgust, as Charles Darwin first noted, is an evolutionary adaptation that deters us from bad meat, so it is naturally triggered by animals and animal waste products.</s>
    <s id="27">But disgust can readily extend to people.</s>
    <s id="28">People, after all, are made of meat.</s>
    <s id="29">Hence, every movement designed to stigmatize or malign some group – Jews, blacks, gays, the poor, women, and so on – has used disgust.</s>
    <s id="30">Once a group of people is viewed as disgusting, attention shifts away from them as moral individuals.</s>
    <s id="31">They become soulless bodies, and the moral circle closes in to exclude them.</s>
  </p>
  <p id="8">
    <s id="32">Our reaction to soulless bodies is well illustrated in a story told about Descartes after he died.</s>
    <s id="33">It was known that Descartes had an illegitimate daughter, Francine, who died when she was five years old.</s>
    <s id="34">According to the story, Descartes was so struck with grief that he created an automaton, a mechanical doll, built to appear identical to his dead daughter.</s>
    <s id="35">The two were inseparable.</s>
    <s id="36">When Descartes crossed the Holland Sea, he kept the doll in a small trunk in his cabin.</s>
    <s id="37">Curious about the contents of the trunk, the captain of the ship crept down to Descartes’ cabin one night and opened it.</s>
    <s id="38">To his horror, the robot Francine arose.</s>
    <s id="39">The captain, struck with revulsion, grabbed her, dragged her up to the deck of the ship, and threw her overboard.</s>
  </p>
  <p id="9">
    <s id="40">This story captures how disturbing – in some cases, revolting – we find a body without a soul, and it embodies the emotional pull that our common-sense dualism often has.</s>
    <s id="41">But it also raises a serious problem.</s>
    <s id="42">Science tells us that common-sense dualism is wrong.</s>
    <s id="43">There is no consensus as to precisely how mental life emerges from a physical brain, but there is no doubt that this is its source.</s>
    <s id="44">Thus, if a “soul” means something immaterial and immortal, then it does not exist.</s>
    <s id="45">All of us are soulless bodies, no less than the robot Francine.</s>
  </p>
  <p id="10">
    <s id="46">This is perhaps the main reason why the scientific rejection of dualism may be so hard to swallow: it seems to diminish the moral status of people.</s>
    <s id="47">If we are to accept scientific facts, we need to construct morality on a new foundation, one without souls.</s>
  </p>
</document>
