<?xml version="1.0" encoding="utf-8"?>
<document>
  <HEADLINE>
    <s id="1">South Africa’s Rhino Paradox</s>
  </HEADLINE>
  <p id="1">
    <s id="2">JOHANNESBURG – Earlier this year, South Africa’s Constitutional Court overturned a 2009 moratorium on trade in rhinoceros horns.</s>
    <s id="3">It was a devastating blow for animal conservation groups, which had hailed a measure that aligned South Africa with the global ban on the trade in effect since 1977.</s>
  </p>
  <p id="2">
    <s id="4">But as the court’s ruling sinks in, commercial breeders and animal rights groups face a crucial question: could the creation of a legal market for farmed horns curb a poaching pandemic that claims some 1,500 wild rhinos annually?</s>
  </p>
  <p id="3">
    <s id="5">For South Africa’s rhino industry, the court’s decision was a watershed.</s>
    <s id="6">John Hume, the world’s most successful rhino breeder, hosted the country’s first online horn auction in August.</s>
    <s id="7">Writing on the auction’s website, he argued that “the demand for rhino horn is high, and open trading of the horn has the potential to satisfy this demand to prevent rhino poaching.”</s>
  </p>
  <p id="4">
    <s id="8">Opponents of the trade say demand for horns could increase as a result of legalization, reviving dormant interest.</s>
    <s id="9">This growth could outpace commercial supply, and even fuel more illegal poaching of wild animals.</s>
    <s id="10">Critics also worry that ending the ban will remove any lingering stigma associated with possessing rhino horn, further boosting demand.</s>
  </p>
  <p id="5">
    <s id="11">Breeders and traders like Hume concede that demand “is not going to die down anytime soon.”</s>
    <s id="12">But they argue that because horns are a renewable resource – they grow back when trimmed, albeit slowly – what South Africa actually needs are incentives to encourage responsible breeding and conservation.</s>
    <s id="13">“If we do not take the steps to meet the demand,” Hume argues, “we won’t save the rhino.”</s>
  </p>
  <p id="6">
    <s id="14">We still do not know how the court’s decision will affect demand for a resource that is prized throughout Asia for its medicinal value.</s>
    <s id="15">What is clear, however, is that placing too much trust in a commercial conservation approach is risky.</s>
    <s id="16">Evidence suggests that while farming of rhinos may have niche market possibilities, it will not prevent poaching of wild rhinos.</s>
  </p>
  <p id="7">
    <s id="17">Similar efforts to protect wild animals through farming have fallen short.</s>
    <s id="18">For example, a 2010 study in Vietnam found that commercial farming of the Southeast Asian porcupine, a popular meat source, had not dramatically reduced the hunting of wild porcupines.</s>
    <s id="19">It is the same story for elephant ivory, bear bile, and mule deer musk.</s>
    <s id="20">Demand for wild products often far exceeds what commercial breeding can realistically offer.</s>
  </p>
  <p id="8">
    <s id="21">Commercial breeding programs are further disadvantaged because of the perception among some buyers that wild products are more valuable.</s>
    <s id="22">As University of Johannesburg scientist Laura Tensen has noted, “wild animals are considered superior because of their rarity and high expense.”</s>
  </p>
  <p id="9">
    <s id="23">That is especially true for rhinos.</s>
    <s id="24">Poachers often prove the veracity of their illicit product by showing buyers horns that have been removed from the base of the skull, an extraction method that kills the animal.</s>
    <s id="25">Only the most conscience-stricken consumer would ensure that horns they purchase are sourced from licensed breeders.</s>
  </p>
  <p id="10">
    <s id="26">Historically, poaching has also been immune to fluctuations in the retail price of rhino horns.</s>
    <s id="27">For the price mechanism to eradicate poaching, demand would need to bottom out.</s>
    <s id="28">With demand actually increasing, and without a threshold price to encourage breeding, supply-side interventions are unlikely to be effective in protecting wild rhinos.</s>
    <s id="29">Currently, rhino horn sells for as much as $60,000 per kilogram in parts of Asia.</s>
  </p>
  <p id="11">
    <s id="30">Breeders are convinced that with permitting systems and detection technologies, legal horns could be identified, law enforcement could prevent illegal horns from being trafficked, and domestic trading could reduce the stress on wild populations.</s>
    <s id="31">But these arguments hinge on a number of conditions that are, at the moment, purely aspirational.</s>
  </p>
  <p id="12">
    <s id="32">For starters, commercial breeding will succeed only if farmed horns are viewed as a substitute for products sourced from wild animals.</s>
    <s id="33">But as researchers like Tensen report, that is unlikely in the near term, given the higher status associated with non-farmed products.</s>
  </p>
  <p id="13">
    <s id="34">Law-enforcement efforts would also need to be increased to detect illegal supplies and break up laundering rings.</s>
    <s id="35">Unfortunately, the illegal syndicates that smuggle wildlife products, often with assistance from government officials, are adept at evading detection.</s>
  </p>
  <p id="14">
    <s id="36">Finally, the pro-farming argument assumes that commercial breeders will eventually supply horn at lower prices than poachers.</s>
    <s id="37">But captive breeding is costly.</s>
    <s id="38">Scientists at the University of California, San Diego, for example, have shown that white rhinos rarely produce fertile offspring in captivity.</s>
    <s id="39">Furthermore, the horns of young adults grow by only about six centimeters a year, and that rate diminishes with age.</s>
  </p>
  <p id="15">
    <s id="40">Commercial breeders dispute that their operations amount to “captivity,” and Hume’s model is meant to replicate wild conditions as much as possible.</s>
    <s id="41">Yet if farmed solutions were ever to be seen as an alternative to wild harvesting, other breeders would need to replicate such conditions.</s>
    <s id="42">The cost would be significant, and corners would no doubt be cut.</s>
  </p>
  <p id="16">
    <s id="43">While breeders are eager to defend their trade, economists have debunked the myth that a legal domestic market in rhino horns will conserve wild populations.</s>
    <s id="44">Even if farmed supplies from South Africa satisfied a portion of the demand globally, it will not alter demand among consumers drawn to wild product, or those who are indifferent about the source.</s>
    <s id="45">South Africa will most likely soon be home to parallel markets, with extensive laundering of illegal horn.</s>
    <s id="46">That may be acceptable to breeders, but it defies reason for those trying to conserve wild rhinos.</s>
  </p>
</document>
