<?xml version="1.0" encoding="utf-8"?>
<document>
  <HEADLINE>
    <s id="1">The Anatomy of Spain’s Political Paralysis</s>
  </HEADLINE>
  <p id="1">
    <s id="2">NEW YORK – Having won last month’s election with 123 of 350 parliamentary seats, Spain’s Socialists, led by Prime Minister Pedro Sánchez, will now seek to govern.</s>
    <s id="3">Sánchez will need the support of the far-left Podemos party, as well as the acquiescence of Basque and Catalan nationalist parties.</s>
    <s id="4">But no one should expect him to form a government anytime soon.</s>
    <s id="5">Spain’s endless cycle of indecisive elections continues.</s>
  </p>
  <p id="2">
    <s id="6">Following its targeted killing of Iran's second most powerful leader, the US could well find itself with no alternative but to devote more military resources to the Middle East, a path that could lead to additional Iranian provocations.</s>
    <s id="7">And that shift would occur at a time of growing challenges to US interests elsewhere in the world.</s>
  </p>
  <p id="3">
    <s id="8">The targeted killing by the United States of one of Iran's top military leaders represents a significant symbolic defeat for the Iranian regime, but it does not augur all-out war.</s>
    <s id="9">After all, Iran and the US have already been at war for decades, and neither side has an interest in an uncontrolled military escalation now.</s>
  </p>
  <p id="4">
    <s id="10">As in previous years, Project Syndicate asked its commentators to offer their best guesses about the events and trends that will define the coming 12 months.</s>
    <s id="11">If there is one common theme in this year's selection, it is that what happens in 2020 will weigh on the present for many years to come.</s>
  </p>
  <p id="5">
    <s id="12">Spain owes its political paralysis to several factors.</s>
    <s id="13">Foremost, the main conservative force, the People’s Party (PP), has collapsed.</s>
    <s id="14">In the context of Spanish politics, that development alone is cataclysmic.</s>
    <s id="15">In the four decades since the country’s transition from dictatorship, the PP has reconciled the Spanish right to democracy and ensured that it supports the 1978 constitution, which broke with 300 years of political tradition by radically decentralizing the Spanish state.</s>
  </p>
  <p id="6">
    <s id="16">The election wiped out over 50% of the PP’s parliamentary representation (which will fall from 137 to 66 seats), after the party lost votes in equal measure to Ciudadanos and Vox.</s>
    <s id="17">Ciudadanos, a center-right liberal party founded in Catalonia to oppose secession, is staunchly constitutionalist, and something of a novelty in Spanish politics: the first viable national party whose main leaders live in Barcelona and speak Catalan.</s>
    <s id="18">It is also reformist, advocating institutional reforms to ensure the welfare state’s long-term sustainability.</s>
    <s id="19">It is the closest analog Europe has to French President Emmanuel Macron’s La République En Marche !</s>
  </p>
  <p id="7">
    <s id="20">Vox, on the other hand, represents Spain’s traditional Catholic right.</s>
    <s id="21">It is not anti-establishment like many other recently formed parties across Europe, but it does oppose the constitution’s main organizing principle: decentralization.</s>
    <s id="22">At its campaign rallies, people wrap themselves in the Spanish flag and celebrate heroic moments in Spanish history, from the Reconquista to the glorified history of the Spanish Empire in America.</s>
  </p>
  <p id="8">
    <s id="23">Vox’s electoral success is a direct consequence of the drive for Catalan independence and the PP’s failure in solving the Catalan crisis in the fall of 2017.</s>
    <s id="24">As long as that wound festers, Spanish politics will be unstable.</s>
    <s id="25">Vox backs the 1978 constitution precisely because its leaders view it as the best guarantee against Catalan and Basque independence.</s>
    <s id="26">Why abandon the high ground of the law when it serves your purposes so effectively?</s>
  </p>
  <p id="9">
    <s id="27">Yet, by pursuing recentralization, Vox is on a collision course with the powerful local elites nurtured by decentralization.</s>
    <s id="28">Much would have to change for Vox to be in a position to enact this part of its agenda.</s>
    <s id="29">But if US President Donald Trump’s election and the Brexit referendum have taught us anything, it is not to dismiss Vox and the political impulses it represents.</s>
    <s id="30">The party captured a significant share of the vote in places like Madrid and Valencia, which are home to affluent constituencies that have been largely sheltered from the ravages of globalization and automation.</s>
  </p>
  <p id="10">
    <s id="31">To be sure, Vox comprises unsavory elements that would not be out of place in today’s reborn ethno-nationalist movements.</s>
    <s id="32">But make no mistake: Vox is a uniquely Spanish phenomenon.</s>
    <s id="33">It is nationalist, but it does not share the Euroskepticism of the Brexiteers or Marine Le Pen’s National Rally (née National Front) in France, nor does it augur the return of Spain’s dark past.</s>
  </p>
  <p id="11">
    <s id="34">Though Vox has received more attention from commentators, Ciudadanos is the key to Spanish politics.</s>
    <s id="35">When Ciudadanos was formed, it had relatively modest ambitions of becoming a mainstay of the political center, where it could plausibly join both Socialist- and PP-led coalitions to resolve the Catalonia problem and implement a set of long-overdue liberal reforms.</s>
    <s id="36">But the PP’s collapse has changed the party’s political calculations.</s>
  </p>
  <p id="12">
    <s id="37">Were Ciudadanos to form a coalition with the Socialists now, it would empower the PP as the main opposition party.</s>
    <s id="38">Its immediate priority, then, is not governing, but finishing off the PP, starting with the European, municipal, and regional elections later this month.</s>
    <s id="39">Whatever happens, Spanish politics will remain in limbo until the right is stabilized.</s>
  </p>
  <p id="13">
    <s id="40">One of the paradoxes of contemporary Spanish politics is that Ciudadanos cannot pursue its policy agenda in earnest unless it remains weak.</s>
    <s id="41">Lacking the parliamentary seats to govern by themselves, the Socialists view a weaker Ciudadanos is an ideal coalition partner.</s>
    <s id="42">Having held off the far-left Podemos, the Socialists could pursue an unpopular reform agenda and seek to maintain their credibility on the left by blaming Ciudadanos for it.</s>
  </p>
  <p id="14">
    <s id="43">Ciudadanos leaders understand this.</s>
    <s id="44">They know that the Liberal Democrats in the United Kingdom marched into electoral oblivion after entering a similar arrangement with the Conservatives under former Prime Minister David Cameron.</s>
    <s id="45">The Social Democrats in Germany have shared a similar fate since joining a coalition led by the Christian Democratic Union and its Bavarian sister party, the Christian Social Union.</s>
  </p>
  <p id="15">
    <s id="46">While the PP’s political mistakes in recent years have fragmented the Spanish right and paralyzed the country’s politics, the overall electorate is evenly divided (if all of the right-wing parties united, they would command a narrow parliamentary majority).</s>
    <s id="47">Complicating matters further is the fact that Spain has never had a coalition government, and thus has no political tradition of tolerating the concessions that it entails.</s>
  </p>
  <p id="16">
    <s id="48">Finally, and not surprisingly, Basque and Catalan nationalist parties have gained ground.</s>
    <s id="49">Spain’s voters have become wily tacticians.</s>
    <s id="50">With a fragmented parliament, it makes sense to send regionalists and nationalists to Madrid, where they can bargain effectively for additional transfers, in exchange for votes in support of a national government or the national budget.</s>
    <s id="51">This will reinforce the resentment felt by many on the right and will probably sustain Vox comfortably for years to come.</s>
  </p>
  <p id="17">
    <s id="52">Many in Madrid say that Spanish politics is becoming Italian, only without the Italians’ feats of political gymnastics.</s>
    <s id="53">In other words, Spain is in uncharted territory.</s>
    <s id="54">Its political culture makes little allowance for flexibility, and its party structure is deeply fragmented.</s>
    <s id="55">Paralysis will be the name of the game until the electorate figures out what it wants and Spain’s party system responds accordingly.</s>
    <s id="56">That is probably for the best.</s>
  </p>
</document>
