<?xml version="1.0" encoding="utf-8"?>
<document>
  <HEADLINE>
    <s id="1">Are We All Keynesians Again?</s>
  </HEADLINE>
  <p id="1">
    <s id="2">LONDON – Among the pieties repeated at every online COVID-19 conference, one is universally acknowledged: the pandemic has ushered in an era of larger, more robust state intervention in the economy.</s>
    <s id="3">But what does this mean for the future?</s>
    <s id="4">In what areas of economic life should and can the state do more?</s>
  </p>
  <p id="2">
    <s id="5">Project Syndicate commentators have once again shared some of their favorite books from the past year.</s>
    <s id="6">From economics, history, and long-form reporting to poetry and timely re-issues of old classics, all readers should find something of interest.</s>
  </p>
  <p id="3">
    <s id="7">Many believe that governments should address inequities and redistribute more income, or that they should fight climate change more aggressively.</s>
    <s id="8">Those are two urgent priorities.</s>
    <s id="9">But, given that COVID-19 is a shock that caught almost every country unprepared, the natural starting point is to prod governments to provide more and better social insurance against shocks.</s>
  </p>
  <p id="4">
    <s id="10">Walter Bagehot, one of the earliest editors of The Economist, called on governments and central banks to be lenders of last resort.</s>
    <s id="11">The current crisis has confirmed that when confronted with a shock this large, governments are also to be insurers of last resort.</s>
    <s id="12">No private entity could simultaneously provide and finance the indispensable public-health response, pay furloughed workers’ wages, save jobs by lending to cash-strapped firms, and make emergency transfers to vulnerable families.</s>
    <s id="13">Only states can do that.</s>
  </p>
  <p id="5">
    <s id="14">Statisticians and economists distinguish between idiosyncratic shocks (affecting some people some of the time) and aggregate shocks (affecting everyone simultaneously).</s>
    <s id="15">This helps fix priorities for what government should do in the future.</s>
  </p>
  <p id="6">
    <s id="16">Private insurance markets can work reasonably well if shocks are idiosyncratic.</s>
    <s id="17">Your car insurer pays to repair your scraped fender, without government help, because most other insured people did not have a collision at the same time.</s>
    <s id="18">So, part of the premia they pay goes to you.</s>
  </p>
  <p id="7">
    <s id="19">But private insurance is not foolproof.</s>
    <s id="20">It works poorly in health care, for example, if insurance causes complacency about risky behavior like alcohol consumption or overeating, or leads physicians to prescribe expensive tests that are not strictly necessary.</s>
    <s id="21">Such behavior drives up insurance premia and leaves the poor with no coverage.</s>
    <s id="22">That is why well-designed plans like the US Affordable Care Act (“Obamacare”) both compel everyone to get insurance and provide a subsidy for low-income families.</s>
  </p>
  <p id="8">
    <s id="23">Enjoy unlimited access to the ideas and opinions of the world's leading thinkers, including weekly long reads, book reviews, and interviews;</s>
    <s id="24">The Year Ahead annual print magazine; the complete PS archive; and more – All for less than $9 a month.</s>
  </p>
  <p id="9">
    <s id="25">In rich countries, varying combinations of private and public insurance protect most citizens against idiosyncratic risks – whether of illness, unemployment, or insufficient income in old age.</s>
    <s id="26">The same cannot be said of emerging and developing countries, where social insurance systems are weak or limited to the formally employed.</s>
  </p>
  <p id="10">
    <s id="27">Too many families can lose the fruits of decades of hard work if a family member becomes ill or suffers an accident.</s>
    <s id="28">A recent World Bank white paper on the subject concludes that “many social protection systems currently lack protection against catastrophic losses for those without a history of contributing to traditional social insurance plans.”</s>
  </p>
  <p id="11">
    <s id="29">Filling this gap, precisely because private insurance cannot do it all, will require mobilizing more state resources.</s>
    <s id="30">But there is no obvious reason why countries like Mexico, Peru, the Dominican Republic, Indonesia, Malaysia or the Philippines cannot afford to do it: until the current crisis, these countries’ central government expenditure was below one-fifth of GDP.</s>
  </p>
  <p id="12">
    <s id="31">Yet a caveat is in order.</s>
    <s id="32">More government financing of social insurance does not imply that government should provide the services paid for by that insurance.</s>
    <s id="33">The British NHS treats patients at state hospitals and foots the bill; under the Canadian single-payer system, government pays for services that are provided mostly by private hospitals and clinics.</s>
    <s id="34">Emerging economies should be able to choose between the British and Canadian systems, or opt for some other formula.</s>
    <s id="35">And their choice should be based on effectiveness, not ideology.</s>
  </p>
  <p id="13">
    <s id="36">Aggregate shocks are a different story, because there is no subset of unaffected citizens that can bail out the victims.</s>
    <s id="37">And if, as with COVID-19, there is no subset of lucky countries untouched by the disease, help from abroad will be limited at best.</s>
    <s id="38">So countries are forced largely to self-insure, making government the insurer of last resort.</s>
  </p>
  <p id="14">
    <s id="39">The International Monetary Fund estimates that governments have spent an additional $11 trillion in response to the pandemic – in many cases one-tenth of GDP or more.</s>
    <s id="40">To paraphrase former European Central Bank President Mario Draghi, rich countries are spending whatever it takes.</s>
    <s id="41">Emerging and developing countries, with less ability to borrow, are spending whatever they can.</s>
  </p>
  <p id="15">
    <s id="42">In a global environment of extraordinarily low interest rates, rich-country governments can comfortably borrow far more than fiscal prudes once thought possible.</s>
    <s id="43">In the United States, the United Kingdom, and much of the European Union, gross public debt now exceeds annual GDP, and markets have yet to bat an eyelash.</s>
    <s id="44">And when the nominal interest rate is at or near zero, currency and short-term public debt become close substitutes, so savers are happy to hold the dollars, pounds, and euros central banks are printing with abandon.</s>
    <s id="45">Inflation is nowhere on the horizon.</s>
  </p>
  <p id="16">
    <s id="46">Loose limits on public-debt issuance in developed countries do not mean that there are no limits.</s>
    <s id="47">As former IMF chief economist Olivier Blanchard has argued, it means that “if safe interest rates are expected to remain below growth rates for a long time,” then “debt rollovers, that is the issuance of debt without a later increase in taxes, may well be feasible.”</s>
  </p>
  <p id="17">
    <s id="48">But the if is doing a lot of work.</s>
    <s id="49">In the past, financial repression kept the interest rate on government debt artificially low.</s>
    <s id="50">Today, low world interest rates reflect the combination of aging populations, slow productivity growth, weak investment demand, and an overall shortage of safe assets.</s>
    <s id="51">Whether and how long this combination of factors will persist is a matter of tentative conjecture at best.</s>
  </p>
  <p id="18">
    <s id="52">There are issues of intergenerational equity as well.</s>
    <s id="53">If higher taxes in the future are needed to repay at least some of that debt, it is our children and grandchildren who will pay.</s>
    <s id="54">Saddling them with a huge debt burden seems unfair, given that, in developed economies, they may not be better off, in part because we are already leaving them a massive climate debt.</s>
  </p>
  <p id="19">
    <s id="55">Governments can and should serve as the insurer of last resort in the face of a catastrophic aggregate shock.</s>
    <s id="56">But they can perform that crucial function only if we ensure that they have the necessary resources today.</s>
    <s id="57">This is especially true in emerging and developing economies, where limits on public borrowing are anything but loose.</s>
  </p>
  <p id="20">
    <s id="58">A common refrain nowadays is that after COVID-19, Milton Friedman is out and John Maynard Keynes is in.</s>
    <s id="59">But if, as the famous quote often attributed to Richard Nixon puts it, “we are all Keynesians now,” we must remember what Keynes taught: fiscal policy should be tightened during good times, precisely so that it can be expansionary during bad times.</s>
  </p>
</document>
