<?xml version="1.0" encoding="utf-8"?>
<document>
  <HEADLINE>
    <s id="1">The Trump Whisperer</s>
  </HEADLINE>
  <p id="1">
    <s id="2">NEW YORK – There are a lot of oddballs in US President Donald Trump’s entourage, but few are as odd – or as sinister – as 33-year-old Stephen Miller, Trump’s senior policy adviser.</s>
    <s id="3">Miller resembles a type on the far right that is more common in Europe than the US: young, slick, sharp-suited, even a trifle dandyish.</s>
    <s id="4">He is a skilled rabble-rouser, whose inflammatory rhetoric against immigrants and refugees – “We’re going to build that wall high and we’re going to build it tall!”– drives the crowds at Trump rallies into a frenzy.</s>
    <s id="5">One of his crowd-pleasing notions is that migrants will infect Americans with terrible diseases.</s>
  </p>
  <p id="2">
    <s id="6">Miller plays to all of Trump’s worst instincts: belligerent chauvinism, vindictive loathing of liberals, and hostility to minorities.</s>
    <s id="7">His partisanship is extreme.</s>
    <s id="8">In his own words: “Everything that is wrong with this country today, the people who are opposed to Donald Trump are responsible for!”</s>
    <s id="9">He may actually believe this.</s>
  </p>
  <p id="3">
    <s id="10">What is odd about Miller, among other things, is the seeming clash between his views on immigrants, refugees, and minorities and his personal background.</s>
    <s id="11">He is a descendent of Jews who came to the United States after fleeing pogroms in Belorussia.</s>
    <s id="12">He grew up in California.</s>
    <s id="13">His parents were Democrats.</s>
    <s id="14">But he was already reading far-right literature (anti-gun control magazines and the like) in high school and has since consorted with ideologues whose ideas are often hard to distinguish from anti-Semitism.</s>
    <s id="15">Trump’s speech last year commemorating Holocaust Remembrance Day failed even to mention Jews; some believe that Miller was the author.</s>
  </p>
  <p id="4">
    <s id="16">Miller calls himself a patriot.</s>
    <s id="17">There is of course nothing unusual about Jews being American, French, British, Russian, or indeed German patriots.</s>
    <s id="18">Nor is there is any reason why Jews should not be conservative.</s>
    <s id="19">Margaret Thatcher appointed several Jews to high office, prompting the former prime minister Harold MacMillan’s sniffy remark that her cabinet contained “more Old Estonians than Old Etonians.”</s>
  </p>
  <p id="5">
    <s id="20">There are other Jews around Trump, too, apart from Miller.</s>
    <s id="21">Trump appointed Gary Cohn as Director of the National Economic Council and made Steven Mnuchin his Treasury Secretary.</s>
    <s id="22">Neither is a nativist.</s>
    <s id="23">Cohn almost resigned last year when Trump defended violent white-supremacist mobs in Charlottesville, Virginia.</s>
    <s id="24">He did resign this year, but in protest against the introduction of tariffs on steel imports.</s>
    <s id="25">Like Mnuchin, Cohn believes in low taxes and unfettered free enterprise.</s>
    <s id="26">(Jared Kushner can be left out of this discussion, because the only reason for his presence in the White House is his marriage to Trump’s daughter, Ivanka.)</s>
  </p>
  <p id="6">
    <s id="27">What is unusual is to be Jewish and a nativist (at least outside Israel).</s>
    <s id="28">The Frankfurter Allgemeine Zeitung reported recently that a number of Jews had joined the anti-immigrant Alternative für Deutschland (AfD) party.</s>
    <s id="29">Many of them seem to be of Russian descent.</s>
    <s id="30">An exaggerated fear that Muslims are about to destroy the West appears to be their main motive for joining the far right.</s>
    <s id="31">Miller is haunted by a similar apocalyptic vision.</s>
    <s id="32">And there are others of this ilk: the casino magnate and major Trump supporter Sheldon Adelson, for example.</s>
  </p>
  <p id="7">
    <s id="33">But there are sound reasons why Jews in the diaspora normally do not become nativists.</s>
    <s id="34">Nativist movements that insist on the special privileges of blood and soil have invariably been bad for minorities, especially Jews, leading to the kind of violence that drove Miller’s great-grandparents out of their country.</s>
  </p>
  <p id="8">
    <s id="35">Some people find it puzzling that anti-Semites have accused Jews of being either archetypal Bolshevists or archetypal capitalists.</s>
    <s id="36">Historically, most Jews, living in poor villages, were neither.</s>
    <s id="37">But the attraction of left-wing ideas for Jewish intellectuals is hardly mysterious.</s>
    <s id="38">Karl Marx himself hoped that once the workers of the world united, ethnic and religious distinctions would cease to matter.</s>
    <s id="39">And Voltaire, who was no great friend to the Jews, once remarked about the London stock exchange: “Here Jew, Mohammedan, and Christian deal with each other as though they were all of the same faith, and only apply the word infidel to people who go bankrupt...”</s>
    <s id="40">Capitalism, as we know, transcends borders.</s>
  </p>
  <p id="9">
    <s id="41">Emigration, by no means always voluntary, has been the fate of Jews since the 8th century BC.</s>
    <s id="42">Open societies, religious tolerance, and freedom of movement have been rare blessings.</s>
    <s id="43">Hence the traditional appeal of places like Amsterdam, or indeed the US.</s>
    <s id="44">It explains why American Jews continue to vote largely for the Democratic Party, even after they became more prosperous.</s>
    <s id="45">Norman Podhoretz, a conservative American intellectual, once wrote a book entitled Why Are Jews Liberals?</s>
    <s id="46">He was baffled by the idea that, as his fellow conservative Milton Himmelfarb famously quipped, “Jews earn like Episcopalians and vote like Puerto Ricans.”</s>
  </p>
  <p id="10">
    <s id="47">But it isn’t baffling at all.</s>
    <s id="48">Distrust of nativism is the result of long and bloody experience.</s>
    <s id="49">And now it underpins a growing disenchantment among American Jews with Israel.</s>
    <s id="50">Nativism, stressing Jewish rights at the expense of the Arabs, is on the rise in the Holy Land, too.</s>
    <s id="51">Although Israeli Prime Minister Binyamin Netanyahu invokes the Holocaust whenever it suits him, he is ideologically closer to evangelical Christian zealots and hard-right nativists like his Hungarian counterpart, Viktor Orbán, than he is to most Jewish Americans.</s>
  </p>
  <p id="11">
    <s id="52">This is why, despite much talk of powerful Jewish lobbies in Washington, most Jews will continue to vote against Trump, even though he is an almost slavish supporter of the Israeli government and openly hostile to the Palestinians.</s>
    <s id="53">It is also why Miller remains an oddball.</s>
    <s id="54">Celebrating the Jewish new year, Rosh Hashanah, last month, Miller’s former rabbi, Neil Comess-Daniels, denounced Miller’s politics as “completely antithetical to everything I know about Judaism.”</s>
    <s id="55">I am not sure Jewish theology supports such a vehement assertion, but his sentiments are clear.</s>
  </p>
  <p id="12">
    <s id="56">When William Kristol, a neo-conservative commentator who once flirted with the hard right, expressed his disgust with Trump, David Horowitz, one of Miller’s mentors, called Kristol a “renegade Jew.”</s>
    <s id="57">Sigmund Freud would have called this “projection.”</s>
    <s id="58">In fact, the concept goes back at least as far as the Babylonian Talmud, which warned: “Do not taunt your neighbour with the blemish you yourself have.”</s>
  </p>
</document>
