<?xml version="1.0" encoding="utf-8"?>
<document>
  <HEADLINE>
    <s id="1">The Return of the Renminbi Rant</s>
  </HEADLINE>
  <p id="1">
    <s id="2">NEW HAVEN – China’s currency, the renminbi, has been weakening in recent months, resurrecting familiar charges of manipulation, competitive devaluation, and beggar-thy-neighbor mercantilism.</s>
    <s id="3">In mid-April, the US Treasury expressed “particularly serious concerns” over this development, underscoring what has long been one of the most contentious economic-policy issues between the United States and China.</s>
  </p>
  <p id="2">
    <s id="4">This is a timeworn debate – politically inspired and grounded in bad economics – that does a serious disservice to both sides by diverting attention from far more important issues affecting the US-China economic relationship.</s>
    <s id="5">Taken to its extreme, America’s accusations risk pushing the world’s two largest economies down the slippery slope of trade frictions, protectionism, or something even worse.</s>
  </p>
  <p id="3">
    <s id="6">First, the facts: Since hitting its high watermark on January 14, 2014, the renminbi has depreciated by 3.4% relative to the US dollar through April 25.</s>
    <s id="7">This follows a cumulative appreciation of 37% since July 21, 2005, when China dropped its dollar peg and shifted its currency regime to a so-called “managed float.”</s>
    <s id="8">Relative to where it started nearly nine years ago, the renminbi is still up 32.5%.</s>
  </p>
  <p id="4">
    <s id="9">Over the same period, there has been a dramatic adjustment of China’s international balance-of-payments position.</s>
    <s id="10">The current-account surplus – the most telling symptom of an undervalued currency – has narrowed from a record 10.1% of GDP in 2007 to just 2.1% in 2013.</s>
    <s id="11">The International Monetary Fund’s latest forecast suggests that the surplus will hold at around 2% of GDP in 2014.</s>
  </p>
  <p id="5">
    <s id="12">Seen against this background, US officials’ handwringing over the recent modest reversal in the renminbi’s exchange rate appears absurd.</s>
    <s id="13">With China’s external position much closer to balance, there is good reason to argue that the renminbi, having appreciated by nearly one-third since mid-2005, is now within a reasonable proximity of “fair value.”</s>
    <s id="14">The IMF conceded as much in its latest in-depth review of the Chinese economy, which calls the renminbi “moderately undervalued” by 5-10%.</s>
    <s id="15">This stands in contrast to its earlier assessments of “substantial” undervaluation.</s>
  </p>
  <p id="6">
    <s id="16">America’s fixation on the renminbi is a classic case of political denial.</s>
    <s id="17">With US workers remaining under intense pressure in terms of both job security and real wages, politicians have understandably been put on the spot.</s>
    <s id="18">In response, they have fixated on the Chinese component of a long-gaping trade deficit, charging that currency manipulation is the culprit to the long festering woes of the American middle class.</s>
  </p>
  <p id="7">
    <s id="19">This argument is politically expedient – but wrong.</s>
    <s id="20">The US trade deficit is a multilateral imbalance with many countries – 102 in all – not a bilateral problem with China.</s>
    <s id="21">It arises not from the alleged manipulation of the renminbi, but from the simple fact that America does not save.</s>
  </p>
  <p id="8">
    <s id="22">Lacking in domestic savings and wanting to grow, the US must import surplus savings from abroad, and run massive current-account deficits to attract the foreign capital.</s>
    <s id="23">And that leads to America’s multilateral trade imbalance.</s>
    <s id="24">Yes, trade with China is the largest component of this imbalance, but that largely reflects the complexity of multinational supply chains and the benefits of offshore efficiency solutions.</s>
  </p>
  <p id="9">
    <s id="25">That brings us to the uncomfortable truth about America’s politically inspired China bashing: It will backfire.</s>
    <s id="26">If America fails to solve its saving problem – a reasonable scenario in light of fiscal gridlock and persistently subpar personal saving – the current-account deficit will persist.</s>
    <s id="27">That means that any reductions in China’s share of America’s external imbalance would simply be shifted to other foreign producers.</s>
    <s id="28">Significantly, this alternative sourcing will most likely have a higher cost base than Chinese production, thereby imposing the functional equivalent of a tax hike on already-beleaguered middle-class Americans.</s>
  </p>
  <p id="10">
    <s id="29">As China rebalances toward a growth model that draws greater support from domestic demand, Washington should stop ranting about the renminbi and start focusing on the opportunities that this bonanza will create.</s>
    <s id="30">That means emphasizing US companies’ access to China’s domestic goods and services markets.</s>
    <s id="31">Pushing for a bilateral investment treaty that relaxes caps on foreign ownership in both countries would be an important step in that direction.</s>
  </p>
  <p id="11">
    <s id="32">Similarly, the US needs to give China credit for having taken meaningful steps on the road to further currency reform.</s>
    <s id="33">The mid-March widening of the daily renminbi-dollar trading bands to plus or minus 2% (from the earlier 1% band) is an important step in relaxing control over the so-called managed float.</s>
    <s id="34">That, coupled with the 3% depreciation in the past few months, should send a strong signal to speculators that one-way renminbi bets are hazardous – a signal that could help dampen inflows of hot money, which have complicated liquidity management and fueled asset-market volatility in China.</s>
  </p>
  <p id="12">
    <s id="35">There are two views of the future of the US-China economic relationship: one that sees only risk, and another that sees opportunity.</s>
    <s id="36">Fixating on the renminbi falls into the former category: It misses the rebalancing and reforms already under way in China and deflects America’s focus from addressing its most serious long-term macroeconomic problem – a lack of saving.</s>
  </p>
  <p id="13">
    <s id="37">By contrast, viewing China as an opportunity underscores the need for America to undertake its own rebalancing – rebuilding US competitiveness and pushing for a meaningful share of China’s coming boom in domestic demand.</s>
    <s id="38">Unfortunately, the revival in US saving that this will require is being drowned out by the renminbi rant.</s>
  </p>
</document>
