<?xml version="1.0" encoding="utf-8"?>
<document>
  <HEADLINE>
    <s id="1">Stop Digging And Start Thinking</s>
  </HEADLINE>
  <p id="1">
    <s id="2">October 9, 2006 will become a day to remember.</s>
    <s id="3">North Korea probably exploded a nuclear bomb on that day.</s>
    <s id="4">Was it a test that failed?</s>
    <s id="5">The future may provide answers, but the political fallout is clear and the impact substantial.</s>
  </p>
  <p id="2">
    <s id="6">First, international pressure, led by the US, China, Russia, and Japan was not enough to prevent North Korea from taking this fateful step.</s>
    <s id="7">A terrible dictatorship, a regime without a future and a dwarf in terms of power-politics defied the international giants.</s>
    <s id="8">There is now justifiable outrage, and a call for sanctions is heard everywhere.</s>
  </p>
  <p id="3">
    <s id="9">But what will be the effect of sanctions against a regime whose goal is survival through self-isolation – a regime that will have no qualms in ruthlessly sacrificing its people?</s>
    <s id="10">Also, can China really permit strong sanctions against its neighbor, a regime fighting for survival, one equipped with nuclear arms and missiles, and a humanitarian disaster of the highest order among its population?</s>
    <s id="11">Just how credible and effective can sanctions be?</s>
  </p>
  <p id="4">
    <s id="12">Second, the Security Council now looks like a paper tiger because its authority was successfully challenged by a worn-out regime.</s>
    <s id="13">This fact will be noted everywhere, particularly in Teheran.</s>
    <s id="14">If the boundaries between nuclear haves and have-nots becomes more permeable, or even dissolves altogether, the entire multilateral security system could be called into question.</s>
    <s id="15">On October 9, the gate leading down this path was thrown open.</s>
  </p>
  <p id="5">
    <s id="16">Third, the Non-Proliferation Treaty (NPT) regime, which was on the brink of toppling even before North Korea’s actions, is threatening to disintegrate.</s>
    <s id="17">A number of small and mid-sized powers will now ask themselves a radically new question: if North Korea can be a nuclear power, why not us?</s>
    <s id="18">If in these times of militarily-accomplished regime change real sovereignty can only be guaranteed by nuclear arms, why not go this route?</s>
    <s id="19">A collapse of the non-proliferation regime will increase not only the risk of regional nuclear arms races, but also of a transfer of nuclear know-how and technology, increasing the risk of nuclear confrontation.</s>
  </p>
  <p id="6">
    <s id="20">Fourth, the nuclear crisis triggered by North Korea demonstrates that the US – for the first time since the Cold War's end – is no longer the main player on the international scene and that its options are both limited and problematic.</s>
    <s id="21">Following the hand-over from Clinton to Bush, the US gave up its strategy of engaging the North Korean regime to moderate its behavior and thus unnecessarily reduced its own options.</s>
    <s id="22">China has now become the main player in the North Korean crisis, and in the region as a whole.</s>
    <s id="23">This will have a serious impact across the Pacific and cause America to focus its strategic attention there.</s>
    <s id="24">Europe might thus be called on to take up the slack in the Eastern Mediterranean and the Middle East, both sooner and on a much larger scale than Europeans suspect.</s>
  </p>
  <p id="7">
    <s id="25">So what is to be done?</s>
    <s id="26">There is no way around a strategy of engagement and containment with regard to North Korea or the crisis will escalate.</s>
    <s id="27">The US will have to enter talks – direct and bilateral if necessary.</s>
    <s id="28">Indeed, it looks like that is what will be needed.</s>
    <s id="29">China, humiliated by Kim Jong Il, will for the first time have to assume leadership in the region and resolve, or at least contain, the crisis.</s>
  </p>
  <p id="8">
    <s id="30">Looking to the future, the whole approach to nuclear non-proliferation must change.</s>
    <s id="31">It is no use lamenting the real danger of nuclear proliferation, while in practice standing idle as the Non-Proliferation Treaty falls apart.</s>
  </p>
  <p id="9">
    <s id="32">If the world is not one day to consist of a few big nuclear powers and many mid-sized and small ones, then the big nuclear powers must now undertake a serious disarmament and non-proliferation initiative.</s>
    <s id="33">Part of this initiative must be to provide, as a corollary to new disarmament requirements and control mechanisms, the assurance of non-discriminatory access to nuclear know-how, research, and technology.</s>
  </p>
  <p id="10">
    <s id="34">This will require an international institutional solution to the problem of enrichment, with participation in the enrichment process entailing new obligations, above all, the willingness to assure transparency through verification and intensive inspections.</s>
    <s id="35">Moreover, only new strides towards disarmament by the big nuclear powers, and a guarantee of access to technology and know-how under international control, can stop the trend toward “nuclear sovereignty.”</s>
  </p>
  <p id="11">
    <s id="36">Five years after President Bush called Iraq, Iran, and North Korea an “axis of evil,” developments in these countries remain depressing.</s>
    <s id="37">Iraq is a disaster, and nothing indicates that the situation can be turned around.</s>
    <s id="38">With each day, questions about the fallout for the region become more pressing.</s>
    <s id="39">Civil war?</s>
    <s id="40">Disintegration and thus the “Balkanization” of Iraq?</s>
    <s id="41">Will it really be possible to limit the disaster to Iraq itself?</s>
  </p>
  <p id="12">
    <s id="42">Now North Korea seems to have the Bomb.</s>
    <s id="43">Iran is intensively working toward the same end, while continuing to expand its hegemonic position in the region.</s>
    <s id="44">If to the “axis of evil,” we add Afghanistan, Pakistan, Lebanon, Syria, Israel and the Palestinians, along with terrorism, the resulting picture is anything but hopeful.</s>
    <s id="45">Should the US be tempted now, in response to the failure of its policy, to consider a military “option” against Iran, the nuclearization of the international system will not be arrested.</s>
    <s id="46">Indeed, such a step will only push the Middle East into an explosive mega-conflict with unpredictable and uncontrollable consequences.</s>
  </p>
</document>
