<?xml version="1.0" encoding="utf-8"?>
<document>
  <HEADLINE>
    <s id="1">The Debt Challenge to African Growth</s>
  </HEADLINE>
  <p id="1">
    <s id="2">WASHINGTON, DC – Sub-Saharan Africa is confronting a pronounced rise in public debt.</s>
    <s id="3">At the end of 2017, average public debt in the region was 57% of its GDP, an increase of 20 percentage points in just five years.</s>
    <s id="4">While this is well below the peaks of the early 2000s, the current spike is concerning.</s>
  </p>
  <p id="2"></p>
  <p id="3">
    <s id="5">Government borrowing to finance public investments is an essential part of any country’s macroeconomic toolkit.</s>
    <s id="6">Over the last two decades, countries in Sub-Saharan Africa have used this option often, greatly improving human development outcomes as a result.</s>
    <s id="7">For example, between 1990 and 2015, average life expectancy increased, infant mortality rates were halved, secondary school enrollment soared, and infrastructure gaps narrowed.</s>
    <s id="8">These and other gains would have been impossible without pragmatic spending of borrowed resources.</s>
  </p>
  <p id="4">
    <s id="9">But this progress could be jeopardized if current debt trends in some countries continue.</s>
    <s id="10">Africa’s increasing public-debt burden means higher interest costs, which divert resources from education, health care, and infrastructure.</s>
    <s id="11">Therefore, government debt must be reined in.</s>
  </p>
  <p id="5">
    <s id="12">According to our most recent Regional Economic Outlook for Sub-Saharan Africa, six of the region’s 35 low-income countries (LICs) are in “debt distress,” meaning they are unable to service external commitments.</s>
    <s id="13">A further nine LICs are classified as being at “high risk of debt distress.”</s>
  </p>
  <p id="6">
    <s id="14">In the broadest sense, three factors account for the current debt challenges.</s>
    <s id="15">For starters, the region’s commodity exporters, and particularly its oil exporters, were hit hard by the 2014-2016 slump in prices.</s>
    <s id="16">Africa’s lost output and associated debt increases are comparable to the experience of advanced economies following the global financial crisis.</s>
    <s id="17">Today, eight of the region’s fifteen debt-troubled LICs are commodity exporters.</s>
  </p>
  <p id="7"></p>
  <p id="8">
    <s id="18">Additionally, most countries that have funded development and infrastructure through borrowing have failed to generate sufficient additional tax revenues to repay that debt.</s>
    <s id="19">In many cases, countries have not been effective at capturing the return on their investments through their tax systems.</s>
  </p>
  <p id="9"></p>
  <p id="10">
    <s id="20">Finally, in many Sub-Saharan countries, portions of the debt build-up can be traced to shocks in the migration of liabilities – such as losses by state-owned enterprises – to the public-sector balance sheet and exchange-rate depreciations.</s>
    <s id="21">In a handful of countries, poor governance can also be blamed for unsustainable debt practices.</s>
  </p>
  <p id="11">
    <s id="22">As we have been saying for some time, if governments stick to their medium-term fiscal-consolidation and reform plans, debt levels should stabilize or decrease, alleviating debt-related challenges.</s>
    <s id="23">However, the required adjustments have been delayed repeatedly, owing to political constraints, social pressure for much-needed development spending, and favorable external financing conditions.</s>
    <s id="24">This is a recipe for long-term pain; there is no scope to delay the adjustment any longer.</s>
    <s id="25">As countries work to meet their development goals, it is essential that they move debt sustainability to the top of the policy agenda.</s>
    <s id="26">But how?</s>
  </p>
  <p id="12">
    <s id="27">For this to happen, four key areas will need special attention, depending on country circumstances.</s>
    <s id="28">First, in resource-intensive countries, especially the region’s eight oil exporters, fiscal consolidation plans must be enacted without delay.</s>
    <s id="29">This should be coupled with economic diversification, for which the recent recovery in commodity prices provides wider scope.</s>
  </p>
  <p id="13">
    <s id="30">In much of the rest of the region, the required fiscal adjustment is more modest and can be achieved through steady increases in tax revenues.</s>
    <s id="31">In most cases, there is potential to raise revenue by 3-5 percentage points of GDP over the next few years.</s>
    <s id="32">Reaching this level will require broadening the tax base, streamlining exemptions, and strengthening the administration of value-added tax.</s>
  </p>
  <p id="14">
    <s id="33">Third, efforts should be made to account for off-balance-sheet risks, improve debt-management capacity, and enhance data coverage of debt and debt exposure.</s>
  </p>
  <p id="15">
    <s id="34">And, fourth, governments must improve prospects for private investment.</s>
    <s id="35">For decades, public expenditures offset low levels of private investment.</s>
    <s id="36">But, faced with growing public-debt vulnerabilities, it is unclear how long this trend can continue.</s>
    <s id="37">Sub-Saharan Africa’s economies should orchestrate a transition from public to private investment by strengthening regulatory and insolvency frameworks, increasing intra-African trade, and deepening access to credit.</s>
  </p>
  <p id="16">
    <s id="38">Sub-Saharan Africa’s public-debt burden has not yet hindered investment demand.</s>
    <s id="39">On the contrary, as a measure of GDP, foreign financial flows to Africa are higher than those to emerging markets, and they come from a broader range of sources.</s>
    <s id="40">So-called frontier economies have issued record levels of sovereign bonds, while bilateral creditors, like China, continue to invest heavily.</s>
  </p>
  <p id="17">
    <s id="41">But, as we have seen recently, capital flows are fickle, and if Sub-Saharan Africa is to take full advantage of the current global economic upswing, policymakers must tackle public-debt vulnerabilities head-on while they can.</s>
    <s id="42">Doing nothing will only constrain the region’s tremendous potential to achieve sustainable and inclusive growth.</s>
  </p>
</document>
