<?xml version="1.0" encoding="utf-8"?>
<document>
  <HEADLINE>
    <s id="1">Tariffs and Tortillas</s>
  </HEADLINE>
  <p id="1">
    <s id="2">BUENOS AIRES – Ever since Mexico’s so-called “Tortilla crisis” this past January, street protests against food shortages and high prices, or against increasing taxes on agricultural production, have spread from Haiti to Central American countries, and across Latin America.</s>
    <s id="3">Governments have sometimes reacted with protective measures or macroeconomic initiatives, but in some cases with repression.</s>
  </p>
  <p id="2">
    <s id="4">The paradox of Latin America’s food crisis is that, although the region is a major food producer, it sometimes needs to rely on imports to prevent sporadic shortages.</s>
    <s id="5">According to the World Bank, Latin America and the Caribbean exported $55 billion of foodstuffs in 2006; yet the continent’s poorest families spend 50% of their budgets on food, and this at a time when Latin America has been experiencing its best economic performance since the 1970’s.</s>
  </p>
  <p id="3">
    <s id="6">Food prices, which have shot up 83%, are not likely to start falling until after 2009.</s>
    <s id="7">For Latin America, this is more than a challenge; it is an opportunity.</s>
    <s id="8">The central challenge is political: correcting state policies formulated when resources, including oil, natural gas and food commodities, were not considered a driving force in the global economy.</s>
    <s id="9">The key here is to avoid the trap of protectionism and international isolation.</s>
  </p>
  <p id="4">
    <s id="10">Even before the current crisis, Latin America’s recent “left turn” in politics was tied to the food problem.</s>
    <s id="11">During his first term, Brazil’s President Luiz Inácio Lula da Silva implemented a “Zero Hunger” plan targeting the most vulnerable people in Brazilian society.</s>
    <s id="12">Around this time, Argentina’s then President Nestor Kirchner was using price controls to keep food prices low.</s>
    <s id="13">In Venezuela, Hugo Chávez took a further radical turn and launched a widespread plan of land reform.</s>
  </p>
  <p id="5">
    <s id="14">None of these measures was uncontroversial; nor did they prevent the impact of today’s global food price inflation.</s>
    <s id="15">Lula was accused of corruption and patronage.</s>
    <s id="16">The Kirchner government faced a serious challenge to its credibility when it came under suspicion of manipulating the inflation rate.</s>
    <s id="17">In Venezuela, land reform and socialist rhetoric did not prevent chronic shortages of milk, sugar, and beef.</s>
    <s id="18">Yet, despite these failings, such policies retained enough popularity to insure their continuity.</s>
  </p>
  <p id="6">
    <s id="19">Given this history, it is no surprise that the first reaction of Latin American governments to today’s food crisis was unilateral.</s>
    <s id="20">On April 23, Brazil announced a temporary suspension of rice exports to prevent internal shortages.</s>
    <s id="21">Bolivia prohibited the export of corn, rice, meat, and vegetable oil.</s>
    <s id="22">Argentina’s decision in March to drastically increase the tax on agricultural exports provoked a widespread clash with rural producers, leading to a novel and complex social polarization while generating a political crisis that is still ongoing.</s>
  </p>
  <p id="7">
    <s id="23">Some of the measures even endangered bilateral relations.</s>
    <s id="24">To curb inflation, Argentina decided to suspend the sale of wheat to its principal export market, Brazil, where the price of bread had increased 20% over the last 12 months.</s>
    <s id="25">In Peru, social mobilization against higher food prices led to a renegotiation of the free-trade agreement with the US.</s>
  </p>
  <p id="8">
    <s id="26">Compared to other regions, the impact of the crisis in Latin America, with the exception of Haiti, has (so far) not been dramatic.</s>
    <s id="27">The reason is the abundance of natural resources and persistent international demand, which has sustained growth.</s>
    <s id="28">But regional cooperation to find creative solutions to a crisis that is in many respects interrelated remains absent.</s>
  </p>
  <p id="9">
    <s id="29">So far, the only initiative with a regional perspective has come from Caracas in the form of the so-called Bolivarian Alternative of the Americas (ALBA).</s>
    <s id="30">Mexico, Peru, and other nations were suspicious of the anti-American rhetoric of the ALBA grouping, but some practical proposals – such as the creation of a bank of agricultural products to reduce costs for small and midsize producers – have come out of it.</s>
  </p>
  <p id="10">
    <s id="31">One of the inevitable consequences of the current food crisis will be a re-consolidation of the state’s role in agriculture.</s>
    <s id="32">Pressure to place food security on the regional political agenda is clear evidence of this.</s>
  </p>
  <p id="11">
    <s id="33">After the last world food crisis in 1973, agriculture was almost forgotten as a factor in growth.</s>
    <s id="34">While liberalization was promoted in the late 1980’s and embraced during the 1990’s, food markets in the developed world remained highly protected, with Latin American countries suffering the consequences.</s>
    <s id="35">One indirect, yet tragic, result has been Bolivian, Peruvian, and Colombian peasants’ continuing cultivation of coca leaves as a means of economic survival.</s>
  </p>
  <p id="12">
    <s id="36">For Latin American policymakers, assuring food security can really be achieved only if a new international regime of genuinely free trade for agricultural commodities is built.</s>
    <s id="37">Without such a global agreement, the muddled interventions of today will continue, with little hope of any real improvement.</s>
  </p>
</document>
