<?xml version="1.0" encoding="utf-8"?>
<document>
  <HEADLINE>
    <s id="1">A Tale of Two Realities</s>
  </HEADLINE>
  <p id="1">
    <s id="2">MADRID – The opening line of Charles Dickens’s A Tale of Two Cities retains its universality to this day.</s>
    <s id="3">“It was the best of times, it was the worst of times,” Dickens writes, “it was the age of wisdom, it was the age of foolishness, … it was the spring of hope, it was the winter of despair.”</s>
  </p>
  <p id="2">
    <s id="4">Dickens’s classic novel, set in London and Paris during the French Revolution, decries both the social injustices of the despotic ancien régime and the excesses of the French revolutionaries.</s>
    <s id="5">When asked his opinion of the French Revolution almost two centuries later, former Chinese Premier Zhou Enlai reportedly answered that it was “too early to say.”</s>
    <s id="6">That quip – though possibly the result of a misunderstanding – perfectly captures Dickens’s own ambivalence about the period of which he wrote.</s>
  </p>
  <p id="3">
    <s id="7">The Enlightenment ideals that inspired the French to rise up against Louis XVI also drove the American Revolution.</s>
    <s id="8">And both were set against the backdrop of another sea change: the onset of industrialization.</s>
    <s id="9">The combination of more liberal political regimes and transformational scientific advances inaugurated the most prosperous period in the history of humankind.</s>
  </p>
  <p id="4">
    <s id="10">The late British economist Angus Maddison once estimated that whereas global per capita GDP did not even double between 1 AD and 1820, it increased more than tenfold between 1820 and 2008.</s>
    <s id="11">And this spectacular growth has been accompanied by equally extraordinary improvements in a wide range of socioeconomic indicators.</s>
    <s id="12">Global average life expectancy, for example, has risen from 31 to almost 73 years in just two centuries.</s>
  </p>
  <p id="5">
    <s id="13">Two centuries ago, the science and medical communities had not yet accepted the germ theory of disease, and the smell of beef was commonly thought to cause obesity.</s>
    <s id="14">Today, such beliefs seem grotesque, owing to rapid progress in our scientific understanding.</s>
    <s id="15">Not only can we now read the human genome; we are also learning how to edit and write it.</s>
  </p>
  <p id="6">
    <s id="16">For Harvard psychology professor Steven Pinker, such achievements are signs that “the Enlightenment is working.”</s>
    <s id="17">Moreover, Pinker argues that more moral progress has been achieved in the last few centuries than most macroeconomic measurements can reflect.</s>
    <s id="18">For example, he points to the expansion – both geographic and substantive – of protections for individual and collective rights, as well as an overall reduction in violence.</s>
  </p>
  <p id="7">
    <s id="19">The sheer magnitude of the Enlightenment’s achievements tends to be undervalued, because we are prone to remembering and normalizing catastrophes rather than quotidian improvements.</s>
    <s id="20">But while this bias is detrimental to decision-making, so, too, is excessive complacency.</s>
    <s id="21">After all, there are plenty of reasons – many of which are secondary effects of the Enlightenment – for people to feel uneasy about the future.</s>
  </p>
  <p id="8">
    <s id="22">In his 2013 book, The Great Escape, Nobel laureate economist Angus Deaton shows how progress in reducing aggregate privation, famine, and premature death over the past 250 years has left many social groups behind.</s>
    <s id="23">While inequality at the global level has recently been mitigated by the economic rise of countries like China, numerous studies find that inequality within countries has been increasing.</s>
    <s id="24">In countries such as the United States, broad segments of the population lack access to adequate medical treatments, and even democracy seems to be eroding.</s>
  </p>
  <p id="9">
    <s id="25">Today’s conventional wisdom links the emergence of populist movements around the world, including the election of President Donald Trump in the US, to the people who have missed out on the benefits of globalization.</s>
    <s id="26">Yet many of Trump’s policies – not least slashing taxes for the rich – are intended to perpetuate the privileges of the economic elite.</s>
    <s id="27">Trump has done very little to address the fears of those who feel left behind, but he is attempting a classic bait-and-switch to disguise this fact.</s>
    <s id="28">Accordingly, he singles out China as the source of Americans’ economic woes.</s>
  </p>
  <p id="10">
    <s id="29">The result of Trump’s “America First” approach and fear mongering about all things foreign has been to undermine global cooperation.</s>
    <s id="30">Nationalism, one of the potentially harmful legacies of the late-eighteenth-century social revolutions, has made a comeback on the heels of rising nativist and xenophobic fears.</s>
  </p>
  <p id="11">
    <s id="31">Likewise, the Enlightenment’s scientific and technological legacy has not been wholly positive.</s>
    <s id="32">The theories of Albert Einstein and the discovery of fission in 1938 made nuclear power possible, but also led to the bombings of Hiroshima and Nagasaki, and to the disasters at Chernobyl and Fukushima.</s>
    <s id="33">Similarly, technological progress has left critical national infrastructure potentially vulnerable to cyberattacks.</s>
    <s id="34">And, as the 2008 crisis revealed, financial engineering carries many risks of its own.</s>
  </p>
  <p id="12">
    <s id="35">All of these dangers are accompanied by what is perhaps the greatest threat humanity has ever faced: climate change.</s>
    <s id="36">The peculiarity of this threat lies in the fact that it has not manifested in the form of a single, sudden shock.</s>
    <s id="37">Rather, it is a cumulative phenomenon, which we might still be able to mitigate.</s>
    <s id="38">Just as technological advances got us into this predicament, so might they rescue us from it.</s>
    <s id="39">After all, technological innovation, along with an international effort to adopt the 1987 Montreal Protocol, is how the world put a stop to the erosion of the ozone layer.</s>
  </p>
  <p id="13">
    <s id="40">Fortunately, scientific rationality is capable of creating tools to remedy its own excesses.</s>
    <s id="41">Unfortunately, however, the state of political leadership today may mean that these tools remain unused.</s>
    <s id="42">The world is in desperate need of leaders who are willing to maximize the benefits of science and technology through collective management and international cooperation.</s>
    <s id="43">Without such leadership, what is quantifiably the best of times could very well become the worst.</s>
  </p>
</document>
