<?xml version="1.0" encoding="utf-8"?>
<document>
  <HEADLINE>
    <s id="1">Robotization Without Taxation?</s>
  </HEADLINE>
  <p id="1">
    <s id="2">NEW HAVEN – The idea of a tax on robots was raised last May in a draft report to the European Parliament prepared by MEP Mady Delvaux from the Committee on Legal Affairs.</s>
    <s id="3">Emphasizing how robots could boost inequality, the report proposed that there might be a “need to introduce corporate reporting requirements on the extent and proportion of the contribution of robotics and AI to the economic results of a company for the purpose of taxation and social security contributions.”</s>
  </p>
  <p id="2">
    <s id="4">The public reaction to Delvaux’s proposal has been overwhelmingly negative, with the notable exception of Bill Gates, who endorsed it.</s>
    <s id="5">But we should not dismiss the idea out of hand.</s>
    <s id="6">In just the past year, we have seen the proliferation of devices such as Google Home and Amazon Echo Dot (Alexa), which replace some aspects of household help.</s>
    <s id="7">Likewise, the Delphi and nuTonomy driverless taxi services in Singapore have started to replace taxi drivers.</s>
    <s id="8">And Doordash, which uses Starship Technologies miniature self-driving vehicles, is replacing restaurant delivery people.</s>
  </p>
  <p id="3">
    <s id="9">If these and other labor-displacing innovations succeed, surely calls to tax them will grow more frequent, owing to the human problems that arise when people lose their jobs – often jobs with which they closely identify, and for which they may have spent years preparing.</s>
    <s id="10">Optimists point out that there have always been new jobs for people replaced by technology; but, as the robot revolution accelerates, doubts about how well this will work out continue to grow.</s>
    <s id="11">A tax on robots, its advocates hope, might slow down the process, at least temporarily, and provide revenues to finance adjustment, like retraining programs for displaced workers.</s>
  </p>
  <p id="4">
    <s id="12">Such programs may be as essential as our work is to healthy human life as we know it.</s>
    <s id="13">In his book Rewarding Work, Edmund S. Phelps emphasized the fundamental importance of maintaining a “place in society – a calling.”</s>
    <s id="14">When many people are no longer able to find work to support a family, troubling consequences ensue, and, as Phelps stresses, “the functioning of the entire community may be impaired.”</s>
    <s id="15">In other words, there are externalities to robotization that justify some government intervention.</s>
  </p>
  <p id="5">
    <s id="16">Critics of a robot tax have emphasized that the ambiguity of the term “robot” makes defining the tax base difficult.</s>
    <s id="17">The critics also stress the new robotics’ enormous, undeniable benefits to productivity growth.</s>
  </p>
  <p id="6">
    <s id="18">But let’s not rule out so quickly at least modest robot taxes during the transition to a different world of work.</s>
    <s id="19">Such a tax should be part of a broader plan to manage the consequences of the robotics revolution.</s>
  </p>
  <p id="7">
    <s id="20">All taxes, except a “lump-sum tax,” introduce distortions in the economy.</s>
    <s id="21">But no government can impose a lump-sum tax – the same amount for everyone regardless of their income or expenditures – because it would fall heaviest on those with less income, and it would grind the poor, who might be unable to pay it at all.</s>
    <s id="22">So taxes have to be related to some activity indicative of ability to pay taxes, and whatever activity it is will be discouraged as a result.</s>
  </p>
  <p id="8">
    <s id="23">Frank Ramsey published a classic paper in 1927 arguing that to minimize taxation-induced distortions, one should tax all activities, and he proposed how to set tax rates.</s>
    <s id="24">His abstract theory has never been a fully operational principle for actual tax rates, but it provides a powerful argument against presuming that the tax should be zero for all but a few activities, or that all activities should be taxed at the same rate.</s>
  </p>
  <p id="9">
    <s id="25">Activities that create externalities might have a higher tax rate than Ramsey would have proposed.</s>
    <s id="26">For example, taxes on alcoholic beverages are widespread.</s>
    <s id="27">Alcoholism is a major social problem.</s>
    <s id="28">It destroys marriages, families, and lives.</s>
    <s id="29">From 1920 to 1933, the United States tried a much harsher market intervention: outright prohibition of alcoholic beverages.</s>
    <s id="30">But it turned out to be impossible to eliminate alcohol consumption.</s>
    <s id="31">The alcohol tax that accompanied the end of Prohibition was a milder form of discouragement.</s>
  </p>
  <p id="10">
    <s id="32">Discussion of a robot tax should consider what alternative we have to deal with rising inequality.</s>
    <s id="33">It would be natural to consider a more progressive income tax and a “basic income.”</s>
    <s id="34">But, these measures do not have widespread popular support.</s>
    <s id="35">If support is not widespread, the tax, even if imposed, will not last.</s>
  </p>
  <p id="11">
    <s id="36">When taxes on high incomes are raised, usually in wartime, it turns out to be only temporary.</s>
    <s id="37">Ultimately, it seems natural to most people that taxing successful people to benefit unsuccessful people is demeaning to the latter, and even the recipients of the handout often do not really want it.</s>
    <s id="38">Politicians know that: they usually do not campaign on proposals to confiscate high incomes and pad low incomes.</s>
  </p>
  <p id="12">
    <s id="39">So, taxes must be reframed to remedy income inequality induced by robotization.</s>
    <s id="40">It may be more politically acceptable, and thus sustainable, to tax the robots rather than just the high-income people.</s>
    <s id="41">And while this would not tax individual human success, as income taxes do, it might in fact imply somewhat higher taxes on higher incomes, if high incomes are earned in activities that involve replacing humans with robots.</s>
  </p>
  <p id="13">
    <s id="42">A moderate tax on robots, even a temporary tax that merely slows the adoption of disruptive technology, seems a natural component of a policy to address rising inequality.</s>
    <s id="43">Revenue could be targeted toward wage insurance, to help people replaced by new technology make the transition to a different career.</s>
    <s id="44">This would accord with our natural sense of justice, and thus be likely to endure.</s>
  </p>
</document>
