<?xml version="1.0" encoding="utf-8"?>
<document>
  <HEADLINE>
    <s id="1">Terror vs. Liberty</s>
  </HEADLINE>
  <p id="1">
    <s id="2">The terrorism that we have come to associate with Al Qaeda is special in many ways.</s>
    <s id="3">It is global, technologically sophisticated, but, above all, it is not about an achievable political objective.</s>
  </p>
  <p id="2">
    <s id="4">It is not aimed at creating a united (Catholic) Ireland, an independent Basque country, or even a Palestinian state, but at a particular worldview and those who represent it.</s>
    <s id="5">It is aimed at what used to be called the West, that is, a liberal order of things, a free world.</s>
    <s id="6">Because the United States is the most visible and powerful representative of that free world, it is aimed against America and its closest allies in Europe and elsewhere.</s>
  </p>
  <p id="3">
    <s id="7">This is a critical fact to remember.</s>
    <s id="8">What we describe under the heading of Al Qaeda is an essentially negative, destructive movement.</s>
    <s id="9">It does not offer an alternative view of the modern world other than the implicit claim that modernity is neither necessary nor desirable.</s>
  </p>
  <p id="4">
    <s id="10">Moreover, that claim, when made by men who appear to be religious leaders, is almost certainly dishonest.</s>
    <s id="11">Such leaders are using religion for their own highly modern political purposes; they use it to organize and mobilize their supporters - to commit individual or collective suicide, if need be.</s>
    <s id="12">In this they are not entirely dissimilar from the totalitarian leaders of fascist movements, who likewise built on popular frustration to pursue an essentially destructive purpose in the name of anti-modern beliefs and promises.</s>
  </p>
  <p id="5">
    <s id="13">Violence born from such sources is difficult to fight.</s>
    <s id="14">Signs of frustration with modernity are never hard to find.</s>
    <s id="15">They are present in highly developed countries, but above all in entire regions of the world that are suspended between a yesterday that no longer exists and a tomorrow that has not yet come into being.</s>
    <s id="16">How, then, do free countries deal with terrorist expressions of organized frustration?</s>
  </p>
  <p id="6">
    <s id="17">Without doubt, the first priority for any free country must be to protect its citizens and assets against acts of terrorist violence.</s>
    <s id="18">Given a globalized movement of fury, this is not simple.</s>
    <s id="19">It requires measures that do not come easily to citizens, groups, and authorities steeped in a tradition of liberalism and tolerance.</s>
  </p>
  <p id="7">
    <s id="20">We must accept that there are limits to tolerance.</s>
    <s id="21">Opting out of the values and customs of free societies is problematic, but it is ultimately acceptable.</s>
    <s id="22">Non-aggressive demonstrations of difference - including Islamic headscarves worn by students or teachers in largely Christian countries - should be bearable.</s>
  </p>
  <p id="8">
    <s id="23">But violence should never be tolerated.</s>
    <s id="24">The monopoly on the use of violence exercised by democratic states must be preserved, which may involve expelling non-citizens who choose violence or advocate its use, and the detention of citizens who have practiced or threatened it.</s>
  </p>
  <p id="9">
    <s id="25">However, it is of critical importance that the treatment of terrorists and those suspected of terrorist acts remains strictly within the rule of law.</s>
    <s id="26">Indefinite detention without trial is as unacceptable as defining people as "illegal combatants," to whom no rules of any kind apply.</s>
    <s id="27">The status of the prisoners held at Guantanamo Bay and the recent incidents of possibly systematic humiliation and torture of Iraqi prisoners cast doubt on the very values on which a liberal order is based.</s>
    <s id="28">Such incidents make one wonder whether the terrorists have, in the end, achieved their aim of destroying the West and what it stands for.</s>
  </p>
  <p id="10">
    <s id="29">Terrorism aimed at the destruction of the liberal order is a test of that order.</s>
    <s id="30">This is particularly so if one accepts - as I do - intervention in the internal affairs of countries in order to prevent genocide or the murderous suppression of minorities and opposition groups.</s>
    <s id="31">But intervention must never borrow methods from those against whom it is undertaken.</s>
  </p>
  <p id="11">
    <s id="32">This applies also to the intervening powers' objectives.</s>
    <s id="33">Terrorism of the Al Qaeda type is basically destructive.</s>
    <s id="34">Any response must be basically constructive.</s>
    <s id="35">The frustration of many in the economically developed countries is, like the frustration of entire countries in developing regions, a challenge.</s>
  </p>
  <p id="12">
    <s id="36">This challenge cannot really be met by simply promising unlimited opportunities, as they uniquely exist in America.</s>
    <s id="37">It requires a sense of social responsibility that accompanies and cushions the painful process of modernization.</s>
    <s id="38">People who are suspended between a lost past and a future not yet gained need help.</s>
    <s id="39">Such assistance will not yield immediate results, but awareness of the medium term - which means readiness to face it by delaying immediate gratification - is also a sign of a liberal order.</s>
  </p>
  <p id="13">
    <s id="40">Thus, fighting Al Qaeda is not a war.</s>
    <s id="41">It is partly self-defense, partly an assertion of the rule of law in difficult circumstances, and partly a constructive effort to redress the causes of frustration.</s>
  </p>
</document>
