<?xml version="1.0" encoding="utf-8"?>
<document>
  <HEADLINE>
    <s id="1">Thailand’s New Uncertainty</s>
  </HEADLINE>
  <p id="1">
    <s id="2">WASHINGTON, DC – Thai King Bhumibol Adulyadej’s death was long anticipated, but it still came as a profound shock to Thailand.</s>
    <s id="3">When it was announced, vast crowds gathered in towns and cities to weep and pay homage to their monarch, who had reigned for seven decades.</s>
  </p>
  <p id="2">
    <s id="4">Thailand’s stock market has fluctuated, and the country has entered a period of uncertainty.</s>
    <s id="5">Most Thais have never known any other king, and Bhumibol inspired great devotion during a time of enormous political and economic change.</s>
    <s id="6">During his reign, Thailand was transformed from a poor country into Southeast Asia’s second-largest economy.</s>
  </p>
  <p id="3">
    <s id="7">Bhumibol was Thailand’s most influential political figure, despite technically being a constitutional monarch like the United Kingdom’s Queen Elizabeth II.</s>
    <s id="8">Absolute monarchy formally ended in 1932, and what remained of it was endangered by 1950, when Bhumibol was formally enthroned.</s>
    <s id="9">But he worked tirelessly to restore the influence of the palace.</s>
  </p>
  <p id="4">
    <s id="10">During Bhumibol’s reign, royalists, in alliance with the military, rebuilt the monarchy’s image.</s>
    <s id="11">The king represented stability during a period of repeated coups and wars in Indochina, and the United States and other foreign powers embraced him.</s>
    <s id="12">He exercised vast economic influence, with the Crown Property Bureau – reportedly worth more than $30 billion – controlling some of Thailand’s most valuable real estate and other assets.</s>
    <s id="13">And yet he created a reputation for supporting and protecting the poor.</s>
  </p>
  <p id="5">
    <s id="14">In the absence of strong governance institutions, Bhumibol was often called in to manage domestic political disputes, most notably in 1992, when the military fired on tens of thousands of protesters who had gathered in Bangkok.</s>
    <s id="15">The king summoned the Thai junta leader and the leader of the protest to his palace in the center of the city, and on live television both men prostrated themselves before him while he demanded an end to the bloodshed.</s>
    <s id="16">The junta pulled back, a civilian government was installed, and by the 2000s Thailand seemed to be building a solid and stable democracy.</s>
    <s id="17">The king was touted as a force for democratic change.</s>
  </p>
  <p id="6">
    <s id="18">But, as working-class Thais, who had tolerated military and technocratic rule for decades, came to embrace the kingdom’s new democratic politics, they voted for populist parties that would shift political power away from the royal, military, and political elites.</s>
    <s id="19">Soon enough, Thailand’s elites struck back, and the country’s politics descended into a cycle of palace-endorsed coups, elected governments, and violent street protests.</s>
    <s id="20">Despite the threat of stiff jail sentences for lèse-majesté, Bhumibol increasingly drew criticism – on social media and occasionally even in public – after endorsing the 2006 coup.</s>
  </p>
  <p id="7">
    <s id="21">Adding to the uncertainty after Bhumibol’s death, Thailand’s current military junta has said that the king’s heir, Crown Prince Maha Vajiralongkorn, will not immediately assume the throne, because he needs time to mourn.</s>
    <s id="22">In the meantime, the monarchy will be managed by a regent, longtime Bhumibol ally and former Thai Prime Minister Prem Tinsulanonda.</s>
  </p>
  <p id="8">
    <s id="23">Prem is a divisive figure.</s>
    <s id="24">Although he oversaw a period of rapid economic growth as Prime Minister, many poor Thais dislike him, favoring populist parties linked to former Thai Prime Minister Thaksin Shinawatra, whose sister was also prime minister until she was ousted in a 2014 coup.</s>
    <s id="25">Many Thais consider Prem an archenemy of Thaksin, whose own government was toppled by the military in 2006.</s>
    <s id="26">To them, Prem represents elites who would deny Thais outside the capital a voice in determining the country’s future.</s>
    <s id="27">Moreover, at age 96, Prem may lack the stamina to manage the crown’s transition.</s>
  </p>
  <p id="9">
    <s id="28">There could be several reasons why Vajiralongkorn is not immediately assuming the crown.</s>
    <s id="29">For starters, he may realize that he is nowhere near as popular as his father and needs time to build public goodwill.</s>
    <s id="30">Alternatively, the junta (and Prem and other Bhumibol advisers) may have forced the crown prince’s decision, because they fear his playboy reputation and reported friendship with Thaksin.</s>
    <s id="31">Yet another explanation is that the junta is stalling so that it can maneuver Vajiralongkorn’s sister, the beloved Princess Sirindhorn, into power instead, even though there is no constitutional basis in Thailand for a woman to reign.</s>
  </p>
  <p id="10">
    <s id="32">Bhumibol’s death further destabilizes an already unstable region.</s>
    <s id="33">Malaysian Prime Minister Najib Razak is mired in a corruption scandal, while former Prime Minister Mahathir Mohamad recently founded a new political party, which may ally itself with longtime opposition leader Anwar Ibrahim’s party, despite Mahathir having once purged Ibrahim from the government.</s>
    <s id="34">Until national elections, Malaysian politics will likely get messier, and potentially more repressive.</s>
  </p>
  <p id="11">
    <s id="35">In the Philippines, President Rodrigo Duterte, in power since June, has sent shockwaves across Southeast Asia by denouncing the US, inching closer to China, and calling for the end to American-Philippine joint military exercises.</s>
    <s id="36">Moreover, Duterte has launched a drug war that has brought on a wave of extrajudicial killings.</s>
  </p>
  <p id="12">
    <s id="37">All Southeast Asian countries must balance their ties between China and the US.</s>
    <s id="38">But Duterte’s threat to realign the Philippines is sending up red flags in other countries involved in territorial disputes against China in the South China Sea, including Vietnam, Malaysia, and Indonesia.</s>
    <s id="39">Moreover, Duterte’s wild public statements have unsettled the Philippine economy, leading other Southeast Asian countries to worry about spillover effects.</s>
  </p>
  <p id="13">
    <s id="40">Thailand is scheduled to hold a national election next year, having approved a new constitution in August.</s>
    <s id="41">Many Thais hoped that the upcoming vote would put the kingdom back on a path toward stability after more than a decade of political turmoil.</s>
    <s id="42">But, given the uncertainty implied by Bhumibol’s death, and the prospect of an unpopular crown prince eventually reigning, stability seems unlikely any time soon.</s>
  </p>
</document>
