<?xml version="1.0" encoding="utf-8"?>
<document>
  <HEADLINE>
    <s id="1">The Politics of a Slowing China</s>
  </HEADLINE>
  <p id="1">
    <s id="2">SINGAPORE – The recent financial turmoil in China, with interbank loan rates spiking to double digits within days, provides further confirmation that the world’s second-largest economy is headed for a hard landing.</s>
    <s id="3">Fueled by massive credit growth (equivalent to 30% of GDP from 2008 to 2012), the Chinese economy has taken on a level of financial leverage that is the highest among emerging markets.</s>
    <s id="4">This will not end well.</s>
  </p>
  <p id="2">
    <s id="5">Indeed, a recent study by Nomura Securities finds that China’s financial-risk profile today uncannily resembles those of Thailand, Japan, Spain, and the United States on the eve of their financial crises.</s>
    <s id="6">Each crisis-hit economy had increased its financial leverage – the ratio of domestic credit to GDP – by 30 percentage points over five years shortly before their credit bubbles popped.</s>
  </p>
  <p id="3">
    <s id="7">Economists who insist that China’s financial leverage is not too high are a dwindling minority.</s>
    <s id="8">Certainly the People’s Bank of China, which engineered a credit squeeze in June in an attempt to discourage loan growth, seems to believe that financial leverage has risen to dangerous levels.</s>
    <s id="9">The only questions to be answered now concern when and how deleveraging will occur.</s>
  </p>
  <p id="4">
    <s id="10">At the moment, China watchers are focusing on two scenarios.</s>
    <s id="11">Under the first, a soft economic landing occurs after China’s new leadership adopts ingenious policies to curb credit growth (especially through the shadow banking system), forces over-leveraged borrowers into bankruptcy, and injects fiscal resources into the banking system to shore up its capital base.</s>
    <s id="12">China’s GDP growth, which relies heavily on credit, will take a hit.</s>
    <s id="13">But the deleveraging process will be gradual and orderly.</s>
  </p>
  <p id="5">
    <s id="14">Under the second scenario, China’s leaders fail to rein in credit growth, mainly because highly leveraged local governments, well-connected real-estate developers, and state-owned enterprises (SOEs) successfully resist policies that would cut off their access to financing and force them into insolvency.</s>
    <s id="15">Consequently, credit growth remains unchecked until an unforeseen event triggers China’s “Lehman” moment.</s>
    <s id="16">Should this happen, growth will collapse, many borrowers will default, and financial chaos could ensue.</s>
  </p>
  <p id="6">
    <s id="17">Two intriguing observations emerge from these two scenarios.</s>
    <s id="18">First, drastic financial deleveraging is unavoidable.</s>
    <s id="19">Second, Chinese growth will fall under either scenario.</s>
  </p>
  <p id="7">
    <s id="20">So, what impact will the coming era of financial deleveraging and decelerating growth have on Chinese politics?</s>
  </p>
  <p id="8">
    <s id="21">Most would suggest that a period of financial retrenchment and slow GDP growth poses a serious threat to the legitimacy of the Chinese Communist Party (CCP), which is based on economic performance.</s>
    <s id="22">Rising unemployment could spur social unrest.</s>
    <s id="23">The middle class might turn against the party.</s>
    <s id="24">Because economic distress harms different social groups simultaneously, it could facilitate the emergence of a broad anti-CCP coalition.</s>
  </p>
  <p id="9">
    <s id="25">Moreover, massive economic dislocation could destroy the cohesion of the ruling elites and make them more vulnerable politically.</s>
    <s id="26">Indeed, members of the ruling elite will be the most immediately affected by financial deleveraging.</s>
    <s id="27">Those who borrowed recklessly during China’s credit boom are not small private firms or average consumers (household indebtedness in China is very low), but local governments, SOEs, and well-connected real estate developers (many of them family members of government officials).</s>
    <s id="28">Technically, successful financial deleveraging means restructuring their debts and forcing some of them into bankruptcy.</s>
  </p>
  <p id="10">
    <s id="29">By definition, such people have the political wherewithal to mount a fierce fight to preserve their wealth.</s>
    <s id="30">But, given the huge size of China’s credit bubble and the enormous amounts of money needed to recapitalize the banking system, only some of them will be bailed out.</s>
    <s id="31">Those who are not will naturally harbor resentment toward those who are.</s>
  </p>
  <p id="11">
    <s id="32">Slower GDP growth undermines elite unity according to a different political dynamic.</s>
    <s id="33">The current Chinese system is a gigantic rent-distributing mechanism.</s>
    <s id="34">The ruling elites have learned to live with each other not through shared beliefs, values, or rules, but by carving up the spoils of economic development.</s>
    <s id="35">In a high-growth environment, each group or individual could count on getting a lucrative contract or project.</s>
    <s id="36">When growth falters, the food fight among party members will become vicious.</s>
  </p>
  <p id="12">
    <s id="37">The people who should be most concerned with financial deleveraging and slower growth are President and CCP General Secretary Xi Jinping and Prime Minister Li Keqiang.</s>
    <s id="38">If the deleveraging process is quick and orderly, they will emerge stronger in time for their reappointment in 2017 (the Chinese political calendar thus dictates that they turn the economy around by the first half of that year).</s>
  </p>
  <p id="13">
    <s id="39">Xi and Li are inseparably linked with the CCP’s promise of economic prosperity and national greatness, embodied in the official catchphrase, “China dream.”</s>
    <s id="40">What, then, will they do when faced with a political nightmare?</s>
  </p>
</document>
