<?xml version="1.0" encoding="utf-8"?>
<document>
  <HEADLINE>
    <s id="1">The World Economy In 1996</s>
  </HEADLINE>
  <p id="1">
    <s id="2">CAMBRIDGE: The end of decades of inflation and the onset of major long term fiscal restraints are the most striking features of the world economy today.</s>
    <s id="3">How central banks respond to this is the key question.</s>
    <s id="4">If they fail to ease monetary policy, deflation is around the corner.</s>
    <s id="5">If they act promptly, prosperity can last.</s>
  </p>
  <p id="2">
    <s id="6">In the US three questions arise: For almost 15 years, inflation has averaged less than 4 percent and much less than that in the past 4 years.</s>
    <s id="7">So, is inflation dead?</s>
    <s id="8">There is no consensus, but the group of inflation fear mongers is shrinking.</s>
    <s id="9">In a setting of moderate world growth and a dollar unlikely to weaken, commodity prices will behave well.</s>
    <s id="10">Labor markets are cool, or at least, certainly not hot.</s>
    <s id="11">So where is the risk for the Fed in increasing the money supply?</s>
    <s id="12">The second issue is the budget.</s>
    <s id="13">There is a huge amount of confrontation on stage.</s>
    <s id="14">But, as in all bad operettas, the play is unconvincing.</s>
    <s id="15">The fact is that major budget cutting will happen over the next decade.</s>
    <s id="16">That is what voters want, that is the fashion, that is what looming social security deficits require.</s>
  </p>
  <p id="3">
    <s id="17">The third major US economic issue is the consumer.</s>
    <s id="18">The US has emerged from an investment-led boom; the next round -- to continue good growth -- requires a sturdy consumer.</s>
    <s id="19">That is hard when debt levels have increased, jobs are unstable, and the middle class is frightened.</s>
    <s id="20">This is the setting in which decisive rate cuts by the Fed are essential.</s>
    <s id="21">Real interest rates today are high, more so if we look at the prospect of fiscal restraint.</s>
    <s id="22">Short rates must come down a full percentage point in the next year to keep growth at 2.5 to 3 percent.</s>
    <s id="23">Long rates must stay lown and come down further.</s>
    <s id="24">Small does of rate cuts are best.</s>
    <s id="25">To succeed, there is no better time to start than now.</s>
  </p>
  <p id="4">
    <s id="26">Europe is in trouble; massive fiscal problems force fiscal restraint; overpricing of the DM and the Franc spell growth troubles; central banks are late in cutting rates.</s>
    <s id="27">Europe may just barely escape from a growth recession in 1996.</s>
    <s id="28">Inflation is no issue in Germany, no issue in France.</s>
    <s id="29">But the cursed EMU prospect -- a waste of time, a waste of energy, a terrible mistake that much is clear today -- forces everybody to put on a demanding show in the monetary stage.</s>
    <s id="30">But economies need cheap money (that is a quintessentially erroneous Anglo-Saxon concept as viewed from the continent).</s>
    <s id="31">Belatedly, the Bundesbank has made a start.</s>
    <s id="32">More must follow.</s>
    <s id="33">Just 50 basis points won't be enough to break a cycle of slack demand, lack of competitiveness, and restraint.</s>
    <s id="34">In France the problems are worse: combat on soical rights that can no longer be afforded has spilled onto the streets.</s>
    <s id="35">Unions are teaching the government a lesson and the government backs down.</s>
    <s id="36">If that happens, EMU may crash too.</s>
    <s id="37">That, it turns out, is the only way to really get to the Bundesbank.</s>
  </p>
  <p id="5">
    <s id="38">Japan has no good news.</s>
    <s id="39">Dragging their feet, the incompetent people at the Ministry of Finance and the Central Bank have finally gotten interest rates down to zero.</s>
    <s id="40">It has taken an eternity to get there and in the process the damage has grown.</s>
    <s id="41">It will take time to get out of trouble.</s>
    <s id="42">The Yen won't help--it will hang around 100 to $1 and no better.</s>
    <s id="43">Curing the banking system will also take time.</s>
    <s id="44">In a world of fiscal problems and massive restructuring, business will be weakened.</s>
    <s id="45">Japan is gone as an economic superpower.</s>
  </p>
  <p id="6">
    <s id="46">Asia continues to grow.</s>
    <s id="47">But there is little question that Asian real exchange rates are in for a major real appreciation.</s>
    <s id="48">Part of the solution to Japan's problem is surely a 20 or 30 percent real appreciation of currencies such as the won.</s>
    <s id="49">Just when that happens is hard to judge, but 1996-1997 may be the time.</s>
    <s id="50">Beyond that, Asia's top question is China: will Hong Kong go over quietly, will Taiwan stay independent?</s>
    <s id="51">There is absolutely no reason to assume the answer to these questions is yes.</s>
    <s id="52">Nobody can or will contain China, there is just too much eagerness to have the business.</s>
    <s id="53">That opens the way for big surprises.</s>
  </p>
  <p id="7">
    <s id="54">Latin America has more good news to offer.</s>
    <s id="55">Mexico is probably past the bottom of its crash, but uncertainties on the political front are gigantic and super high real interest rates spell pervasive bankrupticies of companies and banks.</s>
    <s id="56">The good news is Argentina on the way to being the next Chile, following deep structural reform, shrinking the state and financial rebuilding.</s>
    <s id="57">Brazil is taking its sweet time to make it: fiscal reform is stalled, financial restructuring is overdue, privatization is slow.</s>
    <s id="58">In the meantime, real interest rates are sky high.</s>
    <s id="59">In any other country one would predict crisis.</s>
    <s id="60">In Brazil, be cautious.</s>
    <s id="61">A year is a long time to make amends and just get by as Brazil has done so often.</s>
  </p>
  <p id="8">
    <s id="62">Looking to the greatest uncertainty for 1996 we turn to Russia.</s>
    <s id="63">Elections for the Duma and, in 1996 for the President, give Russia a chance to show its true colors: are we looking at populism, nationalism, retread communism, western reformism or a blend of all with unforecastabel results?</s>
    <s id="64">Russia itself has no idea what it wants.</s>
    <s id="65">It has no identity, just as in the early 20th century.</s>
    <s id="66">It does not know whether socialism, or authoritarian repression feel best.</s>
  </p>
</document>
