<?xml version="1.0" encoding="utf-8"?>
<document>
  <HEADLINE>
    <s id="1">The Party is Over</s>
  </HEADLINE>
  <p id="1">
    <s id="2">MUNICH – With the United States teetering into recession, the global economic boom has ended.</s>
    <s id="3">The boom was unusually long and persistent, with four years of roughly 5% growth – a period of sustained economic dynamism not seen since around 1970.</s>
  </p>
  <p id="2">
    <s id="4">The clearest sign that the boom is ending is the IMF’s forecast of 1.5% growth for the US in 2008.</s>
    <s id="5">That may not sound like a recession, but the Fund’s marginally positive projection primarily reflects the growth overhang from 2007, with hardly any new contribution in 2008.</s>
    <s id="6">It is compatible with three consecutive quarters of zero growth in 2008.</s>
  </p>
  <p id="3">
    <s id="7">Many argue that a US recession will no longer affect the world because China has supplanted America as an engine of the global economy.</s>
    <s id="8">Wrong.</s>
    <s id="9">Although China is growing fast, its economic power remains tiny.</s>
    <s id="10">While the US contributes 28% to world GDP, China accounts for only 5%.</s>
    <s id="11">The whole of Asia, from Turkey to China, contributes 24%, less than the US alone.</s>
  </p>
  <p id="4">
    <s id="12">At some stage, the world may no longer catch a cold when the US sneezes, but that is far from being true now.</s>
    <s id="13">Twenty-one percent of China’s exports and 23% of the EU’s exports to non-member countries go to the US.</s>
    <s id="14">Thus, the world cannot help but be pulled down by a US slump.</s>
  </p>
  <p id="5">
    <s id="15">The most recent CESifo World Economic Survey (WES) from 90 countries confirms this.</s>
    <s id="16">Assessments of the current economic situation and expectations for the next six months have worsened everywhere.</s>
    <s id="17">In both western and eastern Europe, the index sank more than in Asia or Latin America.</s>
    <s id="18">The decline in the WES indicator during the last two quarters was the sharpest since 2001, when the stock market bubble burst.</s>
    <s id="19">In the US, the WES indicator is now below the level of September 11, 2001 and so is the Michigan index of consumer confidence.</s>
  </p>
  <p id="6">
    <s id="20">For many years, the US has lived beyond its means: a household saving rate close to zero and investment financed solely with foreign funds.</s>
    <s id="21">The US current account deficit, which is identical to net capital imports, grew steadily to an annual $811 billion in 2006, or 6% of GDP – by far the largest since the Great Depression.</s>
    <s id="22">Year after year, the US managed to sell its assets abroad and enjoy the high life at home.</s>
    <s id="23">No longer.</s>
    <s id="24">The world has caught on.</s>
  </p>
  <p id="7">
    <s id="25">Banks everywhere are learning the hard way that the debt with which the US financed its consumption boom will not necessarily be repaid.</s>
    <s id="26">The mortgage-backed securities that US banks succeeded in selling to the world are not comparable to European assets with similar names.</s>
  </p>
  <p id="8">
    <s id="27">In Europe, particularly Germany, a mortgage-backed security ( Pfandbrief ) is an ultra-safe asset, as normally banks finance no more than 60% of a house’s value.</s>
    <s id="28">By contrast, such US securities are like a lottery ticket.</s>
    <s id="29">US banks finance up to 100% of a house’s value, sometimes even more, and the sub-prime market even includes loans to people without jobs and income.</s>
    <s id="30">Many European banks may not have understood this, yet they still shied away from revealing these dubious investments on their balance sheets.</s>
    <s id="31">Instead, they placed them in conduits based in low-tax countries.</s>
  </p>
  <p id="9">
    <s id="32">Those conduits are now showing gigantic losses that have to be covered by the parent banks, some of which are being driven to the brink of bankruptcy.</s>
    <s id="33">This spring will show the necessary write-offs in the annual balance sheets, but the full truth will not become known before the 2008 balance sheets are published in the spring of 2009.</s>
  </p>
  <p id="10">
    <s id="34">As American assets have lost their attractiveness, their prices have dropped.</s>
    <s id="35">This has meant either a decline in asset prices quoted in dollars or in dollars quoted in other currencies.</s>
    <s id="36">Indeed, adjusted for inflation, the dollar is now nearly as low against the euro as it was against the deutschmark in 1992, when German unification resulted in the breakdown of the European currency system.</s>
  </p>
  <p id="11">
    <s id="37">The prices of US homes are also declining at an accelerating rate, in many areas by more than 10% per year.</s>
    <s id="38">The prices of traded mortgage-backed securities have followed house prices down.</s>
    <s id="39">Only US stock market prices have remained relatively stable.</s>
    <s id="40">But it is only a matter of time until they fall, too.</s>
    <s id="41">After all, the Standard ampamp;</s>
    <s id="42">Poor’s US price-earnings ratio is still above its long-term average – 26.84 in 2007, compared to its long-term average since 1881 of 16.31.</s>
  </p>
  <p id="12">
    <s id="43">This asset meltdown is the reason for the likely recession.</s>
    <s id="44">First, consumers, faced with tighter credit and falling house values, will need to cut spending, slowing the US economy and affecting all countries via world trade.</s>
    <s id="45">Second, with banks losing substantial amounts of equity capital – estimates now reach $300 billion and more – the need to maintain minimum equity-debt ratios will force them to curtail business lending, hindering investment demand.</s>
  </p>
  <p id="13">
    <s id="46">True, the US Federal Reserve has tried to prevent a recession by cutting its interest rates.</s>
    <s id="47">But the Fed cannot endow the banks with new equity capital and prevent a credit crunch.</s>
    <s id="48">More promising is the $150 billion tax cut that the US Congress recently enacted.</s>
    <s id="49">Equivalent to 1% of US GDP, it is large by all accounts.</s>
    <s id="50">Whether it is enough to compensate homeowners for the wealth losses resulting from declining house prices and to prevent the impending recession remains to be seen.</s>
    <s id="51">But, whatever happens, the party is over.</s>
  </p>
</document>
