<?xml version="1.0" encoding="utf-8"?>
<document>
  <HEADLINE>
    <s id="1">The “Right” Growth for Africa</s>
  </HEADLINE>
  <p id="1">
    <s id="2">Africa has the highest level of poverty in the world and is one of the two regions where poverty has not declined in the past twenty years.</s>
    <s id="3">As the United Nations Economic Commission for Africa’s forthcoming Economic Report on Africa 2005 shows, the proportion of the poor – those living on less that one dollar a day – halved between 1980 and 2003 at the global level, from 40% to 20%.</s>
    <s id="4">But in Africa, the share of the poor increased slightly, from 45% to 46%.</s>
    <s id="5">Africa’s poverty rate in 2003 exceeds that of the next poorest region, South Asia, by 17 percentage points.</s>
  </p>
  <p id="2">
    <s id="6">Recognizing the link between economic growth and poverty reduction, those who crafted the UN’s Millennium Development Goals (MDG’s) estimated that halving poverty by 2015 in Africa requires countries to achieve an average minimum growth rate of 7% annually.</s>
    <s id="7">Whether or not African countries will reach this goal is an open question.</s>
  </p>
  <p id="3">
    <s id="8">Since the mid-1990’s, African economies have been recording growth rates that are higher than world averages.</s>
    <s id="9">According to the World Bank, the average growth rate for the period 1996-2002 in Africa was about 3.6%, compared to the world average of 2.7%.</s>
    <s id="10">Growth in Africa in 2004 averaged 5.1%, the fastest in eight years.</s>
    <s id="11">Growth rates this year and in 2006 are projected at 4.7% and 5.2%, respectively.</s>
  </p>
  <p id="4">
    <s id="12">These average rates mask stark differences between countries.</s>
    <s id="13">In 2004, for example, Chad’s 39.4% annual growth rate contrasted sharply with Zimbabwe’s -6.8% economic contraction.</s>
    <s id="14">Nevertheless, there is no doubt that African economies, taken together, have recovered from the dark years of the 1980’s.</s>
    <s id="15">So the big question is why growth hasn’t translated into poverty reduction.</s>
  </p>
  <p id="5">
    <s id="16">One reason is that Africa’s recent growth rates, while high by international standards, remain too low to have a substantial impact on poverty.</s>
    <s id="17">Initial conditions are so low that only high and sustained growth levels may have a noticeable impact on poverty reduction.</s>
    <s id="18">In no year has Africa, as a continent, achieved the 7% average growth rate required by the MDG’s.</s>
  </p>
  <p id="6">
    <s id="19">Consider Ethiopia.</s>
    <s id="20">With its per capita GDP of about $100, a growth rate of 7% means that a typical Ethiopian will increase his income by $7 a year (if this additional income is evenly distributed).</s>
    <s id="21">But if this rate of growth were sustained over a period of just ten years, per capita income would double, which underscores the need for sustained high growth rates.</s>
  </p>
  <p id="7">
    <s id="22">Very few countries in Africa have posted growth rates consistent with the MDG’s threshold.</s>
    <s id="23">In 2004, only six countries – Chad, Equatorial Guinea, Liberia, Ethiopia, Angola and Mozambique – had annual growth rates higher than 7%.</s>
    <s id="24">And only four countries sustained a growth rate of 7% or more over the past five years.</s>
  </p>
  <p id="8">
    <s id="25">Moreover, most of the observed growth was generated by capital rather than labor-intensive sectors.</s>
    <s id="26">If the fruit of economic growth reaches the poor through employment creation, growth in capital-intensive sectors has a limited effect on poverty reduction.</s>
  </p>
  <p id="9">
    <s id="27">Indeed, recent growth in Africa appears to have been fueled by increases in oil exports and high oil prices.</s>
    <s id="28">Eight of the top 10 performers in 2004 are either oil-exporting countries or post-conflict economies, with the latter’s high annual growth rates explained mostly by the proverbial “dead cat bounce” – the low base period over which growth is measured.</s>
  </p>
  <p id="10">
    <s id="29">Economic growth reduces poverty only if it benefits the poor, and the effect of growth on poverty reduction is a function of the pattern of income distribution within a country.</s>
    <s id="30">Africa as a continent has the world’s second highest measure of income concentration.</s>
    <s id="31">This suggests that the new wealth created over the last ten years has mostly benefited the rich.</s>
  </p>
  <p id="11">
    <s id="32">To help reduce its poverty, Africa must strive to increase even further its growth rates and sustain them over a long period.</s>
    <s id="33">Moreover, there must be greater balance between capital-intensive and labor-intensive activities.</s>
    <s id="34">But encouraging labor-intensive industries, which create jobs for the poor, must not be at the expense of capital-intensive industries.</s>
  </p>
  <p id="12">
    <s id="35">Finally, Africa’s income distribution must become more equitable.</s>
    <s id="36">This is difficult, given that a skewed income distribution is usually a legacy of a country’s history.</s>
    <s id="37">But it is not impossible, particularly for those African countries that succeed in modernizing their political institutions.</s>
  </p>
</document>
