<?xml version="1.0" encoding="utf-8"?>
<document>
  <HEADLINE>
    <s id="1">The Reform Game</s>
  </HEADLINE>
  <p id="1">
    <s id="2">Reform, when long discussed but never implemented, can do far more harm than good.</s>
    <s id="3">Anticipation of a reform – say, of pension rules, the health system, or unemployment benefits – worries everyone who might feel the impact.</s>
    <s id="4">In response, they cut consumption and save more, expecting that sooner or later they will have to start paying for some of the services they had been used to getting free or at subsidized rates.</s>
  </p>
  <p id="2">
    <s id="5">But because reform in Europe is usually only discussed, the benefits fail to materialize: people work harder only when they are sure that tax rates are actually cut, and in financial markets the positive effects of lower government spending do not come before any reform is approved.</s>
    <s id="6">In the meantime, as politicians debate and do nothing, consumer confidence falls, economic performance worsens, and the consensus needed to get reforms approved in the first place vanishes.</s>
    <s id="7">Still the talk does not stop, nor does the fall in consumer confidence.</s>
  </p>
  <p id="3">
    <s id="8">Germany’s recent experience provides a worrying example of this vicious circle.</s>
    <s id="9">Reform of Germany’s generous social system has claimed the front pages for German papers for more than ten years.</s>
    <s id="10">Some timid measures have been implemented, but the general feeling among Germans is best described by the following answer to a survey conducted two months ago by the newspaper Die Welt : “47% of those interviewed plan to cut consumption due to the uncertainty about pensions and health reform.”</s>
  </p>
  <p id="4">
    <s id="11">The result has been a sharp fall in consumer confidence: the German index of consumer sentiment was small but positive in November 2000; it has since fallen to -20, the sharpest decline in the euro area.</s>
  </p>
  <p id="5">
    <s id="12">Out on the street, pessimism runs rampant.</s>
    <s id="13">For two years now, the growth rate of private consumption (measured at constant prices) has been negative: - 1% in 2002, -0.5% in 2003.</s>
    <s id="14">Similar declines in real consumption are rare in industrial countries, as in bad years consumers typically draw on their savings to keep their consumption relatively constant.</s>
    <s id="15">In the case of Germany, one has to go back to the early 1980’s to see similar negative numbers in consumption growth.</s>
    <s id="16">As a result, rather than falling, the household saving rate has increased, rising from 9.7% of disposable income in 2000 to 11.8% last year.</s>
  </p>
  <p id="6">
    <s id="17">Depressed consumption and higher savings have affected all age groups, but the relatively old have been more prone to the trend than the relatively young.</s>
    <s id="18">The only positive signs in consumption are seen among the youngest households, those headed by people in their early twenties, who evidently hope that sooner or later the reforms will be approved and their tax burden reduced.</s>
    <s id="19">But the saving rate even in households in their thirties has risen along with concern about reforms.</s>
  </p>
  <p id="7">
    <s id="20">Not surprisingly, elderly people cut consumption more.</s>
    <s id="21">With retirement, they have lost almost all options: they can no longer work more, nor can they sign up for private health plans – the insurance premiums at their age are too high.</s>
    <s id="22">So they are forced to rely on their savings, and virtually stop consuming.</s>
    <s id="23">Put this in the context of a rapidly aging population and the effects on overall consumption are dramatic.</s>
  </p>
  <p id="8">
    <s id="24">Interestingly, France is the only large Euro area country where consumer confidence is growing (from -24 a year ago to -13 today).</s>
    <s id="25">The reason is simple: as the 2006 elections approach, reforms have been shifted off the political agenda.</s>
  </p>
  <p id="9">
    <s id="26">If a government does not have the will to adopt a reform program, then the best thing it can do is stop talking about reform altogether.</s>
    <s id="27">This may start happening in Germany and for the same reason: consumer confidence remains lackluster.</s>
  </p>
  <p id="10">
    <s id="28">Europe’s economy grew at an anemic 1.8% annual rate in 2004, and the OECD has recently revised downward its growth forecast for next year, from 2.5 to 1.9%, owing to the rising euro and the fall in exports – so far the only driver of the euro area economies.</s>
    <s id="29">The common wisdom is that to faster European growth requires a boost from domestic demand.</s>
    <s id="30">But this will not happen as long as politicians keep talking about reforms, while doing virtually nothing to realize them.</s>
    <s id="31">On the contrary, all they are doing is spreading pessimism.</s>
  </p>
  <p id="11">
    <s id="32">Europe has two ways ahead.</s>
    <s id="33">It can forget about reform and enjoy the four or five decades it will take for its per capita income to fall below the level of, say, Chile, or it can deeply change its social model and start growing like the US.</s>
    <s id="34">Doing nothing but talking, which is Europe’s current model of inaction, is the worst possible course.</s>
  </p>
</document>
