<?xml version="1.0" encoding="utf-8"?>
<document>
  <HEADLINE>
    <s id="1">The Cost of Dick Cheney</s>
  </HEADLINE>
  <p id="1">
    <s id="2">LONDON – George W. Bush has started work on his memoirs.</s>
    <s id="3">Count to ten before you respond.</s>
  </p>
  <p id="2">
    <s id="4">The autobiographies of political leaders are not a very elevated literary form.</s>
    <s id="5">First, few leaders write well, though there are exceptions, like Nehru, Churchill, and de Gaulle.</s>
    <s id="6">No wonder that most of them employ a “ghost,” like the one in Robert Harris’s excellent thriller of the same name, which is really a devastating critique of Britain’s former premier, Tony Blair.</s>
  </p>
  <p id="3">
    <s id="7">Second, these memoirs are usually little more than slabs of self-justification interspersed with lists of famous people met in the course of life at the top.</s>
    <s id="8">To take one example, while Bill Clinton speaks with warmth, wit, and great eloquence in the flesh, his autobiography is not worth reading.</s>
  </p>
  <p id="4">
    <s id="9">Third, these books are usually written largely for a big paycheck.</s>
    <s id="10">But it beats me how publishers ever recover the huge multi-million dollar advances they hand out.</s>
    <s id="11">When the great General George C. Marshall – whose memoirs of World War II and of his tenure as America’s Secretary of State would have been worth every penny – was offered $1 million by a publisher in the1950’s for his autobiography, the old man replied, “Why would I want $1 million?”</s>
    <s id="12">What a different world we now inhabit.</s>
  </p>
  <p id="5">
    <s id="13">The good news about the Bush project, so far title-free, is that it is apparently going to be different from the usual reputation polishing.</s>
    <s id="14">Instead of starting at the beginning of his presidency, with all those dodgy Florida voting machines, and plodding on to the bitterly unpopular end, he intends to concentrate on the 20 most consequential decisions he made in the White House.</s>
    <s id="15">He will also focus on key moments in his life, such as his decision to give up alcohol and to choose Dick Cheney as his Vice President.</s>
  </p>
  <p id="6">
    <s id="16">Shaking off his addiction to booze speaks extremely well of Bush, his strength of character and the support of his wife and family.</s>
    <s id="17">To turn your back on an addiction is never easy.</s>
    <s id="18">Those who do it, helped in Bush’s case by a growing religious faith, deserve sympathy and approval.</s>
  </p>
  <p id="7">
    <s id="19">It was never Bush’s determination that was in doubt, nor his geniality – despite that slightly annoying rich-boy joshing.</s>
    <s id="20">Nor did I ever believe that the former president was stupid: a criticism leveled at him by many of his European peers who were themselves hardly philosopher kings.</s>
  </p>
  <p id="8">
    <s id="21">The problem with Bush was not lack of intelligence but a complete absence of intellectual curiosity.</s>
    <s id="22">He was content to camp on his own shallow prejudices, and the rest of the world had to be fitted into this narrow terrain.</s>
  </p>
  <p id="9">
    <s id="23">This is where Cheney came in.</s>
    <s id="24">It was certainly a key moment when Bush chose him.</s>
    <s id="25">Imagine, for example, how different the world and the opinions of Bush’s presidency might have been if he had chosen Colin Powell or John McCain as his running mate?</s>
  </p>
  <p id="10">
    <s id="26">What Cheney did was to feed and nourish the Bush prejudices, and to move ruthlessly and energetically to occupy the policymaking ground left vacant by the President’s indolence and National Security Adviser Condoleezza Rice’s lack of political clout.</s>
  </p>
  <p id="11">
    <s id="27">What did Cheney believe?</s>
    <s id="28">He thought that Ronald Reagan had shown that fiscal deficits don’t matter.</s>
    <s id="29">He believed in capitalism – or at least in supporting big companies and the rich – though whether he understood how free markets should work under the rule of law is more doubtful.</s>
    <s id="30">The law was never Cheney’s strong point.</s>
  </p>
  <p id="12">
    <s id="31">He was an apologist for American power, even though during the Vietnam years he had wriggled and dodged to avoid being at the sharp, conscripted end of it.</s>
    <s id="32">He thought that the American president should operate beyond the checks and balances applied by the US Constitution, just as his country should not be constrained by any international rules.</s>
    <s id="33">Rules were for others, and at the very end of his term in office his one public disagreement with Bush concerned the President’s refusal to pardon Cheney’s former chief of staff, Scooter Libby, who had been convicted of perjury.</s>
  </p>
  <p id="13">
    <s id="34">Cheney’s influence resulted in the bloody disaster of Iraq, the moral humiliation of Guantanamo, water-boarding and “extraordinary rendition,” the despair of friends and the contempt of critics, a full-dress parade of double standards around the globe.</s>
    <s id="35">Mean-spirited and partisan, Dick Cheney was one of America’s most powerful vice presidents.</s>
    <s id="36">I cannot think of one who did so much damage to America at home and to its reputation abroad.</s>
  </p>
  <p id="14">
    <s id="37">No wonder Bush regards the choice of Cheney as such a key decision.</s>
    <s id="38">Ideas matter in politics and having only a few simplistic ones of his own, Bush found his agenda shaped and dominated by his clever surrogate and deputy.</s>
    <s id="39">That is what eventually did him in.</s>
  </p>
  <p id="15">
    <s id="40">Bush’s presidency was discredited and sunk by the man whom he fatally selected to work for him.</s>
    <s id="41">The bigger tragedy was that so many others paid a much higher price for this than Bush did.</s>
    <s id="42">“The Cost of Dick Cheney” – perhaps that should be the title of Bush’s memoirs.</s>
  </p>
</document>
