<?xml version="1.0" encoding="utf-8"?>
<document>
  <HEADLINE>
    <s id="1">The Harsh Lessons of 2009</s>
  </HEADLINE>
  <p id="1">
    <s id="2">NEW YORK – The best that can be said for 2009 is that it could have been worse, that we pulled back from the precipice on which we seemed to be perched in late 2008, and that 2010 will almost surely be better for most countries around the world.</s>
    <s id="3">The world has also learned some valuable lessons, though at great cost to both current and future prosperity – costs that were unnecessarily high given that we should already have learned them.</s>
  </p>
  <p id="2">
    <s id="4">The first lesson is that markets are not self-correcting.</s>
    <s id="5">Indeed, without adequate regulation, they are prone to excess.</s>
    <s id="6">In 2009, we again see why Adam Smith’s invisible hand often appears invisible: it is not there.</s>
    <s id="7">The bankers’ pursuit of self-interest (greed) did not lead to the well-being of society; it did not even serve their shareholders and bondholders well.</s>
    <s id="8">It certainly did not serve homeowners who are losing their homes, workers who have lost their jobs, retirees who have seen their retirement funds vanish, or taxpayers who paid hundreds of billions to bail out the banks.</s>
  </p>
  <p id="3">
    <s id="9">Under the threat of a collapse of the entire system, the safety net– intended to help unfortunate individuals meet the exigencies of life – was generously extended to commercial banks, then to investment banks, insurance firms, auto companies, even car-loan companies.</s>
    <s id="10">Never has so much money been transferred from so many to so few.</s>
  </p>
  <p id="4">
    <s id="11">We are accustomed to thinking of government transferring money from the well off to the poor.</s>
    <s id="12">Here it was the poor and average transferring money to the rich.</s>
    <s id="13">Already heavily burdened taxpayers saw their money – intended to help banks lend so that the economy could be revived – go to pay outsized bonuses and dividends.</s>
    <s id="14">Dividends are supposed to be a share of profits; here it was simply a share of government largesse.</s>
  </p>
  <p id="5">
    <s id="15">The justification was that bailing out the banks, however messily, would enable a resumption of lending.</s>
    <s id="16">That has not happened.</s>
    <s id="17">All that happened was that average taxpayers gave money to the very institutions that had been gouging them for years – through predatory lending, usurious credit-card interest rates, and non-transparent fees.</s>
  </p>
  <p id="6">
    <s id="18">The bailout exposed deep hypocrisy all around.</s>
    <s id="19">Those who had preached fiscal restraint when it came to small welfare programs for the poor now clamored for the world’s largest welfare program.</s>
    <s id="20">Those who had argued for the free market’s virtue of “transparency” ended up creating financial systems so opaque that banks could not make sense of their own balance sheets.</s>
    <s id="21">And then the government, too, was induced to engage in decreasingly transparent forms of bailout to cover up its largesse to the banks.</s>
    <s id="22">Those who had argued for “accountability” and “responsibility” now sought debt forgiveness for the financial sector.</s>
  </p>
  <p id="7">
    <s id="23">The second important lesson involves understanding why markets often do not work the way they are meant to work.</s>
    <s id="24">There are many reasons for market failures.</s>
    <s id="25">In this case, too-big-to-fail financial institutions had perverse incentives: if they gambled and succeeded, they walked off with the profits; if they lost, the taxpayer would pay.</s>
    <s id="26">Moreover, when information is imperfect, markets often do not work well – and information imperfections are central in finance.</s>
    <s id="27">Externalities are pervasive: the failure of one bank imposed costs on others, and failures in the financial system imposed costs on taxpayers and workers all over the world.</s>
  </p>
  <p id="8">
    <s id="28">The third lesson is that Keynesian policies do work.</s>
    <s id="29">Those countries, like Australia, that implemented large, well designed stimulus programs early emerged from the crisis faster.</s>
    <s id="30">Other countries succumbed to the old orthodoxy pushed by the financial wizards who got us into this mess.</s>
  </p>
  <p id="9">
    <s id="31">Whenever an economy goes into recession, deficits appear, as tax revenues fall faster than expenditures.</s>
    <s id="32">The old orthodoxy held that one had to cut the deficit – raise taxes or cut expenditures – to “restore confidence.”</s>
    <s id="33">But those policies almost always reduced aggregate demand, pushed the economy into a deeper slump, and further undermined confidence – most recently when the International Monetary Fund insisted on them in East Asia in the 1990’s.</s>
  </p>
  <p id="10">
    <s id="34">The fourth lesson is that there is more to monetary policy than just fighting inflation.</s>
    <s id="35">Excessive focus on inflation meant that some central banks ignored what was happening to their financial markets.</s>
    <s id="36">The costs of mild inflation are miniscule compared to the costs imposed on economies when central banks allow asset bubbles to grow unchecked.</s>
  </p>
  <p id="11">
    <s id="37">The fifth lesson is that not all innovation leads to a more efficient and productive economy – let alone a better society.</s>
    <s id="38">Private incentives matter, and if they are not well aligned with social returns, the result can be excessive risk taking, excessively short-sighted behavior, and distorted innovation.</s>
    <s id="39">For example, while the benefits of many of the financial-engineering innovations of recent years are hard to prove, let alone quantify, the costs associated with them – both economic and social – are apparent and enormous.</s>
  </p>
  <p id="12">
    <s id="40">Indeed, financial engineering did not create products that would help ordinary citizens manage the simple risk of home ownership – with the consequence that millions have lost their homes, and millions more are likely to do so.</s>
    <s id="41">Instead, innovation was directed at perfecting the exploitation of those who are less educated, and at circumventing the regulations and accounting standards that were designed to make markets more efficient and stable.</s>
    <s id="42">As a result, financial markets, which are supposed to manage risk and allocate capital efficiently, created risk and misallocated wildly.</s>
  </p>
  <p id="13">
    <s id="43">We will soon find out whether we have learned the lessons of this crisis any better than we should have learned the same lessons from previous crises.</s>
    <s id="44">Regrettably, unless the United States and other advanced industrial countries make much greater progress on financial-sector reforms in 2010, we may find ourselves faced with another opportunity to learn them.</s>
  </p>
</document>
