<?xml version="1.0" encoding="utf-8"?>
<document>
  <HEADLINE>
    <s id="1">The Next Bretton Woods</s>
  </HEADLINE>
  <p id="1">
    <s id="2">NEW YORK – The world is sinking into a major global slowdown, likely to be the worst in a quarter-century, perhaps since the Great Depression.</s>
    <s id="3">This crisis was “made in America,” in more than one sense.</s>
  </p>
  <p id="2">
    <s id="4">America exported its toxic mortgages around the world, in the form of asset-backed securities.</s>
    <s id="5">America exported its deregulatory free market philosophy, which even its high priest, Alan Greenspan, now admits was a mistake.</s>
    <s id="6">America exported its culture of corporate irresponsibility – non-transparent stock options, which encourage the bad accounting that has played a role in this debacle, just as it did in the Enron and Worldcom scandals a few years ago.</s>
    <s id="7">And, finally, America has exported its economic downturn.</s>
  </p>
  <p id="3">
    <s id="8">The Bush administration has finally come around to doing what every economist urged it to do: put more equity into the banks.</s>
    <s id="9">But, as always, the devil is in the details, and United States Treasury Secretary Henry Paulson may have succeeded in subverting even this good idea; he seems to have figured out how to recapitalize the banks in such a way that it may not result in resumption of lending, which would bode poorly for the economy.</s>
  </p>
  <p id="4">
    <s id="10">Most importantly, the terms that Paulson got for the capital provided to America’s banks were far worse than those obtained by British Prime Minister Gordon Brown (not to mention those that Warren Buffett got for putting far less into America’s soundest investment bank, Goldman Sachs).</s>
    <s id="11">Share prices show that investors believe that they got a really good deal.</s>
  </p>
  <p id="5">
    <s id="12">One reason to be concerned about the bad deal that American taxpayers are getting is the looming national debt.</s>
    <s id="13">Even before this financial crisis, America’s national debt was scheduled to increase from $5.7 trillion in 2001 to more than $9 trillion this year.</s>
    <s id="14">This year’s deficit will approach a half-trillion dollars; next year’s will be even larger, as the US downturn steepens.</s>
    <s id="15">America needs a big stimulus package.</s>
    <s id="16">But Wall Street’s fiscal conservatives (yes, the same people who brought us this downturn) will now be calling for deficit moderation (reminiscent of Andrew Mellon in the Great Depression.)</s>
  </p>
  <p id="6">
    <s id="17">Now the crisis has spread, predictably, to emerging markets and less developed countries.</s>
    <s id="18">Remarkable as it may seem, America, for all its problems, is still seen as the safest place to put one’s money.</s>
    <s id="19">No surprise, I suppose, because, despite everything, a US government guarantee has more credibility than a guarantee from a third-world country.</s>
  </p>
  <p id="7">
    <s id="20">As America sops up the world’s savings to address its problems, as risk premiums soar, as global income, trade, and commodity prices fall, developing countries will face hard times.</s>
    <s id="21">Some – those with large trade deficits before the crisis hit, those with large national debts that must be rolled over, and those with close trade links to the US – are likely to suffer more than others.</s>
    <s id="22">Those countries that did not fully liberalize their capital and financial markets, such as China, will be thankful that they did not follow the urging of Paulson and the US Treasury to do so.</s>
  </p>
  <p id="8">
    <s id="23">Many are already turning to the International Monetary Fund for help.</s>
    <s id="24">The worry is that, at least in some cases, the IMF will go back to its old failed recipes: fiscal and monetary contraction, which would only increase global inequities.</s>
    <s id="25">While developed countries engage in stabilizing countercyclical policies, developing countries would be forced into destabilizing policies, driving away capital when they need it most.</s>
  </p>
  <p id="9">
    <s id="26">Ten years ago, at the time of Asia’s financial crisis, there was much discussion of the need to reform the global financial architecture.</s>
    <s id="27">Little – too little, it is now evident – was done.</s>
    <s id="28">At the time, many thought that such lofty appeals were a deliberate attempt to forestall real reform: those who had done well under the old system knew that the crisis would pass, and with it, so too would the demand for reform.</s>
    <s id="29">We cannot let that happen again.</s>
  </p>
  <p id="10">
    <s id="30">We may be at a new “Bretton Woods” moment.</s>
    <s id="31">The old institutions have recognized the need for reform, but they have been moving at glacial speed.</s>
    <s id="32">They did nothing to prevent the current crisis; and there is concern about their effectiveness in responding to it now that it has hit.</s>
  </p>
  <p id="11">
    <s id="33">It took the world 15 years and a world war to come together to address the weaknesses in the global financial system that contributed to the Great Depression.</s>
    <s id="34">It is to be hoped that it will not take us that long this time: given the level of global interdependence, the costs would simply be too high.</s>
  </p>
  <p id="12">
    <s id="35">But, whereas the US and Great Britain dominated the old Bretton Woods, today’s global landscape is markedly different.</s>
    <s id="36">Likewise, the old Bretton Woods institutions came to be defined by a set of economic doctrines that has now been shown to fail not only in developing countries, but even in capitalism’s heartland.</s>
    <s id="37">The forthcoming global summit must face these new realities if it is to work effectively toward creating a more stable and a more equitable global financial system.</s>
  </p>
</document>
