<?xml version="1.0" encoding="utf-8"?>
<document>
  <HEADLINE>
    <s id="1">The Ordeal of Pius XII</s>
  </HEADLINE>
  <p id="1">
    <s id="2">ROME – Once again, the reputation of Pope Pius XII is under scrutiny and attack.</s>
    <s id="3">Indeed, so searching are the questions and so inflamed are discussions about the Roman Catholic Church’s pontiff during World War II that the current pope, Benedict XVI, recently announced that he may postpone Pius’s beatification until the Vatican’s archives for the war years are opened and examined.</s>
  </p>
  <p id="2">
    <s id="4">Why is Pius XII so often accused of having been almost an accomplice of Nazi Germany when, during his papacy, the Catholic Church in Rome protected and hid thousands of Jews?</s>
    <s id="5">This is one of the knottiest historical questions of our times.</s>
  </p>
  <p id="3">
    <s id="6">For several years after WWII’s end, Pius XII enjoyed great popularity, even within the Jewish community.</s>
    <s id="7">The tide turned during the 1960’s, with Rolf Hochhuth’s play The Deputy the starting point for feverish questioning of Pius’s reputation.</s>
  </p>
  <p id="4">
    <s id="8">But to understand how Pius’s reputation began to be challenged, we must see Hochhuth’s play within the context of the great social and cultural upheavals of the 1960’s.</s>
    <s id="9">The German left wanted to change the interpretation of German history that was the foundation for the democratic and capitalist West Germany built by Chancellor Konrad Adenauer.</s>
    <s id="10">That interpretation considered the horrors of Hitler’s National Socialism as a consequence of apostasy in Germany.</s>
  </p>
  <p id="5">
    <s id="11">In the 1920’s and 1930’s, Germany’s traditional Christian values and culture had collapsed under the attack of two atheist ideologies: communism and Nazism.</s>
    <s id="12">Both destroyed the Weimar Republic, acting as a kind of evil twins who hated each other, yet shared a common hatred of Christianity and democracy.</s>
  </p>
  <p id="6">
    <s id="13">The new interpretation that came with the radicalized German youth movement of 1968 argued that the Hitler era was not a sharp break with German history, but rather continuous with it.</s>
    <s id="14">The only direction for German culture that did not lead to the spiritual abyss of Nazism – according to this radical new interpretation – was Marxism.</s>
    <s id="15">Not the fossilized Marxism of the German Democratic Republic, of course, but the new “critical” Marxism espoused by figures such as Herbert Marcuse.</s>
  </p>
  <p id="7">
    <s id="16">Given the distortion of reality that lay behind this vision, it is easy to understand how Pius XII came to be considered by its advocates an ally of Hitler.</s>
    <s id="17">Indeed, on the same basis, Adenauer could be (and was) considered a national socialist.</s>
  </p>
  <p id="8">
    <s id="18">True, Pius XII did not condemn Nazism during the war.</s>
    <s id="19">But his predecessor Pope Pius XI had already done that, in the Encyclical Mit Brennender Sorge (“With Burning Concern”).</s>
    <s id="20">Pius XI had also condemned Communism, in the Encyclical Divini Redemptoris .</s>
    <s id="21">So the Church’s teachings about the evils of Nazism were crystal clear to everyone.</s>
  </p>
  <p id="9">
    <s id="22">So why didn’t Pius XII reiterate this condemnation of National Socialism during the war?</s>
    <s id="23">To answer this question, we need to see the situation through the eyes of the man who led the Catholic Church during those years.</s>
    <s id="24">It is a vision very different from ours.</s>
  </p>
  <p id="10">
    <s id="25">To a neutral observer in the 1940’s, the war was mainly a war of Nazism versus Communism.</s>
    <s id="26">Europe was the prize.</s>
    <s id="27">The Western democracies, as most historians now acknowledge, played a comparatively minor role in the great military struggle.</s>
    <s id="28">The Pope believed that he could either condemn both totalitarian powers or condemn neither of them.</s>
    <s id="29">But any condemnation by Pius of Communism would have been exploited by Nazi propaganda as support for Hitler’s war effort.</s>
    <s id="30">And a condemnation of Nazism could have been misinterpreted as an attack not against Nazism, but against Germany in its life-and-death struggle with Stalin’s Communist regime.</s>
  </p>
  <p id="11">
    <s id="31">Very few people in the Vatican – indeed, in Europe at large – had any real knowledge in those days of the vast industrial might of the United States.</s>
    <s id="32">And even those who did know something about American power, doubted that the Americans would accept the dangers and expense of defending Europe against Communism after Nazi Germany was defeated.</s>
    <s id="33">Nobody could imagine that the invention of the atomic bomb would give the US such an extraordinary military advantage that defending Europe would become feasible and acceptable to the American public.</s>
  </p>
  <p id="12">
    <s id="34">Pius XII was a Pope, not a prophet.</s>
    <s id="35">He did not know about all this and could not reasonably have known.</s>
  </p>
  <p id="13">
    <s id="36">So what was the Pope’s vision during the war years?</s>
    <s id="37">A longstanding Germanophile, Pius XII was nonetheless anti-Nazi.</s>
    <s id="38">He hoped that Germany could be separated from Nazism, that Nazism could be destroyed without destroying Germany, thus preserving that great nation as a bulwark against the Soviet Union.</s>
  </p>
  <p id="14">
    <s id="39">This was exactly the vision held by the German patriots who participated in the conspiracy to assassinate Hitler on July 20, 1944.</s>
    <s id="40">Most of them paid with their lives, and are now honored in the West for their courage and principles.</s>
    <s id="41">Yet Pius is ritually condemned.</s>
  </p>
  <p id="15">
    <s id="42">The Germany of Klaus von Stauffenberg, not Hitler, was the Germany that Pius XII loved.</s>
  </p>
  <p id="16">
    <s id="43">Indeed, papal diplomats not only knew about the plot against Hitler, but sought to mediate between the conspirators and the Allied Powers.</s>
  </p>
  <p id="17">
    <s id="44">The hope of breaking Nazi power while preserving Germany from the destiny of utter destruction and bloodshed that awaited it in the last months of the war was a noble one, even if in the end it proved to be unrealistic.</s>
    <s id="45">If Pius sinned with this hope, his was a noble sin.</s>
  </p>
</document>
