<?xml version="1.0" encoding="utf-8"?>
<document>
  <HEADLINE>
    <s id="1">The Price of Media Silence</s>
  </HEADLINE>
  <p id="1">
    <s id="2">SANTIAGO – In 1986, opposition journalist José Carrasco Tapia was dragged from his home in Santiago, Chile, by one of General Augusto Pinochet’s death squads.</s>
    <s id="3">He was shot 13 times in the back of his head and dumped in a cemetery, joining a macabre roll call of Latin American reporters brutalized for daring to speak out during the 1970’s and 1980’s.</s>
  </p>
  <p id="2">
    <s id="4">During that time, kidnapping, torture, and murder had a stranglehold over the Latin American press; stenography was an infinitely safer choice for those reporting the news.</s>
    <s id="5">As Latin America became increasingly democratic in the years since then, more reporters chose to investigate instead of retyping government press releases.</s>
  </p>
  <p id="3">
    <s id="6">Particularly by targeting government corruption, brave journalists made raiding the public till more of a gamble than a birthright – and angered many of the corrupt.</s>
    <s id="7">Today, too many Latin governments, fearful of the media’s ability to expose misdeeds, have altered their tactics but remain determined to limit press freedom.</s>
  </p>
  <p id="4">
    <s id="8">Latin American journalists may face a diminished threat of murder nowadays, but many still confront a gauntlet of challenges designed to control them.</s>
    <s id="9">Behind closed doors, governments wield financial incentives and regulatory powers to mute media criticism and twist editorial content in their favor.</s>
  </p>
  <p id="5">
    <s id="10">Without a critical press, Latin America’s undeniable advances toward real democracy – development of an informed, empowered citizenry and governments respectful of the legitimate boundaries of power – will be endangered, even as formal electoral trappings become more routine.</s>
  </p>
  <p id="6">
    <s id="11">There is an alarming pattern of press manipulation throughout the region, from Honduran authorities cutting off a national radio station’s telephone service to Argentine officials shuttering a printing press.</s>
    <s id="12">To varying degrees, local and national officials in these countries, and in Colombia, Chile, Costa Rica, Peru, and Uruguay are collectively rewriting the authoritarian playbook.</s>
  </p>
  <p id="7">
    <s id="13">Even more widespread than indirect repression is the corrupting pressure of government money.</s>
    <s id="14">Across Latin America, advertising from the public sector is critical for the financial survival of newspapers and broadcast stations, but especially for local outlets.</s>
    <s id="15">In Colombia, the routine is simple: journalists who subsist on income derived from selling advertising space to government agencies call officials in the morning to get their story; later, when they must attempt to sell the same officials advertising, they find out the real cost of independent news coverage.</s>
  </p>
  <p id="8">
    <s id="16">Likewise, in 2004, Costa Rica’s president decreed that his administration stop advertising in the country’s leading daily newspaper, in retaliation for critical coverage.</s>
    <s id="17">In 2006 and 2007, Peru’s housing minister used government advertising contracts to tilt coverage of his ministry and himself in national newspapers.</s>
  </p>
  <p id="9">
    <s id="18">Some governments practice an even more direct method of suborning favorable coverage.</s>
    <s id="19">In Honduras, direct government payments to journalists are common, as are minimal or non-existent salaries for reporters.</s>
    <s id="20">Some officials even require journalists to sign contracts mandating favorable coverage of government activities.</s>
  </p>
  <p id="10">
    <s id="21">Throughout the region, government officials shut out those they regard as troublemakers and manipulate procedures for issuing broadcast licenses to benefit political allies or silence independent voices.</s>
    <s id="22">As a result, self-censorship chills entire newsrooms, and many noncommercial or alternative media are denied access to the airwaves.</s>
  </p>
  <p id="11">
    <s id="23">All but the most courageous remain silent; with the threat of ruin for their paper or station, the risks that reporters run are no longer primarily their own.</s>
    <s id="24">At risk is the emerging diversity of opinion and reporting that has begun to invigorate the region’s traditionally staid and monopolistic media industry.</s>
  </p>
  <p id="12">
    <s id="25">The picture is not all grim, and, ironically, reporting on news manipulation has helped galvanize politicians in some countries to create better and more enforceable rules of the road.</s>
  </p>
  <p id="13">
    <s id="26">Steps like fair, competitive, and transparent public-sector contracting procedures, and civil service, rather than political control over allocation of government advertising funds would go a long way, especially combined with good reporting, to protect the media against officials’ persistent temptation to control what the public may know.</s>
  </p>
  <p id="14">
    <s id="27">Carrasco Tapia died for his vision of critical oppositional journalism.</s>
    <s id="28">It would be a tragedy if those who still want to control the media win by taking their tactics underground, behind closed doors.</s>
    <s id="29">The threat they pose may be less dramatic, but it is no less pernicious.</s>
  </p>
</document>
