<?xml version="1.0" encoding="utf-8"?>
<document>
  <HEADLINE>
    <s id="1">The Morality of Capital Punishment</s>
  </HEADLINE>
  <p id="1">
    <s id="2">The US is often criticized for its refusal to abolish capital punishment.</s>
    <s id="3">Many now claim that abolition of capital punishment is a precondition of a civilized criminal-law system.</s>
    <s id="4">Nobel laureate Gary Becker disagrees.</s>
  </p>
  <p id="2">
    <s id="5">European governments are adamantly opposed to capital punishment – the European Union bans it outright – and some Europeans consider its use in the United States barbaric.</s>
    <s id="6">Indeed, many European intellectuals argue that not just capital punishment, but punishment in general, does not deter criminals.</s>
  </p>
  <p id="3">
    <s id="7">But, whereas Europeans, with crime rates well below American rates for the past half-century, could long afford to be relatively “soft” on most crimes, they have seen their crime rates increase sharply during the past twenty years.</s>
    <s id="8">By contrast, American rates have fallen, in part because of greater use of punishment.</s>
  </p>
  <p id="4">
    <s id="9">This includes capital punishment.</s>
    <s id="10">I support executing some people convicted of murder because – and only because – I believe that it deters other murders.</s>
    <s id="11">If I did not believe that, I would oppose capital punishment, because revenge and other possible motives should not be a basis for public policy.</s>
  </p>
  <p id="5">
    <s id="12">Serious empirical research on capital punishment in the US began with a pioneering study by Isaac Ehrlich, published in 1975 in the American Economic Review.</s>
    <s id="13">Some subsequent studies have sometimes found a much weaker deterrent effect, while others have found a much stronger effect.</s>
    <s id="14">The available data are quite limited, however, so one should not base any conclusions solely on the econometric evidence.</s>
  </p>
  <p id="6">
    <s id="15">Of course, public policy on any punishment cannot wait until the evidence is perfect.</s>
    <s id="16">But, even with the limited quantitative evidence available, there are good reasons to believe that capital punishment deters.</s>
  </p>
  <p id="7">
    <s id="17">Most people, and murderers in particular, fear death, especially when it follows swiftly and with considerable certainty following the commission of a murder.</s>
    <s id="18">As David Hume put it in discussing suicide, “no man ever threw away life, while it was worth living.</s>
    <s id="19">For such is our natural horror of death…” Likewise, Schopenhauer believed that “as soon as the terrors of life reach a point at which they outweigh the terrors of death, a man will put an end to his life.</s>
    <s id="20">But the terrors of death offer considerable resistance…”</s>
  </p>
  <p id="8">
    <s id="21">Opponents of capital punishment frequently proclaim that the state has no moral right to take anyone’s life, including that of the most reprehensible murderer.</s>
    <s id="22">Yet that is absolutely the wrong conclusion for anyone who believes that capital punishment deters.</s>
  </p>
  <p id="9">
    <s id="23">To see why, suppose that for each murderer executed (instead of, say, receiving life imprisonment), the number of murders is reduced by three, which is a much lower number than Ehrlich’s and some other estimates of the deterrent effect.</s>
    <s id="24">This implies that for each murderer not executed, three innocent victims would die.</s>
    <s id="25">In fact, the government would indirectly be “taking” many lives if it did not use capital punishment.</s>
  </p>
  <p id="10">
    <s id="26">Saving three innocent lives for every person executed seems like a very attractive trade-off, and even two lives saved per execution seems like a persuasive benefit-cost ratio for capital punishment.</s>
    <s id="27">Admittedly, however, the argument in favor of capital punishment becomes less clear-cut as the number of lives saved per execution falls.</s>
    <s id="28">But, even if only one life were saved per execution, the tradeoff might still be desirable if the life saved is much better than the life taken, which would usually be the case.</s>
  </p>
  <p id="11">
    <s id="29">Many people object to comparing the quality of the life spared and the life taken.</s>
    <s id="30">Yet I do not see how to avoid such a comparison.</s>
    <s id="31">Consider a career criminal who robs and kills a victim who led a decent life and left several children and a spouse behind.</s>
    <s id="32">Suppose it would be possible to save the life of an innocent victim by executing such a criminal.</s>
    <s id="33">To me it is obvious that saving such a victim’s life must count for more than taking the criminal’s life.</s>
    <s id="34">Obviously, not all cases are so unambiguous, but a comparison of the qualities of individual lives must be part of any reasonable social policy.</s>
  </p>
  <p id="12">
    <s id="35">This helps explain why capital punishment should be used only for murders, and not for lesser crimes.</s>
    <s id="36">When the tradeoff is between taking lives and, say, reducing property theft, the case for milder punishments is far stronger.</s>
    <s id="37">Although severe assaults, including some gruesome rapes, may approach some murders in severity, and might conceivably call for capital punishment, I do not support its use in these cases.</s>
  </p>
  <p id="13">
    <s id="38">A powerful argument for reserving capital punishment for murders is “marginal deterrence.”</s>
    <s id="39">If assault were punished with execution, perpetrators would have an incentive to kill their victims to avoid discovery (which is a major reason why the severity of punishments more generally should be matched to the severity of crimes).</s>
  </p>
  <p id="14">
    <s id="40">One complication is that capital punishment may make a murderer fight harder to avoid being captured, which could lead to more deaths.</s>
    <s id="41">But, while marginal deterrence is important, I believe the resistance of murderers to being captured, possibly at the expense of their own lives, is really indirect evidence that criminals do fear capital punishment.</s>
  </p>
  <p id="15">
    <s id="42">Of course, I worry about the risk of executing the innocent.</s>
    <s id="43">My support for capital punishment would weaken greatly if the rate of killing innocent people were as large as that claimed by many.</s>
    <s id="44">However, I believe that the appeal process in the US offers enormous protection, not so much against wrongful conviction as against wrongful execution, so that there are very few, if any, documented cases of innocent people being killed.</s>
    <s id="45">And this process has been strengthened enormously with the development of DNA identification.</s>
  </p>
  <p id="16">
    <s id="46">Again, the debate about capital punishment is essentially a debate about deterrence (which may be reduced by lengthy appeals).</s>
    <s id="47">I can understand that some people are skeptical about the evidence, although I believe they are wrong about both that and the common sense of the issue.</s>
    <s id="48">It is very disturbing to take someone’s life, even a murderer’s life, but sometimes highly unpleasant actions are necessary to prevent even worse behavior that takes the lives of innocent victims.</s>
  </p>
</document>
