<?xml version="1.0" encoding="utf-8"?>
<document>
  <HEADLINE>
    <s id="1">The Problem With “Illiberal Democracy”</s>
  </HEADLINE>
  <p id="1">
    <s id="2">PRINCETON – Poland’s turn toward authoritarian rule has set off alarm bells across the European Union and within NATO.</s>
    <s id="3">Since coming to power in October, Jarosław Kaczyński’s Law and Justice party (PiS) has attacked the country’s Constitutional Court, politicized the judiciary and the civil service, and launched an assault on media pluralism.</s>
  </p>
  <p id="2">
    <s id="4">Critics of the PiS government, which is led by Prime Minister Beata Szydło (with Kaczyński, ruling from behind the scenes as he holds no official post), have described its actions as a blitz to install “illiberal democracy,” similar to what Hungarian Prime Minister Viktor Orbán has done in his country over the past six years.</s>
    <s id="5">But to call what is being constructed in Poland illiberal democracy is deeply misleading – and in a way that undermines efforts to rein in would-be autocrats like Kaczyński and Orbán.</s>
    <s id="6">After all, it is not just liberalism that is under attack, but democracy itself.</s>
  </p>
  <p id="3">
    <s id="7">The concept of “illiberal democracy,” attributable to a 1997 essay by the American foreign-policy thinker Fareed Zakaria, was an effort to describe regimes that held elections, but did not observe the rule of law and regularly overrode their political systems’ constitutional checks and balances.</s>
    <s id="8">It was an idea born of disillusion.</s>
    <s id="9">In the heady days after the fall of communism, a kind of democratic ecstasy prevailed (at least in the West).</s>
    <s id="10">The “end of history” had been achieved, and elections, representative institutions, and the rule of law would, it seemed, always go neatly together.</s>
  </p>
  <p id="4">
    <s id="11">Soon, however, newly empowered electorates were voting in majorities that used their power to oppress minorities and violate fundamental rights.</s>
    <s id="12">The implication was clear: Democracy on its own was not enough.</s>
    <s id="13">Liberalism – the protection of minorities and individual civil liberties – had to be strengthened.</s>
  </p>
  <p id="5">
    <s id="14">The word “liberalism,” however, does not mean the same thing to all people.</s>
    <s id="15">In many circles, it came to be used to describe unfettered capitalism and full freedom of choice in personal lifestyles.</s>
    <s id="16">And it was the alternative meanings that initially allowed politicians like Orbán and the Turkish leader Recep Tayyip Erdoğan to make the case for a different form of majoritarian democracy.</s>
  </p>
  <p id="6">
    <s id="17">Erdoğan, emphasizing traditional Islamic morality, started to present himself as a “conservative democrat.”</s>
    <s id="18">Orbán, in a controversial speech in 2014, declared his desire to create an “illiberal state.”</s>
    <s id="19">More recently, during the refugee crisis, Orbán announced the end of the era of what he called “liberal blah blah” and predicted that Europe would come around to his “Christian and national” vision of politics.</s>
  </p>
  <p id="7">
    <s id="20">To be sure, the phrase “illiberal democracy” is not necessarily a contradiction in terms.</s>
    <s id="21">Throughout the nineteenth and twentieth century, many European Christian Democrats would have called themselves “illiberal.”</s>
    <s id="22">In fact, they might have been offended if one questioned their staunch anti-liberalism.</s>
  </p>
  <p id="8">
    <s id="23">What this did not mean, however, is that they failed to understand and recognize the importance of minority rights in a functioning democracy (after all, minorities can become the majority in the next election).</s>
    <s id="24">Nor did it mean that they believed unelected institutions like constitutional courts were somehow undemocratic.</s>
    <s id="25">They associated “liberalism” with individualism, materialism and, very often, atheism; but being anti-liberal did not mean rejecting the importance of rights or independent institutions.</s>
  </p>
  <p id="9">
    <s id="26">What governments like those in Poland, Hungary, and Turkey are proposing is something very different.</s>
    <s id="27">It is one thing to criticize materialism, atheism, or even individualism.</s>
    <s id="28">It is something else altogether to attempt to limit freedom of speech and assembly, media pluralism, or the protection of minorities.</s>
    <s id="29">The first is a disagreement about different political philosophies that can justify democracy.</s>
    <s id="30">The second is an attack on democracy’s very foundations.</s>
  </p>
  <p id="10">
    <s id="31">An election, after all, can be undemocratic even if the ruling party refrains from stuffing ballot boxes.</s>
    <s id="32">If opposition parties have been hindered in making their case to the electorate, and journalists do not dare to report on the government’s failures, the ballot boxes have already been stuffed.</s>
    <s id="33">It is no accident that many of the democracies that emerged after the fall of communism established constitutional courts to protect rights and preserve pluralism.</s>
    <s id="34">These institutions ultimately secure and sustain democracy.</s>
  </p>
  <p id="11">
    <s id="35">As long as critics keep using the phrase “illiberal democracy” to describe what is happening in countries like Poland, leaders like Kaczyński will simply say, “Exactly!”</s>
    <s id="36">Far from being received as a criticism, the phrase reinforces such leaders’ image as opponents of liberalism, while allowing them to continue to refer to their actions as “democratic” – which, for all the disappointments over the last quarter-century, is still the most important prerequisite for inclusion in the geopolitical “West.”</s>
  </p>
  <p id="12">
    <s id="37">Furthermore, the expression “illiberal democracy” confirms the narrative that democracy is the domain of national governments – and that it is the European Union that is pushing undemocratic liberalism.</s>
    <s id="38">This allows figures like Kaczyński and Orbán to paint the EU as the agent of rampant capitalism and libertine morality.</s>
  </p>
  <p id="13">
    <s id="39">The fact that Europe’s new authoritarians have come to power through free and fair elections does not lend democratic legitimacy to their efforts to transform entire political systems to their own advantage.</s>
    <s id="40">Instead of describing them as “illiberal” we should be calling them what they really are: “undemocratic.”</s>
  </p>
</document>
