<?xml version="1.0" encoding="utf-8"?>
<document>
  <HEADLINE>
    <s id="1">The Fear Factor</s>
  </HEADLINE>
  <p id="1">
    <s id="2">LOS ANGELES – The debate over fiscal expansion versus consolidation continues to divide the developed world.</s>
    <s id="3">In response to the global recession of 2008, the United Kingdom embarked on an austerity program while the United States enacted an $800 billion fiscal stimulus.</s>
    <s id="4">Despite a softening economy, British Prime Minister David Cameron is promising to stay the austerity course.</s>
    <s id="5">Obama, too, is sticking to his guns with his recent proposal for an additional $450 billion of government expenditure and tax cuts to help boost employment.</s>
  </p>
  <p id="2">
    <s id="6">Unemployment in the US has remained above 9% for 22 of the last 24 months.</s>
    <s id="7">While some are supporting additional stimulus, others are calling for UK-style austerity.</s>
    <s id="8">But would either of these approaches reduce unemployment most effectively, or would a new round of “quantitative easing” (an unconventional form of economic stimulus by which the central bank purchases financial assets) work better?</s>
  </p>
  <p id="3">
    <s id="9">With Nobel prize-winning economists on both sides of the current debate about how to solve the unemployment problem, the public is rightly confused.</s>
    <s id="10">Paul Krugman and Joseph Stiglitz are calling for an even larger fiscal stimulus to target government spending on education and infrastructure investment.</s>
    <s id="11">On the other side, Robert Mundell, Myron Scholes, and Reinhard Selten have called for “draconian measures” to tame debt levels.</s>
  </p>
  <p id="4">
    <s id="12">The American Recovery and Reinvestment Act (ARRA) that Obama passed barely three weeks after his inauguration was disappointing.</s>
    <s id="13">An $800 billion stimulus did not have the effect for which its proponents hoped, largely because it was accompanied by a big increase in private savings.</s>
    <s id="14">Backers of the stimulus plan now claim that things would have been much worse without ARRA.</s>
    <s id="15">I am skeptical.</s>
  </p>
  <p id="5">
    <s id="16">A better approach to reducing unemployment would be a new and expanded round of quantitative easing.</s>
    <s id="17">I am heartened by calls for this in the UK, and that the talk is now turning to the purchase of risky assets, such as corporate bonds or bundles of loans to the private sector, as opposed to long-term government securities.</s>
    <s id="18">This is a step in the right direction that I have been advocating for the past three years.</s>
  </p>
  <p id="6">
    <s id="19">But I would go even further.</s>
    <s id="20">My work provides a new and coherent approach to macroeconomics that explains how a lack of confidence can lead to persistent unemployment.</s>
    <s id="21">It supports the purchase of equities by central banks to reduce asset-price volatility, restore the value of wealth, and prevent a future market crash.</s>
  </p>
  <p id="7">
    <s id="22">When businessmen and women are afraid, they stop investing in real assets.</s>
    <s id="23">Lack of confidence is reflected in low and volatile asset values.</s>
    <s id="24">The environment of fear that arises has little to do with bad government policies, although bad policy may exacerbate the situation.</s>
    <s id="25">Businessmen and women become afraid that stocks, and the values of the machines and factories that back those stocks, may fall further.</s>
    <s id="26">Fear feeds on itself, and the prediction that stocks will lose value becomes self-fulfilling.</s>
  </p>
  <p id="8">
    <s id="27">The 2008 recession was triggered by the collapse of a real-estate bubble.</s>
    <s id="28">Housing wealth in the US has fallen by 34% since its peak in 2006, and is still declining.</s>
    <s id="29">The stock market fell by almost 50% from its 2007 peak and remains down by nearly a third.</s>
    <s id="30">This enormous loss of wealth caused a large and persistent drop in consumption demand, which has led to an increase in unemployment.</s>
    <s id="31">Until we are willing to explore new solutions, the misery experienced by millions of unemployed workers will continue.</s>
  </p>
  <p id="9">
    <s id="32">A quantitative-easing policy in which a central bank buys risky assets can prevent price fluctuations and restore the value of financial wealth.</s>
    <s id="33">These purchases would need Treasury support, since this tactic is in effect a fiscal policy, not a monetary policy.</s>
    <s id="34">And, by involving the Treasury, the purchase of risky assets could be financed by issuing debt, rather than by printing more money, thereby attenuating inflationary fears.</s>
  </p>
  <p id="10">
    <s id="35">The Great Recession did not turn into Great Depression II because of coordinated action by governments around the world.</s>
    <s id="36">Although fiscal expansion may have played a role in this success, central bank intervention was the most important component by far.</s>
    <s id="37">Quantitative easing works by increasing the value of wealth.</s>
    <s id="38">In both the US and the UK, it reduced the real expected return on long-term government bonds, which in turn nurtured a recovery in the stock market.</s>
  </p>
  <p id="11">
    <s id="39">We need not tolerate 9% unemployment as the new normal.</s>
    <s id="40">Confidence is a self-fulfilling prophecy, and we can, and should, manage it by direct intervention in asset markets.</s>
    <s id="41">The way ahead leads through science, not ideology, dogma, or failed theories.</s>
  </p>
</document>
