<?xml version="1.0" encoding="utf-8"?>
<document>
  <HEADLINE>
    <s id="1">The EU’s Small Leaders</s>
  </HEADLINE>
  <p id="1">
    <s id="2">The defeat of the EU’s Constitutional Treaty in referendums in France and the Netherlands has, it seems, given rise to a new consensus that further enlargement of the Union should be slowed down, or even stopped.</s>
    <s id="3">Advocates of this position see EU voters as terrified by the consequences of the May 2004 enlargement of the EU, when eight formerly communist states joined, and angry that they were not consulted about it.</s>
  </p>
  <p id="2">
    <s id="4">One set of fears concerns the labor market – the so-called “Polish plumber” question.</s>
    <s id="5">In this interpretation, wages were eroded and jobs were lost because of the inflow of poorly qualified and cheap central Europeans.</s>
    <s id="6">Particular cases, such as the elimination of German meat processing and packing jobs, or casual workers in France, were widely discussed as evidence of a new threat.</s>
  </p>
  <p id="3">
    <s id="7">But the “Polish plumber” is actually a weak bogeyman.</s>
    <s id="8">First, there had already been a substantial flow of workers before enlargement.</s>
    <s id="9">Poles had worked in some agricultural jobs – in sugar beet and wine harvesting – even during the communist era.</s>
    <s id="10">With the fall of the Iron Curtain in 1989, labor flows, both legal and illegal, became much greater.</s>
  </p>
  <p id="4">
    <s id="11">Second, inflows of new workers bring substantial benefits as well as losses: in France, which suffers a shortage of some 6,000 plumbers, there must be plenty of households that would be pleased to find someone qualified to do repair work.</s>
  </p>
  <p id="5">
    <s id="12">Finally, the enlargements of the 1980’s, when Greece and then Spain and Portugal joined the then European Community, were not very disruptive.</s>
    <s id="13">By themselves, the labor-market implications of poor countries’ accession to the EU simply are not very dislocating.</s>
  </p>
  <p id="6">
    <s id="14">What makes the debate so passionate in 2005 is a new fear that did not exist in the 1980’s: that the new members have a different social model, in which workers’ rights and the welfare state will be eroded.</s>
    <s id="15">It is not so much the Polish plumber as it is the Slovak 19% flat tax that is the challenge to the older West European social model and welfare state.</s>
  </p>
  <p id="7">
    <s id="16">The EU’s large states feel particularly vulnerable, and it is there that the biggest shock to expectations has occurred.</s>
    <s id="17">In the past, France and Germany were the motors of European integration.</s>
    <s id="18">Now they are the countries that feel most threatened, and bookshops in both countries are full of alarmist and sensational accounts of national decline.</s>
  </p>
  <p id="8">
    <s id="19">Germany’s post-1949 Federal Republic was accustomed to being regarded as Europe’s great economic success story, but it never really recovered from the post-unification recession of the early 1990’s, with growth sluggish to non-existent.</s>
    <s id="20">The consensual society that was at the center of the Federal Republic’s Wirtschaftswunder now looks inflexible, throwing up obstacles to change.</s>
  </p>
  <p id="9">
    <s id="21">Germany is surrounded by small states that all seem to be prospering more in today’s geo-political and geo-economic environment.</s>
    <s id="22">These include not only the rapidly growing formerly communist countries to the east, Poland and the Czech Republic, but also Denmark, the Netherlands, Austria, and Switzerland, upon which Germans traditionally looked down.</s>
    <s id="23">Now, as one mordant and widespread slogan puts it, Austria is “the better Germany.”</s>
  </p>
  <p id="10">
    <s id="24">Many French writers also express a vivid feeling of national decline, and many ordinary citizens believe that the rules of the global economy work against French national interests.</s>
  </p>
  <p id="11">
    <s id="25">In short, the large states still have illusions, encouraged by their political elites, about what the state can do to guide economic development.</s>
    <s id="26">By contrast, the small European states – whether in Eastern or Western Europe – have been much more flexible in responding to the challenges of the modern globalized economy.</s>
  </p>
  <p id="12">
    <s id="27">Politics can offer all kinds of goods that voters find very attractive: tax breaks, subsidies, and social benefits.</s>
    <s id="28">But small states are less likely to think that they can create the rules of the game, and accordingly they are more willing and able to make adjustments.</s>
    <s id="29">They are more keenly aware that if they try to redistribute too much, they will simply drive away the factors of production: capital will flow elsewhere, and labor will likewise migrate.</s>
  </p>
  <p id="13">
    <s id="30">The same sort of logic applies to the large states: France and Germany are losing skilled labor at the same time as they are drawing in cheaper labor from Eastern Europe.</s>
    <s id="31">The result is that they are feeling less French or German, creating greater political room, on both the left and the right, for nationalist ressentiment.</s>
  </p>
  <p id="14">
    <s id="32">In the earlier rounds of European integration, from the 1950’s to the 1980’s, the big states received very obvious gains, which their politicians could easily present as such to voters.</s>
    <s id="33">But since 1989 – or since the Maastricht Treaty came into force in 1992 – the political dynamic has changed.</s>
    <s id="34">It is now the EU’s smaller states that gain the most from wider and deeper European integration.</s>
    <s id="35">If the large states are to obtain similar gains, and their politicians are to recover voters’ respect, their governments will have to accept the small-state logic and abandon the Great Power posturing of the past.</s>
  </p>
</document>
