<?xml version="1.0" encoding="utf-8"?>
<document>
  <HEADLINE>
    <s id="1">The Organ Crisis</s>
  </HEADLINE>
  <p id="1">
    <s id="2">LONDON – Organ transplantation is one of the most impressive achievements of modern medicine.</s>
    <s id="3">It has brought hope to millions of patients suffering from previously fatal organ failure.</s>
    <s id="4">For many, it has made life longer and better.</s>
  </p>
  <p id="2">
    <s id="5">It has benefited many professionals and industries, too, by becoming a new source of pride, funding, and profit.</s>
    <s id="6">Struggling to contain costs, health-care payers are also among its beneficiaries.</s>
    <s id="7">Kidney transplantation, for example, has proved to be less costly than dialysis.</s>
  </p>
  <p id="3">
    <s id="8">Yet, since its inception, transplant medicine has been grappling with a rapidly increasing gap between the supply of organs and demand for them.</s>
    <s id="9">For most stakeholders, the often dire consequences gave rise to a whole set of solutions, all based on one general strategy: if we are short of organs, then let us get more of them.</s>
  </p>
  <p id="4">
    <s id="10">This strategy has come with a high price tag, however.</s>
    <s id="11">On the one hand, it has given rise to some exceptionally corrupt practices, such as organ trafficking, transplant tourism, and many other ugly phenomena associated with a black market in organs.</s>
    <s id="12">On the other hand, it has put transplant ethics under severe strain.</s>
  </p>
  <p id="5">
    <s id="13">Indeed, transplant ethics has been on a slippery slope almost since transplants began.</s>
    <s id="14">The strategy of getting more organs has pushed, and continues to push, the ethical line to places that had previously been deemed immoral.</s>
  </p>
  <p id="6">
    <s id="15">To tackle insufficient supply from the dead, we first embraced an increasingly inclusive, and at any rate flexible, definition of death.</s>
    <s id="16">This has often raised suspicions about the motivations of doctors in pronouncing a candidate donor’s death.</s>
  </p>
  <p id="7">
    <s id="17">We then came up with the idea of opt-out consent for deceased organ donation.</s>
    <s id="18">This system, which allows organs to be harvested also from refusers who have failed to express their refusal, has not increased trust in medicine, either.</s>
  </p>
  <p id="8">
    <s id="19">As the organ crisis continued to deepen, we allowed donations from the living.</s>
    <s id="20">This was particularly audacious, for it required us to abandon the supreme Hippocratic principle according to which it is unprofessional to injure a healthy person.</s>
  </p>
  <p id="9">
    <s id="21">In the category of living donations, we first permitted only directed donations by relatives and non-directed donations by non-relatives.</s>
    <s id="22">We assumed that family ties and non-directedness would preclude coercion and commerce.</s>
    <s id="23">However, the mechanisms we used to confirm that assumption were conveniently lax.</s>
    <s id="24">They did not allow certain forms of coercion to interfere with the donor’s consent.</s>
    <s id="25">Nor were they overly fastidious about clandestine commercial ties.</s>
  </p>
  <p id="10">
    <s id="26">By that time, we had already become aware that interests in organ commerce were constantly intensifying, and that those in need of organs or money were increasingly likely to turn to the black market or seek a legal loophole that would allow them to conceal the commercial transaction behind some legitimate gesture.</s>
    <s id="27">Until recently, we have not done much about the black market (the 2008 Declaration of Istanbul marks the beginning of a determined struggle against this market), but we banned altruistic directed donations by living non-relatives out of fear that they would become that legal loophole.</s>
  </p>
  <p id="11">
    <s id="28">This fear did not last long, though.</s>
    <s id="29">The increasing demand for more organs has driven us to legitimize this category as well.</s>
    <s id="30">Indeed, it has helped a lot, but it has not sufficed, either.</s>
  </p>
  <p id="12">
    <s id="31">Currently, we peddle the idea of quasi-non-commercial incentives for organ donations from both the deceased and the living.</s>
    <s id="32">For example, the new Israeli transplant law provides incentives for people to sign a donor card by giving them and their relatives priority on transplant waiting lists.</s>
    <s id="33">This material incentive is in clear breach of the principle that organs should be distributed according to need only.</s>
    <s id="34">Moreover, it is likely to discriminate against people who are either unaware of the donor-card system or tend to refuse to sign the card for reasons associated with religious beliefs or low trust in the medical authorities.</s>
  </p>
  <p id="13">
    <s id="35">The same law indeed forbids commerce in organs, but offers living donors reimbursement of expenses that contains fixed-sum elements.</s>
    <s id="36">Moreover, the Israeli National Transplant and Organ Donation Center now openly encourages providers, insurance companies, and the Donor Card Institution, to pay families who consent to donate the organs of their deceased relative.</s>
    <s id="37">Such arrangements, which should be described as government-sponsored commercialism, are considered unacceptable by all relevant international declarations.</s>
  </p>
  <p id="14">
    <s id="38">If things continue as they have, we will soon become tired of quick-fix remedies.</s>
    <s id="39">Indeed, advocates of the increasingly popular idea of a regulated market in organs claim that it is the ultimate treatment.</s>
    <s id="40">Perhaps it is.</s>
    <s id="41">But let us not even go there!</s>
    <s id="42">For even if we believe that buyers and sellers of organs can in principle enter the transaction on the basis of free choice, none of them has chosen to face the underlying dilemma in the first place.</s>
  </p>
  <p id="15">
    <s id="43">Both are victims: the buyer is a victim of morbidity and declining social solidarity, while the seller is a victim of poverty and other forms of financial distress.</s>
    <s id="44">A regulated market would not challenge these man-made facts.</s>
    <s id="45">Instead, it would reaffirm them more than any previous ethical solution has ever done.</s>
  </p>
  <p id="16">
    <s id="46">Many of the social crises that we currently face are just symptoms.</s>
    <s id="47">Yet the underlying problems must be addressed as well if we are to lead the kind of life that human beings can and deserve to have.</s>
    <s id="48">The organ crisis is no different.</s>
    <s id="49">Instead of medicalizing and ethicalizing it, let us direct our main efforts at draining the swamp.</s>
    <s id="50">Organ transplantation, like mosquito repellent, should be used sparingly, and only when there is no other choice.</s>
  </p>
</document>
