<?xml version="1.0" encoding="utf-8"?>
<document>
  <HEADLINE>
    <s id="1">The Talmud and Greek Debt</s>
  </HEADLINE>
  <p id="1">
    <s id="2">BUENOS AIRES – There are two ways to look at Greece’s majestically unsustainable sovereign-debt mountain.</s>
    <s id="3">There is, first, a pragmatic and short-term perspective, which focuses on ensuring some form of orderly restructuring (possibly for other vulnerable European states as well) without bringing down the eurozone.</s>
    <s id="4">And there is a “moral” perspective, which focuses on the nature of debt and on the long-term economic consequences of failing to honor it.</s>
  </p>
  <p id="2">
    <s id="5">Neither perspective is wrong; on the contrary, the problem is how to reconcile them.</s>
    <s id="6">Indeed, failure to do so appears to explain why the official response to the Greek debt crisis has been so inadequate.</s>
  </p>
  <p id="3">
    <s id="7">In these circumstances, the Talmud, the ancient repository of Jewish legal commentary – and one of the oldest sources of human thought on morality and economic activity – might hold the key.</s>
    <s id="8">An oft-quoted passage provides a fresh, if not exactly new, perspective on Greece’s debt and the best way to address it.</s>
  </p>
  <p id="4">
    <s id="9">The passage concerns sales, divorces, and offerings, and specifies that these acts are legally valid only if a person performs them voluntarily.</s>
    <s id="10">Nevertheless, under certain circumstances, courts may force an individual until he says that he is, indeed, willing.</s>
  </p>
  <p id="5">
    <s id="11">The verse says, literally, “We (the court) force him until he says that he wants to do it willingly.”</s>
    <s id="12">So, “in divorces (if the man refuses to grant it), we exercise force on him until he says ‘I want to do it voluntarily.’”</s>
    <s id="13">Similarly, if a court forces a person to sell his property, the sale is valid because it is considered to have been carried out voluntarily.</s>
  </p>
  <p id="6">
    <s id="14">Understanding this apparent contradiction sheds light on the controversy surrounding the question of private bondholders’ involvement in the Greek rescue package.</s>
    <s id="15">It is argued that, to avoid a default, private creditors should agree to shoulder part of the cost of the bailout.</s>
    <s id="16">But how does one impose a financial loss on bondholders without it being classified by credit-rating agencies as a default?</s>
    <s id="17">The prevailing answer is that one coerces bondholders to accept the deal “voluntarily.”</s>
  </p>
  <p id="7">
    <s id="18">One could dismiss this dispute as being mere rhetoric.</s>
    <s id="19">But, using the Talmudic logic, one can also show that there are mechanisms that can – and should – be used to place pressure on the parties in the interest of obtaining superior voluntary outcomes.</s>
  </p>
  <p id="8">
    <s id="20">There are two preponderant interpretations of the Talmudic passage.</s>
    <s id="21">One argues that coercion can change minds.</s>
    <s id="22">When a court forces an individual until he surrenders and says that he wants to follow orders, his compliant actions are to be considered voluntary, because, ultimately, he has made the conscious decision to agree.</s>
  </p>
  <p id="9">
    <s id="23">While technically correct, this is a ruthless interpretation, since this type of “willing” behavior is bound to leave resentment.</s>
  </p>
  <p id="10">
    <s id="24">A more benign interpretation, based on the collective-action principle, envisages the court as instrumental in attaining a superior welfare equilibrium.</s>
    <s id="25">Individuals know fundamentally what is good for them and for society, but they are often hesitant to act accordingly, owing to fear, embarrassment, or, very often, the belief that their actions will not be worthwhile if others do not follow in their footsteps.</s>
  </p>
  <p id="11">
    <s id="26">The court, according to this view, provides the coordinating mechanism, eliminating free riders and forcing all parties to an outcome that makes everybody better off.</s>
    <s id="27">Thus, individual decisions, though extracted under pressure, become, when assessing the outcome, truly voluntary.</s>
  </p>
  <p id="12">
    <s id="28">Seen in this light, unilateral schemes, such as the original German proposal (forcing maturities on Greek debt to be voluntarily extended for several years) are only voluntary under the ruthless interpretation.</s>
    <s id="29">In initiatives of this sort, agreement is obtained reluctantly and pressure could provoke harsh responses.</s>
    <s id="30">Rating agencies are right in considering them a “selective” default that is bound to result in contagion – and, eventually, in widespread debt restructuring.</s>
  </p>
  <p id="13">
    <s id="31">The alternative is to seek a cooperative resolution, consistent with the benign interpretation of “forced willingness.”</s>
    <s id="32">This can be achieved by adopting some features of the model used in Eastern Europe, known as the “Vienna Initiative.”</s>
  </p>
  <p id="14">
    <s id="33">Some of the current proposal to deal “voluntarily” with the Greek debt goes some way in this direction.</s>
    <s id="34">But the initiative is insufficient, because the three pillars of the Vienna model are basically missing.</s>
  </p>
  <p id="15">
    <s id="35">The first pillar of that model is simultaneous involvement of all parties – the sovereign, bondholders and their governments, the European Central Bank, and international organizations – in designing the scheme from the start.</s>
    <s id="36">The second ingredient is proper incentives to participate, including direct financing from bondholders’ governments, using the resources that today finance the transfer of Greek debt from private to official hands.</s>
    <s id="37">The third component is the exercise of suasion on bondholders to achieve maximum participation, obtain binding pre-commitments, and eliminate free riders.</s>
  </p>
  <p id="16">
    <s id="38">Since this scheme would imply losses for bondholders, substantial official muscle and peer pressure is needed.</s>
    <s id="39">But gaining time for a more orderly resolution, mitigating contagion, and reducing the size of an eventual write-down do indeed add up to a superior outcome.</s>
  </p>
  <p id="17">
    <s id="40">Therefore, under this model – and despite the initial pressure – the behavior of bondholders could be considered truly voluntary.</s>
    <s id="41">And, while rating agencies might still regard a Vienna-type outcome as a default, the Talmudic sages show us why a more thoughtful classification is required.</s>
  </p>
</document>
