<?xml version="1.0" encoding="utf-8"?>
<document>
  <HEADLINE>
    <s id="1">The Structure of Institutional Reforms</s>
  </HEADLINE>
  <p id="1">
    <s id="2">FRANKFURT – Despite abundant talk in Europe nowadays, there is no crisis of the euro.</s>
    <s id="3">Some countries, instead, are dealing with a sovereign-debt crisis and the consequences of inadequate economic reform.</s>
    <s id="4">The challenges are characteristic not only for the euro area.</s>
    <s id="5">Most advanced economies around the globe are facing similar problems.</s>
  </p>
  <p id="2">
    <s id="6">All countries need to draw firm conclusions from the current crisis.</s>
    <s id="7">In the euro area, instead of continuing to deny that monetary union limits national fiscal sovereignty, they must come to terms with economic reality and follow stricter budgetary rules.</s>
  </p>
  <p id="3">
    <s id="8">When the global financial crisis erupted, the euro shielded countries that in comparable circumstances would have been plunged into a deep currency crisis.</s>
    <s id="9">This shield may, perhaps, have worked too well because the more weakly performing countries faced no discipline from financial markets.</s>
  </p>
  <p id="4">
    <s id="10">Indeed, despite massive imbalances and huge disparities in the level of private and public debt across the euro area, interest-rate spreads on government bonds disappeared in the run-up to the crisis.</s>
    <s id="11">Market participants – including ratings agencies – either flagrantly misapprehended risk or never took the Maastricht Treaty’s no-bailout clause seriously.</s>
  </p>
  <p id="5">
    <s id="12">Meanwhile, the institutional mechanisms implemented for coordination of economic and fiscal policies remained idle.</s>
    <s id="13">On the fiscal side, the rules of the Stability and Growth Pact were even weakened, and the decisions on adjustment measures and possible sanctions became dependent on short-sighted political considerations.</s>
  </p>
  <p id="6">
    <s id="14">As long as Europe’s potential sinners continue to judge its de facto sinners, peer pressure will not work.</s>
    <s id="15">Indeed, deficit-reduction programs were all too often founded on overly optimistic growth assumptions, and in times of robust economic growth, debt reduction was neglected.</s>
    <s id="16">Reliable statistics were not available in all countries, and for years there was no political will to protect public budgets from the impact of rapidly aging populations on pension and health-care costs.</s>
  </p>
  <p id="7">
    <s id="17">All of these failures became fully manifest in 2005, when European governments watered down the Stability and Growth Pact’s rules to a degree that effectively made them optional.</s>
    <s id="18">The European Central Bank was critical of that decision, whose dramatic consequences have exceeded our greatest fears.</s>
  </p>
  <p id="8">
    <s id="19">The financial crisis hit fragile public budgets with full force.</s>
    <s id="20">The effect of automatic stabilizers in the economic downturn, state support for banks, and the fiscal stimulus packages adopted by governments all undermine fiscal sustainability.</s>
  </p>
  <p id="9">
    <s id="21">Financial markets’ sudden reappraisal of sovereign risk has now put euro-area governments under considerable pressure to reduce their deficits.</s>
    <s id="22">But there is a risk that fiscal consolidation will wane as soon as a degree of deficit reduction has calmed the markets.</s>
    <s id="23">To minimize that risk, euro-area countries must fundamentally re-work and strengthen the institutional architecture for coordinating long overdue structural reforms and for safeguarding public finances.</s>
  </p>
  <p id="10">
    <s id="24">These efforts will require far-reaching reforms.</s>
    <s id="25">What is required is de-politicized fiscal and macroeconomic surveillance, stricter and more binding budgetary rules, smoother recourse to sanctions for breaching them, and close co-ordination of economic policies.</s>
    <s id="26">De-politicization of surveillance is best achieved by creating an independent body, whether formal or informal, while stricter and more binding rules must include a stronger link between deficit and debt criteria.</s>
  </p>
  <p id="11">
    <s id="27">Indeed, reducing the current high debt levels in the euro area will require substantial consolidation.</s>
    <s id="28">First, governments should bring fiscal deficits down to below 3% of GDP, in line with what has been agreed by the European Council.</s>
    <s id="29">Second, to set high debt ratios on a diminishing path, governments will have to aim at reducing deficits further in line with their medium-term budgetary objectives.</s>
  </p>
  <p id="12">
    <s id="30">Sanctions, to be credible, must come into play long before a country falls into economic difficulties; therefore, they should not be purely financial in character, but should include other measures as well.</s>
    <s id="31">Such sanctions should begin to be imposed when governments fail to meet minimum requirements for attaining medium-term objectives.</s>
    <s id="32">They should then become incrementally more severe the longer and the more seriously the rules are breached.</s>
  </p>
  <p id="13">
    <s id="33">Where structural policy is concerned, we need a better architecture for overseeing and safeguarding individual countries’ competitiveness, and for eliminating imbalances.</s>
    <s id="34">This calls for competitiveness to be monitored, and made subject to surveillance.</s>
  </p>
  <p id="14">
    <s id="35">Countries should be assigned to a risk group in line with their economic vulnerability.</s>
    <s id="36">The higher the risk, the more binding the recommendations for the reduction of imbalances, the stricter the surveillance of how well appropriate measures are implemented, and the harsher the possible sanctions for continued rule violations.</s>
  </p>
  <p id="15">
    <s id="37">Some have proposed establishing a new institution for crisis management, which would most likely require a treaty change.</s>
    <s id="38">But, if the reforms in the realm of fiscal policy and coordination of economic policy are successful, such an institution would never need to act, and would thus be redundant.</s>
  </p>
  <p id="16">
    <s id="39">Structural reforms and fiscal consolidation are, incidentally, tasks not only for countries with a current-account deficit.</s>
    <s id="40">Of course, the pressure on these countries to act is particularly high, but there is no country in the euro area whose budgetary situation can be described as enduringly sound.</s>
    <s id="41">Surplus countries, too, must adopt measures to strengthen the domestic economy by creating incentives for investment and employment.</s>
  </p>
  <p id="17">
    <s id="42">These adjustment measures are painful but necessary.</s>
    <s id="43">Without structural reforms to strengthen employment and growth, even the most earnest efforts to foster recovery will come to nothing both economically and politically.</s>
  </p>
</document>
