<?xml version="1.0" encoding="utf-8"?>
<document>
  <HEADLINE>
    <s id="1">The Unknown Promise of Internet Freedom</s>
  </HEADLINE>
  <p id="1">
    <s id="2">MELBOURNE – Google has withdrawn from China, arguing that it is no longer willing to design its search engine to block information that the Chinese government does not wish its citizens to have.</s>
    <s id="3">In liberal democracies around the world, this decision has generally been greeted with enthusiasm.</s>
  </p>
  <p id="2">
    <s id="4">But in one of those liberal democracies, Australia, the government recently said that it would legislate to block access to some Web sites.</s>
    <s id="5">The prohibited material includes child pornography, bestiality, incest, graphic “high impact” images of violence, anything promoting or providing instruction on crime or violence, detailed descriptions of the use of proscribed drugs, and how-to information on suicide by Web sites supporting the right to die for the terminally or incurably ill.</s>
  </p>
  <p id="3">
    <s id="6">A readers’ poll in the Sydney Morning Herald showed 96% opposed to those proposed measures, and only 2% in support.</s>
    <s id="7">More readers voted in this poll than in any previous poll shown on the newspaper’s Web site, and the result is the most one-sided.</s>
  </p>
  <p id="4">
    <s id="8">The Internet, like the steam engine, is a technological breakthrough that changed the world.</s>
    <s id="9">Today, if you have an Internet connection, you have at your fingertips an amount of information previously available only to those with access to the world’s greatest libraries – indeed, in most respects what is available through the Internet dwarfs those libraries, and it is incomparably easier to find what you need.</s>
  </p>
  <p id="5">
    <s id="10">Remarkably, this came about with no central planning, no governing body, and no overall control, other than a system for allocating the names of Web sites and their addresses.</s>
    <s id="11">That something so significant could spring up independently of governments and big business led many to believe that the Internet can bring the world a new type of freedom.</s>
    <s id="12">It is as if an inherently decentralized and individualist technology had realized an anarchist vision that would have seemed utterly utopian if dreamed up by Peter Kropotkin in the nineteenth century.</s>
    <s id="13">That may be why so many people believe so strongly that the Internet should be left completely unfettered.</s>
  </p>
  <p id="6">
    <s id="14">Perhaps because Google has been all about making information more widely available, its collaboration with China’s official Internet censors has been seen as a deep betrayal.</s>
    <s id="15">The hope of Internet anarchists was that repressive governments would have only two options: accept the Internet with its limitless possibilities of spreading information, or restrict Internet access to the ruling elite and turn your back on the twenty-first century, as North Korea has done.</s>
  </p>
  <p id="7">
    <s id="16">Reality is more complex.</s>
    <s id="17">The Chinese government was never going to cave in to Google’s demand that it abandon Internet censorship.</s>
    <s id="18">The authorities will no doubt find ways of replacing the services that Google provided – at some cost, and maybe with some loss of efficiency, but the Internet will remain fettered in China.</s>
  </p>
  <p id="8">
    <s id="19">Nevertheless, the more important point is that Google is no longer lending its imprimatur to political censorship.</s>
    <s id="20">Predictably, some accuse Google of seeking to impose its own values on a foreign culture.</s>
    <s id="21">Nonsense.</s>
    <s id="22">Google is entitled to choose how and with whom it does business.</s>
    <s id="23">One could just as easily assert that during the period in which Google filtered its results in China, China was imposing its values on Google.</s>
  </p>
  <p id="9">
    <s id="24">Google’s withdrawal is a decision in accordance with its own values.</s>
    <s id="25">In my view, those values are more defensible than the values that lead to political censorship – and who knows how many Chinese would endorse the value of open access to information, too, if they had the chance?</s>
  </p>
  <p id="10">
    <s id="26">Even with censorship, the Internet is a force for change.</s>
    <s id="27">Last month, when the governor of China’s Hubei province threatened a journalist and grabbed her recorder after she asked a question about a local scandal, journalists, lawyers, and academics used the Internet to object.</s>
    <s id="28">A Web report critical of the governor’s behavior stayed up for 18 hours before censors ordered it taken down.</s>
    <s id="29">By then, however, the news was already widely dispersed.</s>
  </p>
  <p id="11">
    <s id="30">Likewise, in Cuba, Yoani Sánchez’s blog Generation Yhas broken barriers that conventional media could not.</s>
    <s id="31">Although the Cuban government has blocked access to the Web site on which the blog is posted, it is available around the world in many languages, and distributed within Cuba on compact disks and flash drives.</s>
  </p>
  <p id="12">
    <s id="32">The new freedom of expression brought by the Internet goes far beyond politics.</s>
    <s id="33">People relate to each other in new ways, posing questions about how we should respond to people when all that we know about them is what we have learned through a medium that permits all kinds of anonymity and deception.</s>
    <s id="34">We discover new things about what people want to do and how they want to connect to each other.</s>
  </p>
  <p id="13">
    <s id="35">Do you live in an isolated village and have unusual hobbies, special interests, or sexual preferences?</s>
    <s id="36">You will find someone online with whom to share them.</s>
    <s id="37">Can’t get to a doctor?</s>
    <s id="38">You can check your symptoms online – but can you be sure that the medical Web site you are using is reliable?</s>
  </p>
  <p id="14">
    <s id="39">Technology can be used for good or for bad, and it is too soon to reach a verdict on the Internet.</s>
    <s id="40">(In the eighteenth century, who could have foreseen that the development of the steam engine would have an impact on earth’s climate?)</s>
    <s id="41">Even if it does not fulfill the anarchist dream of ending repressive government, we are still only beginning to grasp the extent of what it will do to the way we live.</s>
  </p>
</document>
