<?xml version="1.0" encoding="utf-8"?>
<document>
  <HEADLINE>
    <s id="1">The Coming Ice Age in Energy Security</s>
  </HEADLINE>
  <p id="1">
    <s id="2">Worldwide dependence on fossil fuels costs far more than the price of a barrel of crude oil.</s>
    <s id="3">The current Middle East crisis, the gradual transformation of Central Asia into a military outpost of the West, and weak regimes in other key producers, such as Russia and Venezuela, are sobering reminders of the fragility of global energy security.</s>
  </p>
  <p id="2">
    <s id="4">With the world economy remaining dependent on fossil fuels well into this century, energy vulnerability will only increase in the foreseeable future.</s>
    <s id="5">Conservation can moderate, but not reverse, rising consumption in the industrialized countries and the developing world.</s>
    <s id="6">Renewable energy sources are promising, but they will not soon replace fossil fuels.</s>
  </p>
  <p id="3">
    <s id="7">Yet there is hope for an abundant, clean energy source that would boost global security by placing production closer to consumers.</s>
    <s id="8">Surprisingly, the energy source is a kind of ice.</s>
    <s id="9">When natural gas seeps up from within the earth and combines with water at and below the seafloor under certain conditions of low temperature and high pressure, the result is gas hydrate-a substance that most people have never heard of, but that is common geologically.</s>
    <s id="10">Once the gas is liberated from the frozen water, it can be collected in wells and put into pipelines, just like ordinary natural gas.</s>
  </p>
  <p id="4">
    <s id="11">Gas extracted from hydrate reserves is exactly the same as the natural gas in use currently.</s>
    <s id="12">Natural gas is increasingly today's fossil fuel of choice, currently accounting for more than 20% of the world's primary energy consumption.</s>
    <s id="13">This is mainly because it burns cleaner than coal or oil.</s>
    <s id="14">The only byproducts of gas combustion are carbon dioxide, water, and small amounts of nitrogen oxides.</s>
    <s id="15">While carbon dioxide is a greenhouse gas, natural gas produces less of it than other fossil fuels.</s>
  </p>
  <p id="5">
    <s id="16">With our current technology, the amount of recoverable natural gas worldwide-called "conventional gas" in industry parlance-represents about a 60-year supply at today's prices and rate of consumption.</s>
    <s id="17">Running out of gas may seem like a distant prospect, but the risk of a security breakdown that jeopardizes supplies haunts us always.</s>
    <s id="18">Only 6% of conventional reserves are in North America-roughly a ten-year supply for that continent.</s>
    <s id="19">Europe imports much of its gas from Russia, and Japan's resources are minuscule; it imports liquefied natural gas from Indonesia and the Middle East.</s>
    <s id="20">India is also energy-poor relative to its population and economy.</s>
  </p>
  <p id="6">
    <s id="21">Although these reserve estimates are based today's known deposits, we should not pin our hopes on vast undiscovered supplies.</s>
    <s id="22">There is a well-established method for estimating reserves yet to be found, and whether one examines currently proven reserves or future projections, one fact stands out: conventional gas supplies are distributed unevenly around the world-and in places far from most consumers.</s>
    <s id="23">Russia accounts for one-third of total reserves; the Persian Gulf states control a similar amount.</s>
    <s id="24">Conventional gas production will increasingly be concentrated in these two regions over the coming decades.</s>
  </p>
  <p id="7">
    <s id="25">2</s>
  </p>
  <p id="8">
    <s id="26">Gas hydrate, however, is abundant in offshore areas near many major consuming nations-indeed, generally within their exclusive economic zones.</s>
    <s id="27">The US is estimated to have a thousand-year supply at its present rate of gas consumption.</s>
    <s id="28">Japan is also well endowed, with a large potential resource just 50 kilometers south of Hamamatsu.</s>
    <s id="29">There are indications of significant gas hydrate deposits near India's eastern coast, between Madras and Calcutta.</s>
  </p>
  <p id="9">
    <s id="30">Unfortunately, major hurdles must be overcome.</s>
    <s id="31">To liberate the gas, the frozen water has to be melted.</s>
    <s id="32">This can be done in one of three ways: increase the temperature, lower the pressure, or introduce chemicals (like antifreeze for a car).</s>
    <s id="33">But the optimal method is not yet known.</s>
  </p>
  <p id="10">
    <s id="34">More importantly, in some places, hydrate fields are vast but dilute, and extraction would be similar to mining a very low-grade ore-not worth the trouble and expense.</s>
    <s id="35">For example, one hydrate-bearing geological formation, Blake Ridge, lies 300 kilometers from Charleston, South Carolina, in the US.</s>
    <s id="36">Blake Ridge alone contains six times more natural gas than all American conventional reserves combined.</s>
    <s id="37">But this huge resource is spread out over 26,000 square kilometers and lies under 1,000 meters of water.</s>
    <s id="38">The investment required to tap it would be enormous and could never be recovered.</s>
  </p>
  <p id="11">
    <s id="39">But not all gas hydrate reserves are alike.</s>
    <s id="40">A more promising one lies beneath the permafrost of Prudhoe Bay, the big oil-producing region on the arctic coast of Alaska.</s>
    <s id="41">This deposit is smaller than Blake Ridge, but it is more concentrated and closer to the surface.</s>
    <s id="42">While operations in the arctic are always challenging, existing infrastructure makes the Prudhoe Bay prospect a reasonably accessible one.</s>
  </p>
  <p id="12">
    <s id="43">A reliable assessment of global hydrate reserves and extraction costs would be a very wise investment.</s>
    <s id="44">Even if gas hydrate will never be economically competitive with conventional gas, it may have value as a strategic energy reserve.</s>
    <s id="45">Many countries subsidize domestic food production to guarantee emergency supplies.</s>
    <s id="46">A domestic hydrate-production capability would serve a similar purpose, while perhaps promising a new era of global energy security.</s>
  </p>
</document>
