<?xml version="1.0" encoding="utf-8"?>
<document>
  <HEADLINE>
    <s id="1">The Hamas Earthquake</s>
  </HEADLINE>
  <p id="1">
    <s id="2">Hamas’s crushing defeat of Fatah in this week’s elections brings the Palestinian people to a crossroads.</s>
    <s id="3">An Islamist political party that previously abstained from national politics and rejects Fatah’s policy of negotiations with Israel, is now in charge in Palestine.</s>
  </p>
  <p id="2">
    <s id="4">Hamas won 76 of 132 seats in the Palestinian Legislative Council, and can count on support from four independent deputies.</s>
    <s id="5">Overall, that’s 60% of the seats in Parliament, won in nearly every district in the West Bank and Gaza.</s>
    <s id="6">Hamas entered electoral politics only recently, but its massive victory was preceded by wide success in municipal elections.</s>
    <s id="7">Hamas’s political moment has come.</s>
  </p>
  <p id="3">
    <s id="8">Under Palestinian law, Mahmoud Abbas, the Palestinian president, must now ask Hamas to form a new government.</s>
    <s id="9">For their part, Fatah officials seem unwilling to join a Hamas-led government.</s>
    <s id="10">Although Hamas has said that it would seek such a coalition, Fatah’s humiliating defeat has left it with little credibility as a governing partner.</s>
  </p>
  <p id="4">
    <s id="11">So far, Fatah’s senior leaders have declared that they will be a loyal opposition in Parliament, leaving governmental responsibility to Hamas.</s>
    <s id="12">Instead, they will have to focus on rebuilding and reenergizing Fatah.</s>
  </p>
  <p id="5">
    <s id="13">Hamas is well aware of the shock that its victory has produced.</s>
    <s id="14">If Fatah refuses to join a coalition, Hamas may opt for a government of independents and technocrats.</s>
    <s id="15">It is unlikely that Hamas will form a government composed of hardliners.</s>
    <s id="16">The political, security, and economic circumstances of the Palestinians require a government focused on solving problems, not ideological purity.</s>
  </p>
  <p id="6">
    <s id="17">The most urgent challenge facing the new government is rampant lawlessness and anarchy throughout Palestinian society.</s>
    <s id="18">Murder, kidnapping, and extortion have reached record heights.</s>
    <s id="19">Armed individuals resort to kidnapping to get jobs, free family members from prison, and exact revenge.</s>
  </p>
  <p id="7">
    <s id="20">Often, the people involved in these crimes belong to local gangs or even to the militias of large clans.</s>
    <s id="21">In opposition, Hamas adamantly refused to collect illegal weapons.</s>
    <s id="22">Now, it will have to deal with a Palestinian society that is armed to the teeth, with poverty rates reaching 70% and unemployment at 35% .</s>
  </p>
  <p id="8">
    <s id="23">Having benefited from overwhelming political rejection of Fatah, Hamas will now be judged by how it uses its new authority.</s>
    <s id="24">For the first time, a political clock is ticking for Hamas.</s>
    <s id="25">Senior Hamas officials are well aware of the challenge, and have promised a complete overhaul of Palestinian public services and administration.</s>
    <s id="26">More than anything else, Hamas’s success in the coming months will be measured by its response to these issues.</s>
  </p>
  <p id="9">
    <s id="27">Will Hamas be able to root out corruption and incompetence, and deliver services fairly and efficiently?</s>
    <s id="28">How will its election affect Palestine’s foreign aid inflows, which form major component of the national budget?</s>
  </p>
  <p id="10">
    <s id="29">Initial international reaction to the Hamas victory has been severe.</s>
    <s id="30">The Bush administration has declared that it will not deal with a Hamas government, because Hamas remains committed to Israel’s destruction.</s>
    <s id="31">This, indeed, is the language of Hamas’s 1988 covenant.</s>
  </p>
  <p id="11">
    <s id="32">Interestingly, however, Hamas’s election platform combined different approaches to the issue of a Palestinian state.</s>
    <s id="33">On the one hand, Hamas agreed for the first time to the establishment of a Palestinian state in the West Bank and Gaza, with East Jerusalem as its capital.</s>
    <s id="34">On the other hand, the platform repeats Hamas’s refusal to relinquish even an inch of historic Palestine.</s>
  </p>
  <p id="12">
    <s id="35">Whether Hamas can actually be transformed into a more moderate organization is impossible to say right now.</s>
    <s id="36">But it is clear that Hamas is now vulnerable to public opinion and, as a governing authority, will have to deal with the international response to its victory.</s>
  </p>
  <p id="13">
    <s id="37">Immediately after the election, a senior Hamas official, Mahmoud al-Zahar, said that Hamas would maintain the cease-fire with Israel begun last February, if Israel did the same.</s>
    <s id="38">Hamas may be signaling that it will not provoke Israel.</s>
    <s id="39">Perhaps its governing responsibilities will push Hamas toward ongoing discussions with the United States and the international community.</s>
  </p>
  <p id="14">
    <s id="40">In any case, despite the election results, and even without Fatah in government, Abbas remains in charge of negotiations with Israel.</s>
    <s id="41">He has quickly called for a revival of peace talks, although Israel, like the US, has refused to deal with Hamas.</s>
  </p>
  <p id="15">
    <s id="42">Palestinians have entered uncharted waters.</s>
    <s id="43">They turned out in droves to vote in an election that former US President Jimmy Carter described as honest, fair and unmarked by violence.</s>
    <s id="44">They elected a party which called for “reform and change” in response to a decade of violence and lawlessness.</s>
    <s id="45">And Palestinians accepted Hamas’s view that negotiations based on the Oslo Accords could not achieve Palestinian rights and political ambitions.</s>
  </p>
  <p id="16">
    <s id="46">Victory achieved, Hamas will take on the responsibility for the Palestinian side in the Israeli-Palestinian conflict.</s>
    <s id="47">With the Palestinians’ future at stake – not to mention the future of Israel and the Middle East – no one can say if Hamas is up to the task.</s>
  </p>
</document>
