<?xml version="1.0" encoding="utf-8"?>
<document>
  <HEADLINE>
    <s id="1">The Twilight of Pervez Musharraf</s>
  </HEADLINE>
  <p id="1">
    <s id="2">It is said that political power in Pakistan flows from the three A’s: Allah, the Army, and support from America.</s>
    <s id="3">Of the three, it is the army leadership that has the clearest means of ridding the country of Pakistan’s president in uniform, Pervez Musharraf.</s>
    <s id="4">And that’s the main reason any power-sharing deal with former Prime Minister Benazir Bhutto is unlikely to end Pakistan’s political turmoil.</s>
  </p>
  <p id="2">
    <s id="5">Musharraf hoped to extend his presidency this fall without caving in to opposition demands that he renounce his military position and restore a civilian rival to the post of prime minister.</s>
    <s id="6">But few international leaders face such a wide range of sworn domestic enemies.</s>
  </p>
  <p id="3">
    <s id="7">Since seizing power following a 1999 coup, Musharraf has survived at least three serious assassination attempts.</s>
    <s id="8">His anti-terrorist partnership with the United States fatally undermined his political alliance with Pakistan’s religious conservatives even before his government stormed Islamabad’s Red Mosque in July, killing more than 100 people.</s>
    <s id="9">The threat of terrorist attacks inside the country will continue to rise.</s>
  </p>
  <p id="4">
    <s id="10">Musharraf also has plenty of secular enemies.</s>
    <s id="11">Their anger, inflamed in March when he tried unsuccessfully to sack the Supreme Court’s independent-minded chief justice, rages on.</s>
    <s id="12">The court recently ruled that Nawaz Sharif, who Musharraf unseated eight years ago, must be allowed to return from exile.</s>
  </p>
  <p id="5">
    <s id="13">Sharif is planning a grand entrance.</s>
    <s id="14">His “decisive struggle against dictatorship” – and determined opposition to any deal with Bhutto that excludes him – will intensify.</s>
    <s id="15">Musharraf is warning him to remain in London.</s>
  </p>
  <p id="6">
    <s id="16">America isn’t happy with Musharraf, either.</s>
    <s id="17">Some in Washington charge that he has done too little to roust al-Qaeda and Taliban fighters from safe havens along the country’s border with Afghanistan.</s>
    <s id="18">His recent flirtation with a plan to bypass Bhutto and declare emergency rule provoked pointed Bush administration criticism.</s>
  </p>
  <p id="7">
    <s id="19">But it’s the army that is most likely to eventually decide the fate of his presidency.</s>
    <s id="20">Musharraf’s rule has given the military leadership a strong role in policymaking, but his eight years in office have badly damaged domestic support for the army’s influence within the government.</s>
    <s id="21">His unpopularity has become their unpopularity.</s>
  </p>
  <p id="8">
    <s id="22">Aware of a potential threat from within their ranks, Musharraf has populated his inner circle with relatively junior (and reliably loyal) officers.</s>
    <s id="23">But a deal that makes Bhutto prime minister would undermine the military’s influence – and eventually its support for Musharraf’s presidency.</s>
    <s id="24">As prime minister, she could eventually revisit her deal with Musharraf from a position of strength.</s>
    <s id="25">Military leaders know this, and the threat that they will eventually push him aside will plague his presidency well into next year.</s>
  </p>
  <p id="9">
    <s id="26">The army is unlikely to move on Musharraf directly unless subtler methods fail.</s>
    <s id="27">The generals know that another coup would further weaken the military’s popular standing – as well as Pakistan’s relations with the US – at a moment when Bhutto and Sharif have raised expectations at home and abroad for a permanent return to civilian rule.</s>
  </p>
  <p id="10">
    <s id="28">But if Musharraf were to refuse to go quietly, the generals could promise him a long list of public corruption charges that he must survive without their protection.</s>
    <s id="29">Musharraf’s presidency won’t survive long without military backing.</s>
  </p>
  <p id="11">
    <s id="30">To preserve the appearance that their meddling is benign, senior military officers probably know that they cannot afford to install another general as president.</s>
    <s id="31">Instead, they will most likely support cosmetic political reforms, including a new law that formally separates the roles of army commander and head of state.</s>
  </p>
  <p id="12">
    <s id="32">That is the strategy the military adopted in 1988, following the mysterious plane crash that killed former President (and General) Mohammed Zia ul-Haq.</s>
    <s id="33">The army leadership ordered elections, permitted the formation of a civilian government, and then stage-managed the political process from the wings.</s>
  </p>
  <p id="13">
    <s id="34">Bhutto, the leader of a secular party that now enjoys substantial support in Washington, would dominate policy planning in the next government at Musharraf’s expense.</s>
    <s id="35">She must build on her domestic support, but she can rely on economic and security cooperation with America to safeguard the country’s stability.</s>
  </p>
  <p id="14">
    <s id="36">In addition, the military’s role as guarantor of stability, and its tight control of Pakistan’s nuclear arsenal, the army’s crown jewels, will continue.</s>
    <s id="37">The Bush administration can therefore enthusiastically back a return to civilian rule and claim a much-needed victory for democracy in a Muslim country.</s>
  </p>
  <p id="15">
    <s id="38">But Bhutto would inherit Musharraf’s domestic enemies.</s>
    <s id="39">Sharif would fulminate against her every misstep, threats of attack from religious radicals would continue, and the military would safeguard its interests from just off stage.</s>
    <s id="40">Adding to the pressure, America would expect the kind of cooperation in pacifying Pakistan’s tribal areas that Musharraf has proven unable to provide.</s>
  </p>
  <p id="16">
    <s id="41">The military will, under any scenario, continue to quell fears of complete political chaos.</s>
    <s id="42">But it would also likely ensure that a Musharraf-Bhutto deal does not fully close a tumultuous chapter in Pakistan’s history.</s>
  </p>
</document>
