<?xml version="1.0" encoding="utf-8"?>
<document>
  <HEADLINE>
    <s id="1">The Internet and the Economic Boom in the United States</s>
  </HEADLINE>
  <p id="1">
    <s id="2">CAMBRIDGE: The Internet now pervades every area of business life; the jump in business activity over the Internet astounds.</s>
    <s id="3">An important new report by the U.S. Commerce Department, "The Emerging Digital Economy", suggests that the Internet is reshaping not only American business, but the world economy.</s>
  </p>
  <p id="2">
    <s id="4">In 1994, three million people, mostly Americans, used the Internet.</s>
    <s id="5">In 1998, 100 million people over the world are connected.</s>
    <s id="6">As recently as January 1995, there were around 27,000 business addresses on the Internet.</s>
    <s id="7">By mid-1997, the number jumped to 764,000!</s>
    <s id="8">A 1997 study suggests that around 10 million users in Canada and the U.S. used the Internet to make a retail purchase, up from 7.4 million six months earlier.</s>
    <s id="9">As a share of total U.S. economic activity, "Information Technology" grew from 6.1% in 1990 to 8.2% in 1998, employing 7.4 million workers (or 6.2% of total employment).</s>
    <s id="10">Investments in information technology (computers, software, and communications equipment) now account for 45% of total US investment.</s>
  </p>
  <p id="3">
    <s id="11">The internet is now used for not only for retail sales, financial transactions (from banking to insurance to stock market purchases), inventory management, airline ticketing, online newspaper and magazine delivery, and management of transport logistics.</s>
  </p>
  <p id="4">
    <s id="12">A few years ago, for example, chip-maker National Semiconductor managed a complicated delivery system linking its three factories and three subcontractors in Asia to its global network of customers.</s>
    <s id="13">It decided to out-source this operation to Federal Express, which uses a sophisticated on-line system for managing global deliveries and sales.</s>
    <s id="14">As a result, National Semiconductor saw its delivery cycle to customers cut from four weeks to one week, and distribution costs cut from 2.9% of sales to 1.2% of sales.</s>
  </p>
  <p id="5">
    <s id="15">Several steps are needed to support a massive increase in the use of the Internet in these other locations:</s>
  </p>
  <p id="6">
    <s id="16">* Liberalization of telecommunications, including entry of new private service providers, is crucial to reducing costs and spreading benefits.</s>
    <s id="17">Countries that maintain state monopolies in telecommunications services are likely to fall further behind.</s>
    <s id="18">Intense competition by telephone companies, satellite companies, cable tv companies, and others improve technology and cut costs.</s>
  </p>
  <p id="7">
    <s id="19">* Governments must avoid self-destructive taxes, as many now lazily live off of the profits of their telecoms sector.</s>
  </p>
  <p id="8">
    <s id="20">* Reliable standards for data encryption and protection of intellectual property rights, so that both customers and suppliers will have the confidence to do business electronically, must also come from governments.</s>
    <s id="21">Without proper protections, suppliers will not send technical specifications of products over the Internet, and customers will be unable to complete Internet deals.</s>
  </p>
  <p id="9">
    <s id="22">* Finally, the international community will need a new agreed legal standard for business contracts concluded over through electronic commerce.</s>
    <s id="23">The UN Commission on International Trade Law is completing some such work, but needs the active support of leading governments to put such legislation into operation.</s>
  </p>
</document>
