<?xml version="1.0" encoding="utf-8"?>
<document>
  <HEADLINE>
    <s id="1">The Commonwealth’s Missed Opportunity</s>
  </HEADLINE>
  <p id="1">
    <s id="2">MELBOURNE – Last weekend, representatives of 54 countries, mostly heads of government, attended the bi-annual Commonwealth Meeting.</s>
    <s id="3">High on the agenda was a report by the Eminent Persons Group (EPG), established to reinvigorate the Commonwealth, strengthen its Secretariat, and transform its approach to human rights.</s>
    <s id="4">The group included former Australian High Court Justice Michael Kirby, former British Foreign Secretary Malcolm Rifkind, former Malay Prime Minister Tun Abdullah Ahmad Badawi, and Mozamibique’s former first lady (and wife of Nelson Mandela) Graça Machel, among others.</s>
    <s id="5">The group’s recommendations were unanimous.</s>
  </p>
  <p id="2">
    <s id="6">But the Commonwealth’s assembled leaders ignored the report’s key recommendation, which concerned the establishment of a Human Rights Commissioner to oversee and report on the actions of member governments.</s>
    <s id="7">The human-rights performance of Commonwealth countries, both developed and developing, needs improvement in many areas.</s>
    <s id="8">Unfortunately, some African governments regarded the report as targeting developing countries, though the recommendations would have been just as relevant to certain developed countries that, especially since the terrorist attacks of 2001, have violated basic human-rights protections.</s>
  </p>
  <p id="3">
    <s id="9">The record of the Commonwealth countries in regard to ethnic minorities can also be substantially improved.</s>
    <s id="10">In too many countries, minorities, especially indigenous groups, are treated heavy-handedly.</s>
    <s id="11">Similarly, as refugee flows have altered direction over the last 15 or 20 years, treatment of refugees – enshrined since 1951 in the Convention Relating to the Status of Refugees – needs to be re-examined.</s>
  </p>
  <p id="4">
    <s id="12">Many Commonwealth countries live on the edge of these particular problems.</s>
    <s id="13">Some have large refugee camps within their borders.</s>
    <s id="14">Others receive entire families fleeing persecution and terror in their own countries.</s>
    <s id="15">More light needs to be shed on this problem.</s>
  </p>
  <p id="5">
    <s id="16">The standards enshrined in the Universal Declaration of Human Rights need reinvigorating.</s>
    <s id="17">Openness, transparency, and better knowledge of conditions in particular countries would do much to raise the level of debate – and thus to ensure greater progress.</s>
    <s id="18">In too many countries, there is an incipient reversion to racism.</s>
  </p>
  <p id="6">
    <s id="19">The second major issue for the meeting concerned the civil war in Sri Lanka and whether both the government and the Tamils had committed war crimes in the conflict’s final years.</s>
    <s id="20">The question, however, was virtually ignored.</s>
    <s id="21">A United Nations Human Rights Commission report suggests that there is substantial evidence of major war crimes by both the government and the Tamil Tigers, especially in the last 2-3 years of the conflict.</s>
    <s id="22">A separate and entirely independent report by the International Crisis Group came to much the same conclusion.</s>
  </p>
  <p id="7">
    <s id="23">Indeed, there is now sufficient evidence to justify a full international inquiry into the actions of both sides, potentially leading to indictments before the International Criminal Court.</s>
    <s id="24">But the Commonwealth leaders suggested that the matter should be managed bilaterally, rather than by the organization as a whole.</s>
  </p>
  <p id="8">
    <s id="25">This failure to debate what happened in Sri Lanka may have consequences for the Commonwealth down the line.</s>
    <s id="26">Indeed, several weeks ago, Canadian Prime Minister Stephen Harper spoke strongly against the lack of action in Sri Lanka, and indicated that if the next Commonwealth meeting is held there, as currently planned, he will not attend.</s>
    <s id="27">He may not be the only leader to take such a stand when the time comes.</s>
  </p>
  <p id="9">
    <s id="28">Human rights should be a matter on which the Commonwealth stands united, with firmness, resolution, and determination.</s>
    <s id="29">The Commonwealth should be at the forefront of the continuing struggle to promote accountability for violations whenever and wherever they occur.</s>
    <s id="30">That opportunity has been lost.</s>
  </p>
  <p id="10">
    <s id="31">The advancement of human rights has taken many different forms.</s>
    <s id="32">For example, Admiral Lord Michael Boyce, Chief of the Defense Staff of the British Armed Services at the start of the Iraq war, told Prime Minister Tony Blair that he would not order troops to invade unless he was assured unequivocally that the war was legal under British and international law.</s>
    <s id="33">Unfortunately, the British government’s response was extraordinarily deficient, and did not in any sense constitute a valid legal opinion.</s>
  </p>
  <p id="11">
    <s id="34">The Commonwealth has taken substantive action in the past, especially in relation to Apartheid-era South Africa.</s>
    <s id="35">Most members of the Commonwealth have signed on to the International Criminal Court, perhaps the most important institutional change in the international legal architecture since the establishment of the UN itself.</s>
  </p>
  <p id="12">
    <s id="36">The Commonwealth’s people deserve much better than what their leaders delivered at the Australia summit.</s>
    <s id="37">If the Commonwealth is to become the vital international body that its national leaders wish it to be, it needs a different temper and more coherent and effective leadership, as envisaged by the Eminent Persons Group’s report.</s>
    <s id="38">It needs the Human Rights Commissioner.</s>
    <s id="39">But most of all it needs national leaders who are prepared to act on the basis of conviction and steadfastness of purpose, rather than evading and shirking their responsibilities when divisive issues arise.</s>
  </p>
</document>
