<?xml version="1.0" encoding="utf-8"?>
<document>
  <HEADLINE>
    <s id="1">The Limits of Bonapartism</s>
  </HEADLINE>
  <p id="1">
    <s id="2">PARIS – After four decades, France has returned to NATO’s unified military command.</s>
    <s id="3">At a stroke, President Nicolas Sarkozy overturned one of the pillars of French policy – and of the legacy of Charles de Gaulle, the founder of Sarkozy’s own political party.</s>
  </p>
  <p id="2">
    <s id="4">The decision is consistent with the way Sarkozy has governed since his election in 2007.</s>
    <s id="5">Whether he is seeking to reform France’s judicial system, redrawing its administrative map, proposing a new alliance of Mediterranean countries, or seeming to end France’s ambiguous foreign policy of being both aligned and not aligned with the United States, Sarkozy is nothing if not ambitious.</s>
  </p>
  <p id="3">
    <s id="6">The problem is that far too many of Sarkozy’s decisions have proved purely symbolic, like the ill-fated Mediterranean Union; badly conceived, such as judicial reform, which is opposed by virtually the entire legal profession; or nakedly self-serving, like the administrative reform, which somehow managed to abolish only those departments and regional administrations controlled by the opposition Socialists.</s>
  </p>
  <p id="4">
    <s id="7">Many in Sarkozy’s governing UMP have become increasingly public in expressing their unhappiness with his decision-making method.</s>
    <s id="8">In effect, rather than according serious room for decision-making to his prime minister, François Fillon, or to Fillon’s cabinet, Sarkozy has arrogated almost every lever of power to himself and his advisers within the Élysée Palace.</s>
  </p>
  <p id="5">
    <s id="9">Indeed, few informed observers doubt that Sarkozy’s chief foreign policy adviser, Jean-David Levitte, has far more influence than France’s foreign minister, Bernard Kouchner.</s>
    <s id="10">Likewise, on matters of domestic policy, the interior minister, Michele Alliot-Marie, has nothing close to the agenda-setting power of Claude Guéant, Sarkozy’s longtime aide and director-general of the President’s office.</s>
  </p>
  <p id="6">
    <s id="11">For all the authoritarian habits of de Gaulle or François Mitterand, Sarkozy’s personalization of the presidency is unprecedented in the history of the Fifth Republic.</s>
    <s id="12">Sarkozy makes little secret of his disdain for members of his own party, luring Socialists like Kouchner and Rama Yade, the junior minister for foreign affairs, into his cabinet, and naming retired Socialist politicians like former Prime Minister Michel Rocard to head national commissions and represent France in international treaty negotiations.</s>
    <s id="13">Sarkozy can afford to thumb his nose at his party, given the total collapse of the opposition Socialists, who will almost certainly lose the 2012 election.</s>
  </p>
  <p id="7">
    <s id="14">If Sarkozy governed effectively, such political and institutional departures might seem like a breath of fresh air in a society whose institutions seem increasingly ill-suited to the challenges of a multi-ethnic and post-industrial society (even though dirigiste France has conserved its industrial base better than many other rich countries).</s>
    <s id="15">This was how many who supported Sarkozy’s presidential bid viewed him.</s>
    <s id="16">Despite policy differences, Sarkozy would be for France what Margaret Thatcher was for Britain: someone who would lead the country out of its impasse, conserving the best aspects of dirigisme but finally giving entrepreneurs room to grow, cracking down on crime, and reforming education.</s>
  </p>
  <p id="8">
    <s id="17">But Sarkozy has not governed effectively, as his party’s disenchantment with him and polling data make abundantly clear.</s>
    <s id="18">The manic character of his presidency – initiative spilling into initiative, each being the transformative solution to the problem at hand, all opposition denounced as lies, bad faith, and cowardice – has worn thin.</s>
  </p>
  <p id="9">
    <s id="19">On a number of issues, notably wages, liberalization of employment rules, and reform of the judiciary and of secondary education, programs announced with tremendous fanfare have had to be delayed or withdrawn.</s>
    <s id="20">Almost invariably, Sarkozy has blamed the minister in question, and then moved on to the next subject to strike his interest.</s>
    <s id="21">In the meantime, his obsession with dominating the daily news cycle, no matter how flimsy the pretext, continues unabated.</s>
    <s id="22">He has even appeared at crime scenes – not urban riots, but private crimes of passion, where no reason of state could possibly warrant the presence of the President of the Republic.</s>
  </p>
  <p id="10">
    <s id="23">Given the pathetic state of the Socialist opposition, it is difficult to see what price, if any, Sarkozy will pay for his record in office.</s>
    <s id="24">But this style of government – essentially an electoral campaign, not a government – virtually guarantees that almost nothing of real importance can be accomplished.</s>
  </p>
  <p id="11">
    <s id="25">At a recent press conference, US President Barack Obama remarked that he was loathe to comment immediately on matters of great public importance before being absolutely sure that he knew – and knew what he thought about – the subject in question.</s>
    <s id="26">Many French wish that such self-discipline could rub off on Sarkozy.</s>
    <s id="27">Given his temperament, however, that hardly seems likely.</s>
    <s id="28">As a result, an administration in which many had placed high hopes is lapsing into demagoguery and ineffectiveness.</s>
  </p>
</document>
