<?xml version="1.0" encoding="utf-8"?>
<document>
  <HEADLINE>
    <s id="1">The Return of Religion?</s>
  </HEADLINE>
  <p id="1">
    <s id="2">BUDAPEST – It’s a well-worn contrast: the United States is religious, Europe is secular.</s>
    <s id="3">Yet, in some respects, this clichéd opposition has actually been reversed recently: religion played virtually no role during the last American presidential elections, while in a range of different European countries major controversies about religion have flared up, suggesting that questions of faith are back at the center of European politics.</s>
  </p>
  <p id="2">
    <s id="4">Consider French President Nicolas Sarkozy.</s>
    <s id="5">On numerous occasions, he has argued that his country needs to rethink its traditional strict separation of state and religion, called laïcité .</s>
    <s id="6">In particular, according to the twice-divorced self-confessed “cultural Catholic,” France should develop a “positive secularism.”</s>
    <s id="7">In contrast to negative laïcité , which according to Sarkozy “excludes and denounces,” laïcité positive invites “dialogue” and recognizes the social benefits of religion.</s>
  </p>
  <p id="3">
    <s id="8">In a much criticized speech in Rome at the end of 2007, Sarkozy acknowledged the Christian roots of France, “the eldest daughter of the Church”; he also praised Islam during a visit to Saudi Arabia.</s>
    <s id="9">Now he wants state subsidies for faith-based organizations – a policy proposal that upsets his many secularist critics.</s>
  </p>
  <p id="4">
    <s id="10">This new appeal to religion – after a long period when it was taken for granted that secularization would make religion less and less politically relevant – is not an exclusively French phenomenon.</s>
    <s id="11">The Spanish People’s Party tried hard to mobilize Catholics during the election campaign in March 2008.</s>
    <s id="12">The church supported the PP against a prime minister, José Luis Rodríguez Zapatero, whose advocacy of gay marriage, more relaxed divorce laws, and the removal of compulsory religion classes from the national curriculum upset many religious conservatives.</s>
    <s id="13">Zapatero eventually felt it necessary to tell a Vatican envoy that Spanish bishops should stop meddling in the elections (which he won).</s>
  </p>
  <p id="5">
    <s id="14">In Italy, Prime Minister Silvio Berlusconi precipitated a constitutional crisis by trying to rush through emergency legislation to prevent a comatose patient from being taken off life support.</s>
    <s id="15">This reminded many observers of what the America’s Republican Party tried to do in order to demonstrate its “pro-life commitments” during George W. Bush’s presidency.</s>
  </p>
  <p id="6">
    <s id="16">Finally, there is Britain, usually seen as perhaps the most secular country in Western Europe, and thus the least likely candidate to see the return of religion of any kind (outside its Muslim community).</s>
    <s id="17">Under David Cameron’s leadership, the newly invigorated Conservative Party is listening to a number of thinkers, dubbed “red Tories,” who urge the party to turn its back on Thatcherism and embrace civil society, local community, the family, and, not least, religion as a major force in fostering responsible social behavior.</s>
  </p>
  <p id="7">
    <s id="18">In short, there is a pattern here.</s>
    <s id="19">But the point is not that individuals in different European countries are becoming more religious – there is hardly any evidence for that.</s>
    <s id="20">Globally, there might be good reasons to talk about what sociologists describe as the rise of “post-secular societies,” but Europe remains the exception.</s>
    <s id="21">What really explains these new public controversies surrounding religion is something else, something political: the dilemma in which right-wing and center-right European parties find themselves.</s>
  </p>
  <p id="8">
    <s id="22">Many of these parties used to advocate market radicalism, or at least strong doses of economic liberalization.</s>
    <s id="23">Not just since the financial crisis have they retreated from these positions and tried to fashion a gentler, more socially conscious image.</s>
  </p>
  <p id="9">
    <s id="24">Yet, in the search for what Cameron has called a new “look, feel, and identity,” these parties have been treading a fine line: on the one hand, they have attempted to appear more modern – for example, by appointing an increasing number of women and members of ethnic minorities to cabinet posts.</s>
    <s id="25">On the other hand, they have painted themselves as sworn enemies of the left’s supposed moral relativism – an image for which the recourse to religion is obviously helpful.</s>
  </p>
  <p id="10">
    <s id="26">In fact, some intellectuals close to the right have long advocated an opening towards Europe’s Muslim immigrants and their descendants.</s>
    <s id="27">Where they can vote, so the argument goes, Muslim traditionalists would rather vote for a conservative party, even if it has Catholic roots, than for a secular left-wing party perceived as advocating loose morals.</s>
  </p>
  <p id="11">
    <s id="28">This is not to say that all appeals to religion are just cynical election ploys.</s>
    <s id="29">Especially in the face of the financial crisis, religion has been presented as a source for what Sarkozy and German Chancellor Angela Merkel have called the project of “moralizing capitalism.”</s>
  </p>
  <p id="12">
    <s id="30">That is not an absurd idea.</s>
    <s id="31">There is a long and distinguished tradition of Catholic social thought.</s>
    <s id="32">But taking these traditions seriously would require much larger transformations of capitalism than even avowed Christian Democrats are prepared to contemplate, including a much wider distribution of ownership and mechanisms for involving workers in management.</s>
    <s id="33">Theories of “red Toryism” might go some way in this direction, but it remains to be seen whether they will ever translate into practice.</s>
  </p>
  <p id="13">
    <s id="34">For the moment, the temptation is for the European right to find its “new look” through a selective appeal to religion – and wait and see whether it works as an electoral strategy.</s>
    <s id="35">They should remember, though, that starting a Kulturkampf is to play with fire: it might be possible to instrumentalize religious passions for a time; but such passions cannot permanently be controlled from above.</s>
  </p>
</document>
