<?xml version="1.0" encoding="utf-8"?>
<document>
  <HEADLINE>
    <s id="1">The IMF’s Next Mission?</s>
  </HEADLINE>
  <p id="1">
    <s id="2">The world economy is increasingly threatened by volatile market reactions to global imbalances at a time when the IMF has largely lost its original raison d’être as the world’s central monetary institution.</s>
    <s id="3">These two developments should stimulate the Fund to claim a new purpose as the world’s reserve manager.</s>
  </p>
  <p id="2">
    <s id="4">In the 1960’s, the IMF managed the problems of all the major economies, and in the 1980’s and 1990’s, it developed as a crisis manager for emerging markets.</s>
    <s id="5">But that job is much harder now, because of the size of some of the big emerging economies.</s>
    <s id="6">And, in any case, the focus of financial nervousness is shifting back to the world economy’s core countries, such as the United States, the United Kingdom, and Australia, which are funding large current account deficits with surpluses from much poorer countries.</s>
  </p>
  <p id="3">
    <s id="7">These surpluses reflect high savings rates, both in the private and the public sector, in oil-producing and emerging Asian economies, which have resulted in their rapid accumulation of foreign reserves.</s>
    <s id="8">But this is hardly a blessing for these countries.</s>
    <s id="9">Their reserves have become so large that even the announcement of a small shift in assets – say, from euros to dollars – can move markets and cause disruptions and panics.</s>
    <s id="10">Like past reserve regimes that offered a choice of assets (for example, the dollar, the pound, and gold in the interwar period), instability is inherent.</s>
  </p>
  <p id="4">
    <s id="11">The new surplus countries’ attempts to find alternative reserve assets have been problematic.</s>
    <s id="12">Most of the attention has been fixed on China’s $1 trillion in reserves, and its efforts to maintain the value of those assets.</s>
    <s id="13">Diversification from US Treasury bills by investing some $3 billion in the Blackstone private equity fund this summer was swiftly followed by an embarrassing collapse in value.</s>
  </p>
  <p id="5">
    <s id="14">On the receiving end, industrial countries’ governments are anxious that new sovereign wealth funds (SWF’s) are being used strategically, rather than simply following the logic of the market.</s>
    <s id="15">Even the successful model for SWF’s, Singapore’s Temasek, which for a long time went largely unnoticed, is now attracting a level of attention that its owners and managers never wanted.</s>
  </p>
  <p id="6">
    <s id="16">The growing anxiety is understandable.</s>
    <s id="17">After all, given that emerging market economies’ central banks and SWF’s nowadays effectively dominate capital markets, outcomes no longer result from the interplay of millions of independent guesses, decisions, or strategies.</s>
    <s id="18">When entities of such a size make decisions, they are bound to act in a strategic way.</s>
    <s id="19">All the parties begin to suspect political manipulation.</s>
  </p>
  <p id="7">
    <s id="20">But the resulting controversies can be resolved, and the political venom neutralized, through surveillance by multilateral institutions that are committed to achieving an overarching good.</s>
    <s id="21">That should be the IMF’s core function.</s>
    <s id="22">Today surveillance means, in effect, merely giving advice.</s>
    <s id="23">But in the 1960’s – when the IMF still supervised the rules of the Bretton Woods order’s par value system before its disintegration in 1971 – surveillance was linked to the Fund’s effectiveness as a major financial intermediary.</s>
  </p>
  <p id="8">
    <s id="24">The IMF’s ability to give powerful advice to the most important countries, such as the UK, was enhanced by these countries’ dependence on IMF resources.</s>
    <s id="25">It was the IMF’s financial power that gave it its bite, and that power was enhanced by Fund borrowing, at first from the G-10, which established the General Arrangements to Borrow.</s>
  </p>
  <p id="9">
    <s id="26">In the years after the collapse of Bretton Woods, the IMF reinvented itself as a principle vehicle for managing the surpluses that followed the oil price shocks of the 1970’s.</s>
    <s id="27">It borrowed from the new surplus countries, which thus partly managed their new assets through the intermediation of the IMF.</s>
    <s id="28">As a result, to the Fund could lend to those countries that suffered shocks from the increase in petroleum prices.</s>
  </p>
  <p id="10">
    <s id="29">Indeed, a large financial actor can play a stabilizing role.</s>
    <s id="30">In the past, the counter-cyclical behavior of large private institutions stabilized market expectations during panics.</s>
    <s id="31">The house of Rothschild made the first half of the nineteenth century stable.</s>
    <s id="32">In the great panics of 1895-6 and 1907, J.P. Morgan calmed the US economy.</s>
    <s id="33">At the time of the Great Depression in the 1930’s, there was no equivalent power.</s>
    <s id="34">In 2007, there are some signs that Goldman Sachs feels obliged to lean against the wind in order to stabilize markets.</s>
  </p>
  <p id="11">
    <s id="35">The IMF could be a powerful financial stabilizer if it managed a significant part of the new surplus countries’ reserve assets, for it would be well placed to take bets against speculators.</s>
    <s id="36">This would ultimately benefit the reserve assets’ owners, who, by virtue of accumulating large surpluses, have a similar interest in world economic and financial stability.</s>
    <s id="37">At the same time, the management of reserve assets by an internationally controlled asset manager would remove suspicions and doubts about the use of assets for strategic political purposes.</s>
  </p>
  <p id="12">
    <s id="38">But, to carry out this completely new task, the IMF would need to regain the trust of its members.</s>
    <s id="39">The rise in reserves in many Asian countries was a deliberate response to the 1997 financial crisis, which fueled disillusion with the IMF.</s>
    <s id="40">So, before it could assume the role of global reserve manager, new surplus countries would need substantially more influence over the Fund’s governance.</s>
    <s id="41">Only then could they be confident that they would not be subject to politically motivated manipulation.</s>
  </p>
</document>
