<?xml version="1.0" encoding="utf-8"?>
<document>
  <HEADLINE>
    <s id="1">The Long and Winding Road to Recovery</s>
  </HEADLINE>
  <p id="1">
    <s id="2">SAO PAULO – The global economy has bounced back strongly from the nadir of 2009, but growth is still uneven and recent data in key advanced economies have been disappointing.</s>
    <s id="3">So where is the global economy headed?</s>
  </p>
  <p id="2">
    <s id="4">To be sure, the recovery was not expected to be smooth: historically, cleaning up after a financial crisis of this magnitude takes a long time, especially given high debt burdens, extended joblessness, and damaged banking systems.</s>
    <s id="5">But risks to the world’s economic outlook have risen, and stepped-up policy actions are needed to keep the global economy on track.</s>
  </p>
  <p id="3">
    <s id="6">It is against this background that the International Monetary Fund has released its updated forecasts and assessment of the global economy.</s>
    <s id="7">This analysis comes in three complementary documents: the World Economic Outlook, the Global Financial Stability Report, and the Fiscal Monitor.</s>
  </p>
  <p id="4">
    <s id="8">The headline numbers do not look so bad.</s>
    <s id="9">We expect global growth to be around 4.5% in 2011 and 2012, although the two-track recovery will continue, with advanced economies chugging along at around 2.5% annual GDP growth, while emerging-market and developing economies motor ahead at an impressive 6.5% rate.</s>
  </p>
  <p id="5">
    <s id="10">But insufficiently strong policies have left dangers lurking beneath the surface.</s>
    <s id="11">We have seen greater weakness than anticipated in the United States and Japan.</s>
    <s id="12">Even if this was due to temporary factors, including supply disruptions from the Japanese earthquake, labor and housing markets are still on the ropes in the US and some parts of Europe.</s>
  </p>
  <p id="6">
    <s id="13">Moreover, the countries on Europe’s periphery remain in difficulty, as doubts about the sustainability of adjustment programs have resurfaced.</s>
    <s id="14">This heightened uncertainty could spill over to economic activity in the rest of the European Union through adverse feedback loops between sovereign risk and the banking system.</s>
    <s id="15">And growth in advanced countries is not sufficient to make serious inroads into high unemployment rates, which are imposing high social costs.</s>
  </p>
  <p id="7">
    <s id="16">Emerging markets are leading the recovery, but a number of them must contend with the risks of overheating and growing financial imbalances.</s>
    <s id="17">Inflation is increasing beyond what can be explained by rising commodity and food prices, while credit growth and some asset prices are starting to look high relative to historical standards.</s>
    <s id="18">And low-income economies are suffering from higher food and fuel prices, which feature heavily in households’ consumption baskets.</s>
  </p>
  <p id="8">
    <s id="19">In these circumstances, policy inertia is not an option.</s>
    <s id="20">This is especially true in the advanced economies, where policymakers must address the issues more forcefully.</s>
    <s id="21">Some of the problems are political, including slow progress in achieving a comprehensive and consistent solution to Europe’s sovereign-debt crisis, and stalemate over restoring fiscal sustainability in the US.</s>
    <s id="22">Some of the problems stem from the financial sector, which is once again taking advantage of low interest rates to pump up leverage in search of higher profits.</s>
  </p>
  <p id="9">
    <s id="23">A more robust global financial system is urgently needed.</s>
    <s id="24">There has been some progress on bank repair, but it is too slow, especially in Europe.</s>
    <s id="25">In some cases, funding challenges remain, and balance sheets have not been fully cleansed.</s>
    <s id="26">The pace of recapitalization needs to be stepped up, and the new round of “stress tests” for European banks will mark a clear line in the sand.</s>
  </p>
  <p id="10">
    <s id="27">Fiscal repair is also essential.</s>
    <s id="28">A key priority for advanced economies is to continue the process of fiscal adjustment that most of them initiated this year.</s>
    <s id="29">But the two largest advanced economies – the US and Japan – have not yet started along this path.</s>
    <s id="30">They should put in place as soon as possible credible consolidation plans that are specific in terms of not only goals, but also the tools to achieve them.</s>
  </p>
  <p id="11">
    <s id="31">The pace of fiscal consolidation should be set with a keen eye on growth and employment.</s>
    <s id="32">Too slow will kill credibility, but too fast will kill growth.</s>
    <s id="33">Thus, the tools used to carry out fiscal adjustment should boost economic efficiency, or at least not damage it.</s>
    <s id="34">In emerging markets and low-income economies, the challenge is to avoid overheating, contain financial risks, and address pressing social spending needs, while not compromising sustainability.</s>
    <s id="35">The surge in food and energy prices is a major emergency for many of these countries, and it needs to be managed carefully.</s>
  </p>
  <p id="12">
    <s id="36">In conclusion, the recovery continues, but it is not on solid ground.</s>
    <s id="37">It is fragile, unbalanced, and limited.</s>
    <s id="38">We do not think that this points to a double-dip recession.</s>
    <s id="39">But risks to the outlook are rising, and we need determined policy action to dampen them.</s>
    <s id="40">Time is of the essence.</s>
  </p>
</document>
