<?xml version="1.0" encoding="utf-8"?>
<document>
  <HEADLINE>
    <s id="1">The Cruelty of Chance</s>
  </HEADLINE>
  <p id="1">
    <s id="2">MOSCOW – In Russia, somewhere behind every event lurks the question: Who is to blame?</s>
    <s id="3">In the tragedy that claimed the lives of Polish President Lech Kaczynski and 95 other Polish leaders, we can answer that question with certainty in at least one respect: history is to blame.</s>
  </p>
  <p id="2">
    <s id="4">The event is so hideous that it seems like a bad joke, or an evil KGB plot, a mad conspiracy out of James Bond – or some combination of all three.</s>
    <s id="5">Yet the crash that has sent all of Poland into mourning was none of these things.</s>
    <s id="6">A tragedy that defies any logical explanation confirms only one thing: the cruelty of chance.</s>
  </p>
  <p id="3">
    <s id="7">What if no fog prevented the safe landing at Smolensk airport?</s>
    <s id="8">What if the plane was not a 20-year-old, Russian-made Tupolev-154, but a newer and safer model?</s>
    <s id="9">What if the Polish pilot had obeyed the Russian air traffic controller who tried to divert the plane to Moscow or Minsk?</s>
  </p>
  <p id="4">
    <s id="10">Unfortunately, the cruelty of chance also lies at the heart of the centuries of mistrust between Poland and Russia.</s>
    <s id="11">The irony (if there is an irony at all) is that this tragedy came at a time when mistrust seemed, at long last, to be giving way to better, more businesslike relations and greater understanding between the two countries.</s>
  </p>
  <p id="5">
    <s id="12">After 70 years of denial, Russia’s leadership (if not yet ordinary Russians) were ready to admit that Joseph Stalin’s NKVD (precursor to the KGB) slaughtered more than 20,000 Polish officers, intellectuals, and clergy in the nearby Katyn forest in 1940.</s>
    <s id="13">Indeed, Russian Prime Minister Vladimir Putin, a former KGB officer himself, invited his Polish counterpart, Donald Tusk, to commemorate that tragedy together.</s>
  </p>
  <p id="6">
    <s id="14">But Kaczynski, a member of Solidarity in the 1980’s who was eager to overthrow the communist regime, was more mistrustful of the Russians than Tusk.</s>
    <s id="15">He put together his own delegation to visit Katyn, and wondered aloud if the Russians would give him a visa.</s>
    <s id="16">Certainly, no Russians were invited.</s>
  </p>
  <p id="7">
    <s id="17">When the pilot of the presidential plane (ironically, again, Soviet made) was advised not to land in the thick fog, either he, or perhaps even the president himself, may have mistrusted the Russians’ willingness to give honest advice.</s>
    <s id="18">Indeed, they may well have wondered if the cunning ex-KGB men around Putin simply wanted to make Kaczynski’s Katyn commemoration a mockery?</s>
  </p>
  <p id="8">
    <s id="19">Russian-Polish suspicions and disagreements date back to the sixteenth century, when Poland was the far greater power; indeed, the Grand Duchy of Moscow was a backwater.</s>
    <s id="20">Across the centuries, there have been wars, started by both sides, and partitions of Poland executed by the Russians, followed by attempts at “Russification,” with the Russian Christian Orthodox Empire trying to control the “silver-tongued,” “deceptive,” West European-oriented Catholic Poland.</s>
  </p>
  <p id="9">
    <s id="21">Then there was the 1917 Bolshevik Revolution, which the Poles refused to join, and Marshal Jozef Pilsudski’s miraculous victory over the Red Army at the gates of Warsaw in 1920.</s>
    <s id="22">Throughout the interwar years, Poland and the nascent Soviet regime were at daggers drawn almost without interruption.</s>
  </p>
  <p id="10">
    <s id="23">When Stalin signed the Molotov-Ribbentrop pact with Nazi Germany in 1939, it gave him an opportunity to invade Poland.</s>
    <s id="24">The Katyn massacre was a direct result, with Stalin ordering the mass murder of Poland’s elite in order to decapitate Polish society and thus make it more pliable.</s>
  </p>
  <p id="11">
    <s id="25">Katyn was also the occasion for the Soviets to break off relations with Poland’s wartime government-in-exile in London.</s>
    <s id="26">Because the Polish leaders refused to exonerate the Russians, Stalin accused the Poles of collaborating with the Germans in trying to shift the blame for Nazi crimes onto Russians.</s>
    <s id="27">Soon after, the idea of establishing a puppet regime in Warsaw took root.</s>
  </p>
  <p id="12">
    <s id="28">Although the Nazi-Soviet Pact did not last long – Germany invaded Russia in 1941 – for Poland there was no way out.</s>
    <s id="29">With Hitler’s defeat, it once again became part of the Russian sphere, this time of Soviet Russia.</s>
  </p>
  <p id="13">
    <s id="30">But Poland never stopped striding – and striking – for independence.</s>
    <s id="31">The rise of Solidarity in the 1980’s was the earliest and most severe blow to the stagnating Soviet system.</s>
    <s id="32">The Polish-born Pope John Paul II crystallized the anti-communist “threat” that Poland now posed to the Soviet Union.</s>
    <s id="33">The Pope’s call for religious freedom around the world, including in the socialist countries, rubbed the atheistic Soviets – and Orthodox Russians – the wrong way.</s>
  </p>
  <p id="14">
    <s id="34">Indeed, throughout the twentieth century, animosity between Poland and Russia remained at fever pitch, manifested not only in politics but also culturally.</s>
    <s id="35">This, of course, continued an old pattern, too.</s>
    <s id="36">Alexander Pushkin, Nicolai Gogol, and Fyodor Dostoyevsky were all suspicious of the Poles, calling them “cold,” “distant,” and “manipulative,” and seeing Poland as always on the side of the West, rather than standing with its Slavic brothers.</s>
    <s id="37">Indeed, Pushkin’s friendship with Adam Mickiewicz ended in acrimony over the 1830 Polish insurrection against Tsarist rule.</s>
  </p>
  <p id="15">
    <s id="38">In fact, the animosity ran so deep that when both countries were no longer communist, and Russia was looking to replace its November 7 Bolshevik Revolution holiday, it came up with November 4, the anniversary of the Russian boyars’ victory in 1612 over Polish King Sigismund’s short-lived occupation of Moscow.</s>
  </p>
  <p id="16">
    <s id="39">Now there is talk, in both Warsaw and Moscow, that the second tragedy of Katyn might usher in a new era in bilateral relations.</s>
    <s id="40">Perhaps so, but as the Polish essayist Stanislaw Jerzy Lec said: “You can close your eyes to reality, but not to memories.”</s>
  </p>
</document>
