<?xml version="1.0" encoding="utf-8"?>
<document>
  <HEADLINE>
    <s id="1">The Perils of 2012</s>
  </HEADLINE>
  <p id="1">
    <s id="2">KOLKATA – The year 2011 will be remembered as the time when many ever-optimistic Americans began to give up hope.</s>
    <s id="3">President John F. Kennedy once said that a rising tide lifts all boats.</s>
    <s id="4">But now, in the receding tide, Americans are beginning to see not only that those with taller masts had been lifted far higher, but also that many of the smaller boats had been dashed to pieces in their wake.</s>
  </p>
  <p id="2">
    <s id="5">In that brief moment when the rising tide was indeed rising, millions of people believed that they might have a fair chance of realizing the “American Dream.”</s>
    <s id="6">Now those dreams, too, are receding.</s>
    <s id="7">By 2011, the savings of those who had lost their jobs in 2008 or 2009 had been spent.</s>
    <s id="8">Unemployment checks had run out.</s>
    <s id="9">Headlines announcing new hiring – still not enough to keep pace with the number of those who would normally have entered the labor force – meant little to the 50 year olds with little hope of ever holding a job again.</s>
  </p>
  <p id="3">
    <s id="10">Indeed, middle-aged people who thought that they would be unemployed for a few months have now realized that they were, in fact, forcibly retired.</s>
    <s id="11">Young people who graduated from college with tens of thousands of dollars of education debt cannot find any jobs at all.</s>
    <s id="12">People who moved in with friends and relatives have become homeless.</s>
    <s id="13">Houses bought during the property boom are still on the market or have been sold at a loss.</s>
    <s id="14">More than seven million American families have lost their homes.</s>
  </p>
  <p id="4">
    <s id="15">The dark underbelly of the previous decade’s financial boom has been fully exposed in Europe as well.</s>
    <s id="16">Dithering over Greece and key national governments’ devotion to austerity began to exact a heavy toll last year.</s>
    <s id="17">Contagion spread to Italy.</s>
    <s id="18">Spain’s unemployment, which had been near 20% since the beginning of the recession, crept even higher.</s>
    <s id="19">The unthinkable – the end of the euro – began to seem like a real possibility.</s>
  </p>
  <p id="5">
    <s id="20">This year is set to be even worse.</s>
    <s id="21">It is possible, of course, that the United States will solve its political problems and finally adopt the stimulus measures that it needs to bring down unemployment to 6% or 7% (the pre-crisis level of 4% or 5% is too much to hope for).</s>
    <s id="22">But this is as unlikely as it is that Europe will figure out that austerity alone will not solve its problems.</s>
    <s id="23">On the contrary, austerity will only exacerbate the economic slowdown.</s>
    <s id="24">Without growth, the debt crisis – and the euro crisis – will only worsen.</s>
    <s id="25">And the long crisis that began with the collapse of the housing bubble in 2007 and the subsequent recession will continue.</s>
  </p>
  <p id="6">
    <s id="26">Moreover, the major emerging-market countries, which steered successfully through the storms of 2008 and 2009, may not cope as well with the problems looming on the horizon.</s>
    <s id="27">Brazil’s growth has already stalled, fueling anxiety among its neighbors in Latin America.</s>
  </p>
  <p id="7">
    <s id="28">Meanwhile, long-term problems – including climate change and other environmental threats, and increasing inequality in most countries around the world – have not gone away.</s>
    <s id="29">Some have grown more severe.</s>
    <s id="30">For example, high unemployment has depressed wages and increased poverty.</s>
  </p>
  <p id="8">
    <s id="31">The good news is that addressing these long-term problems would actually help to solve the short-term problems.</s>
    <s id="32">Increased investment to retrofit the economy for global warming would help to stimulate economic activity, growth, and job creation.</s>
    <s id="33">More progressive taxation, in effect redistributing income from the top to the middle and bottom, would simultaneously reduce inequality and increase employment by boosting total demand.</s>
    <s id="34">Higher taxes at the top could generate revenues to finance needed public investment, and to provide some social protection for those at the bottom, including the unemployed.</s>
  </p>
  <p id="9">
    <s id="35">Even without widening the fiscal deficit, such “balanced budget” increases in taxes and spending would lower unemployment and increase output.</s>
    <s id="36">The worry, however, is that politics and ideology on both sides of the Atlantic, but especially in the US, will not allow any of this to occur.</s>
    <s id="37">Fixation on the deficit will induce cutbacks in social spending, worsening inequality.</s>
    <s id="38">Likewise, the enduring attraction of supply-side economics, despite all of the evidence against it (especially in a period in which there is high unemployment), will prevent raising taxes at the top.</s>
  </p>
  <p id="10">
    <s id="39">Even before the crisis, there was a rebalancing of economic power – in fact, a correction of a 200-year historical anomaly, in which Asia’s share of global GDP fell from nearly 50% to, at one point, below 10%.</s>
    <s id="40">The pragmatic commitment to growth that one sees in Asia and other emerging markets today stands in contrast to the West’s misguided policies, which, driven by a combination of ideology and vested interests, almost seem to reflect a commitment not to grow.</s>
  </p>
  <p id="11">
    <s id="41">As a result, global economic rebalancing is likely to accelerate, almost inevitably giving rise to political tensions.</s>
    <s id="42">With all of the problems confronting the global economy, we will be lucky if these strains do not begin to manifest themselves within the next twelve months.</s>
  </p>
</document>
