<?xml version="1.0" encoding="utf-8"?>
<document>
  <HEADLINE>
    <s id="1">Brexit’s Lost World</s>
  </HEADLINE>
  <p id="1">
    <s id="2">OXFORD – Dramatic changes have swept the world since British voters decided in 2016 to leave the European Union.</s>
    <s id="3">None of them could have been easily foreseen in 2016, but their occurrence makes avoiding a no-deal Brexit a matter of urgent national security for the UK.</s>
  </p>
  <p id="2">
    <s id="4">Following its targeted killing of Iran's second most powerful leader, the US could well find itself with no alternative but to devote more military resources to the Middle East, a path that could lead to additional Iranian provocations.</s>
    <s id="5">And that shift would occur at a time of growing challenges to US interests elsewhere in the world.</s>
  </p>
  <p id="3">
    <s id="6">The targeted killing by the United States of one of Iran's top military leaders represents a significant symbolic defeat for the Iranian regime, but it does not augur all-out war.</s>
    <s id="7">After all, Iran and the US have already been at war for decades, and neither side has an interest in an uncontrolled military escalation now.</s>
  </p>
  <p id="4">
    <s id="8">As in previous years, Project Syndicate asked its commentators to offer their best guesses about the events and trends that will define the coming 12 months.</s>
    <s id="9">If there is one common theme in this year's selection, it is that what happens in 2020 will weigh on the present for many years to come.</s>
  </p>
  <p id="5">
    <s id="10">Three shifts, in particular, have created a more hostile environment for a plucky country wanting to set out on its own.</s>
    <s id="11">First, the global rules-based system has been seriously weakened.</s>
    <s id="12">Second, China no longer looks like such a good partner for the United Kingdom.</s>
    <s id="13">And, third, tech platforms have left democracy in Britain – and elsewhere – increasingly vulnerable to foreign interference.</s>
  </p>
  <p id="6">
    <s id="14">In June 2016, Britain could rely on multilateral arrangements – in trade, security, and diplomacy – which, backed by the United States, offered an alternative to the European Union.</s>
    <s id="15">As then-US President Barack Obama put it, America would “mobilize the world to work with us” on issues of global concern, such as Iran’s nuclear program.</s>
    <s id="16">On trade, the Obama administration was committed to using World Trade Organization processes rather than unilaterally imposing sanctions.</s>
  </p>
  <p id="7">
    <s id="17">The US presidential election in November 2016 dramatically changed Britain’s options.</s>
    <s id="18">Under President Donald Trump, the US has withdrawn from the nuclear agreement with Iran, imposed unilateral trade sanctions (including on allies), and announced its intention to pull out of the Paris climate agreement.</s>
    <s id="19">Trump has proclaimed his willingness to tear up existing trade agreements, and is undermining the WTO by refusing to appoint judges to the organization’s dispute-settlement bodies.</s>
    <s id="20">And, without consulting allies, Trump has announced unilateral US troop withdrawals from Afghanistan and Syria.</s>
  </p>
  <p id="8">
    <s id="21">This new, go-it-alone America is destabilizing the global alliances, rules, and institutions on which post-Brexit Britain will rely even more heavily if it leaves the EU with no deal.</s>
    <s id="22">The UK has economic and security interests around the world, but it cannot make and enforce rules on its own.</s>
    <s id="23">Without the US, the UK needs powerful, like-minded friends with which it can work ever more closely.</s>
    <s id="24">Its EU neighbors are the most obvious candidates.</s>
  </p>
  <p id="9">
    <s id="25">A second change concerns Britain’s relationship with China.</s>
    <s id="26">At the time of the Brexit referendum, China appeared to be a promising and powerful new partner.</s>
    <s id="27">President Xi Jinping’s lavish, highly publicized four-day visit to the UK in 2015 was hailed as a huge success, with the two sides signing trade and investment deals worth some £40 billion ($52.1 billion).</s>
    <s id="28">The UK was envisaging a new “golden decade” of bilateral relations.</s>
  </p>
  <p id="10">
    <s id="29">The relationship shines far less brightly today.</s>
    <s id="30">China is preoccupied with its US trade war, slower economic growth, the growing challenges of rolling out its ambitious Belt and Road Initiative, and the global problems facing telecoms giant Huawei.</s>
    <s id="31">A UK that is not part of the EU’s single market or customs union would be a much lower priority for China.</s>
    <s id="32">When British Prime Minister Theresa May visited in early 2018, the reception was low-key.</s>
    <s id="33">The tenth meeting of the UK-China Economic and Financial Dialogue is said to have been postponed indefinitely.</s>
    <s id="34">And an upcoming visit to China by Chancellor of the Exchequer Phillip Hammond has reportedly been canceled.</s>
  </p>
  <p id="11">
    <s id="35">When Britain leaves the EU, it will be forced to negotiate with the Chinese on its own, without the leverage of Germany, which has far stronger bilateral trade ties with China.</s>
    <s id="36">Worse, if Britain leaves with no deal, it will urgently need to sign trade agreements with other countries.</s>
    <s id="37">Britain would then come under strong pressure to open up critical infrastructure such as energy or telecoms to more Chinese investment, on China’s terms.</s>
    <s id="38">In a world increasingly defined by US-China competition and confrontation, Britain has a much stronger interest in making common cause with its EU neighbors.</s>
  </p>
  <p id="12">
    <s id="39">Finally, in June 2016, when a slim majority of the electorate voted to protect British democracy from “foreigners,” few suspected that Russia and other foreign powers were covertly infiltrating and influencing UK politics via social-media platforms.</s>
    <s id="40">And the data-breach scandal involving Facebook and Cambridge Analytica had not yet broken.</s>
  </p>
  <p id="13">
    <s id="41">We now know that Russia used fake Twitter accounts to tweet #ReasonsToLeaveEU, even on the day of the referendum.</s>
    <s id="42">But stopping such interference is difficult.</s>
    <s id="43">After the 2016 US election was infiltrated, the US House of Representatives Permanent Select Committee on Intelligence documented over 3,000 Facebook ads bought by Russia’s Internet Research Agency.</s>
    <s id="44">Facebook promised to address the issue, yet US officials reported that Russian interference continued during the 2018 US midterm elections.</s>
  </p>
  <p id="14">
    <s id="45">Taking defensive action is even harder for Britain because the big social-media companies are not based there.</s>
    <s id="46">Even when the UK Parliament joined forces with its counterparts in Australia, Argentina, Canada, and Ireland to invite Facebook CEO Mark Zuckerberg to address them at a joint hearing, he declined to attend.</s>
    <s id="47">And on February 18, a British parliamentary committee published a report that sharply criticized Facebook and other large tech companies for failing to counter the spread of disinformation and “fake news.”</s>
  </p>
  <p id="15">
    <s id="48">The EU currently offers the best defenses for British democracy.</s>
    <s id="49">It was EU pressure that pushed Google to roll out transparency rules ahead of the upcoming European Parliament elections that will force advertisers to prove they are either EU citizens or Europe-based entities.</s>
    <s id="50">The EU’s East StratCom Task Force is working to counter Russian and other disinformation campaigns.</s>
    <s id="51">And a Europe-wide code of conduct for technology firms has impelled them to remove illegal hate speech faster.</s>
  </p>
  <p id="16">
    <s id="52">Leaving the EU would be a major challenge for Britain in the best of circumstances.</s>
    <s id="53">But big global shifts since 2016 have made a no-deal Brexit, in particular, an even riskier proposition.</s>
  </p>
  <p id="17">
    <s id="54">In a hostile world, Britain needs its closest European neighbors more than ever.</s>
  </p>
</document>
