<?xml version="1.0" encoding="utf-8"?>
<document>
  <HEADLINE>
    <s id="1">Tibet’s Peace of the Grave</s>
  </HEADLINE>
  <p id="1">
    <s id="2">PRAGUE – The recent events in Tibet and adjoining provinces are causes for deep concern.</s>
    <s id="3">Indeed, the dispersal of a peaceful protest march organized by Tibetan monks, which led to a wave of unrest that was brutally suppressed by the Chinese military and police, has caused indignation all over the democratic world.</s>
  </p>
  <p id="2">
    <s id="4">The reaction of the Chinese authorities to the Tibetan protests evokes echoes of the totalitarian practices that many of us remember from the days before communism in Central and Eastern Europe collapsed in 1989: harsh censorship of the domestic media, blackouts of reporting by foreign media from China, refusal of visas to foreign journalists, and blaming the unrest on the “Dalai Lama’s conspiratorial clique” and other unspecified dark forces supposedly manipulated from abroad.</s>
    <s id="5">Indeed, the language used by some Chinese government representatives and the official Chinese media is a reminder of the worst of times during the Stalinist and Maoist eras.</s>
    <s id="6">But the most dangerous development of this unfortunate situation is the current attempt to seal off Tibet from the rest of the world.</s>
  </p>
  <p id="3">
    <s id="7">Even as we write, it is clear that China’s rulers are trying to reassure the world that peace, quiet, and “harmony” have again prevailed in Tibet.</s>
    <s id="8">We all know this kind of peace from what has happened in the past in Burma, Cuba, Belarus, and a few other countries – it is called the peace of the graveyard.</s>
  </p>
  <p id="4">
    <s id="9">Merely urging the Chinese government to exercise the “utmost restraint” in dealing with the Tibetan people, as governments around the world are doing, is far too weak a response.</s>
    <s id="10">The international community, beginning with the United Nations and followed by the European Union, ASEAN, and other international organizations, as well as individual countries, should use every means possible to step up pressure on the Chinese government to</s>
  </p>
  <p id="5">
    <s id="11">Unless these conditions are fulfilled, the International Olympic Committee should seriously reconsider whether holding this summer’s Olympic Games in a country that includes a peaceful graveyard remains a good idea.</s>
  </p>
</document>
