<?xml version="1.0" encoding="utf-8"?>
<document>
  <HEADLINE>
    <s id="1">A Manifesto for European Change</s>
  </HEADLINE>
  <p id="1">
    <s id="2">LONDON – Interpreting election results, especially when turnout is not high, is always a risky business.</s>
    <s id="3">And, in the case of the recent European Parliament election, the results were not uniform.</s>
    <s id="4">The most spectacular result was in Italy, where a pro-reform, pro-Europe party led by Prime Minister Matteo Renzi won more than 40% of the vote.</s>
    <s id="5">Chancellor Angela Merkel’s Christian Democrats won in Germany and there was a strong vote for the Social Democrats there also.</s>
    <s id="6">In some cases, the vote simply tracked domestic politics.</s>
  </p>
  <p id="2">
    <s id="7">But the victories of the United Kingdom Independence Party (UKIP) and the National Front in France and the success of explicitly anti-status quo parties across the continent cannot be ignored.</s>
    <s id="8">They point to a deep anxiety, distrust, and alienation from Europe’s institutions and core philosophy.</s>
  </p>
  <p id="3">
    <s id="9">So now the EU must think carefully about where it goes from here, how it reconnects with its citizens’ concerns, and how it can better realize its ideals in a changing world.</s>
    <s id="10">Complacency about the far right’s showing, on the grounds that there remains a pro-European majority, is dangerous.</s>
    <s id="11">Even ardent supporters of Europe think there must be change.</s>
  </p>
  <p id="4">
    <s id="12">Many factors have combined to increase the number and complexity of challenges facing Europe, along with uncertainty and unpredictability about Europe’s ability to meet them.</s>
    <s id="13">There has been the vast ambition of the single currency, with its intrinsic design flaws; the agony of the financial crisis and its aftermath; and the link between the two in the sovereign debt crisis.</s>
    <s id="14">There has also been the European Union’s enlargement from 15 member states to 28 in a decade – a decade, moreover, of rapid change in technology, trade, and geopolitics.</s>
  </p>
  <p id="5">
    <s id="15">Within the eurozone, the EU suddenly went from being merely important to determining, bluntly and in plain view, countries’ future budgets and other economic policies.</s>
    <s id="16">Indeed, given the pain of deep expenditure cuts without the flexibility of exchange-rate adjustment, the real surprise is that the outcry has not been greater.</s>
    <s id="17">Even those of us outside the eurozone have been profoundly affected as European institutions have become both more visible and more under attack.</s>
  </p>
  <p id="6">
    <s id="18">In an increasingly multipolar world, in which GDP and population will increasingly be correlated, the rationale for Europe is stronger than ever.</s>
    <s id="19">Together, Europe’s peoples can wield genuine influence.</s>
    <s id="20">Alone, they will over time decline in relative importance.</s>
    <s id="21">The twenty-first-century world order will be dramatically different from that of the twentieth century.</s>
    <s id="22">The rationale for Europe today is not peace; it is power.</s>
  </p>
  <p id="7">
    <s id="23">If we are to realize the EU’s potential, and avoid a retreat by Britain to its sidelines, the balance between the EU and its member states will have to be re-addressed from first principles, with European institutions redesigned to make them truly more accountable and closer to those that they govern.</s>
  </p>
  <p id="8">
    <s id="24">Understandably, fragile national governments struggling against economic malaise – and under intense political pressure to succeed – have no desire at the moment for such a root-and-branch debate.</s>
    <s id="25">So we must distinguish between long-term and immediate action.</s>
    <s id="26">The immediate challenge is to obtain the most change possible within the existing framework of European institutions and treaties.</s>
    <s id="27">Meeting it requires a new approach and a new agenda.</s>
  </p>
  <p id="9">
    <s id="28">The new approach should begin with the European Council asserting its responsibility to give Europe direction by setting a clear, focused, and convincing platform of change that connects with European citizens’ concerns and transforms the view of what Europe can actively, not reactively, achieve.</s>
    <s id="29">The Council must match the EU’s policy ambitions with a set of concrete proposals to realize them, and then task the incoming European Commission in specific terms with implementing the platform.</s>
  </p>
  <p id="10">
    <s id="30">The European Parliament will debate the necessary measures and will have to legislate accordingly.</s>
    <s id="31">Here, the Council and the Commission must work in unison, adopting a method of engagement with the Parliament that does not leave individual Commissioners swinging in the wind when they come under attack.</s>
  </p>
  <p id="11">
    <s id="32">The agenda for reform should address the overarching issues that the EU’s member states are unable to advance in their interests.</s>
    <s id="33">Within the eurozone, this means an explicit arrangement by which, in exchange for member states’ continuation and deepening of structural reform, there will be greater fiscal flexibility and monetary-policy action to allow stronger growth and avoid deflation.</s>
  </p>
  <p id="12">
    <s id="34">Selling reform to each EU country will be easier if it is part of a grand bargain in which pain and gain are seen to be fairly balanced.</s>
    <s id="35">For the Union as a whole, progress on consolidating the single market is needed, especially in the service sector; and policymakers should make a big push for the Transatlantic Trade and Investment Partnership.</s>
    <s id="36">Moreover, the best ideas concerning infrastructure and a European jobs program should be incorporated into the agenda for change.</s>
    <s id="37">Efforts on these fronts should be directed toward showing how the jobs and industry of the future can be created by concerted European action.</s>
  </p>
  <p id="13">
    <s id="38">Likewise, energy policy is now of vital importance, not only for Europe’s competitiveness, but also as a result of events in Eastern Europe and Ukraine.</s>
    <s id="39">The EU has never pursued a common energy policy with the vigor that it requires; yet its impact would be transformative.</s>
    <s id="40">A common energy policy and integrated energy markets would benefit businesses and consumers (not least in the UK) and reduce Europe’s dependence on foreign supplies.</s>
  </p>
  <p id="14">
    <s id="41">Finally, if Europe wants to exercise power commensurate with its economic weight, it must have the capacity to play its part both in military operations and in the essential role of security-sector building in potential partners emerging from turmoil or conflict.</s>
    <s id="42">This is not just about spending.</s>
    <s id="43">It is also about synergies.</s>
    <s id="44">Recent experience from North and Sub-Saharan Africa shows how such a capability could be used.</s>
  </p>
  <p id="15">
    <s id="45">Of course, one central part of this agenda would be a program of subsidiarity, along the lines for which the British government and others are agitating.</s>
    <s id="46">Again, there is a wealth of suggestions on how such a program would work.</s>
    <s id="47">The mood and timing is right, and action in this area would address an element of European governance that causes anger across the political spectrum.</s>
  </p>
  <p id="16">
    <s id="48">I want to be clear about what I mean about this reform agenda for Europe.</s>
    <s id="49">I do not mean the normal Council conclusions put together at the last minute of a packed and routine meeting.</s>
    <s id="50">I mean a proper and precise program – call it a manifesto for change – that tells the Commission exactly what it is supposed to do and gives the Commissioners the support they need to do it.</s>
  </p>
</document>
