<?xml version="1.0" encoding="utf-8"?>
<document>
  <HEADLINE>
    <s id="1">Towards a Green Nanotechnology</s>
  </HEADLINE>
  <p id="1">
    <s id="2">The advent of nanotechnology, the branch of engineering that seeks to build objects molecule by molecule – indeed, atom by atom – has evoked futuristic images of self-replicating “nanobots” that perform surgery, or that convert the planet into a mass of “grey goo” as they consume everything in sight.</s>
  </p>
  <p id="2">
    <s id="3">These two scenarios follow a familiar story line: technological progress, such as the development of nuclear power, genetically modified organisms, information technologies, and synthetic organic chemistry, first promises salvation, but then threatens doom as the consequences, often environmental, become apparent.</s>
    <s id="4">Even disinfecting water – the single most important technological advance ever in prolonging human life – turns out to produce carcinogenic byproducts.</s>
    <s id="5">The cycle of fundamental discovery, technological development, revelation of undesirable consequences, and public aversion appears unbreakable.</s>
  </p>
  <p id="3">
    <s id="6">Will nanotechnology be different?</s>
    <s id="7">Along with the early euphoria and hype that typically surround the rollout of new technologies, nanotechnology has been the subject of projections concerning its possible environmental risks well before its wide-scale commercialization.</s>
    <s id="8">Raising such questions when nanotechnology is still in its infancy may result in better, safer products and less long-term liability for industry.</s>
  </p>
  <p id="4">
    <s id="9">The rapidly developing nanomaterials industry is the nanotechnology that is most likely to affect our lives first.</s>
    <s id="10">A 2003 estimate by the Nanobusiness Alliance identified nanomaterials as the largest single category of nanotech start-ups.</s>
  </p>
  <p id="5">
    <s id="11">In the environmental technology industry alone, nanomaterials will enable new means of reducing the production of wastes, using resources more sparingly, cleaning up industrial contamination, providing potable water, and improving the efficiency of energy production and use.</s>
    <s id="12">Commercial applications of nanomaterials currently or soon to be available include nano-engineered titania particles for sunscreens and paints, carbon nanotube composites in tires, silica nanoparticles as solid lubricants, and protein-based nanomaterials in soaps, shampoos, and detergents.</s>
  </p>
  <p id="6">
    <s id="13">The production, use, and disposal of nanomaterials will inevitably lead to their appearance in air, water, soils, or organisms.</s>
    <s id="14">Research is needed to ensure that nanomaterials, and the industry that produces them, evolve as environmental assets rather than liabilities.</s>
  </p>
  <p id="7">
    <s id="15">Unfortunately, little is known about the potential environmental impacts of nanomaterials.</s>
    <s id="16">Ironically, the properties of nanomaterials that may create concern, such as nanoparticle uptake by cells, are often precisely the properties desired for beneficial uses in medical applications.</s>
  </p>
  <p id="8">
    <s id="17">For example, ten years of studies of the possible health effects of a class of carbon-based nanomaterials known as fullerenes report that the soccer-ball-shaped fullerene molecules known as “buckyballs,” are powerful antioxidants, comparable in strength to vitamin E. Other studies report that some types of buckyballs can be toxic to tumor cells.</s>
  </p>
  <p id="9">
    <s id="18">Two recent studies concluded that buckyballs could impair brain functions in fish and were highly toxic to human-tissue cultures.</s>
    <s id="19">But the conclusions from these studies are difficult to interpret, in part because the nanomaterials that they used were contaminated with an organic solvent added to mobilize the fullerenes in water.</s>
  </p>
  <p id="10">
    <s id="20">A subsequent study of fullerene toxicity found no significant toxicity for buckyballs, but did observe a toxic response in cell cultures to a second group of fullerenes, called “single-wall nanotubes.”</s>
    <s id="21">At this point, the question of the possible toxicity of fullerene nanomaterials remains largely unanswered.</s>
  </p>
  <p id="11">
    <s id="22">Determining whether a substance is “dangerous” involves determining not only the material’s toxicity, but the degree to which it will ever come into contact with a living cell.</s>
    <s id="23">Toxicity can be evaluated by putting buckyballs into a fish tank, but we must also find out whether buckyballs would ever actually arrive in a real world “fish tank”such as a lake or river.</s>
  </p>
  <p id="12">
    <s id="24">We do know that when materials resist degradation, they may be present in the environment for long periods of time, and thus have a greater chance of interacting with the living environment.</s>
    <s id="25">But processes that may lead to the breakdown of nanomaterials, including degradation by bacteria, are virtually unexplored.</s>
  </p>
  <p id="13">
    <s id="26">Moreover, like toxicity and persistence, little is known about how nanoparticles are likely to move about in the environment.</s>
    <s id="27">The most dangerous nanomaterials would be those that are both mobile and toxic.</s>
    <s id="28">The fullerenes that have been the focus of early toxicity studies are among the least mobile of the nanomaterials we have studied to date.</s>
    <s id="29">Our initial work on nanomaterial mobility in formations resembling groundwater aquifers or sand filters has shown that while one type of nanomaterial may be very mobile, a second may stay put.</s>
    <s id="30">Thus, each nanomaterial may behave differently.</s>
  </p>
  <p id="14">
    <s id="31">Concerns over nanomaterials’ possible effects on health and the environment have perhaps overshadowed the pressing need to ensure that their production is clean and environmentally benign.</s>
    <s id="32">Indeed, many of the ingredients used to make nanomaterials are currently known to present risks to human health.</s>
  </p>
  <p id="15">
    <s id="33">An encouraging trend is that the methods used to produce nanomaterials often become “greener” as they move from the laboratory to industrial production.</s>
    <s id="34">Setting aside the issue of nanomaterials’ toxicity, preliminary results suggest that fabricating nanomaterials entails risks that are less than or comparable to those associated with many current industrial activities.</s>
  </p>
  <p id="16">
    <s id="35">It would be naïve to imagine that nanotechnology will evolve without risks to our health and environment.</s>
    <s id="36">While attempting to halt the development of nanomaterial-inspired technologies would be as irresponsible as it is unrealistic, responsible development of these technologies demands vigilance and social commitment.</s>
  </p>
  <p id="17">
    <s id="37">Environmentally safe nanotechnology will come at a cost in time, money, and political capital.</s>
    <s id="38">But with foresight and care, nanotechnology can develop in a manner that will improve our wellbeing and that of our planet.</s>
  </p>
</document>
