<?xml version="1.0" encoding="utf-8"?>
<document>
  <HEADLINE>
    <s id="1">Trading Our Way Out of Crisis</s>
  </HEADLINE>
  <p id="1">
    <s id="2">GENEVA – Global trade contracted in 2009 at a rate not seen since the Great Depression, and those paying the heaviest price are those who can least afford it.</s>
    <s id="3">So, when trade ministers from the World Trade Organization’s 153 members gather in Geneva later this month, the issue of how the WTO and the global trading system can help the poorest countries will be high on the agenda.</s>
  </p>
  <p id="2">
    <s id="4">Driven largely by collapsing domestic demand and production levels, but also by a shortage of affordable trade finance, trade volumes will fall by more than 10% this year.</s>
    <s id="5">Whether trade will recover next year is an open question.</s>
    <s id="6">Despite some evidence that trade volumes grew over the summer, recovery has been patchy – and so fragile that a sudden shock in equity or currency markets could once again undermine consumer and business confidence, leading to a further deterioration of trade.</s>
  </p>
  <p id="3">
    <s id="7">The world’s poorest countries face the greatest hardship when trade languishes.</s>
    <s id="8">They do not have the luxury of cobbling together fiscal-stimulus packages or rescuing ailing industries in order to cushion the shock brought about by the economic crisis.</s>
    <s id="9">For them, trade represents a huge share of overall economic activity and is unquestionably the best avenue for exiting a crisis that has hit them hard.</s>
  </p>
  <p id="4">
    <s id="10">The irony is that trade has collapsed just when these countries were becoming increasingly active in global markets, with their exports rising by more than 20% during this decade.</s>
    <s id="11">For nations that depend on trade, the sharp drop in exports this year was crippling.</s>
    <s id="12">Since the crisis began, export earnings of the world’s poorest countries are down $26.8 billion, or 44%.</s>
  </p>
  <p id="5">
    <s id="13">The WTO Ministerial Conference later this month will provide an occasion to consider the best ways to generate growth and alleviate poverty in these countries.</s>
    <s id="14">Concluding the Doha round of trade negotiations by the end of 2010 – as world leaders have said they wish to do – is one of them.</s>
    <s id="15">A Doha deal represents one of the most valuable tools at our disposal to help meet the United Nations’ Millennium Development Goals.</s>
  </p>
  <p id="6">
    <s id="16">Frankly, all of us already know what needs to be done.</s>
    <s id="17">Yet the Doha Round has fallen victim to basic misunderstandings – first, about why countries trade, and, second, about how they trade.</s>
  </p>
  <p id="7">
    <s id="18">Countries trade, first and foremost, because it is in their interest to do so.</s>
    <s id="19">It is in a country’s interest to lower its import barriers so that it has cheaper access to goods and services that it cannot produce competitively.</s>
    <s id="20">Trade increases competition and keeps inflation in check.</s>
    <s id="21">In this way, trade can raise living standards.</s>
    <s id="22">Moreover, countries that lower their import barriers also end up exporting more.</s>
  </p>
  <p id="8">
    <s id="23">The reluctance of trade negotiators to pursue what is in their obvious self-interest reflects another, more serious misunderstanding about the manner in which nations trade.</s>
    <s id="24">Consider United States-China trade in iPods.</s>
    <s id="25">Every iPod that the US decides not to import means a $150 “decline” in China’s recorded exports, though only about $4 of that value is actually added in China.</s>
    <s id="26">Japan, which contributes about $100 in value, suffers far more from China’s supposed decline in exports.</s>
    <s id="27">Clearly, the words “made in” mean something very different from what they meant 20 years ago.</s>
    <s id="28">Our production processes are so globalized that a country’s import tariffs could well penalize imports from one of its own global companies.</s>
  </p>
  <p id="9">
    <s id="29">For many countries, particularly in the developing world, reducing obstacles to trade is insufficient for fuller participate in the global economy, because they also need to build their capacity to trade.</s>
  </p>
  <p id="10">
    <s id="30">That is the central aim of the Aid for Trade initiative.</s>
    <s id="31">Despite the economic crisis, Aid for Trade donor contributions to help the less fortunate have risen 10% per year since 2005, and major donors are on track to meet or exceed their pledges for future funds.</s>
    <s id="32">Several major countries have agreed to increase their contributions this year to building infrastructure, productive capacity, and know-how in the developing world.</s>
  </p>
  <p id="11">
    <s id="33">But Aid for Trade is no substitute for the market-opening opportunities and improved rules promised by the Doha round.</s>
    <s id="34">WTO members have already agreed that rich countries – and developing countries that are in a position to do so – would open their markets completely to 97% of exports from the world’s poorest countries, and dramatically reduce duties for those products where barriers remain.</s>
  </p>
  <p id="12">
    <s id="35">As a result, cotton subsidies, which depress prices and displace African exports, would be sharply curtailed, and cotton exports from poor countries would receive duty-free, quota-free treatment in rich-country markets.</s>
    <s id="36">All trade-distorting farm subsidies would be slashed by 70%-80% in the major subsidizing countries.</s>
    <s id="37">New rules on streamlining customs procedures would sharply reduce transit times.</s>
    <s id="38">We must make progress on this agenda.</s>
  </p>
  <p id="13">
    <s id="39">What is frustrating is that we are tantalizingly close to a deal which, according to the Washington-based Peterson Institute for International Economics, would deliver global economic benefits of $300-$700 billion annually.</s>
    <s id="40">But, to reap these benefits, we must close the deal.</s>
    <s id="41">The next Ministerial Conference ought to signal that we are ready to do so.</s>
  </p>
</document>
