<?xml version="1.0" encoding="utf-8"?>
<document>
  <HEADLINE>
    <s id="1">The International Economic Consequences of Mr. Trump</s>
  </HEADLINE>
  <p id="1">
    <s id="2">PARIS – This year’s World Economic Forum in Davos proved to be yet another opportunity for US President Donald Trump’s administration to display its customary verbal incontinence and send shockwaves through the global economy.</s>
    <s id="3">This time, there were two sources.</s>
  </p>
  <p id="2">
    <s id="4">The first shock came from US Treasury Secretary Steven Mnuchin, who broke with more than two decades of strict discipline by suggesting that a weaker dollar would be in America’s interest.</s>
    <s id="5">The second came from Commerce Secretary Wilbur Ross, who seemed to rejoice at the prospect of waging and winning a trade war.</s>
  </p>
  <p id="3">
    <s id="6">For once, it was Trump himself who restored calm by denying that the US was pursuing a beggar-thy-neighbor strategy.</s>
    <s id="7">But he did so only after his cabinet secretaries’ statements had attracted sharp responses from international partners.</s>
  </p>
  <p id="4">
    <s id="8">If Trump’s first year in power provides an indication of what is to come, there is little reason to look forward to more stable US economic leadership.</s>
    <s id="9">A year after his inauguration, Davos provided a powerful reminder that he is far from being normalized.</s>
  </p>
  <p id="5">
    <s id="10">To be fair, the Trump administration is certainly not the first to put “America first.”</s>
    <s id="11">Owing to its inward-looking political system and the persistence of strong isolationist undercurrents, the US has been consistently more reluctant than European countries to enter into or to abide by international commitments.</s>
    <s id="12">The 1948 rejection of the Havana Charter (an early attempt to create a global trade organization), congressional hostility to the Bretton Woods institutions, or the refusal by President George W. Bush to ratify the Kyoto Protocol on climate change are just a few examples.</s>
  </p>
  <p id="6">
    <s id="13">Likewise, taking ruthless measures to defend US interests did not start with Trump.</s>
    <s id="14">President Richard Nixon’s unilateral decision in 1971 to abandon the gold standard was a major blow to the international monetary system.</s>
    <s id="15">The US Federal Reserve’s monetarist experiment in the late 1970s precipitated the Latin American debt crisis.</s>
    <s id="16">Arm-twisting with Japan in the 1980s circumvented established trade rules.</s>
    <s id="17">And in the aftermath of the 2008 global financial crisis, the Fed implemented quantitative easing despite protests that it was allowing the US to export deflation.</s>
  </p>
  <p id="7">
    <s id="18">Yet there is something different this time.</s>
    <s id="19">From the moment it inherited global leadership from the United Kingdom – symbolically with the signing of the Atlantic Charter in the summer of 1941 – until Trump was elected 75 years later, few could doubt that the US was the ultimate owner of the international economic regime.</s>
    <s id="20">Depending on timing and political conditions, it could fudge the rules or help enforce them; it could behave more selfishly or more generously; and it could pursue narrow, short-term interests or broad, long-term goals.</s>
    <s id="21">But whatever the US did, it remained the dominant shareholder of the global system.</s>
    <s id="22">And the rest of the world knew that perfectly well.</s>
  </p>
  <p id="8">
    <s id="23">There were strong geopolitical reasons for this stance.</s>
    <s id="24">Until the Cold War’s end, the system of rules and organizations that formed the institutional infrastructure of international trade, investment, and finance was considered by the US establishment to be vital to the prosperity of the “free world” and the containment of Soviet influence.</s>
    <s id="25">After the Soviet Union collapsed, the system served as a strategic means for integrating former communist countries into the international capitalist economy.</s>
  </p>
  <p id="9">
    <s id="26">Eventually, in the early 2000s, the global economic system came to be regarded as providing the best platform to accommodate China’s rise.</s>
    <s id="27">China was invited to join the club, with the implicit promise that after it had learned to play by the rules, it could contribute to amending them.</s>
    <s id="28">It would have a chance to participate in steering the international system, and gradually gain in power and influence.</s>
    <s id="29">China’s accession to the World Trade Organization in 2001 was an important milestone here.</s>
  </p>
  <p id="10">
    <s id="30">What has fundamentally changed with the Trump administration is not that it behaves more selfishly than its predecessors.</s>
    <s id="31">It is that it seems unconvinced that buttressing the global system serves US strategic interests.</s>
    <s id="32">Critically, it seems unconvinced that integrating China into this system and offering it a place at the top table is the best way to accommodate its rising economic might.</s>
  </p>
  <p id="11">
    <s id="33">For the rest of the world, the key question now is whether the global system is resilient enough to outlive its creator’s withdrawal.</s>
  </p>
  <p id="12">
    <s id="34">Superficially, the international economic consequences of Trump seem remarkably benign.</s>
    <s id="35">Concerns over currency wars have waned.</s>
    <s id="36">The global economy has not descended into a protectionist spiral.</s>
    <s id="37">Even the US withdrawal from the fragile Paris climate agreement has not resulted in its collapse.</s>
    <s id="38">On the contrary, all other leaders – starting with China’s President Xi Jinping – have confirmed their commitment to it, and 174 countries have formally ratified it.</s>
    <s id="39">Concerns in the security field look more serious, owing to disputes over the Iran nuclear agreement and uncertainty over the handling of North Korean missile launches.</s>
  </p>
  <p id="13">
    <s id="40">But the view that the economy, at least, is on firm ground is dangerously misguided, as it assumes that global economic rules and institutions have created the equivalent of an economic and financial constitution.</s>
    <s id="41">Indeed, the system remains too incomplete to self-regulate, and its functioning requires constant guidance and frequent discretionary initiatives.</s>
    <s id="42">This is why informal groupings like the G7 and the G20 remain essential: they provide the necessary political impetus.</s>
    <s id="43">But they, too, depend crucially on US backing and leadership.</s>
  </p>
  <p id="14">
    <s id="44">For example, it was not the rules of the system that offered a response to the 2008 crisis; it was a series of ad hoc initiatives – a standstill on trade protectionism, coordinated bank rescues, a global stimulus, and the provision of dollar liquidity through swap lines, to name only the main ones – that owed much to the US.</s>
    <s id="45">Absent its leadership and the initiatives of key players like the UK and France, the crisis would have been much worse.</s>
  </p>
  <p id="15">
    <s id="46">True, the other major players – Europe, China, India, and Japan – may eventually be able to exercise global leadership.</s>
    <s id="47">But, for the time being, they lack the will, the capacity, and the cohesion this would require.</s>
    <s id="48">So the world should be under no illusion.</s>
    <s id="49">To keep the boat on course after the pilot has left the wheel is one thing; to steer it in a storm is another matter.</s>
    <s id="50">Let’s hope the next storm does not gather too soon.</s>
  </p>
</document>
