<?xml version="1.0" encoding="utf-8"?>
<document>
  <HEADLINE>
    <s id="1">Where Is the World for the Palestinians?</s>
  </HEADLINE>
  <p id="1">
    <s id="2">AMMAN – It should come as no surprise that the proposed US peace agreement between Israel and the Palestinians bears all the hallmarks of a real-estate transaction.</s>
    <s id="3">This supposed “Deal of the Century” certainly embodies none of the ingredients of successful conflict resolution, including talking and listening, accommodation of core interests, and a compromise solution that the majority can support.</s>
    <s id="4">And how could it when the most important partners in the conversation – the Palestinians – were notable only by their absence, having been forced from the room by impossible demands.</s>
  </p>
  <p id="2">
    <s id="5">Project Syndicate commentators have once again shared some of their favorite books from the past year.</s>
    <s id="6">From economics, history, and long-form reporting to poetry and timely re-issues of old classics, all readers should find something of interest.</s>
  </p>
  <p id="3">
    <s id="7">Shortly after Jared Kushner’s laudable comment in May 2018 that the pursuit of peace is “the noblest pursuit of humankind,” the journalist Robert Fisk asked the right question about Kushner’s plan: “After three Arab-Israeli wars, tens of thousands of Palestinian deaths, and millions of refugees, does Kushner really believe that the Palestinians will settle for cash?”</s>
  </p>
  <p id="4">
    <s id="8">The cynical among us might conclude, with Chris Doyle, director of the Council for Arab-British Understanding, that “peace between Israelis and Palestinians is not a consideration.</s>
    <s id="9">It is just cosmetics.”</s>
    <s id="10">The US administration’s earlier actions – endorsement of Israel’s West Bank settlements, moving the US embassy to Jerusalem, and cutting funding for the United Nations Relief and Works Agency (which supports Palestinian refugees) – certainly suggest as much.</s>
    <s id="11">As Lara Friedman, President of the Foundation for Middle East Peace, put it in 2018: “It’s very clear that the overarching goal is to eliminate the Palestinian refugees as an issue by defining them out of existence.”</s>
    <s id="12">Kushner’s proposal does the same to the Palestinians as a whole and Palestine as a functioning entity.</s>
  </p>
  <p id="5">
    <s id="13">The proposal abandons all considerations of international law and numerous UN Security Council resolutions, instead suggesting that Palestinians should exchange their most fertile land for desert and accept a territory resembling a wedge of Gouda cheese, linked by bridges and tunnels and almost entirely surrounded by areas under Israeli sovereignty.</s>
    <s id="14">This is an affront to Palestinians’ dignity, not to mention their hopes and aspirations for the future.</s>
    <s id="15">Meanwhile, fears over the fate of Jerusalem and historic rights of sovereignty over the Holy Sites, must concern all Muslims worldwide.</s>
  </p>
  <p id="6">
    <s id="16">For much of my life, the crises of our region have been family problems.</s>
    <s id="17">At meetings between Israel’s future first president, Chaim Weizmann, and my late great uncle, King Faisal I, in the aftermath of World War I, the discussion was about a federated Arab state in the region, where Jews, Christians, and Muslims of Arab culture would live in a context of independence and coexistence.</s>
  </p>
  <p id="7">
    <s id="18">This was a vision that was also espoused by my grandfather, based on an irrevocable commitment to a vision of human dignity implying pluralism and equal rights for all faiths.</s>
    <s id="19">It was an enlightened vision, underpinned by strong moral beliefs, but it was also a structuralist vision – what Abba Eban, Israel’s foreign minister in the 1970s, termed a Benelux for the region.</s>
    <s id="20">And it is important to acknowledge that when Jordan gave nationality to the Palestinian Jordanians, it was on the basis that the Palestinians were a wadiyyah, a trust, and that their right to self-determination was not being prejudiced or denied.</s>
    <s id="21">It is hard not to wonder how differently things might have turned out had King Abdullah I of Jordan and later Israeli Prime Minister Yitzhak Rabin, also a great peacemaker, not been assassinated for their beliefs.</s>
  </p>
  <p id="8">
    <s id="22">Enjoy unlimited access to the ideas and opinions of the world's leading thinkers, including weekly long reads, book reviews, and interviews;</s>
    <s id="23">The Year Ahead annual print magazine; the complete PS archive; and more – All for less than $9 a month.</s>
  </p>
  <p id="9">
    <s id="24">I recall the heady days in the aftermath of Jordan’s 1994 peace treaty with Israel, when there was so much hope.</s>
    <s id="25">It sounds unimaginable today, but such was the goodwill back then that, having raised some $10 million in a telethon for humanitarian assistance to Bosnia, my late brother King Hussein was contacted by Rabin, who suggested we make it a joint initiative.</s>
    <s id="26">So, we flew in planes together.</s>
    <s id="27">On arrival, I moderated a press conference with Bosnians, Muslims, Croats, Serbs, and the Israeli delegates, all of whom had good reason not to feel particularly warm toward one another.</s>
    <s id="28">Still, the message was one of peace in the Balkans and peace in the Middle East.</s>
  </p>
  <p id="10">
    <s id="29">The cause of subsequent disappointment is twofold.</s>
    <s id="30">First, there was never a mechanism for the continuation of such visionary ideas.</s>
    <s id="31">And, second, although my own country, Jordan, did sign a peace treaty with Israel, it has remained a cold peace, because the groundwork to change peoples’ attitudes and involve them in the process has not been laid.</s>
    <s id="32">Thus, the cold peace has not developed into a warm one – a peace which goes beyond talking heads and engages all people.</s>
  </p>
  <p id="11">
    <s id="33">A quarter-century later, that goal feels further away than ever, and Kushner’s proposal won’t help.</s>
    <s id="34">“Sometimes you have to strategically risk breaking things in order to get there,” he said in 2018.</s>
    <s id="35">That crude sentiment, with its echo of Robespierre and Lenin, betrays a terrifying lack of understanding of the situation, and risks undermining all efforts to bring stability to this troubled region.</s>
  </p>
  <p id="12">
    <s id="36">Only last week we heard an Auschwitz survivor’s moving testimony.</s>
    <s id="37">“Where was the world?” she wanted to know.</s>
    <s id="38">I cannot but ask the same thing: Where will the world be for the Palestinians in the weeks and months to come?</s>
  </p>
</document>
