<?xml version="1.0" encoding="utf-8"?>
<document>
  <HEADLINE>
    <s id="1">Donald Trump’s North Korean Family Values</s>
  </HEADLINE>
  <p id="1">
    <s id="2">ATLANTA – With every new US president arriving in Washington, DC, come a handful of counselors and aides whose personal ties, built over years and forged in election campaigns, give them pride of place in the administration.</s>
    <s id="3">From the “Irish Brotherhood” that brought John F. Kennedy to office to the “Berlin Wall” that guarded Richard Nixon’s door, close friends and confidantes have often outdone the administration’s biggest names.</s>
    <s id="4">But no American president has ever brought to the White House an inner circle dominated by his family – until Donald Trump.</s>
  </p>
  <p id="2">
    <s id="5">Judging by Trump’s business history and presidential campaign – which featured few, if any, intimates outside his family – his adult children will have a major hand in his administration’s decisions, despite their lack of experience in international and domestic affairs.</s>
    <s id="6">After hiring and firing personnel and shaping strategy during the election campaign, Trump’s children have remained front and center in his transition team.</s>
    <s id="7">His daughter, Ivanka, joined the president-elect’s tête-à-tête with Japan’s Prime Minister Shinzo Abe.</s>
    <s id="8">His son, Donald, Jr., played a role in picking Congressman Ryan Zinke to be Secretary of the Interior in the new administration.</s>
  </p>
  <p id="3">
    <s id="9">Now, Trump is taking his dynasty to the White House.</s>
    <s id="10">Ivanka is set to take over the First Lady’s office there.</s>
    <s id="11">Her husband, the real-estate investor Jared Kushner, just might be suited, if only in the eyes of his father-in-law, to serve as a special envoy to broker peace in the Middle East.</s>
    <s id="12">Yes, Donald, Jr. and his brother, Eric, will remain in New York to run the Trump Organization, which oversees their father’s diverse businesses; but Trump’s claim that his sons will remain at arm’s length strains credulity.</s>
  </p>
  <p id="4">
    <s id="13">All of this has spurred questions about the Trump children’s capacity to leverage their father’s presidency to benefit the family business, with many fixating on whether Trump is violating conflict-of-interest or anti-nepotism rules.</s>
    <s id="14">But Trump regards such questions as essentially moot.</s>
  </p>
  <p id="5">
    <s id="15">That is not surprising.</s>
    <s id="16">Trump’s management model has long been underpinned by a hereditary inner circle.</s>
    <s id="17">His adult children have spent their lives being groomed and promoted, and have operated at the pinnacle of the Trump Organization for years.</s>
    <s id="18">They now occupy three of the company’s board seats, with Trump occupying a fourth.</s>
    <s id="19">Given their standing in the company, and their relationship with their father, their influence in his administration should not be in doubt.</s>
  </p>
  <p id="6">
    <s id="20">The remaining top-level positions are filled by long-time family retainers who, on average, have 17 years on the job.</s>
    <s id="21">Several have spent three decades at Trump’s elbow.</s>
    <s id="22">Compared to public companies of comparable size, the Trump Organization’s dynastic C-Suite and the longevity of its consiglieri are striking.</s>
    <s id="23">The lesson for any administration appointee should be clear: only loyalty comes close to heredity in winning and holding an executive role.</s>
  </p>
  <p id="7">
    <s id="24">The record of the modern US presidency sheds little light on whether Trump’s family-driven leadership style will work.</s>
    <s id="25">Yet Trump is unlikely to weigh the pros and cons of stacking his inner circle with family members, not least because of his own experience: ever since his father brought him into the family business, he has never worked anywhere else.</s>
  </p>
  <p id="8">
    <s id="26">Moreover, Trump is far from the only corporate boss who prefers to keep leadership “all in the family.”</s>
    <s id="27">A 2016 study by the Boston Consulting Group found that one-third of American companies with annual revenue of $1 billion or more are family-owned.</s>
    <s id="28">Of those, 40% are family-run.</s>
  </p>
  <p id="9">
    <s id="29">There is also plenty of precedent for family-based leadership in government, though not in developed democracies.</s>
    <s id="30">From Kazakhstan to Congo, blood binds together ruling elites who share the spoils, guard against usurpers, and ensure that their children succeed them in power.</s>
  </p>
  <p id="10">
    <s id="31">While it may seem far-fetched to compare the Trumps to, say, the Kims of North Korea – the world’s longest-running family dictatorship – plenty of similarities are likely to emerge.</s>
    <s id="32">Some already have.</s>
  </p>
  <p id="11">
    <s id="33">The first rule of family dictatorships is that loyalty matters above all else.</s>
    <s id="34">Like the histrionic pledges of support required from North Korean commissars and generals for their leader Kim Jong-un, the Trump White House is likely to demand unswerving fealty to the clan.</s>
  </p>
  <p id="12">
    <s id="35">That message has already been received loud and clear by incoming White House Chief of Staff Reince Priebus and Chief Strategist Steve Bannon.</s>
    <s id="36">Both have repeatedly affirmed their admiration for Kushner and vowed that he will be deeply involved in decisions, despite his utter lack of experience.</s>
  </p>
  <p id="13">
    <s id="37">Second, tasks beat titles.</s>
    <s id="38">Like Kim, who has ignored the pecking order of the ruling Workers’ Party of Korea to give his sister and brother high-ranking positions, Trump is likely to entrust his offspring with key assignments.</s>
    <s id="39">While nepotism laws will probably rule out official presidential appointments for Trump’s children and their spouses, that won’t matter much in practice; their de facto clout, as well as Trump’s own priorities, will quickly become apparent.</s>
    <s id="40">Indeed, their influence in advancing Trump’s major goals could easily overwhelm that of cabinet-level appointees, who would be wise to accommodate them.</s>
  </p>
  <p id="14">
    <s id="41">Third, there will be unexpected promotions and abrupt purges.</s>
    <s id="42">In North Korea, all of this dictated from the top.</s>
    <s id="43">In his reality television persona, Trump’s enthusiastic firings and occasional Cinderella-like promotions of low-level employees provide an obvious parallel.</s>
    <s id="44">Under Trump, as under Kim, sputtering or failed policies are likely to have personnel consequences, though only those outside the family will face them.</s>
  </p>
  <p id="15">
    <s id="45">Two weeks before the election, one of the Trump campaign’s top employees, Brad Parscale, suggested how a Trump White House would function.</s>
    <s id="46">“My loyalty is to the family,” Parscale said.</s>
    <s id="47">No one in Kim’s family could put it more succinctly.</s>
  </p>
</document>
