<?xml version="1.0" encoding="utf-8"?>
<document>
  <HEADLINE>
    <s id="1">Trump the Ideologue?</s>
  </HEADLINE>
  <p id="1">
    <s id="2">LONDON – Historians may come to see the American actor Alec Baldwin as US President Donald Trump’s most useful ally.</s>
    <s id="3">Baldwin’s frequent and widely viewed impersonations of Trump on the comedy show “Saturday Night Live” turn Trumpism into a farce, blinding the president’s political opponents to the seriousness of his ideology.</s>
  </p>
  <p id="2">
    <s id="4">Of course, politicians are parodied all the time.</s>
    <s id="5">But with Trump, there is already a tendency not to take his politics seriously.</s>
    <s id="6">The form of those politics – unhinged tweet-storms, bald-faced lies, racist and misogynistic pronouncements, and blatant nepotism – is so bizarre and repugnant to the bureaucratic class that it can overshadow the substance.</s>
  </p>
  <p id="3"></p>
  <p id="4">
    <s id="7">Even those who seem to take Trump seriously are failing to get to the root of Trumpism.</s>
    <s id="8">Democrats are so infuriated by his misogyny and xenophobia that they fail to understand how he connects with many of their former supporters.</s>
    <s id="9">As for establishment Republicans, they are so keen to have a “Republican” in office implementing traditional conservative policies – such as deregulation and tax cuts – that they overlook the elements of his agenda that upend their orthodoxies.</s>
  </p>
  <p id="5">
    <s id="10">Part of the problem may be that Trump has come out on both sides of most major debates, championing a brand of politics that privileges intensity over consistency.</s>
    <s id="11">This may cause Trump-watchers to dismiss attempts to establish an ideological foundation for Trumpism – such as Julius Krein’s new journal American Affairs – as hopelessly oxymoronic.</s>
    <s id="12">But the fact that Trump is no ideologue does not mean he cannot be a conduit for a new ideology.</s>
  </p>
  <p id="6">
    <s id="13">The British political establishment learned this lesson the hard way.</s>
    <s id="14">For years, conservatives and liberals alike underestimated Thatcherism.</s>
    <s id="15">They failed to see that behind Margaret Thatcher’s blonde hair and shrill voice was a revolutionary politics that reflected and accelerated fundamental social and economic changes.</s>
  </p>
  <p id="7">
    <s id="16">Thatcher, like Trump, was no philosopher.</s>
    <s id="17">But she didn’t have to be.</s>
    <s id="18">She merely had to attract people capable of refining the ideology and policy program that would eventually bear her name.</s>
    <s id="19">And that is precisely what she did.</s>
  </p>
  <p id="8">
    <s id="20">Apart from those ideologues, the first to grasp the significance of Thatcher’s political project were on the far left: the magazine Marxism Today coined the term “Thatcherism” in 1979.</s>
    <s id="21">These left-wing figures saw what those in the mainstream didn’t: Thatcher’s fundamental challenge to the economic and social structures that had been widely accepted since World War II.</s>
  </p>
  <p id="9">
    <s id="22">An editor of that magazine, Martin Jacques, who did as much as anyone at the time to provide a theoretical understanding of Thatcherism, recently explained to me why its significance was so often overlooked.</s>
    <s id="23">“Political analysis at that time was very psephological and institutional,” he said.</s>
    <s id="24">With its focus on “the performance of political parties,” he explained, it missed “the deeper changes across society.”</s>
  </p>
  <p id="10">
    <s id="25">There are powerful parallels between the late 1970s and the present.</s>
    <s id="26">Just as Thatcher recognized growing dissatisfaction with the old order and gave voice to ideas that had been languishing on the margins, Trump has acknowledged and, to some extent, vindicated the anguish and anger of a large segment of the working class who are fed up with long-established systems.</s>
  </p>
  <p id="11">
    <s id="27">Also like Thatcher, Trump has attracted ideologues ready and willing to define Trumpism for him.</s>
    <s id="28">Front and center is Stephen Bannon, the former executive chairman of Breitbart News, the ultra-nationalist home of the racist alt-right, who now serves as Trump’s chief strategist.</s>
  </p>
  <p id="12">
    <s id="29">Speaking at the Conservative Political Action Conference, Bannon defined Trumpism in terms of national security and sovereignty, economic nationalism, and the “deconstruction of the administrative state.”</s>
    <s id="30">As he put it, “[W]e’re a nation with an economy.</s>
    <s id="31">Not an economy just in some global marketplace with open borders.”</s>
  </p>
  <p id="13">
    <s id="32">This reflects a fundamental conflict between Thatcherism and Trumpism: the latter aims to sweep away the neoliberal consensus of unregulated markets, privatization, free trade, and immigration that comprised the former.</s>
    <s id="33">But, even if the ideas are different, the tactics are the same.</s>
  </p>
  <p id="14">
    <s id="34">To consolidate support, Thatcher would go head-to-head with carefully selected enemies – from British miners to Argentina’s president, General Leopoldo Galtieri, to the bureaucrats in Brussels.</s>
    <s id="35">Similarly, as the Hudson Institute’s Craig Kennedy recently told me, “Bannon wants to radicalize the anti-Trump liberals into fighting for causes which alienate them from mainstream America.”</s>
    <s id="36">Every time Trump’s opponents march for women, Muslims, or sexual minorities, they fortify Trump’s core support base.</s>
  </p>
  <p id="15">
    <s id="37">Jacques argues that the British Labour Party’s failure fully to come to terms with Thatcherism is the main reason it spent almost two decades in the political wilderness.</s>
    <s id="38">He believes that Prime Minister Tony Blair was the first leader to recognize Thatcherism for what it was: a new ideology that upended long-held rules and assumptions.</s>
    <s id="39">But, Jacques asserts, Blair merely adjusted to the new ideology, rather than attempting to change it.</s>
  </p>
  <p id="16">
    <s id="40">None of this bodes well for Trump’s opponents, who are still a long way from recognizing the ideological implications of his presidency.</s>
    <s id="41">Indeed, they remain so distracted by Trump’s apparent lack of leadership skill and even mental capacity – which, to be sure, cannot compare to that displayed by Thatcher – that they have yet to grasp the depth of the divisions and neuroses that Trump has exposed.</s>
  </p>
  <p id="17">
    <s id="42">It might be cathartic to call Trump an idiot, to laugh at his misspelled tweets and taped-up tie, but the implications of his presidency are serious.</s>
    <s id="43">If Trump’s progressive opponents fail to engage seriously with the forces that Trump’s victory reflected and reinforced – in particular, the backlash against neoliberalism – not even impeachment will be enough to put the Trumpian genie back in its bottle.</s>
  </p>
</document>
