<?xml version="1.0" encoding="utf-8"?>
<document>
  <HEADLINE>
    <s id="1">America’s Debilitating Middle-East Obsession</s>
  </HEADLINE>
  <p id="1">
    <s id="2">NEW DELHI – “Great nations do not fight endless wars,” US President Donald Trump declared in his 2019 State of the Union speech.</s>
    <s id="3">He had a point: military entanglements in the Middle East have contributed to the relative decline of American power and facilitated China’s muscular rise.</s>
    <s id="4">And yet, less than a year after that speech, Trump ordered the assassination of Iran’s most powerful military commander, General Qassem Suleimani, bringing the United States to the precipice of yet another war.</s>
    <s id="5">Such is the power of America’s addiction to interfering in the chronically volatile Middle East.</s>
  </p>
  <p id="2">
    <s id="6">Project Syndicate commentators have once again shared some of their favorite books from the past year.</s>
    <s id="7">From economics, history, and long-form reporting to poetry and timely re-issues of old classics, all readers should find something of interest.</s>
  </p>
  <p id="3">
    <s id="8">The US no longer has vital interests at stake in the Middle East.</s>
    <s id="9">Shale oil and gas have made the US energy independent, so safeguarding Middle Eastern oil supplies is no longer a strategic imperative.</s>
    <s id="10">In fact, the US has been supplanting Iran as an important source of crude oil and petroleum products for India, the world’s third-largest oil consumer after America and China.</s>
    <s id="11">Moreover, Israel, which has become the region’s leading military power (and its only nuclear-armed state), no longer depends on vigilant US protection.</s>
  </p>
  <p id="4">
    <s id="12">The US does, however, have a vital interest in resisting China’s efforts to challenge international norms, including through territorial and maritime revisionism.</s>
    <s id="13">That is why Trump’s predecessor, Barack Obama, promised a “pivot to Asia” early in his presidency.</s>
  </p>
  <p id="5">
    <s id="14">But Obama failed to follow through on his plans to shift America’s foreign-policy focus from the Middle East.</s>
    <s id="15">On the contrary, the Nobel Peace Prize laureate staged military campaigns everywhere from Syria and Iraq to Somalia and Yemen.</s>
    <s id="16">In Libya, his administration sowed chaos by overthrowing strongman Muammar el-Qaddafi in 2011.</s>
    <s id="17">In Egypt, Obama hailed President Hosni Mubarak’s 2011 ouster.</s>
  </p>
  <p id="6">
    <s id="18">Yet in 2013, when the military toppled Mubarak’s democratically elected successor, Mohamed Morsi, Obama opted for non-intervention, refusing to acknowledge it as a coup, and suspended US aid only briefly.</s>
    <s id="19">This reflected the Obama administration’s habit of selective non-intervention – the approach that encouraged China, America’s main long-term rival, to become more aggressive in pursuit of its claims in the South China Sea, including building and militarizing seven artificial islands.</s>
  </p>
  <p id="7">
    <s id="20">Trump was supposed to change this.</s>
    <s id="21">He has repeatedly derided US military interventions in the Middle East as a colossal waste of money, claiming the US has spent $7 trillion since the terrorist attacks of September 11, 2001.</s>
    <s id="22">(Brown University’s Costs of War Project puts the figure at $6.4 trillion.)</s>
    <s id="23">“We have nothing – nothing except death and destruction.</s>
    <s id="24">It’s a horrible thing,” Trump said in 2018.</s>
  </p>
  <p id="8">
    <s id="25">Enjoy unlimited access to the ideas and opinions of the world's leading thinkers, including weekly long reads, book reviews, and interviews;</s>
    <s id="26">The Year Ahead annual print magazine; the complete PS archive; and more – All for less than $9 a month.</s>
  </p>
  <p id="9">
    <s id="27">Furthermore, the Trump administration’s national-security strategy recognizes China as a “strategic competitor” – a label that it subsequently replaced with the far blunter “enemy.”</s>
    <s id="28">And it has laid out a strategy for curbing Chinese aggression and creating a “free and open” Indo-Pacific region stretching “from Bollywood to Hollywood.”</s>
  </p>
  <p id="10">
    <s id="29">Yet, as is so often the case, Trump’s actions have directly contradicted his words.</s>
    <s id="30">Despite his anti-war rhetoric, Trump appointed war-mongering aides like Secretary of State Mike Pompeo, who has been described as a “hawk brimming with bravado and ambition,” and former National Security Adviser John Bolton, who in 2015 wrote an op-ed called “To Stop Iran’s Bomb, Bomb Iran.”</s>
  </p>
  <p id="11">
    <s id="31">Perhaps it should be no surprise, then, that Trump has pursued a needlessly antagonistic approach to Iran.</s>
    <s id="32">The escalation began early in his presidency, when he withdrew the US from the 2015 Iran nuclear deal (which Iran had not violated), re-imposed sanctions, and pressured America’s allies to follow suit.</s>
    <s id="33">Furthermore, since last May, Trump has deployed 16,500 additional troops to the Middle East and sent an aircraft-carrier strike group to the Persian Gulf, instead of the South China Sea.</s>
    <s id="34">The assassination of Suleimani was part of this pattern.</s>
  </p>
  <p id="12">
    <s id="35">Like virtually all of America’s past interventions in the Middle East, its Iran policy has been spectacularly counterproductive.</s>
    <s id="36">Iran has announced that it will disregard the nuclear agreement’s uranium-enrichment limits.</s>
    <s id="37">Trump’s sanctions have increased the oil-import bill of US allies like India and deepened Iran’s ties with China, which has continued to import Iranian oil through private companies and invest billions of dollars in Iran’s oil, gas, and petrochemical sectors.</s>
  </p>
  <p id="13">
    <s id="38">Beyond Iran, Trump has failed to extricate the US from Afghanistan, Syria, or Yemen.</s>
    <s id="39">His administration has continued to support the Saudi-led bombing campaign against Yemen’s Houthi rebels with US military raids and sorties.</s>
    <s id="40">As a result, Yemen is enduring the world’s worst humanitarian crisis.</s>
  </p>
  <p id="14">
    <s id="41">Trump did order troops to leave Syria last October, but with so little strategic planning that the Kurds – America’s most loyal ally in the fight against the Islamic State (ISIS) – were left exposed to an attack from Turkey.</s>
    <s id="42">This, together with his effort to strike a Faustian bargain with the Afghan Taliban (which is responsible for the world’s deadliest terrorist attacks), threatens to reverse his sole achievement in the Middle East: dramatically diminishing ISIS’s territorial holdings.</s>
  </p>
  <p id="15">
    <s id="43">Making matters worse, after ordering the Syrian drawdown, Trump approved a military mission to secure the country’s oil fields.</s>
    <s id="44">The enduring oil fixation also led Trump last April to endorse Libyan warlord Khalifa Haftar, just as Haftar began laying siege to the capital, Tripoli.</s>
  </p>
  <p id="16">
    <s id="45">The Trump administration is unlikely to change course any time soon.</s>
    <s id="46">In fact, it has now redefined the Indo-Pacific region as extending “from California to Kilimanjaro,” thus specifically including the Persian Gulf.</s>
    <s id="47">With this change, the Trump administration is attempting to uphold the pretense that its interventions in the Middle East serve US foreign-policy goals, even when they undermine those goals.</s>
  </p>
  <p id="17">
    <s id="48">As long as the US remains mired in “endless wars” in the Middle East, it will be unable to address in a meaningful way the threat China poses.</s>
    <s id="49">Trump was supposed to know this.</s>
    <s id="50">And yet, his administration’s commitment to a free and open Indo-Pacific seems likely to lose credibility, while the cycle of self-defeating American interventionism in the Middle East appears set to continue.</s>
  </p>
</document>
