<?xml version="1.0" encoding="utf-8"?>
<document>
  <HEADLINE>
    <s id="1">America Does Not Need a Rabbi-in-Chief</s>
  </HEADLINE>
  <p id="1">
    <s id="2">JERUSALEM – If anything is sacred to Americans, it is the US Constitution, the founding document that contains the country’s source code.</s>
    <s id="3">Sadly, one of that code’s key components – the First Amendment – is under attack from an aggressive virus unleashed from within the White House.</s>
  </p>
  <p id="2">
    <s id="4">Following its targeted killing of Iran's second most powerful leader, the US could well find itself with no alternative but to devote more military resources to the Middle East, a path that could lead to additional Iranian provocations.</s>
    <s id="5">And that shift would occur at a time of growing challenges to US interests elsewhere in the world.</s>
  </p>
  <p id="3">
    <s id="6">The targeted killing by the United States of one of Iran's top military leaders represents a significant symbolic defeat for the Iranian regime, but it does not augur all-out war.</s>
    <s id="7">After all, Iran and the US have already been at war for decades, and neither side has an interest in an uncontrolled military escalation now.</s>
  </p>
  <p id="4">
    <s id="8">As in previous years, Project Syndicate asked its commentators to offer their best guesses about the events and trends that will define the coming 12 months.</s>
    <s id="9">If there is one common theme in this year's selection, it is that what happens in 2020 will weigh on the present for many years to come.</s>
  </p>
  <p id="5">
    <s id="10">In 1802, America’s third president, Thomas Jefferson, wrote that “religion is a matter which lies solely between Man &amp; his God.”</s>
    <s id="11">Offering assurances to a group of Connecticut Baptists who feared for their religious liberty, he pointed out that the First Amendment’s Establishment Clause and Free Exercise Clause built “a wall of separation between Church &amp; State.”</s>
    <s id="12">That barrier is cracking badly now, owing to the actions of Jefferson’s two most recent successors, Barack Obama and Donald Trump.</s>
  </p>
  <p id="6">
    <s id="13">It has been strange – and frightening – for Jews to see American presidents adjudicating between “good” and “bad” Jews.</s>
    <s id="14">The question of “who is a Jew” has long been a mainstay of political debates in Israel, whose Law of Return extends citizenship to Jews who immigrate there, but personal beliefs have no bearing on that conversation.</s>
    <s id="15">For matters of faith now to be put under a microscope in the US is unconscionable.</s>
    <s id="16">Whether or not the responsible parties have the Jewish people’s best interests at heart is no excuse for this behavior.</s>
  </p>
  <p id="7">
    <s id="17">Obama’s progressive agenda meshed perfectly with that of liberal Jews.</s>
    <s id="18">“I’m told the definition of the Democratic Party is Reform Judaism without the holidays,” he reportedly quipped backstage at the Union for Reform Judaism’s biennial conference in 2011.</s>
    <s id="19">“Well, that makes me a Reform Jew.”</s>
    <s id="20">That denomination’s elasticity and inclusiveness – known in-house as “audacious hospitality” – made its adherents natural allies of a president with a universalist worldview.</s>
    <s id="21">Reform Judaism’s central tenets that “all human beings are created in the image of God” and that “we are God’s partners in improving the world” (tikkun olam) jibed seamlessly with the Obama administration’s agenda.</s>
  </p>
  <p id="8">
    <s id="22">But Israel didn’t get the memo.</s>
    <s id="23">In 2013, after four years of sparring with Prime Minister Binyamin Netanyahu’s hawkish government, Obama made his first visit as president to Israel.</s>
    <s id="24">Talking up the virtues of tikkun olam in Jerusalem, he advised his audience that “the Palestinian people’s right to self-determination, their right to justice, must also be recognized.”</s>
  </p>
  <p id="9">
    <s id="25">That appeal fell with a thud into the growing chasm between America – including the roughly 75% of American Jews who supported Obama – and Israel.</s>
    <s id="26">Obama’s subsequent remarks celebrating Jewish American Heritage Month in 2015 signaled unequivocally to his Israeli critics that, in his view, they were substandard Jews.</s>
    <s id="27">“The rights of the Jewish people then compel me,” he reasoned, “to think about a Palestinian child in Ramallah that feels trapped without opportunity.</s>
    <s id="28">That’s what Jewish values teach me.”</s>
  </p>
  <p id="10">
    <s id="29">Trump’s flagrant interference in Jewish affairs has since rocked the US Jewish community to its core.</s>
    <s id="30">Influenced by his coterie of Orthodox Jewish and Evangelical Christian enthusiasts, he has adopted a Scripture-centric view of the Jewish people and the State of Israel in which the two concepts are regularly conflated.</s>
    <s id="31">This month, he tweeted a note of thanks to Wayne Allyn Root, a self-professed “Jew turned evangelical Christian,” for pronouncing him “the greatest President for Jews and for Israel in the history of the world.”</s>
  </p>
  <p id="11">
    <s id="32">For Trump, the sine qua non of Judaism is the execution of the Jewish people’s biblical deed to the land of Israel.</s>
    <s id="33">With the wind of his religious conservative base at his back, he has formally recognized Jerusalem as modern Israel’s capital, and the Golan Heights as an integral “part of the State of Israel.”</s>
    <s id="34">He touts these and similar actions to defend himself against charges of anti-Semitism.</s>
    <s id="35">Trump’s claim that Israel and the Jews have never had a better friend has even received the backing of Netanyahu’s son.</s>
  </p>
  <p id="12">
    <s id="36">Most recently, Trump tweeted that Rashida Tlaib, a Democratic member of the House of Representatives from Michigan, “hates Israel and all Jewish people.”</s>
    <s id="37">After declaring her and three other female congressional freshmen (all members of the so-called Squad) to be “the new face of the Democrat Party,” he went on to suggest that Obama’s favored Jews are actually inferior Jews.</s>
    <s id="38">“If you want to vote Democrat,” Trump proclaimed the following day, “you are being very disloyal to Jewish people and very disloyal to Israel.”</s>
  </p>
  <p id="13">
    <s id="39">The situation is spiraling out of control.</s>
    <s id="40">Bestowing the status of “good Jew” – or, for that matter, “good Christian” or “good Muslim” – on some segment of the electorate is not part of a US president’s job.</s>
    <s id="41">It is particularly offensive when such titles are reserved exclusively for political allies of the White House.</s>
    <s id="42">Equally disturbing is the tendency of Republicans and Democrats alike to condemn anti-Semitism only when it emanates from the other party, thereby exposing their own cynical apathy toward an age-old plague.</s>
  </p>
  <p id="14">
    <s id="43">The weaponization of Judaism is weakening the US, Israel, and the Jewish people.</s>
    <s id="44">It is dissolving the bonds – E pluribus unum (“out of many, one”) – that hold America together, and making it impossible for the US to gain the trust of international partners.</s>
    <s id="45">It has jeopardized the critically important bipartisan US support for Israel, compromising the Jewish state’s security and prosperity.</s>
    <s id="46">And it has sown division and discord among Jews themselves.</s>
  </p>
  <p id="15">
    <s id="47">America does not need a Rabbi-in-Chief.</s>
  </p>
</document>
