<?xml version="1.0" encoding="utf-8"?>
<document>
  <HEADLINE>
    <s id="1">The People vs. Donald Trump</s>
  </HEADLINE>
  <p id="1">
    <s id="2">WASHINGTON, DC – In American politics, the next election is all that matters.</s>
    <s id="3">Despite the Republicans’ big win in November 2016, US President Donald Trump’s ability to pass legislation still depends on what congressional Republicans expect to see happen in the November 2018 midterm election.</s>
    <s id="4">Owing to a major shift in public sentiment in the past few months, many Democrats are now convinced that they will win seats, and potentially reclaim control of the House of Representatives.</s>
  </p>
  <p id="2">
    <s id="5">One can already see grassroots activism gaining momentum in congressional districts that would not have seemed competitive just five months ago.</s>
    <s id="6">For example, in California’s 45th district (in the traditionally conservative Orange County), University of California, Irvine, law professor Dave Min is taking on the incumbent Republican, Mimi Walters.</s>
    <s id="7">This past November, Walters was reelected with 58.6% of the vote, but her district favored Hillary Clinton over Donald Trump by two percentage points.</s>
  </p>
  <p id="3">
    <s id="8">This kind of House seat can easily flip to the Democrats in 2018, if a candidate like Min can persuade voters that Walters is out of touch – and too close to Trump.</s>
    <s id="9">So Min has highlighted Walters’ support for Trump’s attempt to “repeal and replace” the Affordable Care Act (“Obamacare”), as well as her backing for his broader budget-cutting agenda.</s>
    <s id="10">Moreover, her positions on many social issues seem quite distant from those of her constituency.</s>
  </p>
  <p id="4">
    <s id="11">Min’s catchphrase has become “Where’s Mimi?”, because Walters has always seemed to avoid town hall meetings with constituents, even before growing anti-Trump anger made such occasions especially awkward for Republicans.</s>
    <s id="12">And the anti-Trump protests occurring throughout the country have been sustaining their energy.</s>
  </p>
  <p id="5">
    <s id="13">Indeed, recent special elections in Kansas and Georgia showed that no Republican seat is necessarily safe.</s>
    <s id="14">In the race for Kansas’s 4th district seat, the Republican candidate Ron Estes won by less than ten percentage points in a constituency that Trump carried by 27 – and only after the national party was forced to mobilize massive resources on his behalf.</s>
    <s id="15">And in the race for Georgia’s 6th district seat, Jon Ossoff, a Democrat, gained more votes than any other candidate, falling just short of the 50% threshold that he needed to win outright.</s>
  </p>
  <p id="6">
    <s id="16">The Georgia special election will now be decided in a runoff.</s>
    <s id="17">And yet the ultimate result doesn’t really matter, because the general swing in support away from Republicans is already evident.</s>
    <s id="18">The Democrats need to flip only 24 seats to regain control of the House.</s>
    <s id="19">Right now, that seems entirely feasible.</s>
  </p>
  <p id="7">
    <s id="20">Trump, meanwhile, is unwittingly energizing the opposition by doubling down on his policies.</s>
    <s id="21">He may attempt, yet again, to repeal Obamacare.</s>
    <s id="22">He is proposing tax cuts for the rich that will significantly increase deficits and the national debt.</s>
    <s id="23">And he is pursuing various forms of financial deregulation – either through legislation, or by appointing regulators who are prone to capture – that will favor big banks.</s>
  </p>
  <p id="8">
    <s id="24">In the early days of Trump’s presidency, it looked as though he could receive some support from congressional Democrats who were worried about 2018.</s>
    <s id="25">Now, that dynamic has been completely reversed.</s>
    <s id="26">Any Democrat who is up for reelection in 2018 will be standing firmly against Trump.</s>
  </p>
  <p id="9">
    <s id="27">Without Democratic support, Trump will have a hard time passing the legislation that he has chosen to define his presidency.</s>
    <s id="28">If parts of his legislative program do pass, they will become a further source of grievance, and candidates like Min will likely receive more donations.</s>
    <s id="29">At the same time, if parts of his legislative program fail, Republican incumbents like Walters will look weak and ineffective.</s>
  </p>
  <p id="10">
    <s id="30">To be sure, Republican incumbents will be raising a great deal of money, so the outcome of the 2018 midterm election is not a foregone conclusion.</s>
    <s id="31">But Democratic fundraising will also be strong, and Democratic challengers in places like California’s 45th district will attract money and volunteers from around the country, not least with the help of new political technologies.</s>
  </p>
  <p id="11">
    <s id="32">Groups such as Credo Action – the advocacy arm of a progressive mobile-phone company that uses its revenues to support five million activists – are already showing the way.</s>
    <s id="33">Credo Action’s website includes an easy-to-use menu to express one’s support on a range of issues.</s>
  </p>
  <p id="12">
    <s id="34">Likewise, Run for Something is working to fill the pipeline of Democratic candidates at all levels.</s>
    <s id="35">Flippable is focusing specifically on seats that can be reclaimed (although they might want to add California’s 45th district).</s>
    <s id="36">And Indivisible is distributing an already widely read guide for resisting Trump, with an emphasis on grassroots advocacy and community organizing.</s>
  </p>
  <p id="13">
    <s id="37">These and many other progressive voter-mobilization efforts overlap in certain ways, and they are all competing for attention.</s>
    <s id="38">The buzz of new organization and strategies recalls nothing so much as a dynamic start-up industry with many new entrants, which, in a sense, is exactly what the anti-Trump resistance has become.</s>
  </p>
  <p id="14">
    <s id="39">The difference, of course, is that, rather than competing to make money, these organizations are encouraging civic engagement, and trying to get more people to vote for Democrats as a rebuke to Trump.</s>
    <s id="40">This competitive process is already laying the groundwork for more effective political activism not just in 2018, but also in 2020, when the forces emerging today will seek to disrupt Trump himself.</s>
  </p>
</document>
