<?xml version="1.0" encoding="utf-8"?>
<document>
  <HEADLINE>
    <s id="1">Turkey and the Future of Europe</s>
  </HEADLINE>
  <p id="1">
    <s id="2">LONDON – This is my last column for a while.</s>
    <s id="3">I am off to become Chairman of the BBC Trust – the strategic authority of one of the greatest broadcasting organizations in the world.</s>
    <s id="4">So I have to take a Sicilian vow of omerta on controversial issues for the term of my chairmanship.</s>
    <s id="5">That makes for boring commentary: better to put down my pen.</s>
  </p>
  <p id="2">
    <s id="6">It’s in my hand on this occasion as I look out over the Bosphorus on a glittering March morning.</s>
    <s id="7">Yesterday, there were flurries of snow in Istanbul.</s>
    <s id="8">But today the sun glints across the water to the Asian coastline of the city; the seagulls bank in the breeze; a great liner sails majestically north towards the Black Sea.</s>
    <s id="9">It’s a “good-to-be-alive” sort of day.</s>
  </p>
  <p id="3">
    <s id="10">But I always feel like that in Istanbul, a great city where so much world history has been forged.</s>
    <s id="11">And it’s the city where Europe’s future may be shaped – Istanbul, not Brussels, Paris, or Berlin.</s>
    <s id="12">Let me explain.</s>
  </p>
  <p id="4">
    <s id="13">Europe’s current political identity emerged from its recent history.</s>
    <s id="14">In the nineteenth century, the Continent’s share of the world’s population increased from one-fifth to one-quarter.</s>
    <s id="15">That helped European countries dominate the century as expansionist colonial powers.</s>
    <s id="16">But it also created competitive pressures for living space, with much of the struggle crystalizing in the antagonism between France and an emerging Germany.</s>
  </p>
  <p id="5">
    <s id="17">The result was three wars in 70 years.</s>
    <s id="18">You can see the consequences in the sprawling cemeteries of northern and eastern France and the borderlands of central Europe.</s>
    <s id="19">And we dragged others into our struggles.</s>
    <s id="20">Look at all the Indian names carved on the memorial arches in Picardy.</s>
    <s id="21">I recall the war memorial in a tiny village north of Queenstown in the heart of “Lord of the Rings” country on the South Island of New Zealand.</s>
    <s id="22">Thousands of miles from the bloody fields of France, 26 young New Zealanders who died there are remembered on a granite cross.</s>
  </p>
  <p id="6">
    <s id="23">So, in the days when Europe worshipped Mars, the God of War, the rest of the world was often drawn into our continental battles.</s>
    <s id="24">We Europeans were dangerous to each other, and it was often even more dangerous to be one of our friends.</s>
  </p>
  <p id="7">
    <s id="25">The creation of the European Union was how we Europeans tried to prevent another war.</s>
    <s id="26">France and Germany were joined at the hip – economic cooperation was meant to lead to closer political union.</s>
    <s id="27">Around this historic compromise other countries circled, including those, like the United Kingdom, that were originally skeptical of the entire enterprise.</s>
    <s id="28">We were already all drawn toward it, and our peace and prosperity were consolidated.</s>
  </p>
  <p id="8">
    <s id="29">It worked far better than the doubters ever imagined was possible – indeed, perhaps even better than its progenitors expected.</s>
    <s id="30">A vast single market was created.</s>
    <s id="31">Sovereignty was shared and transformed in areas like trade and the environment.</s>
    <s id="32">A union with 7% of the world’s population produced 22% of its output, a larger share than the United States, almost twice that of China, and 4-5 times that of India.</s>
  </p>
  <p id="9">
    <s id="33">The European economic giant aspired to a global political role, but here reality swept in.</s>
    <s id="34">The Mars of the twentieth century is a lot less sure of itself in the twenty-first.</s>
    <s id="35">Until the United Nations-backed Libyan intervention, Europe seemed increasingly a bystander in international affairs, and even its participation in Libya is largely a Franco-British affair, with Germany opting out and choosing a quiet life.</s>
  </p>
  <p id="10">
    <s id="36">So what is the point of Europe today?</s>
    <s id="37">Tell my children that the EU is there to prevent us from fighting one another again, and their reply is blunt: “Of course we are not going to fight.”</s>
    <s id="38">Europe’s moral purpose today is an existential question that all Europeans must consider.</s>
  </p>
  <p id="11">
    <s id="39">For me the answer is to be found in Turkey.</s>
    <s id="40">Europe with Turkey as a member would naturally be a more dynamic economy.</s>
    <s id="41">Turkey is a regional energy hub.</s>
    <s id="42">It has clout and respect in its own region with formidable fighting forces.</s>
    <s id="43">And, above all, Turkey is now a role model for other Islamic societies striving to accommodate democracy, civil liberties, the rule of law, an open economy, pluralism, and religion.</s>
  </p>
  <p id="12">
    <s id="44">As an EU member, Turkey would add a new dimension of massive historic importance.</s>
    <s id="45">Europeans would show that we could embrace an Islamic democracy and build a strong bridge between Europe and Western Asia.</s>
  </p>
  <p id="13">
    <s id="46">That, in turn, would create a new European identity and narrative, a new reason for the EU to exist in this century, a way of rejecting the divisive politics of old.</s>
    <s id="47">I hope that by the time I take up my pen again, we will be on our way to this destination.</s>
    <s id="48">If not, then many of us will find it increasingly difficult to see Europe as anything more than a glorified customs union with political ambitions that are far too big for its boots.</s>
  </p>
</document>
