<?xml version="1.0" encoding="utf-8"?>
<document>
  <HEADLINE>
    <s id="1">A Turkish Thorn in the EU’s Side</s>
  </HEADLINE>
  <p id="1">
    <s id="2">MADRID – While the European Union tries to weather a nationalist storm that threatens its core institutions, some of its most important strategic allies have injected more uncertainty into the current political climate.</s>
    <s id="3">A clear example is Turkey, which has been a NATO member state since 1952, and an official candidate to join the EU since 1999.</s>
  </p>
  <p id="2">
    <s id="4">On paper, Turkey looks like an ideal country to serve as a bridge between Europe and the Middle East.</s>
    <s id="5">But it has now taken an alarming turn away from Europe, with President Recep Tayyip Erdoğan even accusing the German and Dutch governments of acting like Nazis.</s>
  </p>
  <p id="3">
    <s id="6">Since withstanding an attempted coup last July, Erdoğan has taken advantage of a national state of emergency to go on the offensive and shore up his power.</s>
    <s id="7">A surge in popularity has buttressed his new strategy of governing by decree.</s>
    <s id="8">So far, more than 100,000 civil servants have been fired or suspended, and many of Erdoğan’s political rivals have been jailed.</s>
    <s id="9">Numerous civil-society organizations and news outlets have been shut down, and Turkey now holds the dubious honor of having a record-breaking number of journalists behind bars.</s>
  </p>
  <p id="4">
    <s id="10">Moreover, Erdoğan is pressing for a constitutional reform, to be decided by a referendum in mid-April, that would move Turkey from a parliamentary to a presidential system.</s>
    <s id="11">If the reform passes, Erdoğan will acquire powers exceeding even those held by Mustafa Kemal Atatürk, the venerated “father” of modern Turkey.</s>
  </p>
  <p id="5">
    <s id="12">The Council of Europe has warned that the referendum vote could lack integrity, because it is being held under a state of emergency.</s>
    <s id="13">In these circumstances, a reform of this magnitude would be another blow to Turkish democracy, with Erdoğan gaining even more latitude to pursue his increasingly wayward foreign policy.</s>
  </p>
  <p id="6">
    <s id="14">Notwithstanding a March 2016 agreement between Turkey and the EU to manage the flow of refugees entering Europe, diplomatic tension seems to be the new normal for the bliateral relationship.</s>
    <s id="15">A few weeks ago, German Chancellor Angela Merkel criticized Erdoğan for his attacks on press freedom; and Erdoğan, for his part, dangerously trivialized Nazism in his comments criticizing the cancellation of pro-referendum rallies, due to security concerns, in Germany and the Netherlands.</s>
  </p>
  <p id="7">
    <s id="16">But Erdoğan cannot hide behind the refugee agreement to issue such unacceptable insults.</s>
    <s id="17">While it would be counterproductive to respond to anger with more anger, the EU does need to send a clear message that its partnership with Turkey is highly valuable, but not unconditional.</s>
    <s id="18">The recent joint statement by EU High Representative Federica Mogherini and Commissioner Johannes Hahn – calling on Turkey “to refrain from excessive statements and actions” – is a welcome start.</s>
  </p>
  <p id="8">
    <s id="19">The growing tensions between Turkey and the EU have coincided with other important changes in Turkey’s foreign policy.</s>
    <s id="20">After Turkey downed a Russian warplane in November 2015, Erdoğan reconciled with Russian President Vladimir Putin surprisingly quickly.</s>
    <s id="21">Turkey then started to cooperate with Russia in the war in Syria, and intervened militarily in the conflict in August 2016.</s>
    <s id="22">The long-term viability of the incipient Russian-Turkish alliance is questionable, but it has undoubtedly yielded results on the ground in Syria.</s>
  </p>
  <p id="9">
    <s id="23">One of Turkey’s main objectives in Syria is to defeat the Islamic State, which has launched numerous terrorist attacks on Turkish soil.</s>
    <s id="24">But the Turkish government also hopes to prevent the establishment of an independent Kurdistan that could project its influence into southeast Turkey.</s>
  </p>
  <p id="10">
    <s id="25">To this end, the Turkish authorities are targeting the Democratic Union Party (PYD), claiming that it is linked to the Kurdistan Workers’ Party (PKK), which the United States, the EU, and Erdoğan all consider to be a terrorist group.</s>
    <s id="26">But the US and the EU are concerned about Turkey’s attacks against the PYD, given its central role in pushing back the Islamic State.</s>
    <s id="27">So far, President Donald Trump’s administration has shown no willingness to withdraw US support from the PYD.</s>
  </p>
  <p id="11">
    <s id="28">The Kurdish question is a longstanding source of geopolitical uncertainty in the region.</s>
    <s id="29">In light of this, the US and the EU must keep pressure on Erdoğan to pursue sensible priorities with which everyone agrees – namely, ending the Islamic State’s barbarism.</s>
    <s id="30">Achieving this goal will require a coalition that is both as inclusive as possible and capable of taking Raqqa, the Islamic State’s stronghold in Syria.</s>
  </p>
  <p id="12">
    <s id="31">Despite Erdoğan’s growing hostility, the EU should not hesitate to defend its ties with Turkey, or to remind Turkey that the relationship has been mutually beneficial.</s>
    <s id="32">After all, Turkey’s 1995 customs-union agreement with the EU has contributed substantially to its economic development.</s>
  </p>
  <p id="13">
    <s id="33">Strains in the Turkey-EU relationship may persist until peace is restored in Syria; but they are not necessarily irreversible.</s>
    <s id="34">A number of steps would help ease the tension.</s>
    <s id="35">Turkey’s government should adopt a less erratic foreign policy and allow citizens to express themselves freely in the upcoming referendum and other future votes.</s>
    <s id="36">The EU, for its part, should hold steady, and maintain its commitment to the idea of a stable, pluralistic Turkey – one that allows its citizens’ dynamism to shine.</s>
  </p>
</document>
