<?xml version="1.0" encoding="utf-8"?>
<document>
  <HEADLINE>
    <s id="1">Trump’s Global Strength</s>
  </HEADLINE>
  <p id="1">
    <s id="2">HONG KONG – Much effort has been expended to explain Donald Trump’s unexpected victory in the United States’ presidential election.</s>
    <s id="3">But perhaps the simplest explanation is the most accurate: Trump’s opponents got played.</s>
    <s id="4">From former Secretary of State Hillary Clinton, who was by virtually all accounts the favorite to win, to the Republicans who opposed his candidacy, people vastly underestimated the US president-elect.</s>
    <s id="5">World powers, particularly in Asia, should not make the same mistake.</s>
  </p>
  <p id="2">
    <s id="6">During the campaign, Trump knew exactly who Clinton was: smart and experienced, but lacking his cunning and showmanship.</s>
    <s id="7">So he played the fool, campaigning in states that many claimed were a waste of time, while Clinton followed a data-driven strategy.</s>
    <s id="8">Her approach won her over 2.7 million more votes than Trump.</s>
    <s id="9">His approach won him the presidency.</s>
  </p>
  <p id="3">
    <s id="10">Now preparing to take power, Trump is using many of the same tactics he used during the campaign, prioritizing rallies over press conferences, weighing in on the US comedy show “Saturday Night Live” instead of focusing on, say, the escalating crisis in Syria.</s>
    <s id="11">Meanwhile, he is upending US diplomacy, perhaps most notably by taking calls from Philippine President Rodrigo Duterte and Taiwanese President Tsai Ing-wen.</s>
    <s id="12">Rather than allowing Trump to shock the world yet again, we must learn to read him.</s>
  </p>
  <p id="4">
    <s id="13">The bottom line for anyone dealing with Trump is that he is the ultimate Machiavellian prince, operating almost exclusively on ruthless self-interest.</s>
    <s id="14">According to Machiavelli, “the first opinion which one forms of a prince, and of his understanding, is by observing the men he has around him.”</s>
    <s id="15">So, to determine Trump’s plans, we should start with his appointments.</s>
  </p>
  <p id="5">
    <s id="16">Among Trump’s picks for national security, defense, and foreign policy positions, a pattern quickly emerges: all are Middle East and Russia specialists.</s>
    <s id="17">Trump, it seems, plans to reverse his predecessors’ approach of isolating Russia.</s>
    <s id="18">Instead, he will use Russia to help him manage the Middle East.</s>
  </p>
  <p id="6">
    <s id="19">For Trump, who is first and foremost a businessman, letting a competitor take care of his enemies appears good for the bottom line.</s>
    <s id="20">(It also perfectly complements his declared intention to charge US allies for protection.)</s>
    <s id="21">It helps that Trump seems to have some affinity for Russian President Vladimir Putin, whom most US intelligence services believe intervened in the election to help Trump.</s>
  </p>
  <p id="7">
    <s id="22">But the reasons for – and implications of – Trump’s pivot toward Russia extend beyond the Middle East.</s>
    <s id="23">Both the US and Russia benefit from higher oil prices, whereas countries like China and Japan suffer.</s>
    <s id="24">Russia can also put geographic pressure on China – and, indeed, the rest of Asia.</s>
    <s id="25">(Notice how quickly Japan is sidling up to China.)</s>
    <s id="26">And, finally, Russia may be the force that finally spurs Europe to take more responsibility for its own defense.</s>
  </p>
  <p id="8">
    <s id="27">Trump’s economic policies will also reverberate around the world, including in Asia.</s>
    <s id="28">And, again, his cabinet appointments are revealing.</s>
  </p>
  <p id="9">
    <s id="29">Trump has selected three former employees of Goldman Sachs – yes, the same Goldman Sachs that Trump railed against during the election campaign – to lead his economic team.</s>
    <s id="30">His promise to “drain the swamp” of cronyism and corruption, was thus tactical, rather than genuine.</s>
    <s id="31">It also indicates that deregulation, along with tax cuts, will be among the only campaign promises on which Trump will deliver.</s>
    <s id="32">Policies aimed at constraining “too big to fail” banks – most notably, the 2010 Dodd-Frank financial reform legislation – are unlikely to survive a Trump presidency.</s>
  </p>
  <p id="10">
    <s id="33">In fact, Trump and his team don’t see the problem with being too big to fail.</s>
    <s id="34">On the contrary, they’re applying the same logic to the US budget.</s>
    <s id="35">Recognizing that the world has no choice but to continue lending to the US, Trump is comfortable building up US deficits and debts, by simultaneously cutting taxes and spending on infrastructure.</s>
  </p>
  <p id="11">
    <s id="36">Contrary to the claims of some doomsayers, Trump’s economic policies might actually work.</s>
    <s id="37">With enough investment in infrastructure – and with the help of negative real interest rates – Trump may well manage to revive productivity and GDP growth enough to reduce America’s debt overhang in real terms.</s>
    <s id="38">The key to success may well be controlling the appreciation of the US dollar, which has reached a 13-year high since the election.</s>
  </p>
  <p id="12">
    <s id="39">A strong dollar is not good for Asia, either.</s>
    <s id="40">When the dollar is weak, multinationals borrow in dollars to finance their business in emerging markets, which yield higher returns in local currency.</s>
    <s id="41">The positive carry – higher returns in local currency and declining costs for US dollars – benefits everyone, especially the emerging markets, which gain from higher exports and growing capital inflows.</s>
  </p>
  <p id="13">
    <s id="42">But when the dollar begins to strengthen, the cycle reverses.</s>
    <s id="43">Both foreign-currency and credit spreads widen for emerging-market currencies, making trade expensive.</s>
    <s id="44">(At least 40% of global physical trade is conducted in US dollars, which account for at least 60% of financial flows.)</s>
  </p>
  <p id="14">
    <s id="45">Eventually, emerging markets may start investing in dollars, because the rate of appreciation is higher than the profit on trade, pushing up the dollar’s value still further.</s>
    <s id="46">Rising geopolitical tensions reinforce the cycle, as the dollar represents stability, especially at a time when the US Federal Reserve is signaling faster normalization of interest rates.</s>
  </p>
  <p id="15">
    <s id="47">As it stands, almost all Asian currencies, including the yen and the renminbi, are under downward pressure; indeed, both the Bank of Japan and the People’s Bank of China have taken steps to try to curb that depreciation, with little impact.</s>
    <s id="48">And emerging economies more broadly are suffering from low commodity prices, which are being suppressed by reduced demand.</s>
    <s id="49">The dollar’s continued climb will exacerbate these problems.</s>
  </p>
  <p id="16">
    <s id="50">But, as Trump and his right-wing colleagues understand, when emerging markets get into trouble, only the Fed can provide the liquidity to ease the pressure.</s>
    <s id="51">In other words, here, too, Trump is working from a position of strength.</s>
    <s id="52">The rest of us need to avoid underestimating him – or we will all risk becoming collateral damage.</s>
  </p>
</document>
