<?xml version="1.0" encoding="utf-8"?>
<document>
  <HEADLINE>
    <s id="1">Keeping US Workers in the Game</s>
  </HEADLINE>
  <p id="1">
    <s id="2">BERKELEY – Though the unemployment rate and jobless claims are currently lower than at any point since 1969, the US economy is still facing labor-market challenges that cannot be ignored.</s>
    <s id="3">One stands out: the long-term decline in the US labor-force participation rate (LFPR) – a key factor in future growth.</s>
  </p>
  <p id="2">
    <s id="4">Following its targeted killing of Iran's second most powerful leader, the US could well find itself with no alternative but to devote more military resources to the Middle East, a path that could lead to additional Iranian provocations.</s>
    <s id="5">And that shift would occur at a time of growing challenges to US interests elsewhere in the world.</s>
  </p>
  <p id="3">
    <s id="6">The targeted killing by the United States of one of Iran's top military leaders represents a significant symbolic defeat for the Iranian regime, but it does not augur all-out war.</s>
    <s id="7">After all, Iran and the US have already been at war for decades, and neither side has an interest in an uncontrolled military escalation now.</s>
  </p>
  <p id="4">
    <s id="8">As in previous years, Project Syndicate asked its commentators to offer their best guesses about the events and trends that will define the coming 12 months.</s>
    <s id="9">If there is one common theme in this year's selection, it is that what happens in 2020 will weigh on the present for many years to come.</s>
  </p>
  <p id="5">
    <s id="10">In the late 1960s, 97% of all prime working-age men (25-54) participated in the labor force, but by 2018 their participation dropped to 89%, driven by the decline in labor-force participation of non-college educated men.</s>
    <s id="11">Similarly, after steady gains, the participation rate for prime working-age women peaked at 77% in 1997, stagnated until 2000, fell during the Great Recession, recovered somewhat after 2015, and was 75% in 2018.</s>
  </p>
  <p id="6">
    <s id="12">The trends in the United States differ from those in other advanced industrial economies.</s>
    <s id="13">For example, using a broader age group (15-64), the male LFPR stabilized in Canada and the United Kingdom after falling between 1990 and 2000, while it declined further in the US.</s>
    <s id="14">In 2018, the US rate was 78%, while the rate in both Canada and the UK stood at 82%.</s>
    <s id="15">Trends in the female LFPR also varied across countries.</s>
    <s id="16">Using this broader measure (15-64), the US female participation rate peaked at 70% in 1997 and fell to 67% by 2018.</s>
    <s id="17">In sharp contrast, the female rates in both Canada and the UK have increased gradually since the 1990s, hitting peaks of 75% in Canada and 73% in the UK in 2018.</s>
  </p>
  <p id="7">
    <s id="18">The decline in labor-force participation is not spread equally across the US workforce.</s>
    <s id="19">It varies not just by gender and age, but also by education and geography, reflecting a variety of factors, including macroeconomic conditions, automation, incarceration, and opioid addiction.</s>
    <s id="20">For example, according to the OECD, opioid addiction is a factor behind the decline of male labor-force participation in the US.</s>
    <s id="21">Indeed, recent research suggests that the increase in opioid prescription rates between 1999 and 2015 could account for as much as 43% of the decline in the LFPR of prime working-age men.</s>
  </p>
  <p id="8">
    <s id="22">The US labor-supply challenge is further complicated by rural-urban differences.</s>
    <s id="23">As hosts to large institutional employers, cities tend to have lower unemployment, stronger population growth (particularly among younger cohorts), and more educated workforces.</s>
    <s id="24">By contrast, in many small towns and rural areas, populations are aging, and in over half of all US counties, the population is shrinking.</s>
  </p>
  <p id="9">
    <s id="25">Between 1963 and 2017, the share of US workers with a college or graduate degree rose from 12% to 39%, and the share of those with a high-school diploma or less fell from 75% to 33%.</s>
    <s id="26">But the latter group suffers from higher rates of unemployment, lower LFPRs, and weaker earnings than their more educated counterparts.</s>
    <s id="27">While the rural-urban gap in high-school completion rates has narrowed, the rural-urban gap in college completion rates is growing.</s>
    <s id="28">Moreover, in terms of bothhigh-school and college graduation rates, Latino, African-American, Native American, and Alaska Native students lag far behind Asian and white students.</s>
  </p>
  <p id="10">
    <s id="29">Given these demographic differences, the Federal Reserve Bank of Richmond estimates that by targeting women, non-college educated workers, and rural Americans, the US could add more than 18 million people to the workforce.</s>
    <s id="30">For example, if the US raised its female LFPR to match that of Canada (where paid parental leave, affordable child care, and tax benefits/credits for parents and caregivers all make it easier for women to work full-time), the US labor supply would have 5.2 million additional workers.</s>
  </p>
  <p id="11">
    <s id="31">Likewise, closing education-based gaps could add another ten million people to the US labor supply.</s>
    <s id="32">The unemployment rate for high-school graduates is almost double that of college graduates.</s>
    <s id="33">Yet, by 2025, two-thirds of all jobs will require education beyond high school.</s>
    <s id="34">And, according to the Center on Education and the Workforce at Georgetown University, the US will already face a skilled-labor shortage of five million workers by next year.</s>
  </p>
  <p id="12">
    <s id="35">Finally, by bringing the prime-age employment-to-population ratio in rural counties up to that of large metropolitan areas, the US could add 3.5 million people to the labor supply.</s>
    <s id="36">But this will require expanded access to broadband connectivity and affordable, technology-enabled education, as well as more career-advancement opportunities.</s>
    <s id="37">One proposal that deserves consideration is to use tax credits and other incentives to attract entrepreneurs and businesses to rural areas.</s>
  </p>
  <p id="13">
    <s id="38">But increasing the LFPR will take the US only so far.</s>
    <s id="39">President Donald Trump might not like it, but America will need more legal immigration.</s>
    <s id="40">The crucial role that immigrants will play in future US growth cannot be overstated.</s>
    <s id="41">In the 2017-2018 fiscal year, 10% of the US counties that experienced population growth did so because of immigration.</s>
  </p>
  <p id="14">
    <s id="42">Another requirement for meeting future labor-market demands is reskilling.</s>
    <s id="43">As automation becomes an increasingly important component of economic growth, workers employed in routine manual and cognitive jobs will become more vulnerable to displacement.</s>
    <s id="44">New social-insurance programs will be needed to help them acquire new skills, and existing benefits should be made portable to follow workers from job to job.</s>
    <s id="45">A good model is Singapore’s SkillsFuture program, which gives every citizen access to individualized reskilling programs, and increases tax credits and other benefits as workers age.</s>
  </p>
  <p id="15">
    <s id="46">In the US, policymakers at all levels can help workers and businesses alike by providing tax credits for investments in employee training, expanding apprenticeships, and supporting innovative career-advancement and training programs.</s>
    <s id="47">Current and future workers must be equipped to gain the credentials and work experience they need in a rapidly changing occupational environment.</s>
  </p>
  <p id="16">
    <s id="48">In California, for example, Governor Gavin Newsom (whom Lenny Mendonca advises) is developing a comprehensive strategy to upskill the state’s diverse workforce.</s>
    <s id="49">The administration envisions a cradle-to-career education system that will offer two years of free community college and 500,000 “learn and earn” apprenticeships by 2029.</s>
    <s id="50">Newsom also intends to convene a new commission on the future of work, through which government, labor, and business leaders will consider solutions to the labor-supply challenges discussed above.</s>
  </p>
  <p id="17">
    <s id="51">The issue is not just “the future of work,” but the future of people and their livelihoods.</s>
    <s id="52">Developing the skills needed for the twenty-first-century labor market is the most effective way to foster growth, address inequities, and generate measurable prosperity for all.</s>
  </p>
</document>
