<?xml version="1.0" encoding="utf-8"?>
<document>
  <HEADLINE>
    <s id="1">The Call of the Tribal</s>
  </HEADLINE>
  <p id="1">
    <s id="2">LONDON – Why do politicians make the choices they do?</s>
    <s id="3">And why do voters then choose to support them?</s>
    <s id="4">One possible answer is that voters prefer politicians whose principles they share, and will re-elect lawmakers who promote those principles while in office.</s>
    <s id="5">Another view holds that voters support politicians who defend their economic or other interests, and will vote them out if they fail to do so.</s>
  </p>
  <p id="2">
    <s id="6">Project Syndicate commentators have once again shared some of their favorite books from the past year.</s>
    <s id="7">From economics, history, and long-form reporting to poetry and timely re-issues of old classics, all readers should find something of interest.</s>
  </p>
  <p id="3">
    <s id="8">These simple and intuitive models are at the core of modern political economy.</s>
    <s id="9">But they seem useless for explaining today’s politics – particularly when it comes to conservatives in the United States.</s>
  </p>
  <p id="4">
    <s id="10">Consider the politics of budget deficits in America over the last dozen years.</s>
    <s id="11">In late 2008, as the world faced what was then the biggest economic crisis since the Great Depression, US President-elect Barack Obama’s advisers wanted a $1.8 trillion fiscal stimulus, but thought the figure utopian, despite their party’s control of both houses of Congress.</s>
    <s id="12">In the end, the administration requested a $1.2 trillion stimulus, and Congress passed a package totaling $787 billion.</s>
  </p>
  <p id="5">
    <s id="13">That stimulus was hugely unpopular among US conservatives.</s>
    <s id="14">As John Cassidy wrote in The New Yorker in 2014, “the Republicans, almost to a one, portray the […] American Recovery and Reinvestment Act of 2009 as an abject failure.”</s>
  </p>
  <p id="6">
    <s id="15">But in March 2020, with Donald Trump in the White House, Congress passed a $2.2 trillion COVID-19 rescue package – the first of several to be enacted.</s>
    <s id="16">The Senate approved the measure 96-0, with every Republican voting in favor.</s>
  </p>
  <p id="7">
    <s id="17">The Trump stimulus is much larger than Obama’s and, unlike the 2008 package, will be spent over one year rather than two.</s>
    <s id="18">And whereas the federal budget deficit totaled $1.4 trillion in 2009, the US Congressional Budget Office expects it to reach $3.7 trillion in 2020 – pushing federal public debt above 100% of GDP for the first time since World War II.</s>
  </p>
  <p id="8">
    <s id="19">Enjoy unlimited access to the ideas and opinions of the world's leading thinkers, including weekly long reads, book reviews, and interviews;</s>
    <s id="20">The Year Ahead annual print magazine; the complete PS archive; and more – All for less than $9 a month.</s>
  </p>
  <p id="9">
    <s id="21">Yet, no conservatives today are railing against government giveaways or ballooning deficits, much less calling for austerity.</s>
    <s id="22">Why?</s>
    <s id="23">Because the pandemic stimulus was a Republican bill, signed by a Republican president.</s>
  </p>
  <p id="10">
    <s id="24">Nor is this dynamic confined to budget politics.</s>
    <s id="25">As Ezra Klein shows in his book Why We’re Polarized, US health-care debates concerning the so-called individual mandate – the government-dictated obligation for everyone to purchase health insurance – have followed a similar pattern in recent decades.</s>
    <s id="26">The idea of an individual mandate, as Klein points out, was first proposed by conservative economist Milton Friedman, and was taken up in the early 1990s by powerful Senate Republicans, including then-Minority Leader Bob Dole.</s>
    <s id="27">And it was then-Massachusetts Governor Mitt Romney, also a Republican, who first enacted the model in 2006.</s>
  </p>
  <p id="11">
    <s id="28">That Friedman and free-market Republicans supported a government-imposed obligation is less surprising than it seems.</s>
    <s id="29">If buying health insurance is purely optional, then the rich and healthy will opt out to avoid having to cross-subsidize low-income citizens and those likelier to get sick.</s>
    <s id="30">Insurance premia for those left behind will be high, the very poor will probably end up uninsured, and many more will be underinsured.</s>
  </p>
  <p id="12">
    <s id="31">Ultimately, then, the only way to make a health-insurance market work is to compel everyone to participate.</s>
    <s id="32">Conservatives ought to prefer this approach to both a Canadian-style single-payer system, in which the government foots the entire bill, and a British-style national health service, in which the state both delivers the services and defrays the cost.</s>
  </p>
  <p id="13">
    <s id="33">Presumably, therefore, the Republicans would reach out to those Democrats (the majority) who wanted to guarantee that everyone has health insurance, forge a broad cross-party consensus, and change the course of US health care.</s>
  </p>
  <p id="14">
    <s id="34">But, as Klein tells the tale, it was enough for Democrats to embrace the individual mandate for Republicans to turn against the idea.</s>
    <s id="35">In July 2009, Obama declared his support for the policy, after some earlier hesitation, and made it the linchpin of what later became known as Obamacare.</s>
    <s id="36">By December that year, every Senate Republican had declared the individual mandate “unconstitutional” – including six who previously had sponsored a bill including it.</s>
  </p>
  <p id="15">
    <s id="37">Trump would later make abolishing Obamacare a central plank of his 2016 presidential election campaign.</s>
    <s id="38">And health care will again be a major dividing line between Democrats and Republicans in November’s presidential contest.</s>
  </p>
  <p id="16">
    <s id="39">Republican politicians’ repeated reversals on budget deficits and health care show that they are not guided by principles.</s>
    <s id="40">Nor does the interests-based model seem to apply: why would huge budget deficits be good for Republican voters now, but not during the 2008 crisis?</s>
  </p>
  <p id="17">
    <s id="41">One is tempted to conclude that politicians are becoming increasingly venal and are openly willing to lie and cheat to get their way.</s>
    <s id="42">But that cannot be the whole truth.</s>
    <s id="43">Venal public officials want above all to retain their grip on power, and if voters found this behavior objectionable, they would kick them out of office.</s>
  </p>
  <p id="18">
    <s id="44">The fact is that many voters nowadays don’t mind when a politician says one thing and then does another, provided it is their politician – someone with whom they identify as a member of the same tribe.</s>
  </p>
  <p id="19">
    <s id="45">Because determining which policies work and which do not is hard, and figuring out which politicians will keep their promises even harder, most voters do not expect to arrive at answers on their own.</s>
    <s id="46">Instead, they place their trust in a leader who is likely both to share their values and to make the decisions they would have made if they had enough information.</s>
  </p>
  <p id="20">
    <s id="47">So, when leaders change policy direction mid-course, as US Republicans have done repeatedly, their supporters assume they had good reasons to do so.</s>
    <s id="48">The Financial Times columnist Simon Kuper puts it well: “In a divided polity, most of your supporters will accept incompetence (even if it kills grandpa) rather than switch teams.”</s>
  </p>
  <p id="21">
    <s id="49">Politics in the US and elsewhere is becoming ever more tribal.</s>
    <s id="50">That explains why Trump in 2016 won only 22% of counties where the organic greengrocer Whole Foods is present, but 76% of counties where you can eat corn bread and fried chicken at a Cracker Barrel restaurant.</s>
    <s id="51">And tribalism also explains Trump’s divisive July 3 culture-war speech at Mount Rushmore.</s>
  </p>
  <p id="22">
    <s id="52">US Republicans understand identity politics as well as anyone, and it may work for them again.</s>
    <s id="53">Unless Democrats learn to counter it fast, there could be celebrations in Cracker Barrel this November.</s>
  </p>
</document>
