<?xml version="1.0" encoding="utf-8"?>
<document>
  <HEADLINE>
    <s id="1">America’s Unusual Recovery is Now Also its Longest</s>
  </HEADLINE>
  <p id="1">
    <s id="2">LONDON – Data released over the next few months will show that the current US economic expansion is the longest on record.</s>
    <s id="3">But while the United States continues to outperform other advanced economies, this success has yet to dispel many Americans’ persistent sense of economic insecurity and frustration; nor does it alleviate concerns about the lack of policy space to respond to the next economic downturn or financial shock.</s>
  </p>
  <p id="2">
    <s id="4">Following its targeted killing of Iran's second most powerful leader, the US could well find itself with no alternative but to devote more military resources to the Middle East, a path that could lead to additional Iranian provocations.</s>
    <s id="5">And that shift would occur at a time of growing challenges to US interests elsewhere in the world.</s>
  </p>
  <p id="3">
    <s id="6">The targeted killing by the United States of one of Iran's top military leaders represents a significant symbolic defeat for the Iranian regime, but it does not augur all-out war.</s>
    <s id="7">After all, Iran and the US have already been at war for decades, and neither side has an interest in an uncontrolled military escalation now.</s>
  </p>
  <p id="4">
    <s id="8">As in previous years, Project Syndicate asked its commentators to offer their best guesses about the events and trends that will define the coming 12 months.</s>
    <s id="9">If there is one common theme in this year's selection, it is that what happens in 2020 will weigh on the present for many years to come.</s>
  </p>
  <p id="5">
    <s id="10">The current expansion began in mid-2009, following the 2008 financial crisis and the “Great Recession.”</s>
    <s id="11">Powered initially by exceptional fiscal interventions and previously unthinkable monetary policies, the economy built enough of a foundation for private-sector confidence to return, and for corporate balance sheets to recover.</s>
    <s id="12">Coupled with accelerating advances in new technologies, the expansion came to be led in large part by technology and platform companies presiding over the new “gig economy.”</s>
    <s id="13">It was given further impetus by pro-growth measures, including deregulation and tax cuts.</s>
  </p>
  <p id="6">
    <s id="14">With the US unemployment rate at 3.6%, real (inflation-adjusted) wages are now growing at 1.6%.</s>
    <s id="15">And with the most recent quarterly data indicating an annualized GDP growth rate of 3.1%, US economic activity continues to outpace that of Europe and Japan by a significant margin.</s>
    <s id="16">Owing to this strength, America has become increasingly assertive in pursuing national objectives abroad, including by circumventing longstanding cooperative and conflict-resolution mechanisms and threatening import tariffs and other protectionist measures.</s>
  </p>
  <p id="7">
    <s id="17">To get to this point, the US had to overcome headwinds from abroad, including an existential debt crisis in Europe and slowing economic growth in China.</s>
    <s id="18">Domestically, deep political polarization, especially since 2011, has impeded congressional legislative activity and produced multiple actual or threatened government shutdowns (including the longest on record).</s>
    <s id="19">In the absence of new pro-growth measures from Congress, monetary policy became the “only game in town.”</s>
    <s id="20">After being forced to expand its role in the economy substantially during the crisis years, the US Federal Reserve flirted with some major policy mistakes, and became more vulnerable to political interference.</s>
  </p>
  <p id="8">
    <s id="21">Because annual growth over the past decade has often been tepid and insufficiently inclusive – what has become known as the “new normal,” or secular stagnation – the US economy has been left with a residual sense of underperformance and potential vulnerability.</s>
    <s id="22">According to an oft-cited Fed survey, almost half of US households report having insufficient savings to cover a $400 emergency expense.</s>
  </p>
  <p id="9">
    <s id="23">No wonder trust in institutions and expert opinion remains so low.</s>
    <s id="24">Coupled with excessive inequality (of income, wealth, and opportunity), frustration and political anger remain high.</s>
    <s id="25">Making matters worse, fearmongering about the implications of technology and globalization continues to fuel concerns of job dislocations and disruptions.</s>
    <s id="26">And outside the US, many have come to worry that the superpower responsible for issuing the global reserve currency, and that plays a decisive role in many multilateral interactions, is no longer a reliable and predictable anchor for global trade and finance.</s>
  </p>
  <p id="10">
    <s id="27">Moreover, unlike in prior expansions, the US is yet to build sufficient buffers to deal with future economic and financial challenges.</s>
    <s id="28">Or, to quote former US President John F. Kennedy by way of IMF Managing Director Christine Lagarde more recently, we have not fixed the roof while the sun was shining.</s>
  </p>
  <p id="11">
    <s id="29">Beyond the lack of self-insurance at the household level, the Fed’s ability to counter economic recessions and financial disruptions is rather limited.</s>
    <s id="30">Whereas the current policy rate is 2.25%-2.5%, past downturns have usually required cuts of five percentage points or more.</s>
    <s id="31">Also, the Fed has a bloated balance sheet and a rather weak mechanism for transmitting monetary-policy measures to the real economy.</s>
    <s id="32">And even if fiscal policymakers were to become more responsive, they would be starting from a point of relatively high deficits and debt.</s>
  </p>
  <p id="12">
    <s id="33">Prolonging the current expansion will require great care.</s>
    <s id="34">Policymakers, particularly Congress, need to avoid big mistakes and minimize the risk of market accidents while doing more to promote growth.</s>
    <s id="35">The US needs a well-targeted approach to modernizing and upgrading its infrastructure.</s>
  </p>
  <p id="13">
    <s id="36">Policymakers and leading economists also must be more sensitive to how the fruits of economic growth are shared; among other things, there should be better protections for the most vulnerable segments of society and stronger automatic stabilizers.</s>
    <s id="37">Businesses, for their part, need to do more to embrace their social responsibilities, if only to avoid ending up in the same position as the banks after the 2008 crash.</s>
    <s id="38">There is already a growing chorus calling for more regulatory constraints on Big Tech.</s>
  </p>
  <p id="14">
    <s id="39">Moreover, having shaken up global trade, the US needs to ensure that it will remain the anchor of the rules-based international system.</s>
    <s id="40">Otherwise, its ability to inform and influence economic and financial outcomes around the world will weaken.</s>
  </p>
  <p id="15">
    <s id="41">The US will – and should – soon be celebrating its longest-ever expansion.</s>
    <s id="42">But it must not lose sight of its remaining challenges.</s>
    <s id="43">The last thing the world needs right now is for today’s expansion to give way to a sustained period of lower growth, higher financial instability, and greater cross-border tensions.</s>
  </p>
</document>
