<?xml version="1.0" encoding="utf-8"?>
<document>
  <HEADLINE>
    <s id="1">Waiting on Hamas</s>
  </HEADLINE>
  <p id="1">
    <s id="2">Palestinian Authority President Mahmoud Abbas’s decision to postpone indefinitely this month’s scheduled elections for the Legislative Council deepened the rift with Hamas, his Islamist rival.</s>
    <s id="3">Hamas leaders claim that they were not consulted before the announcement, and they resent Abbas’s unilateral decision, calling it a direct violation of an agreement between Hamas and Abbas’s Fatah party that led to the current ceasefire with Israel.</s>
    <s id="4">Abbas’s call this week for Hamas to join a national unity government may only deepen the group’s suspicions.</s>
  </p>
  <p id="2">
    <s id="5">The original July 17 election date had put Fatah in a difficult position.</s>
    <s id="6">With its public image tarnished by infighting and corruption, Fatah is looking toward its August 4 convention as an opportunity to unify for the electoral campaign.</s>
    <s id="7">Hamas is well aware of Fatah’s disarray, and accuses Abbas of postponing the legislative elections for partisan, not national, reasons.</s>
  </p>
  <p id="3">
    <s id="8">Long the backbone of the Palestinian national movement, Fatah has been the dominant faction in the PLO.</s>
    <s id="9">Bolstered by the Oslo Accords and the establishment of the Palestinian Authority (PA) in 1994, Fatah’s popularity among Palestinians has drained away over the past decade, sapped by charges of corruption and incompetence, as well as by the eruption of the second intifada in late 2000.</s>
    <s id="10">Fatah leaders are justifiably worried that their party’s current unpopularity and infighting foretell a crushing defeat in the parliamentary election.</s>
  </p>
  <p id="4">
    <s id="11">By contrast, Hamas has entered electoral politics only recently, but it is fresh from impressive victories in the recent municipal elections in the West Bank and Gaza.</s>
    <s id="12">It is therefore expected to perform strongly in the voting for the Legislative Council, particularly in the Gaza Strip.</s>
  </p>
  <p id="5">
    <s id="13">None of this was acknowledged in Abbas’s announcement of the election’s postponement.</s>
    <s id="14">Abbas said that the decision came at the request of the Palestinian Central Election Commission, after the Commission declared that it could not meet the deadline, because the election law had not yet been approved.</s>
    <s id="15">The Commission says that it needs at least two months after the law’s adoption to organize the vote.</s>
  </p>
  <p id="6">
    <s id="16">Although the Legislative Council passed the election law in its third and final reading, Abbas rejected it, a decision that falls within his presidential prerogatives.</s>
    <s id="17">Abbas wants all the candidates to be included on national lists, which would allow for proportional representation of all major Palestinian factions and groups.</s>
    <s id="18">Originally, Abbas had reached an agreement with Hamas on a system according to which half the parliament’s seats would be elected on a regional basis, and half by party list.</s>
    <s id="19">However, the final version of the law would have chosen two-thirds of the seats regionally.</s>
  </p>
  <p id="7">
    <s id="20">Although the formula supported by Abbas would benefit all Palestinian political parities and groups, Hamas has its own agenda.</s>
    <s id="21">Hamas is said to believe that a regional system would work to its advantage, an assessment supported by the recent local elections, in which its voters were concentrated in particular areas.</s>
    <s id="22">Fatah prefers a system of voting where population size determines the scope of parliamentary representation.</s>
  </p>
  <p id="8">
    <s id="23">Regardless of the electoral scheme that emerges from this process, Abbas is determined to incorporate Hamas into the Palestinian political system.</s>
    <s id="24">He hopes that if Hamas becomes part of mainstream Palestinian politics it will be easier for him to convince its members to lay down their arms and thereby broaden his popular mandate for peace talks with Israel.</s>
  </p>
  <p id="9">
    <s id="25">A growing number of signs support this hope.</s>
    <s id="26">Hamas has long been on American and European terror lists and would like to change its image in the West as it enters the Palestinian political system.</s>
    <s id="27">With most of its original leadership having been killed by the Israelis in recent years, Hamas’s new leaders seem willing to consider a new stance, as demonstrated by the party’s electoral participation.</s>
    <s id="28">Hamas is also closely following the progress of the American campaign to reform the Middle East, as well as its war on terror and the fighting in Iraq.</s>
  </p>
  <p id="10">
    <s id="29">But a large question remains to be answered: will the United States shift its policy regarding Hamas away from a complete boycott of the organization?</s>
    <s id="30">Some recent reports indicate that Hamas’s rising political clout in the Palestinian territories has prompted the Bush administration to consider easing its hard-line approach.</s>
    <s id="31">America’s support for democracy in the region heightens its dilemma.</s>
    <s id="32">How can the Bush administration support free elections, and then reject the Palestinians’ choice?</s>
  </p>
  <p id="11">
    <s id="33">For those urging a change in American policy, the logic is clear.</s>
    <s id="34">Recognizing Hamas’s popularity – and therefore its political role – will marginalize the organization’s armed wing.</s>
    <s id="35">Previous experience with Islamist parties in Jordan and elsewhere tend to support this view.</s>
    <s id="36">Hamas is playing its cards shrewdly, and has a keen sense of its growing strength.</s>
    <s id="37">Ultimately, its agenda will be determined by its goal of becoming the dominant political force in Palestine.</s>
  </p>
</document>
