<?xml version="1.0" encoding="utf-8"?>
<document>
  <HEADLINE>
    <s id="1">Whither the Strong Dollar?</s>
  </HEADLINE>
  <p id="1">
    <s id="2">CAMBRIDGE: In his first international outing America’s new Treasury Secretary Paul O’Neill got tripped up – by telling the truth.</s>
    <s id="3">During the Clinton Administration, Treasury Secretary Robert Rubin and then Lawrence Summers stated that America had a “strong dollar policy.”</s>
    <s id="4">O’Neill reportedly said that “We are not pursuing... a policy of a strong dollar.”</s>
    <s id="5">Immediately attacked for reversing a long-held policy, he quickly retreated.</s>
    <s id="6">Too bad, because his comment made a lot more sense than his predecessors’ statements.</s>
  </p>
  <p id="2">
    <s id="7">The truth is, America really doesn’t have an exchange rate policy.</s>
    <s id="8">When Alan Greenspan ponders the next move in US interest rates, little attention is paid to the dollar’s exchange rate vis-à-vis the Euro, Yen, or other currencies.</s>
    <s id="9">American monetary policy decisions depend on the strength or weakness of the domestic economy and on US inflation.</s>
    <s id="10">If the economy is slowing, if there is excess capacity, and if inflation is low, interest rates are reduced; if the economy is strong, if excess capacity is limited, and if inflationary pressures are growing, interest rates are raised.</s>
    <s id="11">Nor does the Fed intervene directly in foreign exchange markets except in extraordinary circumstances.</s>
  </p>
  <p id="3">
    <s id="12">In only one sense does the US actually pursue a “strong dollar” policy: the Federal Reserve’s monetary policy is designed to keep inflation low.</s>
    <s id="13">The dollar is kept “strong” in terms of its purchasing power over US goods and services.</s>
    <s id="14">But this is not what markets believed the “strong dollar”policy meant.</s>
    <s id="15">They believed that the strong dollar policy referred to exchange rates.</s>
    <s id="16">In this sense, the “strong dollar” policy would mean that America has a “weak Euro” policy or a “weak Yen” policy.</s>
    <s id="17">It has no such thing.</s>
  </p>
  <p id="4">
    <s id="18">So why did successive Treasury Secretaries say that the US has a strong dollar policy?</s>
    <s id="19">Part of the answer is that support for a strong dollar is an easy slogan; it sounds patriotic.</s>
    <s id="20">Moreover, it would have been viewed as hostile if Secretaries Rubin and Summers insisted that they believed in a “weak Euro”, even if they were implicitly saying that.</s>
    <s id="21">A truer statement for Rubin and Summers would have been to say that America actually has no exchange rate policy, the answer that O’Neill tried to give.</s>
  </p>
  <p id="5">
    <s id="22">Another reason exists for their statements.</s>
    <s id="23">Some US officials believe that the “strong dollar” statements helped stabilize foreign exchange markets, even if American monetary policy was not directed at the dollar’s strength vis-à-vis the Euro or Yen.</s>
    <s id="24">Some believe that, without such statements, the dollar would plunge relative to the Euro and Yen.</s>
    <s id="25">After all, if the USTreasury Secretary does not support the dollar, what would sustain its value?</s>
  </p>
  <p id="6">
    <s id="26">According to this interpretation, market participants would begin to predict the decline of the dollar.</s>
    <s id="27">They would sell dollars in anticipation of its decline.</s>
    <s id="28">Those currency sales would indeed lead to a collapse of the currency.</s>
    <s id="29">The decline in the dollar’s value would be a self-fulfilling prophecy.</s>
  </p>
  <p id="7">
    <s id="30">Self-fulfilling swings in a currency do seem to operate.</s>
    <s id="31">Statements about a “strong dollar” policy could support the value of the dollar over a short period of time, even years.</s>
    <s id="32">But eventually, fundamental economic strengths and weaknesses have more effect on the exchange rate than self-fulfilling prophecies.</s>
  </p>
  <p id="8">
    <s id="33">If, as now seems to be the case, America’s economy is weakening while Europe’s economies remain strong, the dollar will weaken vis-à-vis the Euro whether or not the US Treasury Secretary promotes the dollar.</s>
    <s id="34">A weaker dollar vis-à-vis the Euro will help sustain demand in the US as the economy slows.</s>
    <s id="35">Similarly, the Yen will tend to weaken vis-à-vis both the dollar and the Euro because of Japan’s underlying weaknesses.</s>
  </p>
  <p id="9">
    <s id="36">If statements about a strong dollar policy had any effect at all, they probably helped promote America’s financial bubble during 1998-2000.</s>
    <s id="37">Investors in the US and the rest of the world believed for this short period that investments in the US guaranteed riches; this contributed to the boom and bust in US technology stocks.</s>
  </p>
  <p id="10">
    <s id="38">The naive view that the dollar would always remain strong (and would strengthen even more) vis-à-vis the Euro added fuel to the capital inflows into America.</s>
    <s id="39">Now that the bubble is bursting, US stock markets are down and the dollar is weakening relative to the Euro.</s>
    <s id="40">The earlier excesses could bring on a recession in the US this year.</s>
  </p>
  <p id="11">
    <s id="41">So what should America’s exchange rate policy be?</s>
    <s id="42">Basing American monetary policy on domestic business conditions, rather than on the exchange rate, is correct.</s>
    <s id="43">Small economies closely integrated with their trading partners might set exchange rate targets, or fix their exchange rate to the currencies of their trading partners, but large and relatively closed economies like the US, EU, and Japan, do better to focus on their own business conditions, letting markets determine the exchange rate.</s>
  </p>
  <p id="12">
    <s id="44">The dollar should be left to rise or fall vis-à-vis the Euro and Yen depending on the underlying strengths and weaknesses of the three economic areas.</s>
    <s id="45">In today’s context, market forces will probably lead to a further weakening of the dollar vis-à-vis the Euro, and a further weakening of the Yen vis-à-vis both the dollar and the Euro.</s>
  </p>
  <p id="13">
    <s id="46">Secretary O’Neill therefore had it right, even if his words were clumsy.</s>
    <s id="47">America should have neither a strong dollar nor a weak dollar policy, only a policy of sensible domestic monetary policies, and a belief that foreign exchange markets should determine exchange rates.</s>
  </p>
</document>
