<?xml version="1.0" encoding="utf-8"?>
<document>
  <HEADLINE>
    <s id="1">Who Killed Wall Street?</s>
  </HEADLINE>
  <p id="1">
    <s id="2">CAMBRIDGE – You don’t have to break a sweat to be a finance skeptic these days.</s>
    <s id="3">So let’s remind ourselves how compelling the logic of the financial innovation that led us to our current predicament seemed not too long ago.</s>
  </p>
  <p id="2">
    <s id="4">Who wouldn’t want credit markets to serve the cause of home ownership?</s>
    <s id="5">So we start by introducing some real competition into the mortgage lending business.</s>
    <s id="6">We allow non-banks to make home loans and let them offer creative, more affordable mortgages to prospective homeowners not well served by conventional lenders.</s>
  </p>
  <p id="3">
    <s id="7">Then we enable these loans to be pooled and packaged into securities that can be sold to investors, reducing risk in the process.</s>
    <s id="8">We divvy up the stream of payments on these home loans further into tranches of varying risk, compensating holders of the riskier kind with higher interest rates.</s>
    <s id="9">We then call on credit rating agencies to certify that the less risky of these mortgage-backed securities are safe enough for pension funds and insurance companies to invest in.</s>
    <s id="10">In case anyone is still nervous, we create derivatives that allow investors to purchase insurance against default by issuers of those securities.</s>
  </p>
  <p id="4">
    <s id="11">If you wanted to showcase the benefits of financial innovation, you could not have come up with better arrangements.</s>
    <s id="12">Thanks to them, millions of poorer and hitherto excluded families became homeowners, investors made high returns, and financial intermediaries pocketed the fees and commissions.</s>
    <s id="13">It might have worked like a dream – and until about a year and a half ago, many financiers, economists, and policymakers thought that it did.</s>
  </p>
  <p id="5">
    <s id="14">Then it all came crashing down.</s>
    <s id="15">The crisis that engulfed financial markets in recent months has buried Wall Street and humbled the United States.</s>
    <s id="16">The near $1 trillion bailout of troubled financial institutions that the US Treasury has had to mount makes emerging-market meltdowns – such as Mexico’s “peso” crisis in 1994 or the Asian financial crisis of 1997-1998 – look like footnotes by comparison.</s>
  </p>
  <p id="6">
    <s id="17">But where did it all go wrong?</s>
    <s id="18">If our remedies do not target the true underlying sources of the crisis, our newfound regulatory zeal might end up killing useful sorts of financial innovation, along with the toxic kind.</s>
  </p>
  <p id="7">
    <s id="19">The trouble is that there is no shortage of suspects.</s>
    <s id="20">Was the problem unscrupulous mortgage lenders who devised credit terms – such as “teaser” interest rates and prepayment penalties – that led unsuspecting borrowers into a debt trap?</s>
    <s id="21">Perhaps, but these strategies would not have made sense for lenders unless they believed that house prices would continue to rise.</s>
  </p>
  <p id="8">
    <s id="22">So maybe the culprit is the housing bubble that developed in the late 1990’s, and the reluctance of Alan Greenspan’s Federal Reserve to deflate it.</s>
    <s id="23">Even so, the explosion in the quantity of collateralized debt obligations and similar securities went far beyond what was needed to sustain mortgage lending.</s>
    <s id="24">That was also true of credit default swaps, which became an instrument of speculation instead of insurance and reached an astounding $62 trillion in volume.</s>
  </p>
  <p id="9">
    <s id="25">So the crisis might not have reached the scale that it did without financial institutions of all types leveraging themselves to the hilt in pursuit of higher returns.</s>
    <s id="26">But what, then, were the credit rating agencies doing?</s>
    <s id="27">Had they done their job properly and issued timely warnings about the risks, these markets would not have sucked in nearly as many investors as they eventually did.</s>
    <s id="28">Isn’t this the crux of the matter?</s>
  </p>
  <p id="10">
    <s id="29">Or perhaps the true culprits lie halfway around the world.</s>
    <s id="30">High-saving Asian households and dollar-hoarding foreign central banks produced a global savings “glut,” which pushed real interest rates into negative territory, in turn stoking the US housing bubble while sending financiers on ever-riskier ventures with borrowed money.</s>
    <s id="31">Macroeconomic policymakers could have gotten their act together and acted in time to unwind those large and unsustainable current-account imbalances.</s>
    <s id="32">Then there would not have been so much liquidity sloshing around waiting for an accident to happen.</s>
  </p>
  <p id="11">
    <s id="33">But perhaps what really got us into the mess is that the US Treasury played its hand poorly as the crisis unfolded.</s>
    <s id="34">As bad as things were, what caused credit markets to seize up was Treasury Secretary Henry Paulson’s refusal to bail out Lehman Brothers.</s>
    <s id="35">Immediately after that decision, short-term funding for even the best-capitalized firms virtually collapsed and the entire financial system simply became dysfunctional.</s>
  </p>
  <p id="12">
    <s id="36">In view of what was about to happen, it might have been better for Paulson to hold his nose and do with Lehman what he had already done with Bear Stearns and would have had to do in a few days with AIG: save them with taxpayer money.</s>
    <s id="37">Wall Street might have survived, and US taxpayers might have been spared even larger bills.</s>
  </p>
  <p id="13">
    <s id="38">Perhaps it is futile to look for the single cause without which the financial system would not have blown up in our faces.</s>
    <s id="39">A comforting thought – if you still want to believe in financial sanity – is that this was a case of a “perfect storm,” a rare failure that required a large number of stars to be in alignment simultaneously.</s>
  </p>
  <p id="14">
    <s id="40">So what will the post-mortem on Wall Street show?</s>
    <s id="41">That it was a case of suicide?</s>
    <s id="42">Murder?</s>
    <s id="43">Accidental death?</s>
    <s id="44">Or was it a rare instance of generalized organ failure?</s>
    <s id="45">We will likely never know.</s>
    <s id="46">The regulations and precautions that lawmakers will enact to prevent its recurrence will therefore necessarily remain blunt and of uncertain effectiveness.</s>
  </p>
  <p id="15">
    <s id="47">That is why you can be sure that we will have another major financial crisis sometime in the future, once this one has disappeared into the recesses of our memory.</s>
    <s id="48">You can bet your life savings on it.</s>
    <s id="49">In fact, you probably will.</s>
  </p>
</document>
