<?xml version="1.0" encoding="utf-8"?>
<document>
  <HEADLINE>
    <s id="1">Why Are Governments Paralyzed?</s>
  </HEADLINE>
  <p id="1">
    <s id="2">MILAN – It is no secret that the global economy is struggling.</s>
    <s id="3">Europe is in the midst of a crisis whose root cause is a structurally flawed monetary and economic union.</s>
    <s id="4">The United States, emerging slowly from a financial crisis and widespread deleveraging, is experiencing a growth slowdown, a persistent employment problem, an adverse shift in income distribution, and structural challenges, with little effective or decisive policy action.</s>
  </p>
  <p id="2">
    <s id="5">Meanwhile, among the major emerging economies, China’s reform process is on hold, pending a leadership transition this fall that will clarify various internal interests’ goals and power relationships.</s>
    <s id="6">India, which has lost reform momentum, is experiencing an economic slowdown and a potential loss of investor confidence.</s>
  </p>
  <p id="3">
    <s id="7">The negative effects of these problems are now interacting, feeding back on themselves, and spreading to the rest of the global economy.</s>
    <s id="8">And yet, despite a palpable sense of concern that something is very wrong, the prognosis for significant change is bleak – and deteriorating.</s>
  </p>
  <p id="4">
    <s id="9">What accounts for the apparent lack of effective policy action across a broad range of countries and regions?</s>
  </p>
  <p id="5">
    <s id="10">One line of thinking blames a “leadership vacuum” – a common diagnosis in Europe.</s>
    <s id="11">Elsewhere – especially in the US – polarization and ugly zero-sum politics are thought to discourage potentially capable political leadership.</s>
  </p>
  <p id="6">
    <s id="12">But, absent further analysis, the leadership vacuum becomes a catchall explanation.</s>
    <s id="13">What we need to know is why new political leadership in democracies like France, Britain, Japan, and the US has produced so little change.</s>
  </p>
  <p id="7">
    <s id="14">A second explanation addresses that question: While bold action is required, the complexity of economic conditions, and disagreement about the right policy responses, implies a risk of serious error.</s>
    <s id="15">For professional politicians and policymakers in such circumstances, less may be more.</s>
    <s id="16">On this view, risk aversion both reflects and reinforces a divergence between individual incentives (the desire to be reelected, reappointed, or promoted) and collective needs (fixing problems).</s>
  </p>
  <p id="8">
    <s id="17">A third answer is that policy instruments are simply ineffective in today’s conditions.</s>
    <s id="18">There is some merit to this claim.</s>
    <s id="19">Economic deleveraging takes time.</s>
    <s id="20">The restoration of sustainable patterns of growth requires years, not months.</s>
    <s id="21">Expectations may be out of line with the underlying reality.</s>
    <s id="22">But the absence of a quick solution does not mean that nothing can be done to improve the speed and quality of recovery.</s>
  </p>
  <p id="9">
    <s id="23">Vested interests may also play a role.</s>
    <s id="24">Technological innovation and global market forces have produced a decisive shift in income toward capital and the upper 20% of the income distribution, often at the expense of middle-income groups, the unemployed, and the young.</s>
    <s id="25">The beneficiaries of these trends may have accumulated enough political influence to maintain the status quo, highlighting distributional issues that have generally received too little attention in understanding policy responses or their absence.</s>
  </p>
  <p id="10">
    <s id="26">There are structural explanations for policy inaction as well.</s>
    <s id="27">Governance systems and constitutional structures differ in the extent to which they require broad consensus for official action, or to change policy direction in response to shocks or shifting conditions.</s>
  </p>
  <p id="11">
    <s id="28">Some argue that the more constraining political systems work well in stable times, but perform poorly under volatile conditions like those prevailing today.</s>
    <s id="29">Others support constrained government on the grounds that it protects everyone from waste, rent-seeking, and interference with freedom of choice, and that, when needed, inspired leadership can build the required consensus to address changing circumstances.</s>
    <s id="30">High hurdles to major shifts in policy direction force officials to make a convincing case.</s>
  </p>
  <p id="12">
    <s id="31">That is an inherently difficult task at a time when rapid change in the global economy has left many still trying to understand what is happening and what it all means for growth, stability, the distribution of income, and employment.</s>
    <s id="32">In the face of such complexity, it is not surprising that genuine policy disagreements lead to extended debate and relatively little action.</s>
  </p>
  <p id="13">
    <s id="33">Moreover, the technocratic elements of government must often be balanced against democratic accountability.</s>
    <s id="34">In every society, individuals with special training and expertise are appointed to perform technically complex functions.</s>
    <s id="35">Their freedom of action is constrained by time limits and reappointment procedures that determine the nature and degree of their accountability to elected officials and the public.</s>
    <s id="36">There can be too little freedom of action (populism) or too little accountability (autocracy).</s>
  </p>
  <p id="14">
    <s id="37">The necessary balance may vary according to local conditions.</s>
    <s id="38">For example, many China observers believe that accountability there needs to increase at this stage of the country’s economic, social, and political evolution.</s>
    <s id="39">Others argue that Western democracies have the opposite problem: a surfeit of narrow, politically assertive interests leads to underinvestment and poor tradeoffs between present and future opportunities and performance.</s>
  </p>
  <p id="15">
    <s id="40">This brings us to a crucial obstacle: Government, business, financial, and academic elites are not trusted.</s>
    <s id="41">Lack of trust in elites is probably healthy at some level, but numerous polls indicate that it is in rapid decline, which surely increases citizens’ reluctance to delegate authority to navigate an uncertain global economic environment.</s>
  </p>
  <p id="16">
    <s id="42">Loss of trust probably has multiple causes, including analytical failure: central banks, regulators, market participants, rating agencies, and economists almost all failed to detect rising systemic risk in the years preceding the current crisis, much less to take appropriate corrective action.</s>
    <s id="43">But a more important cause is a suspicion that elites are placing their own interests above shared social values.</s>
  </p>
  <p id="17">
    <s id="44">Claims that our leadership, institutions, analyses, or policy instruments are inadequate to the task at hand surely contain a kernel of truth.</s>
    <s id="45">But the deeper problem is a breakdown in precisely such values and goals – that is, a weakening of social cohesion.</s>
    <s id="46">Restoring it will require analysts, policymakers, business leaders, and civil-society groups to clarify causes, share blame for mistakes, pursue flexible solutions in which costs are shared equitably, and, most important, explain that hard problems cannot be solved overnight.</s>
  </p>
</document>
