<?xml version="1.0" encoding="utf-8"?>
<document>
  <HEADLINE>
    <s id="1">Can Trump’s Sanctions Break Iran?</s>
  </HEADLINE>
  <p id="1">
    <s id="2">LONDON – “The Iran sanctions have officially been cast,” tweeted US President Donald Trump three months after he signed an executive order in May announcing his administration’s withdrawal from the 2015 Iran nuclear deal.</s>
    <s id="3">He went on to boast the return of “the most biting sanctions ever imposed,” as if sounding the death knell of the Joint Comprehensive Plan of Action (JCPOA), as the deal is officially known.</s>
  </p>
  <p id="2">
    <s id="4">The announcement took few observers by surprise.</s>
    <s id="5">But the irony was not lost on Wendy Sherman, the JCPOA’s senior US negotiator, who quipped recently that she had always expected “the greatest challenge to the deal’s success would be violations by Iran, not the political machinations of the president of the United States.”</s>
  </p>
  <p id="3">
    <s id="6">Indeed, Iran and the US seem to have reversed roles: Iran’s isolation before the deal now contrasts with America’s determination to swim against the global tide.</s>
    <s id="7">Disappointment, if not disbelief, prevailed among the JCPOA’s other parties – the European Union countries, Russia, and China – whose leaders were quick to reaffirm their strong commitment to the agreement.</s>
  </p>
  <p id="4">
    <s id="8">By contrast, US officials have reiterated the Trump administration’s determination permanently to rein in Iran’s “nuclear ambitions,” limit its ballistic missiles program, and scale down its regional influence.</s>
    <s id="9">By the sanctions’ final stage, which kicks in on November 4 (coinciding, as it happens, with the 39th anniversary of the abduction of diplomats and staff at the US Embassy in Tehran in 1979), the US goal is to reduce Iran’s oil exports “down to zero.”</s>
  </p>
  <p id="5">
    <s id="10">Given the long and fraught history of economic sanctions against Iran, the question looming now is whether this time they are more likely to be effective in changing the regime or its behavior.</s>
  </p>
  <p id="6">
    <s id="11">The last time Iran’s oil exports were reduced to negligible levels through an extensive economic boycott was in the mid-twentieth century, when Iran’s popularly elected prime minister, Mohammad Mossadegh, nationalized the oil industry.</s>
    <s id="12">A British-led blockade of Iran’s oil brought the industry to a virtual standstill, destabilized the economy, and paved the way for the infamous US and UK-instigated coup which restored the Shah to power in 1953.</s>
  </p>
  <p id="7">
    <s id="13">Such has been the hangover from those tumultuous years that it took a half-century for US Secretary of State Madeleine Albright to acknowledge in 2000 that the coup that ousted Mossadegh was a clear “setback for Iran’s political development” and a key reason “why many Iranians continue to resent this intervention by America.”</s>
  </p>
  <p id="8">
    <s id="14">Such remorse, if it can be considered that, did not, however, close the door on more sanctions against Iran.</s>
    <s id="15">Sanctions imposed by the US and the EU from 2010 to 2015 had mixed results.</s>
    <s id="16">These comprehensive measures – described by then-US Vice President Joe Biden as “the most crippling sanctions in the history of sanctions,” shrank oil exports by two-thirds, to below one million barrels a day.</s>
  </p>
  <p id="9">
    <s id="17">The resulting stagflation heaped misery on ordinary Iranians, with GDP contracting almost 6% in 2012 and inflation averaging 35% the following year.</s>
    <s id="18">Widespread private-sector failures and growing unemployment followed.</s>
    <s id="19">Contrary to the sanctions’ principal objectives, however, the economic and political hold of the public sector and parastatal organizations strengthened.</s>
    <s id="20">Meanwhile, Iran insisted on its sovereign right to pursue a peaceful nuclear program.</s>
    <s id="21">The scope for compromise seemed absent until the reformist administration of President Hassan Rouhani took over in 2013.</s>
  </p>
  <p id="10">
    <s id="22">So what is different this time?</s>
  </p>
  <p id="11">
    <s id="23">Though promising to be even more biting, the US sanctions regime is not backed by UN Security Council resolutions and hence lacks international legitimacy.</s>
    <s id="24">This means Iran’s isolation will be far less complete, with key trading partners such as China and Turkey already announcing that they will abide by “legal” sanctions only.</s>
  </p>
  <p id="12">
    <s id="25">But the sanctions’ de facto, not de jure, status will determine their effectiveness.</s>
    <s id="26">This is especially true of European firms, which will ultimately decide the outcome of the battle for secondary sanctions in cognizance of their shareholders’ interests, rather than the political machinations of their governments.</s>
  </p>
  <p id="13">
    <s id="27">This explains the significant stream of exits from Iran’s markets already announced by large firms.</s>
    <s id="28">In an interconnected world where US economic influence extends far and wide, it is hard even for European firms – auto manufacturers, airlines, energy companies, banks, and the like – to risk the ire of the US Treasury.</s>
    <s id="29">This means that the ultimate success of sanctions is likely to depend on what others make of them as much as on what Iran does.</s>
  </p>
  <p id="14">
    <s id="30">But domestic conditions in Iran also play a key role, and it is here that the US seems to be basing its confidence that sanctions will “succeed.”</s>
    <s id="31">For months, Iranian cities have been rocked by widespread protests, ostensibly against worsening economic conditions.</s>
    <s id="32">These outbursts have weakened Iran’s reformers by undermining their monopoly on hope.</s>
    <s id="33">Hardliners, it seems, have been offered a new lease on life and can now claim their dismissal of the JCPOA was justified from the start.</s>
    <s id="34">The economic impact has already been felt, with the Iranian currency going into freefall after speculation about a US withdrawal from the deal began.</s>
    <s id="35">The specter of inflation is back.</s>
  </p>
  <p id="15">
    <s id="36">Ultimately, for sanctions to succeed from the US perspective, they must bring about either regime change or behavioral change.</s>
    <s id="37">Historically, sanctions have a less-than-convincing track record (think Cuba, Myanmar, and Zimbabwe) on achieving the former, and whether they can pave the way for the latter, in the form of a negotiated settlement, remains to be seen.</s>
    <s id="38">But one thing is clear: applied to Iran, the “Trump doctrine” of pushing one’s foes to the brink, in the hope that they will blink first, has entered uncharted terrain.</s>
  </p>
</document>
