<?xml version="1.0" encoding="utf-8"?>
<document>
  <HEADLINE>
    <s id="1">Winners and Losers in the Post-9/11 Era</s>
  </HEADLINE>
  <p id="1">
    <s id="2">September 11, 2001, is one of those dates that mark a transformation in world politics.</s>
    <s id="3">Just as the fall of the Berlin Wall on November 9, 1989, signified the Cold War’s end, al-Qaeda’s attack on the United States opened a new epoch.</s>
    <s id="4">A non-governmental group killed more Americans that day than the government of Japan did with its surprise attack on another transformative date, December 7, 1941.</s>
    <s id="5">While the jihadi terrorist movement had been growing for a decade, 9/11 was the turning point.</s>
    <s id="6">Five years into this new era, how should we characterize it?</s>
  </p>
  <p id="2">
    <s id="7">Some believe that 9/11 ushered in a “clash of civilizations” between Islam vs. the West.</s>
    <s id="8">Indeed, that is probably what Osama bin Laden had in mind.</s>
    <s id="9">Terrorism is a form of theater.</s>
    <s id="10">Extremists kill innocent people in order to dramatize their message in a way that shocks and horrifies their intended audience.</s>
    <s id="11">They also rely on what Clark McCauley and others have called “jujitsu politics,” in which a smaller fighter uses the strength of the larger opponent to defeat him.</s>
  </p>
  <p id="3">
    <s id="12">In that sense, bin Laden hoped that the US would be lured into a bloody war in Afghanistan, similar to the Soviet intervention two decades earlier, which had created such a fertile recruiting ground for jihadists.</s>
    <s id="13">But the Americans used a modest amount of force to remove the Taliban government, avoided disproportionate civilian casualties, and were able to create an indigenous political framework.</s>
  </p>
  <p id="4">
    <s id="14">While far from perfect, the first round in the fight went to the US.</s>
    <s id="15">Al-Qaeda lost the sanctuaries from which it planned its attacks; many of its leaders were killed or captured; and its central communications were severely disrupted.</s>
  </p>
  <p id="5">
    <s id="16">Then the Bush administration succumbed to hubris and made the colossal mistake of invading Iraq without broad international support.</s>
    <s id="17">Iraq provided the symbols, civilian casualties, and recruiting ground that the jihadi extremists had sought in Afghanistan.</s>
    <s id="18">Iraq was George Bush’s gift to Osama bin Laden.</s>
  </p>
  <p id="6">
    <s id="19">Al-Qaeda lost its central organizational capacity, but it became a symbol and focal point around which like-minded imitators could rally.</s>
    <s id="20">With the help of the Internet, its symbols and training materials became easily available around the world.</s>
    <s id="21">Whether al-Qaeda had a direct role in the Madrid and London bombings, or the recent plot to blow up airliners over the Atlantic, is less important than the way it has been transformed into a powerful “brand.”</s>
    <s id="22">The second round went to the extremists.</s>
  </p>
  <p id="7">
    <s id="23">The outcome of future rounds in the struggle against jihadi terrorism will depend on our ability to avoid the trap of “jujitsu politics.”</s>
    <s id="24">That will require more use of the soft power of attraction rather than relying so heavily on hard military power, as the Bush administration has done.</s>
    <s id="25">For the struggle is not a clash of Islam vs. the West, but a civil war within Islam between a minority of terrorists and a larger mainstream of non-violent believers.</s>
  </p>
  <p id="8">
    <s id="26">Jihadi extremism cannot be defeated unless the mainstream wins.</s>
    <s id="27">Military force, intelligence, and international police cooperation needs to be used against hardcore terrorists affiliated with or inspired by al-Qaeda, but soft power is essential to attracting the mainstream and drying up support for the extremists.</s>
  </p>
  <p id="9">
    <s id="28">US Secretary of Defense Donald Rumsfeld once said that the measure of success in this war is whether the number of terrorists we are killing and deterring is larger than the number that the terrorists are recruiting.</s>
    <s id="29">By this standard, we are doing badly.</s>
    <s id="30">In November 2003, the official number of terrorist insurgents in Iraq was given as 5,000.</s>
    <s id="31">This year, it was reported to be 20,000.</s>
    <s id="32">As Brig. General Robert Caslen, the Pentagon’s deputy director for the war on terrorism, put it, “We are not killing them faster than they are being created.”</s>
  </p>
  <p id="10">
    <s id="33">We are also failing in the application of soft power.</s>
    <s id="34">According to Caslen, “We in the Pentagon are behind our adversaries in the use of communication – either to recruit or train.”</s>
  </p>
  <p id="11">
    <s id="35">The manner in which we use military power also affects Rumsfeld’s ratio.</s>
    <s id="36">In the aftermath of 9/11, there was a good deal of sympathy and understanding around the world for America’s military response against the Taliban.</s>
    <s id="37">The US invasion of Iraq, a country that was not connected to the 9/11 attacks, squandered that good will, and the attractiveness of the US in Muslim countries like Indonesia plummeted from 75% approval in 2000 to half that level today.</s>
    <s id="38">Indeed, occupying a divided nation is messy, and it is bound to produce episodes like Abu Ghraib and Haditha, which undercut America’s attractiveness not just in Iraq, but around the world.</s>
  </p>
  <p id="12">
    <s id="39">The ability to combine hard and soft power is smart power.</s>
    <s id="40">When the Soviet Union invaded Hungary and Czechoslovakia during the Cold War, it undercut the soft power that it had enjoyed in Europe in the aftermath of World War II.</s>
    <s id="41">When Israel launched a lengthy bombing campaign in Lebanon last month, it created so many civilian casualties that the early criticisms of Hezbollah by Egypt, Jordan, and Saudi Arabia became untenable in Arab politics.</s>
    <s id="42">When terrorist excesses killed innocent Muslim civilians such as Egyptian Islamic Jihad did in 1993 or Abu Musab al-Zarqawi did in Amman in 2005, they undercut their own soft power and lost support.</s>
  </p>
  <p id="13">
    <s id="43">The most important lesson five years after 9/11 is that failure to combine hard and soft power effectively in the struggle against jihadi terrorism will lead us into the trap set by those who want a clash of civilizations.</s>
    <s id="44">Muslims, including Islamists, have a diversity of views, so we need to be wary of strategies that help our enemies by uniting disparate forces behind one banner.</s>
    <s id="45">We have a just cause and many potential allies, but our failure to combine hard and soft power into a smart strategy could be fatal.</s>
  </p>
</document>
