<?xml version="1.0" encoding="utf-8"?>
<document>
  <HEADLINE>
    <s id="1">PS [In Depth]: Women’s Economic Empowerment</s>
  </HEADLINE>
  <p id="1">
    <s id="2">For human-development specialists, increasing women’s participation in the global economy is the key not only to gender equality, but also to overall income growth.</s>
    <s id="3">When women work outside the home, they are less likely to marry young or suffer abuse, and women generally invest more in their family’s future than men do.</s>
    <s id="4">According to the McKinsey Global Institute, fully empowering women would add some $12 trillion to global GDP by 2025.</s>
    <s id="5">But despite decades of international effort,the world has so far failed to close the economic gender gap.</s>
    <s id="6">We already have a roadmap for achieving full financial inclusion; the challenge is to follow it.</s>
  </p>
  <p id="2">
    <s id="7">Economic empowerment means, at bottom, the ability to monetize one’s skills and talents.</s>
    <s id="8">But for many women – and especially women in developing countries – access to the formal labor market is restricted by a host of cultural and political barriers.</s>
    <s id="9">Faced with fewer traditional employment opportunities, many poor women have no choice but to go into business for themselves; to succeed, they need government support.</s>
  </p>
  <p id="3">
    <s id="10">Agriculture is among the most ubiquitous forms of female entrepreneurship.</s>
    <s id="11">But, although women produce most of the world’s food, they own less than 20% of the world’s farmland.</s>
    <s id="12">Removing obstacles to land ownership could improve women’s economic and social prospects faster than almost any other policy option available.</s>
  </p>
  <p id="4">
    <s id="13">Finally, for many women, the biggest obstacle to employment is also one of the least discussed: transportation.</s>
    <s id="14">The World Bank estimates that 80% of women fear being harassed on public transportation, and in poor countries, safety concerns result in a 16.5% reduction in female participation in the labor market.</s>
    <s id="15">In other words, economic empowerment means more than finding a job; it also means getting to it.</s>
  </p>
</document>
