<?xml version="1.0" encoding="utf-8"?>
<document>
  <HEADLINE>
    <s id="1">The Next Stage of Women’s Emancipation?</s>
  </HEADLINE>
  <p id="1">
    <s id="2">LONDON – February 6, 2018, marked the centenary of the Representation of the People Act, which enfranchised (some) women in Britain for the first time – a reward for women’s work during World War I. In honor of this historic event, statues of two leaders in the struggle for women’s suffrage, Millicent Fawcett and Emmeline Pankhurst, are to be erected in British cities.</s>
  </p>
  <p id="2">
    <s id="3">The economic emancipation of women had to wait till after World War II, when permanent male labor shortages – the result, incidentally, of Keynesian full-employment policies – pulled ever more women out of domesticity and into factories and shops.</s>
    <s id="4">This second wave of emancipation concentrated on economic inequalities, especially discrimination in job selection and disparities in pay and property rights.</s>
  </p>
  <p id="3">
    <s id="5">These battles have also mainly been won.</s>
    <s id="6">Discrimination in inheritance is long gone, and equal pay for equal work is accepted in theory, though a gender bias persists (as it does for selection to senior posts).</s>
    <s id="7">For example, Carrie Gracie recently resigned as the BBC’s China editor in protest against unequal pay between male and female editors, shaming six top male employees to agree to substantial wage cuts.</s>
  </p>
  <p id="4">
    <s id="8">It is only a matter of time – of overcoming habit, prejudice, and inertia – before what is accepted in principle becomes practice.</s>
    <s id="9">The most interesting remaining argument for unequal treatment relates to activities for which there is a premium on physical qualities, as in sport.</s>
    <s id="10">In traditional societies, men did the fighting, because they were stronger, faster, and taller.</s>
    <s id="11">Not surprisingly, one of the last remaining bastions of unequal pay today is in competitive sport, which is a ritualized form of warfare.</s>
  </p>
  <p id="5">
    <s id="12">In most major sports, there are separate men’s and women’s teams and events, with lower standards of performance expected of women.</s>
    <s id="13">For example, men’s tennis matches often comprise up to five sets, compared to three for women.</s>
    <s id="14">The best men can beat the best women because they are stronger, hit the ball harder, and have more stamina.</s>
    <s id="15">In swimming, the longest race for men is 1,500 meters, while for women it is 800 meters.</s>
    <s id="16">One sport in which women compete equally with men is equestrianism – not just racing, but also dressage, show jumping, and three-day eventing.</s>
  </p>
  <p id="6">
    <s id="17">The question is whether pay ought to be equal in an area in which performance is unequal “by nature.”</s>
    <s id="18">In tennis, the principle of equal pay for unequal performance is accepted for grand slam events, but not for many others.</s>
    <s id="19">Elsewhere, the gender pay gap remains striking, notably in football (soccer).</s>
    <s id="20">The captain of England’s professional women’s team, Steph Houghton, is paid just £65,000 ($90,000) a year, whereas Neymar, the world’s most expensive male player, receives roughly 500 times as much.</s>
    <s id="21">And while players in England’s women’s super league earn an annual wage of up to £35,000, Chelsea’s male players are paid, on average, a staggering £4.5 million.</s>
  </p>
  <p id="7">
    <s id="22">One argument frequently made for equalizing pay is that sportswomen put in as much effort as sportsmen to produce their results.</s>
    <s id="23">This harks back to the old labor theory of value, which contended that all value was created by work.</s>
    <s id="24">But the link between hours of work and market prices is almost non-existent in practice, which is why economists needed a different explanation for market prices.</s>
  </p>
  <p id="8">
    <s id="25">Economists today say that prices (including wages and salaries) are determined by consumer demand.</s>
    <s id="26">What a thing costs depends not on the amount of time and effort spent producing it, but on what it is worth to the buyer.</s>
    <s id="27">Male footballers are paid more than female players because their services are more in demand.</s>
    <s id="28">If women’s football teams started paying their players the same as men’s teams, they would go bankrupt.</s>
    <s id="29">Unemployment is the price of insisting on being paid above the “market-clearing” level.</s>
  </p>
  <p id="9">
    <s id="30">Market prices, economists insist, do not measure moral worth but market worth.</s>
    <s id="31">If we want market-determined rewards to equate with “just” rewards, we either have to abolish markets – the socialist solution – or restructure individual preferences.</s>
  </p>
  <p id="10">
    <s id="32">One argument is that women in sport would command the same market price as men, if only structural gender biases, such as greater media coverage and sponsorship for men’s sports, were removed.</s>
    <s id="33">Although market value may be determined by consumer demand, as economic theory has it, these preferences are themselves the result of socially structured gender biases.</s>
    <s id="34">In the absence of these biases, demand for women’s sports – as measured by attendance at matches, television ratings, and so on – would equal demand for men’s sports.</s>
  </p>
  <p id="11">
    <s id="35">This argument is based on the assumption – which extends far beyond sports – that real gender equality will not be achieved until the formation of tastes and habits is no longer subject to gender stereotypes.</s>
    <s id="36">Boys would not automatically be given toy guns, while girls are given dolls.</s>
  </p>
  <p id="12">
    <s id="37">This sounds reasonable enough, until one recognizes the lengths to which radical feminists are willing to go to re-engineer tastes and preferences.</s>
    <s id="38">Language is being systematically purged of “gender bias.”</s>
    <s id="39">University courses in humanities and social sciences are being subjected to implicit or explicit forms of gender censorship.</s>
    <s id="40">Gender itself is increasingly seen as “socially constructed”; and children, therefore, should be encouraged to choose their own gender.</s>
  </p>
  <p id="13">
    <s id="41">To me, the latest offensive against men is a good cause gone mad.</s>
    <s id="42">But then, as a 78-year-old white male, I would think that, wouldn’t I?</s>
  </p>
</document>
