<?xml version="1.0" encoding="utf-8"?>
<document>
  <HEADLINE>
    <s id="1">Will China Weaponize Social Media?</s>
  </HEADLINE>
  <p id="1">
    <s id="2">ATLANTA – Ever since the 2016 US presidential election, with its revelations about Russian meddling, European officials have been on the lookout for similar attacks.</s>
    <s id="3">But Europeans aren’t the only ones paying attention.</s>
    <s id="4">So, too, are China’s leaders, who are considering what they might learn from the Kremlin’s successes.</s>
  </p>
  <p id="2">
    <s id="5">For Chinese President Xi Jinping, maintaining domestic stability is a top priority, a point underscored by China’s annual budget for internal security.</s>
    <s id="6">At well over $100 billion, the official number is low.</s>
    <s id="7">Like defense outlays, the real number is much higher, owing to hidden spending, including on research and development.</s>
  </p>
  <p id="3">
    <s id="8">For example, China is exploring how artificial intelligence (AI) and big data can be used to monitor everything from social media to credit-card spending, and it plans to assign all citizens a social-reliability rating to weed out potential troublemakers.</s>
    <s id="9">The regime’s Orwellian strategy is focused squarely on social media and controlling not just what is said, but also how information flows into and around the country.</s>
  </p>
  <p id="4">
    <s id="10">Moreover, the authorities are bringing technology companies into line with tough new laws and cyber-security investigations.</s>
    <s id="11">For Xi, the ease with which the Kremlin has manipulated Facebook and Twitter demonstrates the need for a tighter grip on China’s own social-media platforms.</s>
    <s id="12">The Chinese government is now requesting seats on the boards of companies such as WeChat, Weibo, and Tencent, and demanding access to their users’ personal data.</s>
  </p>
  <p id="5">
    <s id="13">Chinese cyber spies are also studying Russia’s success.</s>
    <s id="14">To be sure, Chinese hackers do not lack technical savvy.</s>
    <s id="15">They have launched cyberattacks against US presidential campaigns, expatriate Tibetan movements, and Uighur activists.</s>
    <s id="16">They have burrowed into Western think tanks and universities that study China.</s>
    <s id="17">They have even hacked into Western news outlets that published embarrassing stories about Chinese leaders’ wealth.</s>
    <s id="18">Still, the Chinese may have something to learn from Russia’s well-choreographed online army of trolls and bots.</s>
  </p>
  <p id="6">
    <s id="19">Similarly, strategists at the People’s Liberation Army (PLA) are likely poring over the Kremlin’s handiwork to inform their own cyber-war tactics.</s>
    <s id="20">Chinese strategic thinking about “political warfare” holds that an adversary’s political, social, and economic institutions – particularly the media – should be targeted before a shooting war ever begins.</s>
    <s id="21">To that end, Russia’s diffusion of bogus news and conspiracy theories through its state-funded media outlets RT and Sputnik could prove instructive.</s>
  </p>
  <p id="7">
    <s id="22">In addition to expanding China’s cyber capabilities, Xi has also been developing China’s soft power through economic, social, cultural, and media initiatives.</s>
    <s id="23">And although he has not yet coupled these programs with China’s clandestine forces to launch the kind of audacious attack that roiled the 2016 presidential election, he clearly is establishing the means to do so.</s>
    <s id="24">Recently, it was revealed that China has been conducting wide-ranging influence operations in Australia, using official campus organizations to monitor Chinese college students, business associations to tout Chinese interests, and diplomats to police local Chinese-language media.</s>
    <s id="25">Late last year, an Australian senator was forced to resign over his alleged ties to a Chinese billionaire.</s>
  </p>
  <p id="8">
    <s id="26">China is also expanding its global media presence.</s>
    <s id="27">By some estimates, the government is sinking some $7 billion into new media and broadcast outlets abroad every year.</s>
    <s id="28">Its official news agency, Xinhua, has more than 170 bureaus around the world and publishes in eight languages.</s>
    <s id="29">China Central Television (CCTV) has more than 70 foreign bureaus and broadcasts to 171 countries in six languages.</s>
    <s id="30">China Radio International is the world’s second-largest radio broadcaster after the BBC, broadcasting in 64 languages from 32 foreign bureaus to 90 radio stations worldwide.</s>
  </p>
  <p id="9">
    <s id="31">None of these organizations has yet to distinguish itself as a go-to international news source.</s>
    <s id="32">But they have become a significant source of information for people in underserved regions such as the Middle East and Africa, where they purvey China’s views and are building sympathetic audiences.</s>
  </p>
  <p id="10">
    <s id="33">At the same time, China is purchasing “native advertising” in Australian, American, and European newspapers.</s>
    <s id="34">This allows China to place officially authored content about controversial issues – such as its militarized island-building in the South China Sea – next to those publications’ editorial offerings.</s>
  </p>
  <p id="11">
    <s id="35">Xi is also playing the long game, by approving investments in movies and other forms of mass entertainment to influence how global popular culture treats all things Chinese.</s>
    <s id="36">Despite the Chinese government’s recent clampdown on outbound capital flows, Chinese companies are still adding to their major stakes in Hollywood properties.</s>
    <s id="37">The Chinese conglomerate Dalien Wanda alone has some $10 billion in entertainment assets in the United States, Europe, and Australia.</s>
    <s id="38">And other Chinese Internet and financial giants such as Alibaba, Tencent, and Hony Capital, as well as state-owned companies such as the China Film Group, have invested tens of billions of dollars in US film ventures.</s>
  </p>
  <p id="12">
    <s id="39">With these financial stakes, the Chinese government has leverage that goes beyond old-fashioned censorship.</s>
    <s id="40">Hollywood studio bosses with an eye on China’s massive domestic market will be tempted to kowtow to the government’s “creative” requests when it comes to scripts, casting decisions, and so forth.</s>
    <s id="41">At $8.6 billion in 2017, Chinese box-office receipts are second only to North America’s.</s>
    <s id="42">Yet China allows only 38 foreign films into the country each year, inducing filmmakers to bend over backward to please the censors.</s>
  </p>
  <p id="13">
    <s id="43">Of course, Hollywood executives aren’t the only Westerners helping Xi’s realize his agenda.</s>
    <s id="44">Between Apple’s recent decision to relinquish its Chinese user data storage to a Chinese partner and Google’s announcement that it will site a new AI research center in China, US technology giants are not just making deals to benefit their “stakeholders.”</s>
    <s id="45">They are also handing Xi and his cyber operatives proprietary technologies and know-how, and even potential access to US targets.</s>
  </p>
  <p id="14">
    <s id="46">This raises an obvious question: If Russia could roil a US presidential election without such intimate business relationships, what will China be able to do in the years ahead?</s>
    <s id="47">To think that China’s only interest is making money, one Hollywood executive recently acknowledged, would be “very naive and dangerous” indeed.</s>
  </p>
</document>
