<?xml version="1.0" encoding="utf-8"?>
<document>
  <HEADLINE>
    <s id="1">The Sino-American Employment Challenge</s>
  </HEADLINE>
  <p id="1">
    <s id="2">HONG KONG – Donald Trump’s rise to power in the United States involved more than a little China-bashing.</s>
    <s id="3">Yet, with Chinese President Xi Jinping’s visit to Trump’s Florida estate earlier this month, it seems that the status quo in the bilateral relationship – crucial for global trade, growth, and stability – will be maintained.</s>
    <s id="4">That could be very good news for Chinese and US workers alike.</s>
  </p>
  <p id="2">
    <s id="5">At the summit, Xi reiterated China’s commitment to maintaining a positive relationship with the US.</s>
    <s id="6">“We have a thousand reasons to get China-US relations right,” he said, “and not one reason to spoil” them.</s>
    <s id="7">Trump, for his part, accepted Xi’s invitation to visit China soon.</s>
  </p>
  <p id="3">
    <s id="8">On trade, Trump and Xi agreed to a 100-day plan for discussions on reducing the US trade deficit with China.</s>
    <s id="9">Moreover, the US accepted China’s proposal to revamp the framework for bilateral engagement by creating the US-China Comprehensive Dialogue, consisting of four sub-dialogues: diplomacy and security, economic issues, law enforcement and cybersecurity, and social and cultural affairs.</s>
  </p>
  <p id="4">
    <s id="10">The understanding between Xi and Trump reflected a sober acknowledgement of the domestic and international risks their countries face.</s>
    <s id="11">Both seemed to recognize that a stable US-China relationship is necessary to enable them to focus on their respective challenges.</s>
  </p>
  <p id="5">
    <s id="12">For Xi, those challenges include supply-side structural reforms to address corruption, pollution, rising debt, overcapacity, and low productivity.</s>
    <s id="13">As for Trump, the main imperative is to overcome political and institutional obstacles to fulfilling his promises, including to reduce taxes and invest in infrastructure.</s>
  </p>
  <p id="6">
    <s id="14">But there is one key challenge that both leaders have in common: jobs.</s>
    <s id="15">Technological advances, especially in automation and robotics, are putting a growing number of jobs under pressure.</s>
    <s id="16">In the US, that pressure was a driving force behind Trump’s election (though it was often and disproportionately blamed on immigrants and developing-country exporters, including China).</s>
    <s id="17">But in China, too, technology-driven job insecurity could pose a threat to political stability.</s>
  </p>
  <p id="7">
    <s id="18">According to a report released by US President Barack Obama’s administration last year, anywhere from 9% to 47% of jobs will be threatened by automation during the coming decade.</s>
    <s id="19">More recently, McKinsey released its own report on the topic, in which it estimates that about 60% of all occupations could undergo automation of 30% or more of their constituent activities.</s>
  </p>
  <p id="8">
    <s id="20">Now, world leaders – beginning with Trump and Xi – must figure out how to sustain employment, as existing jobs disappear.</s>
    <s id="21">The Obama administration’s study recommended a three-pronged approach: investment in artificial intelligence (to take advantage of its benefits); education and training of workers for the jobs of the future; and aid for workers in transition.</s>
    <s id="22">This is all well and good, but one imperative is missing: ensuring that enough new jobs actually are created.</s>
  </p>
  <p id="9">
    <s id="23">In both the China and the US, job disruptions are subject to sectoral and geographic imbalances.</s>
    <s id="24">Driverless cars, for example, will threaten some 2-3 million jobs in the US.</s>
    <s id="25">Those job losses will hit workers in some sectors – beginning with personal and freight transport – particularly hard.</s>
  </p>
  <p id="10">
    <s id="26">Similarly, the effects of automation on factory workers tend to be concentrated in particular regions.</s>
    <s id="27">America’s Rust Belt, which once boasted a powerful manufacturing sector, is already suffering the consequences of automation.</s>
    <s id="28">In China, it is the northeastern region that is being hit hardest by job losses, owing to overcapacity and the closure of polluting and loss-making heavy industries.</s>
  </p>
  <p id="11">
    <s id="29">But the most consequential asymmetry affecting the job-creation challenge may be the one between institutions and policies.</s>
    <s id="30">Sharp increases in government employment are usually fiscally unsustainable and even counterproductive, as they can crowd out the private sector.</s>
    <s id="31">Yet large enterprises – whether private or state-owned – are in job-reduction mode, driven either by profit or efficiency pressures.</s>
    <s id="32">This leaves small and medium-size enterprises (SMEs) to pick up the slack.</s>
  </p>
  <p id="12">
    <s id="33">China’s SMEs are certainly capable of doing so.</s>
    <s id="34">Indeed, even if large enterprises were not currently shedding workers, they would be at a disadvantage vis-à-vis more efficient and innovative SMEs in an economy transformed by interactive Internet platforms.</s>
  </p>
  <p id="13">
    <s id="35">Consider e-commerce.</s>
    <s id="36">As a recent report by the Alibaba Research Institute points out, e-commerce is transforming the relationship between customers and businesses.</s>
    <s id="37">What was once a business-to-consumer supply-and-distribution model has become far more interactive, with customers constantly delivering feedback to which businesses must constantly adapt.</s>
  </p>
  <p id="14">
    <s id="38">Large Internet platforms like Alibaba can use Big Data and smart analytics to monitor such changes.</s>
    <s id="39">But large established firms cannot respond to those changes – say, by adjusting what they are producing or how they are distributing it – with the same speed and flexibility as their SME counterparts.</s>
  </p>
  <p id="15">
    <s id="40">Despite the potential of SMEs to produce valuable innovation and create jobs, however, the sector has been woefully neglected by policymakers.</s>
    <s id="41">For example, tax incentives do not account for SMEs’ positive externalities in terms of job creation and innovation.</s>
    <s id="42">And, because of the risks of individual failures, SMEs often face higher costs for bank credit, particularly in China.</s>
  </p>
  <p id="16">
    <s id="43">As the world’s two largest consumer markets and leading trade partners, China and the US can do much to help each other overcome the barriers to increased, broad-based, and high-quality job creation.</s>
    <s id="44">The US has the technology, talent, and regulatory experience to continue to lead the way on innovation, supporting job creation in new and future-oriented industries and activities.</s>
    <s id="45">And China’s move toward a consumption-led economy, driven by an increasingly modern services sector, is likely to boost demand for high-quality and innovative US goods and services.</s>
  </p>
  <p id="17">
    <s id="46">The result would be a much more balanced trade relationship and, potentially, a new global partnership for development.</s>
    <s id="47">With that in mind, one can only hope that Trump maintains the cooperative spirit demonstrated at the recent Florida summit.</s>
  </p>
</document>
