<?xml version="1.0" encoding="utf-8"?>
<document>
  <HEADLINE>
    <s id="1">Unburdening the Facebook Generation</s>
  </HEADLINE>
  <p id="1">
    <s id="2">LOS ANGELES – Once again, young people have gotten the short end of the political stick.</s>
    <s id="3">The outcome of the United Kingdom’s Brexit referendum is but another reminder of a yawning generational divide that cuts across political affiliation, income levels, and race.</s>
  </p>
  <p id="2">
    <s id="4">Almost 75% of UK voters aged 18-24 voted to “Remain” in the European Union, only to have “Leave” imposed on them by older voters.</s>
    <s id="5">And this is just one of several ways in which millennials’ economic future, and that of their children, is being determined by others.</s>
  </p>
  <p id="3">
    <s id="6">I am in my late fifties, and I worry that our generation in the advanced world will be remembered – to our shame and chagrin – as the one that lost the economic plot.</s>
  </p>
  <p id="4">
    <s id="7">In the run-up to the 2008 global financial crisis, we feasted on leverage, feeling increasingly entitled to use credit to live beyond our means and to assume too much speculative financial risk.</s>
    <s id="8">We stopped investing in genuine engines of growth, letting our infrastructure decay, our education system lag, and our worker training and retooling programs erode.</s>
  </p>
  <p id="5">
    <s id="9">We allowed the budget to be taken hostage by special interests, which has resulted in a fragmentation of the tax system that, no surprise, has imparted yet another unfair anti-growth bias to the economic system.</s>
    <s id="10">And we witnessed a dramatic worsening in inequality, not just of income and wealth, but also of opportunity.</s>
  </p>
  <p id="6">
    <s id="11">The 2008 crisis should have been our economic wake-up call.</s>
    <s id="12">It wasn’t.</s>
    <s id="13">Rather than using the crisis to catalyze change, we essentially rolled over and went back to doing more of the same.</s>
  </p>
  <p id="7">
    <s id="14">Specifically, we simply exchanged private factories of credit and leverage for public ones.</s>
    <s id="15">We swapped an over-leveraged banking system for experimental liquidity injections by hyperactive monetary authorities.</s>
    <s id="16">In the process, we overburdened central banks, risking their credibility and political autonomy, as well as future financial stability.</s>
  </p>
  <p id="8">
    <s id="17">Emerging from the crisis, we shifted private liabilities from banks’ balance sheets to taxpayers, including future ones, yet we failed to fix fully the bailed-out financial sector.</s>
    <s id="18">We let inequality worsen, and stood by as too many young people in Europe languished in joblessness, risking a scary transition from unemployment to unemployability.</s>
  </p>
  <p id="9">
    <s id="19">In short, we didn’t do nearly enough to reinvigorate the engines of sustainable inclusive growth, thereby also weakening potential output and threatening future economic performance.</s>
    <s id="20">And we are compounding these serial miscarriages with a grand failure to act on longer-term sustainability, particularly when it comes to the planet and social cohesion.</s>
  </p>
  <p id="10">
    <s id="21">Poor economics has naturally spilled over into messy politics, as growing segments of the population have lost trust in the political establishment, business elites, and expert opinion.</s>
    <s id="22">The resulting political fragmentation, including the rise of fringe and anti-establishment movements, has made it even harder to devise more appropriate economic-policy responses.</s>
  </p>
  <p id="11">
    <s id="23">To add insult to injury, we are now permitting a regulatory backlash against technological innovations that disrupt entrenched and inefficient industries, and that provide people with greater control over their lives and wellbeing.</s>
    <s id="24">Growing restrictions on companies such as Airbnb and Uber hit the young particularly hard, both as producers and as consumers.</s>
  </p>
  <p id="12">
    <s id="25">If we do not change course soon, subsequent generations will confront self-reinforcing economic, financial, and political tendencies that burden them with too little growth, too much debt, artificially inflated asset prices, and alarming levels of inequality and partisan political polarization.</s>
    <s id="26">Fortunately, we are aware of the mounting problem, worried about its consequences, and have a good sense of how to bring about the much-needed pivot.</s>
  </p>
  <p id="13">
    <s id="27">Given the role of technological innovation, much of which is youth-led, even a small reorientation of policies could have a meaningful and rapid impact on the economy.</s>
    <s id="28">Through a more comprehensive policy approach, we could turn a vicious cycle of economic stagnation, social immobility, and market volatility into a virtuous cycle of inclusive growth, genuine financial stability, and greater political coherence.</s>
    <s id="29">What is needed, in particular, is simultaneous progress on pro-growth structural reforms, better demand management, addressing pockets of excessive indebtedness, and improving regional and global policy frameworks.</s>
  </p>
  <p id="14">
    <s id="30">While highly desirable, such changes will materialize only if greater constructive pressure is placed on politicians.</s>
    <s id="31">Simply put, few politicians will champion changes that promise longer-term benefits but often come with short-term disruptions.</s>
    <s id="32">And the older voters who back them will resist any meaningful erosion of their entitlements – even turning, when they perceive a threat to their interests, to populist politicians and dangerously simplistic solutions such as Brexit.</s>
  </p>
  <p id="15">
    <s id="33">Sadly, young people have been overly complacent when it comes to political participation, notably on matters that directly affect their wellbeing and that of their children.</s>
    <s id="34">Yes, almost three-quarters of young voters backed the UK’s “Remain” campaign.</s>
    <s id="35">But only a third of them turned out.</s>
    <s id="36">In contrast, the participation rate for those over 65 was more than 80%.</s>
    <s id="37">Undoubtedly, the absence of young people at the polls left the decision in the hands of older people, whose preferences and motivations differ, even if innocently.</s>
  </p>
  <p id="16">
    <s id="38">Millennials have impressively gained a greater say in how they communicate, travel, source and disseminate information, pool their resources, interact with businesses, and much else.</s>
    <s id="39">Now they must seek a greater say in electing their political representatives and in holding them accountable.</s>
    <s id="40">If they don’t, my generation will – mostly inadvertently – continue to borrow excessively from their future.</s>
  </p>
</document>
