<?xml version="1.0" encoding="utf-8"?>
<document>
  <HEADLINE>
    <s id="1">The GDP-Wellbeing Gap</s>
  </HEADLINE>
  <p id="1">
    <s id="2">KUALA LUMPUR – The link between economic growth and human wellbeing seems obvious.</s>
    <s id="3">Indeed, as measured by gross domestic product, economic growth is widely viewed as the ultimate development objective.</s>
    <s id="4">But it is time to rethink this approach.</s>
  </p>
  <p id="2">
    <s id="5">In fact, there is a rising disconnect between countries’ per capita GDP and their citizens’ wellbeing, as rapid output growth exacerbates health challenges and erodes environmental conditions.</s>
    <s id="6">Given this, people increasingly value non-material wealth just as highly as monetary wealth, if not more.</s>
  </p>
  <p id="3">
    <s id="7">But persuading policymakers and politicians of GDP’s limitations is no easy feat.</s>
    <s id="8">After all, it is far simpler to defend a well-understood, long-accepted framework than it is to champion a new worldview.</s>
  </p>
  <p id="4">
    <s id="9">To be sure, GDP provides valuable information about a country’s production, expenditure, and income streams, as well as the flow of goods across borders.</s>
    <s id="10">Moreover, it has provided crucial guidance to countries, helping them to track economic gains that have improved citizens’ quality of life considerably – in many cases lifting them out of destitution.</s>
  </p>
  <p id="5">
    <s id="11">But GDP fails to account for changes in a country’s stock of assets, making it difficult for policymakers to balance economic, social, and environmental concerns.</s>
    <s id="12">Without better measures of wellbeing – including health, education, and the state of the natural environment – policymakers cannot gain the insights that they need to ensure the long-term health of the economy and the individuals who comprise it.</s>
  </p>
  <p id="6">
    <s id="13">This imperative underpins the concept of “sustainable development,” which has gradually gained acceptance since its introduction in the mid-1980’s.</s>
    <s id="14">But, even as countries have recognized the need for a more comprehensive understanding of development, they have largely retained GDP growth as their central objective.</s>
    <s id="15">This has to change.</s>
    <s id="16">Even US-based Nobel laureate Simon Kuznets, the depression-era father of GDP, said in 1934 that, “the welfare of a nation can scarcely be inferred from a measure of national income.”</s>
  </p>
  <p id="7">
    <s id="17">The good news is that a robust, simple, and effective framework for measuring sustainability already exists.</s>
    <s id="18">Developed by a group of leading economists, including the Nobel laureate Kenneth Arrow and Partha Dasgupta of the University of Cambridge, it assesses an economy’s income flows in the context of its stocks of assets, including human and natural capital.</s>
    <s id="19">In other words, it accounts for the economy’s productive base, rather than just its monetary wealth.</s>
  </p>
  <p id="8">
    <s id="20">Based on this framework, United Nations University and the UN Environment Program unveiled the Inclusive Wealth Report (IWR) at the 2012 Earth Summit in Rio de Janeiro.</s>
    <s id="21">By providing a long-term comparison between GDP and “inclusive wealth” for 20 countries, the report aimed to motivate policymakers to take a more comprehensive, longer-term view of their economies’ development.</s>
  </p>
  <p id="9">
    <s id="22">This November, a second IWR will be released, with many more countries represented and a stronger focus on human capital in national-account indicators.</s>
    <s id="23">To this end, collaborating experts will convene in Malaysia this month for a series of meetings, culminating in a public symposium entitled “Beyond Gross Domestic Product – Transitioning into Sustainability.”</s>
  </p>
  <p id="10">
    <s id="24">Transforming the world’s understanding of economic development requires a dynamic approach.</s>
    <s id="25">Experts in various fields – including economics, sociology, psychology, and the natural sciences – must work together to develop an integrated suite of indicators that provides a comprehensive picture of humanity’s productive base, on which people’s ability to pursue their interpretation of success depends.</s>
    <s id="26">While final decisions should rest with policymakers and citizens, the process must be guided by the best available science, uncompromised by political demands or vested interests.</s>
  </p>
  <p id="11">
    <s id="27">Moreover, one fundamental truth must be recognized: the planet cannot accommodate high-income status for all seven billion of its inhabitants.</s>
    <s id="28">For every country to attain per capita GDP of $13,000 (which, according to the World Bank, delineates high-income status), global GDP would need to rise from roughly $72 trillion today to $91 trillion.</s>
    <s id="29">If, however, we already use the equivalent of 1.5 earths to provide the resources we consume and to absorb our waste, the planet can sustainably support a GDP of only $48-50 trillion.</s>
  </p>
  <p id="12">
    <s id="30">And if the planet already exceeds its sustainable carrying capacity, we should be reducing our demands on it – not adding new ones.</s>
    <s id="31">Simply put, we can no longer depend on GDP growth, and the limitless wealth accumulation that it implies, to solve our social and economic problems.</s>
  </p>
  <p id="13">
    <s id="32">The world must align its value systems with this reality.</s>
    <s id="33">We must learn to do more with less, decouple economic growth from resource consumption, and nurture the social and spiritual aspects of our existence.</s>
  </p>
  <p id="14">
    <s id="34">This shift will be impossible without fundamental changes to our education systems, political structures, and institutions.</s>
    <s id="35">It is a tall order, but our future depends on fulfilling it.</s>
  </p>
</document>
